run num,mc,lsb,test_acc_centroid,test_acc_nn,model_lsb,model_arch,model_sha256
0,torch_pretrained_classification,0,0.1,0.3,1,srnet,c02b88e9f85326f620de08ba4c5ead767832ad6a87844a25d1c85bda65ce2c86
0,famous_le_10m,0,0.0,0.0,1,srnet,c02b88e9f85326f620de08ba4c5ead767832ad6a87844a25d1c85bda65ce2c86
0,famous_le_10m,1,1.0,1.0,1,srnet,c02b88e9f85326f620de08ba4c5ead767832ad6a87844a25d1c85bda65ce2c86
0,famous_le_10m,2,1.0,1.0,1,srnet,c02b88e9f85326f620de08ba4c5ead767832ad6a87844a25d1c85bda65ce2c86
0,famous_le_10m,3,1.0,1.0,1,srnet,c02b88e9f85326f620de08ba4c5ead767832ad6a87844a25d1c85bda65ce2c86
0,famous_le_10m,4,1.0,1.0,1,srnet,c02b88e9f85326f620de08ba4c5ead767832ad6a87844a25d1c85bda65ce2c86
0,famous_le_10m,5,1.0,1.0,1,srnet,c02b88e9f85326f620de08ba4c5ead767832ad6a87844a25d1c85bda65ce2c86
0,famous_le_10m,6,1.0,1.0,1,srnet,c02b88e9f85326f620de08ba4c5ead767832ad6a87844a25d1c85bda65ce2c86
0,famous_le_10m,7,1.0,1.0,1,srnet,c02b88e9f85326f620de08ba4c5ead767832ad6a87844a25d1c85bda65ce2c86
0,famous_le_10m,8,1.0,1.0,1,srnet,c02b88e9f85326f620de08ba4c5ead767832ad6a87844a25d1c85bda65ce2c86
0,famous_le_10m,9,1.0,1.0,1,srnet,c02b88e9f85326f620de08ba4c5ead767832ad6a87844a25d1c85bda65ce2c86
0,famous_le_10m,10,1.0,1.0,1,srnet,c02b88e9f85326f620de08ba4c5ead767832ad6a87844a25d1c85bda65ce2c86
0,famous_le_10m,11,1.0,1.0,1,srnet,c02b88e9f85326f620de08ba4c5ead767832ad6a87844a25d1c85bda65ce2c86
0,famous_le_10m,12,1.0,1.0,1,srnet,c02b88e9f85326f620de08ba4c5ead767832ad6a87844a25d1c85bda65ce2c86
0,famous_le_10m,13,1.0,1.0,1,srnet,c02b88e9f85326f620de08ba4c5ead767832ad6a87844a25d1c85bda65ce2c86
0,famous_le_10m,14,1.0,1.0,1,srnet,c02b88e9f85326f620de08ba4c5ead767832ad6a87844a25d1c85bda65ce2c86
0,famous_le_10m,15,1.0,1.0,1,srnet,c02b88e9f85326f620de08ba4c5ead767832ad6a87844a25d1c85bda65ce2c86
0,famous_le_10m,16,1.0,1.0,1,srnet,c02b88e9f85326f620de08ba4c5ead767832ad6a87844a25d1c85bda65ce2c86
0,famous_le_10m,17,1.0,1.0,1,srnet,c02b88e9f85326f620de08ba4c5ead767832ad6a87844a25d1c85bda65ce2c86
0,famous_le_10m,18,1.0,1.0,1,srnet,c02b88e9f85326f620de08ba4c5ead767832ad6a87844a25d1c85bda65ce2c86
0,famous_le_10m,19,1.0,1.0,1,srnet,c02b88e9f85326f620de08ba4c5ead767832ad6a87844a25d1c85bda65ce2c86
0,famous_le_10m,20,1.0,1.0,1,srnet,c02b88e9f85326f620de08ba4c5ead767832ad6a87844a25d1c85bda65ce2c86
0,famous_le_10m,21,1.0,1.0,1,srnet,c02b88e9f85326f620de08ba4c5ead767832ad6a87844a25d1c85bda65ce2c86
0,famous_le_10m,22,1.0,1.0,1,srnet,c02b88e9f85326f620de08ba4c5ead767832ad6a87844a25d1c85bda65ce2c86
0,famous_le_10m,23,1.0,1.0,1,srnet,c02b88e9f85326f620de08ba4c5ead767832ad6a87844a25d1c85bda65ce2c86
0,famous_le_100m,0,0.35714285714285715,0.35714285714285715,1,srnet,c02b88e9f85326f620de08ba4c5ead767832ad6a87844a25d1c85bda65ce2c86
0,famous_le_100m,1,0.6428571428571429,0.6428571428571429,1,srnet,c02b88e9f85326f620de08ba4c5ead767832ad6a87844a25d1c85bda65ce2c86
0,famous_le_100m,2,0.6428571428571429,0.6428571428571429,1,srnet,c02b88e9f85326f620de08ba4c5ead767832ad6a87844a25d1c85bda65ce2c86
0,famous_le_100m,3,0.6428571428571429,0.6428571428571429,1,srnet,c02b88e9f85326f620de08ba4c5ead767832ad6a87844a25d1c85bda65ce2c86
0,famous_le_100m,4,0.7857142857142857,0.7857142857142857,1,srnet,c02b88e9f85326f620de08ba4c5ead767832ad6a87844a25d1c85bda65ce2c86
0,famous_le_100m,5,0.8571428571428571,0.7142857142857143,1,srnet,c02b88e9f85326f620de08ba4c5ead767832ad6a87844a25d1c85bda65ce2c86
0,famous_le_100m,6,1.0,0.7857142857142857,1,srnet,c02b88e9f85326f620de08ba4c5ead767832ad6a87844a25d1c85bda65ce2c86
0,famous_le_100m,7,0.9285714285714286,0.8571428571428571,1,srnet,c02b88e9f85326f620de08ba4c5ead767832ad6a87844a25d1c85bda65ce2c86
0,famous_le_100m,8,1.0,0.8571428571428571,1,srnet,c02b88e9f85326f620de08ba4c5ead767832ad6a87844a25d1c85bda65ce2c86
0,famous_le_100m,9,1.0,0.9285714285714286,1,srnet,c02b88e9f85326f620de08ba4c5ead767832ad6a87844a25d1c85bda65ce2c86
0,famous_le_100m,10,1.0,0.9285714285714286,1,srnet,c02b88e9f85326f620de08ba4c5ead767832ad6a87844a25d1c85bda65ce2c86
0,famous_le_100m,11,1.0,0.9285714285714286,1,srnet,c02b88e9f85326f620de08ba4c5ead767832ad6a87844a25d1c85bda65ce2c86
0,famous_le_100m,12,1.0,0.9285714285714286,1,srnet,c02b88e9f85326f620de08ba4c5ead767832ad6a87844a25d1c85bda65ce2c86
0,famous_le_100m,13,0.9285714285714286,1.0,1,srnet,c02b88e9f85326f620de08ba4c5ead767832ad6a87844a25d1c85bda65ce2c86
0,famous_le_100m,14,1.0,1.0,1,srnet,c02b88e9f85326f620de08ba4c5ead767832ad6a87844a25d1c85bda65ce2c86
0,famous_le_100m,15,1.0,1.0,1,srnet,c02b88e9f85326f620de08ba4c5ead767832ad6a87844a25d1c85bda65ce2c86
0,famous_le_100m,16,1.0,1.0,1,srnet,c02b88e9f85326f620de08ba4c5ead767832ad6a87844a25d1c85bda65ce2c86
0,famous_le_100m,17,1.0,1.0,1,srnet,c02b88e9f85326f620de08ba4c5ead767832ad6a87844a25d1c85bda65ce2c86
0,famous_le_100m,18,1.0,1.0,1,srnet,c02b88e9f85326f620de08ba4c5ead767832ad6a87844a25d1c85bda65ce2c86
0,famous_le_100m,19,1.0,1.0,1,srnet,c02b88e9f85326f620de08ba4c5ead767832ad6a87844a25d1c85bda65ce2c86
0,famous_le_100m,20,1.0,1.0,1,srnet,c02b88e9f85326f620de08ba4c5ead767832ad6a87844a25d1c85bda65ce2c86
0,famous_le_100m,21,1.0,1.0,1,srnet,c02b88e9f85326f620de08ba4c5ead767832ad6a87844a25d1c85bda65ce2c86
0,famous_le_100m,22,1.0,1.0,1,srnet,c02b88e9f85326f620de08ba4c5ead767832ad6a87844a25d1c85bda65ce2c86
0,famous_le_100m,23,1.0,1.0,1,srnet,c02b88e9f85326f620de08ba4c5ead767832ad6a87844a25d1c85bda65ce2c86
1,torch_pretrained_classification,0,0.125,0.15,1,srnet,dd05f4f2b363276a829a139f3d5223d7e8557e842794079183d48da1fb1abc5e
1,famous_le_10m,0,0.0,0.0,1,srnet,dd05f4f2b363276a829a139f3d5223d7e8557e842794079183d48da1fb1abc5e
1,famous_le_10m,1,1.0,1.0,1,srnet,dd05f4f2b363276a829a139f3d5223d7e8557e842794079183d48da1fb1abc5e
1,famous_le_10m,2,1.0,1.0,1,srnet,dd05f4f2b363276a829a139f3d5223d7e8557e842794079183d48da1fb1abc5e
1,famous_le_10m,3,1.0,1.0,1,srnet,dd05f4f2b363276a829a139f3d5223d7e8557e842794079183d48da1fb1abc5e
1,famous_le_10m,4,1.0,1.0,1,srnet,dd05f4f2b363276a829a139f3d5223d7e8557e842794079183d48da1fb1abc5e
1,famous_le_10m,5,1.0,1.0,1,srnet,dd05f4f2b363276a829a139f3d5223d7e8557e842794079183d48da1fb1abc5e
1,famous_le_10m,6,1.0,1.0,1,srnet,dd05f4f2b363276a829a139f3d5223d7e8557e842794079183d48da1fb1abc5e
1,famous_le_10m,7,1.0,1.0,1,srnet,dd05f4f2b363276a829a139f3d5223d7e8557e842794079183d48da1fb1abc5e
1,famous_le_10m,8,1.0,1.0,1,srnet,dd05f4f2b363276a829a139f3d5223d7e8557e842794079183d48da1fb1abc5e
1,famous_le_10m,9,1.0,1.0,1,srnet,dd05f4f2b363276a829a139f3d5223d7e8557e842794079183d48da1fb1abc5e
1,famous_le_10m,10,1.0,1.0,1,srnet,dd05f4f2b363276a829a139f3d5223d7e8557e842794079183d48da1fb1abc5e
1,famous_le_10m,11,1.0,1.0,1,srnet,dd05f4f2b363276a829a139f3d5223d7e8557e842794079183d48da1fb1abc5e
1,famous_le_10m,12,1.0,1.0,1,srnet,dd05f4f2b363276a829a139f3d5223d7e8557e842794079183d48da1fb1abc5e
1,famous_le_10m,13,1.0,1.0,1,srnet,dd05f4f2b363276a829a139f3d5223d7e8557e842794079183d48da1fb1abc5e
1,famous_le_10m,14,1.0,1.0,1,srnet,dd05f4f2b363276a829a139f3d5223d7e8557e842794079183d48da1fb1abc5e
1,famous_le_10m,15,1.0,1.0,1,srnet,dd05f4f2b363276a829a139f3d5223d7e8557e842794079183d48da1fb1abc5e
1,famous_le_10m,16,1.0,1.0,1,srnet,dd05f4f2b363276a829a139f3d5223d7e8557e842794079183d48da1fb1abc5e
1,famous_le_10m,17,1.0,1.0,1,srnet,dd05f4f2b363276a829a139f3d5223d7e8557e842794079183d48da1fb1abc5e
1,famous_le_10m,18,1.0,1.0,1,srnet,dd05f4f2b363276a829a139f3d5223d7e8557e842794079183d48da1fb1abc5e
1,famous_le_10m,19,1.0,1.0,1,srnet,dd05f4f2b363276a829a139f3d5223d7e8557e842794079183d48da1fb1abc5e
1,famous_le_10m,20,1.0,1.0,1,srnet,dd05f4f2b363276a829a139f3d5223d7e8557e842794079183d48da1fb1abc5e
1,famous_le_10m,21,1.0,1.0,1,srnet,dd05f4f2b363276a829a139f3d5223d7e8557e842794079183d48da1fb1abc5e
1,famous_le_10m,22,1.0,1.0,1,srnet,dd05f4f2b363276a829a139f3d5223d7e8557e842794079183d48da1fb1abc5e
1,famous_le_10m,23,1.0,1.0,1,srnet,dd05f4f2b363276a829a139f3d5223d7e8557e842794079183d48da1fb1abc5e
1,famous_le_100m,0,0.2857142857142857,0.21428571428571427,1,srnet,dd05f4f2b363276a829a139f3d5223d7e8557e842794079183d48da1fb1abc5e
1,famous_le_100m,1,0.7142857142857143,0.7857142857142857,1,srnet,dd05f4f2b363276a829a139f3d5223d7e8557e842794079183d48da1fb1abc5e
1,famous_le_100m,2,0.7142857142857143,0.7857142857142857,1,srnet,dd05f4f2b363276a829a139f3d5223d7e8557e842794079183d48da1fb1abc5e
1,famous_le_100m,3,0.7857142857142857,0.8571428571428571,1,srnet,dd05f4f2b363276a829a139f3d5223d7e8557e842794079183d48da1fb1abc5e
1,famous_le_100m,4,0.8571428571428571,0.9285714285714286,1,srnet,dd05f4f2b363276a829a139f3d5223d7e8557e842794079183d48da1fb1abc5e
1,famous_le_100m,5,0.9285714285714286,1.0,1,srnet,dd05f4f2b363276a829a139f3d5223d7e8557e842794079183d48da1fb1abc5e
1,famous_le_100m,6,1.0,1.0,1,srnet,dd05f4f2b363276a829a139f3d5223d7e8557e842794079183d48da1fb1abc5e
1,famous_le_100m,7,1.0,1.0,1,srnet,dd05f4f2b363276a829a139f3d5223d7e8557e842794079183d48da1fb1abc5e
1,famous_le_100m,8,1.0,1.0,1,srnet,dd05f4f2b363276a829a139f3d5223d7e8557e842794079183d48da1fb1abc5e
1,famous_le_100m,9,1.0,1.0,1,srnet,dd05f4f2b363276a829a139f3d5223d7e8557e842794079183d48da1fb1abc5e
1,famous_le_100m,10,1.0,1.0,1,srnet,dd05f4f2b363276a829a139f3d5223d7e8557e842794079183d48da1fb1abc5e
1,famous_le_100m,11,1.0,1.0,1,srnet,dd05f4f2b363276a829a139f3d5223d7e8557e842794079183d48da1fb1abc5e
1,famous_le_100m,12,1.0,1.0,1,srnet,dd05f4f2b363276a829a139f3d5223d7e8557e842794079183d48da1fb1abc5e
1,famous_le_100m,13,1.0,1.0,1,srnet,dd05f4f2b363276a829a139f3d5223d7e8557e842794079183d48da1fb1abc5e
1,famous_le_100m,14,1.0,1.0,1,srnet,dd05f4f2b363276a829a139f3d5223d7e8557e842794079183d48da1fb1abc5e
1,famous_le_100m,15,1.0,1.0,1,srnet,dd05f4f2b363276a829a139f3d5223d7e8557e842794079183d48da1fb1abc5e
1,famous_le_100m,16,1.0,1.0,1,srnet,dd05f4f2b363276a829a139f3d5223d7e8557e842794079183d48da1fb1abc5e
1,famous_le_100m,17,1.0,1.0,1,srnet,dd05f4f2b363276a829a139f3d5223d7e8557e842794079183d48da1fb1abc5e
1,famous_le_100m,18,1.0,1.0,1,srnet,dd05f4f2b363276a829a139f3d5223d7e8557e842794079183d48da1fb1abc5e
1,famous_le_100m,19,1.0,1.0,1,srnet,dd05f4f2b363276a829a139f3d5223d7e8557e842794079183d48da1fb1abc5e
1,famous_le_100m,20,1.0,1.0,1,srnet,dd05f4f2b363276a829a139f3d5223d7e8557e842794079183d48da1fb1abc5e
1,famous_le_100m,21,1.0,1.0,1,srnet,dd05f4f2b363276a829a139f3d5223d7e8557e842794079183d48da1fb1abc5e
1,famous_le_100m,22,1.0,1.0,1,srnet,dd05f4f2b363276a829a139f3d5223d7e8557e842794079183d48da1fb1abc5e
1,famous_le_100m,23,1.0,1.0,1,srnet,dd05f4f2b363276a829a139f3d5223d7e8557e842794079183d48da1fb1abc5e
2,torch_pretrained_classification,0,0.65,0.675,1,srnet,f2d58255503d30e38e10f5e012e7e46e9169a938b085263b04d00303c09eb2c0
2,famous_le_10m,0,1.0,1.0,1,srnet,f2d58255503d30e38e10f5e012e7e46e9169a938b085263b04d00303c09eb2c0
2,famous_le_10m,1,0.0,0.0,1,srnet,f2d58255503d30e38e10f5e012e7e46e9169a938b085263b04d00303c09eb2c0
2,famous_le_10m,2,0.0,0.0,1,srnet,f2d58255503d30e38e10f5e012e7e46e9169a938b085263b04d00303c09eb2c0
2,famous_le_10m,3,0.0,0.0,1,srnet,f2d58255503d30e38e10f5e012e7e46e9169a938b085263b04d00303c09eb2c0
2,famous_le_10m,4,0.0,0.0,1,srnet,f2d58255503d30e38e10f5e012e7e46e9169a938b085263b04d00303c09eb2c0
2,famous_le_10m,5,0.0,0.0,1,srnet,f2d58255503d30e38e10f5e012e7e46e9169a938b085263b04d00303c09eb2c0
2,famous_le_10m,6,0.0,0.0,1,srnet,f2d58255503d30e38e10f5e012e7e46e9169a938b085263b04d00303c09eb2c0
2,famous_le_10m,7,0.0,0.0,1,srnet,f2d58255503d30e38e10f5e012e7e46e9169a938b085263b04d00303c09eb2c0
2,famous_le_10m,8,0.0,0.0,1,srnet,f2d58255503d30e38e10f5e012e7e46e9169a938b085263b04d00303c09eb2c0
2,famous_le_10m,9,0.0,0.0,1,srnet,f2d58255503d30e38e10f5e012e7e46e9169a938b085263b04d00303c09eb2c0
2,famous_le_10m,10,0.0,0.0,1,srnet,f2d58255503d30e38e10f5e012e7e46e9169a938b085263b04d00303c09eb2c0
2,famous_le_10m,11,0.0,0.0,1,srnet,f2d58255503d30e38e10f5e012e7e46e9169a938b085263b04d00303c09eb2c0
2,famous_le_10m,12,0.0,0.0,1,srnet,f2d58255503d30e38e10f5e012e7e46e9169a938b085263b04d00303c09eb2c0
2,famous_le_10m,13,0.0,0.0,1,srnet,f2d58255503d30e38e10f5e012e7e46e9169a938b085263b04d00303c09eb2c0
2,famous_le_10m,14,0.0,0.0,1,srnet,f2d58255503d30e38e10f5e012e7e46e9169a938b085263b04d00303c09eb2c0
2,famous_le_10m,15,0.0,0.0,1,srnet,f2d58255503d30e38e10f5e012e7e46e9169a938b085263b04d00303c09eb2c0
2,famous_le_10m,16,0.0,0.0,1,srnet,f2d58255503d30e38e10f5e012e7e46e9169a938b085263b04d00303c09eb2c0
2,famous_le_10m,17,0.0,0.0,1,srnet,f2d58255503d30e38e10f5e012e7e46e9169a938b085263b04d00303c09eb2c0
2,famous_le_10m,18,0.0,0.0,1,srnet,f2d58255503d30e38e10f5e012e7e46e9169a938b085263b04d00303c09eb2c0
2,famous_le_10m,19,0.0,0.0,1,srnet,f2d58255503d30e38e10f5e012e7e46e9169a938b085263b04d00303c09eb2c0
2,famous_le_10m,20,0.0,0.0,1,srnet,f2d58255503d30e38e10f5e012e7e46e9169a938b085263b04d00303c09eb2c0
2,famous_le_10m,21,0.0,0.2,1,srnet,f2d58255503d30e38e10f5e012e7e46e9169a938b085263b04d00303c09eb2c0
2,famous_le_10m,22,0.0,0.0,1,srnet,f2d58255503d30e38e10f5e012e7e46e9169a938b085263b04d00303c09eb2c0
2,famous_le_10m,23,0.0,0.0,1,srnet,f2d58255503d30e38e10f5e012e7e46e9169a938b085263b04d00303c09eb2c0
2,famous_le_100m,0,0.42857142857142855,0.7142857142857143,1,srnet,f2d58255503d30e38e10f5e012e7e46e9169a938b085263b04d00303c09eb2c0
2,famous_le_100m,1,0.5714285714285714,0.2857142857142857,1,srnet,f2d58255503d30e38e10f5e012e7e46e9169a938b085263b04d00303c09eb2c0
2,famous_le_100m,2,0.5714285714285714,0.35714285714285715,1,srnet,f2d58255503d30e38e10f5e012e7e46e9169a938b085263b04d00303c09eb2c0
2,famous_le_100m,3,0.5,0.2857142857142857,1,srnet,f2d58255503d30e38e10f5e012e7e46e9169a938b085263b04d00303c09eb2c0
2,famous_le_100m,4,0.2857142857142857,0.2857142857142857,1,srnet,f2d58255503d30e38e10f5e012e7e46e9169a938b085263b04d00303c09eb2c0
2,famous_le_100m,5,0.21428571428571427,0.07142857142857142,1,srnet,f2d58255503d30e38e10f5e012e7e46e9169a938b085263b04d00303c09eb2c0
2,famous_le_100m,6,0.07142857142857142,0.21428571428571427,1,srnet,f2d58255503d30e38e10f5e012e7e46e9169a938b085263b04d00303c09eb2c0
2,famous_le_100m,7,0.07142857142857142,0.14285714285714285,1,srnet,f2d58255503d30e38e10f5e012e7e46e9169a938b085263b04d00303c09eb2c0
2,famous_le_100m,8,0.0,0.0,1,srnet,f2d58255503d30e38e10f5e012e7e46e9169a938b085263b04d00303c09eb2c0
2,famous_le_100m,9,0.07142857142857142,0.0,1,srnet,f2d58255503d30e38e10f5e012e7e46e9169a938b085263b04d00303c09eb2c0
2,famous_le_100m,10,0.0,0.0,1,srnet,f2d58255503d30e38e10f5e012e7e46e9169a938b085263b04d00303c09eb2c0
2,famous_le_100m,11,0.0,0.07142857142857142,1,srnet,f2d58255503d30e38e10f5e012e7e46e9169a938b085263b04d00303c09eb2c0
2,famous_le_100m,12,0.07142857142857142,0.0,1,srnet,f2d58255503d30e38e10f5e012e7e46e9169a938b085263b04d00303c09eb2c0
2,famous_le_100m,13,0.0,0.07142857142857142,1,srnet,f2d58255503d30e38e10f5e012e7e46e9169a938b085263b04d00303c09eb2c0
2,famous_le_100m,14,0.0,0.0,1,srnet,f2d58255503d30e38e10f5e012e7e46e9169a938b085263b04d00303c09eb2c0
2,famous_le_100m,15,0.0,0.0,1,srnet,f2d58255503d30e38e10f5e012e7e46e9169a938b085263b04d00303c09eb2c0
2,famous_le_100m,16,0.0,0.0,1,srnet,f2d58255503d30e38e10f5e012e7e46e9169a938b085263b04d00303c09eb2c0
2,famous_le_100m,17,0.0,0.0,1,srnet,f2d58255503d30e38e10f5e012e7e46e9169a938b085263b04d00303c09eb2c0
2,famous_le_100m,18,0.0,0.0,1,srnet,f2d58255503d30e38e10f5e012e7e46e9169a938b085263b04d00303c09eb2c0
2,famous_le_100m,19,0.0,0.0,1,srnet,f2d58255503d30e38e10f5e012e7e46e9169a938b085263b04d00303c09eb2c0
2,famous_le_100m,20,0.0,0.0,1,srnet,f2d58255503d30e38e10f5e012e7e46e9169a938b085263b04d00303c09eb2c0
2,famous_le_100m,21,0.0,0.0,1,srnet,f2d58255503d30e38e10f5e012e7e46e9169a938b085263b04d00303c09eb2c0
2,famous_le_100m,22,0.0,0.0,1,srnet,f2d58255503d30e38e10f5e012e7e46e9169a938b085263b04d00303c09eb2c0
2,famous_le_100m,23,0.0,0.0,1,srnet,f2d58255503d30e38e10f5e012e7e46e9169a938b085263b04d00303c09eb2c0
3,torch_pretrained_classification,0,0.3625,0.45,1,srnet,bf15b83ca71a0bce3ad428a4e1424fb344972bdb144fe72b0444636302fbd51f
3,famous_le_10m,0,0.6,0.6,1,srnet,bf15b83ca71a0bce3ad428a4e1424fb344972bdb144fe72b0444636302fbd51f
3,famous_le_10m,1,0.6,0.4,1,srnet,bf15b83ca71a0bce3ad428a4e1424fb344972bdb144fe72b0444636302fbd51f
3,famous_le_10m,2,0.6,0.4,1,srnet,bf15b83ca71a0bce3ad428a4e1424fb344972bdb144fe72b0444636302fbd51f
3,famous_le_10m,3,0.8,0.6,1,srnet,bf15b83ca71a0bce3ad428a4e1424fb344972bdb144fe72b0444636302fbd51f
3,famous_le_10m,4,0.8,0.8,1,srnet,bf15b83ca71a0bce3ad428a4e1424fb344972bdb144fe72b0444636302fbd51f
3,famous_le_10m,5,0.8,0.8,1,srnet,bf15b83ca71a0bce3ad428a4e1424fb344972bdb144fe72b0444636302fbd51f
3,famous_le_10m,6,1.0,1.0,1,srnet,bf15b83ca71a0bce3ad428a4e1424fb344972bdb144fe72b0444636302fbd51f
3,famous_le_10m,7,1.0,1.0,1,srnet,bf15b83ca71a0bce3ad428a4e1424fb344972bdb144fe72b0444636302fbd51f
3,famous_le_10m,8,1.0,1.0,1,srnet,bf15b83ca71a0bce3ad428a4e1424fb344972bdb144fe72b0444636302fbd51f
3,famous_le_10m,9,1.0,1.0,1,srnet,bf15b83ca71a0bce3ad428a4e1424fb344972bdb144fe72b0444636302fbd51f
3,famous_le_10m,10,1.0,1.0,1,srnet,bf15b83ca71a0bce3ad428a4e1424fb344972bdb144fe72b0444636302fbd51f
3,famous_le_10m,11,1.0,1.0,1,srnet,bf15b83ca71a0bce3ad428a4e1424fb344972bdb144fe72b0444636302fbd51f
3,famous_le_10m,12,1.0,1.0,1,srnet,bf15b83ca71a0bce3ad428a4e1424fb344972bdb144fe72b0444636302fbd51f
3,famous_le_10m,13,1.0,1.0,1,srnet,bf15b83ca71a0bce3ad428a4e1424fb344972bdb144fe72b0444636302fbd51f
3,famous_le_10m,14,1.0,1.0,1,srnet,bf15b83ca71a0bce3ad428a4e1424fb344972bdb144fe72b0444636302fbd51f
3,famous_le_10m,15,1.0,1.0,1,srnet,bf15b83ca71a0bce3ad428a4e1424fb344972bdb144fe72b0444636302fbd51f
3,famous_le_10m,16,1.0,1.0,1,srnet,bf15b83ca71a0bce3ad428a4e1424fb344972bdb144fe72b0444636302fbd51f
3,famous_le_10m,17,1.0,1.0,1,srnet,bf15b83ca71a0bce3ad428a4e1424fb344972bdb144fe72b0444636302fbd51f
3,famous_le_10m,18,1.0,1.0,1,srnet,bf15b83ca71a0bce3ad428a4e1424fb344972bdb144fe72b0444636302fbd51f
3,famous_le_10m,19,1.0,1.0,1,srnet,bf15b83ca71a0bce3ad428a4e1424fb344972bdb144fe72b0444636302fbd51f
3,famous_le_10m,20,1.0,1.0,1,srnet,bf15b83ca71a0bce3ad428a4e1424fb344972bdb144fe72b0444636302fbd51f
3,famous_le_10m,21,1.0,1.0,1,srnet,bf15b83ca71a0bce3ad428a4e1424fb344972bdb144fe72b0444636302fbd51f
3,famous_le_10m,22,1.0,1.0,1,srnet,bf15b83ca71a0bce3ad428a4e1424fb344972bdb144fe72b0444636302fbd51f
3,famous_le_10m,23,1.0,1.0,1,srnet,bf15b83ca71a0bce3ad428a4e1424fb344972bdb144fe72b0444636302fbd51f
3,famous_le_100m,0,0.2857142857142857,0.14285714285714285,1,srnet,bf15b83ca71a0bce3ad428a4e1424fb344972bdb144fe72b0444636302fbd51f
3,famous_le_100m,1,0.7142857142857143,0.8571428571428571,1,srnet,bf15b83ca71a0bce3ad428a4e1424fb344972bdb144fe72b0444636302fbd51f
3,famous_le_100m,2,0.7142857142857143,0.8571428571428571,1,srnet,bf15b83ca71a0bce3ad428a4e1424fb344972bdb144fe72b0444636302fbd51f
3,famous_le_100m,3,0.7142857142857143,0.8571428571428571,1,srnet,bf15b83ca71a0bce3ad428a4e1424fb344972bdb144fe72b0444636302fbd51f
3,famous_le_100m,4,0.7142857142857143,0.7857142857142857,1,srnet,bf15b83ca71a0bce3ad428a4e1424fb344972bdb144fe72b0444636302fbd51f
3,famous_le_100m,5,0.8571428571428571,0.7857142857142857,1,srnet,bf15b83ca71a0bce3ad428a4e1424fb344972bdb144fe72b0444636302fbd51f
3,famous_le_100m,6,0.8571428571428571,0.6428571428571429,1,srnet,bf15b83ca71a0bce3ad428a4e1424fb344972bdb144fe72b0444636302fbd51f
3,famous_le_100m,7,1.0,0.9285714285714286,1,srnet,bf15b83ca71a0bce3ad428a4e1424fb344972bdb144fe72b0444636302fbd51f
3,famous_le_100m,8,1.0,1.0,1,srnet,bf15b83ca71a0bce3ad428a4e1424fb344972bdb144fe72b0444636302fbd51f
3,famous_le_100m,9,0.9285714285714286,0.9285714285714286,1,srnet,bf15b83ca71a0bce3ad428a4e1424fb344972bdb144fe72b0444636302fbd51f
3,famous_le_100m,10,1.0,1.0,1,srnet,bf15b83ca71a0bce3ad428a4e1424fb344972bdb144fe72b0444636302fbd51f
3,famous_le_100m,11,1.0,0.9285714285714286,1,srnet,bf15b83ca71a0bce3ad428a4e1424fb344972bdb144fe72b0444636302fbd51f
3,famous_le_100m,12,1.0,0.9285714285714286,1,srnet,bf15b83ca71a0bce3ad428a4e1424fb344972bdb144fe72b0444636302fbd51f
3,famous_le_100m,13,0.9285714285714286,0.9285714285714286,1,srnet,bf15b83ca71a0bce3ad428a4e1424fb344972bdb144fe72b0444636302fbd51f
3,famous_le_100m,14,1.0,1.0,1,srnet,bf15b83ca71a0bce3ad428a4e1424fb344972bdb144fe72b0444636302fbd51f
3,famous_le_100m,15,0.9285714285714286,0.9285714285714286,1,srnet,bf15b83ca71a0bce3ad428a4e1424fb344972bdb144fe72b0444636302fbd51f
3,famous_le_100m,16,1.0,1.0,1,srnet,bf15b83ca71a0bce3ad428a4e1424fb344972bdb144fe72b0444636302fbd51f
3,famous_le_100m,17,1.0,1.0,1,srnet,bf15b83ca71a0bce3ad428a4e1424fb344972bdb144fe72b0444636302fbd51f
3,famous_le_100m,18,1.0,1.0,1,srnet,bf15b83ca71a0bce3ad428a4e1424fb344972bdb144fe72b0444636302fbd51f
3,famous_le_100m,19,1.0,1.0,1,srnet,bf15b83ca71a0bce3ad428a4e1424fb344972bdb144fe72b0444636302fbd51f
3,famous_le_100m,20,1.0,1.0,1,srnet,bf15b83ca71a0bce3ad428a4e1424fb344972bdb144fe72b0444636302fbd51f
3,famous_le_100m,21,1.0,1.0,1,srnet,bf15b83ca71a0bce3ad428a4e1424fb344972bdb144fe72b0444636302fbd51f
3,famous_le_100m,22,1.0,1.0,1,srnet,bf15b83ca71a0bce3ad428a4e1424fb344972bdb144fe72b0444636302fbd51f
3,famous_le_100m,23,1.0,1.0,1,srnet,bf15b83ca71a0bce3ad428a4e1424fb344972bdb144fe72b0444636302fbd51f
4,torch_pretrained_classification,0,0.1875,0.175,1,srnet,643446d7fcaee6ff521cca8fa01644036a9184bbfcc479e36e4befb6c4037da9
4,famous_le_10m,0,0.0,0.0,1,srnet,643446d7fcaee6ff521cca8fa01644036a9184bbfcc479e36e4befb6c4037da9
4,famous_le_10m,1,1.0,1.0,1,srnet,643446d7fcaee6ff521cca8fa01644036a9184bbfcc479e36e4befb6c4037da9
4,famous_le_10m,2,1.0,1.0,1,srnet,643446d7fcaee6ff521cca8fa01644036a9184bbfcc479e36e4befb6c4037da9
4,famous_le_10m,3,1.0,1.0,1,srnet,643446d7fcaee6ff521cca8fa01644036a9184bbfcc479e36e4befb6c4037da9
4,famous_le_10m,4,1.0,1.0,1,srnet,643446d7fcaee6ff521cca8fa01644036a9184bbfcc479e36e4befb6c4037da9
4,famous_le_10m,5,1.0,1.0,1,srnet,643446d7fcaee6ff521cca8fa01644036a9184bbfcc479e36e4befb6c4037da9
4,famous_le_10m,6,1.0,1.0,1,srnet,643446d7fcaee6ff521cca8fa01644036a9184bbfcc479e36e4befb6c4037da9
4,famous_le_10m,7,1.0,1.0,1,srnet,643446d7fcaee6ff521cca8fa01644036a9184bbfcc479e36e4befb6c4037da9
4,famous_le_10m,8,1.0,1.0,1,srnet,643446d7fcaee6ff521cca8fa01644036a9184bbfcc479e36e4befb6c4037da9
4,famous_le_10m,9,1.0,1.0,1,srnet,643446d7fcaee6ff521cca8fa01644036a9184bbfcc479e36e4befb6c4037da9
4,famous_le_10m,10,1.0,1.0,1,srnet,643446d7fcaee6ff521cca8fa01644036a9184bbfcc479e36e4befb6c4037da9
4,famous_le_10m,11,1.0,1.0,1,srnet,643446d7fcaee6ff521cca8fa01644036a9184bbfcc479e36e4befb6c4037da9
4,famous_le_10m,12,1.0,1.0,1,srnet,643446d7fcaee6ff521cca8fa01644036a9184bbfcc479e36e4befb6c4037da9
4,famous_le_10m,13,1.0,1.0,1,srnet,643446d7fcaee6ff521cca8fa01644036a9184bbfcc479e36e4befb6c4037da9
4,famous_le_10m,14,1.0,1.0,1,srnet,643446d7fcaee6ff521cca8fa01644036a9184bbfcc479e36e4befb6c4037da9
4,famous_le_10m,15,1.0,1.0,1,srnet,643446d7fcaee6ff521cca8fa01644036a9184bbfcc479e36e4befb6c4037da9
4,famous_le_10m,16,1.0,1.0,1,srnet,643446d7fcaee6ff521cca8fa01644036a9184bbfcc479e36e4befb6c4037da9
4,famous_le_10m,17,1.0,1.0,1,srnet,643446d7fcaee6ff521cca8fa01644036a9184bbfcc479e36e4befb6c4037da9
4,famous_le_10m,18,1.0,1.0,1,srnet,643446d7fcaee6ff521cca8fa01644036a9184bbfcc479e36e4befb6c4037da9
4,famous_le_10m,19,1.0,1.0,1,srnet,643446d7fcaee6ff521cca8fa01644036a9184bbfcc479e36e4befb6c4037da9
4,famous_le_10m,20,1.0,1.0,1,srnet,643446d7fcaee6ff521cca8fa01644036a9184bbfcc479e36e4befb6c4037da9
4,famous_le_10m,21,1.0,1.0,1,srnet,643446d7fcaee6ff521cca8fa01644036a9184bbfcc479e36e4befb6c4037da9
4,famous_le_10m,22,1.0,1.0,1,srnet,643446d7fcaee6ff521cca8fa01644036a9184bbfcc479e36e4befb6c4037da9
4,famous_le_10m,23,1.0,1.0,1,srnet,643446d7fcaee6ff521cca8fa01644036a9184bbfcc479e36e4befb6c4037da9
4,famous_le_100m,0,0.42857142857142855,0.2857142857142857,1,srnet,643446d7fcaee6ff521cca8fa01644036a9184bbfcc479e36e4befb6c4037da9
4,famous_le_100m,1,0.5714285714285714,0.7142857142857143,1,srnet,643446d7fcaee6ff521cca8fa01644036a9184bbfcc479e36e4befb6c4037da9
4,famous_le_100m,2,0.5714285714285714,0.7142857142857143,1,srnet,643446d7fcaee6ff521cca8fa01644036a9184bbfcc479e36e4befb6c4037da9
4,famous_le_100m,3,0.5714285714285714,0.7857142857142857,1,srnet,643446d7fcaee6ff521cca8fa01644036a9184bbfcc479e36e4befb6c4037da9
4,famous_le_100m,4,0.7142857142857143,0.7142857142857143,1,srnet,643446d7fcaee6ff521cca8fa01644036a9184bbfcc479e36e4befb6c4037da9
4,famous_le_100m,5,0.7857142857142857,0.8571428571428571,1,srnet,643446d7fcaee6ff521cca8fa01644036a9184bbfcc479e36e4befb6c4037da9
4,famous_le_100m,6,0.9285714285714286,0.9285714285714286,1,srnet,643446d7fcaee6ff521cca8fa01644036a9184bbfcc479e36e4befb6c4037da9
4,famous_le_100m,7,1.0,1.0,1,srnet,643446d7fcaee6ff521cca8fa01644036a9184bbfcc479e36e4befb6c4037da9
4,famous_le_100m,8,1.0,1.0,1,srnet,643446d7fcaee6ff521cca8fa01644036a9184bbfcc479e36e4befb6c4037da9
4,famous_le_100m,9,1.0,1.0,1,srnet,643446d7fcaee6ff521cca8fa01644036a9184bbfcc479e36e4befb6c4037da9
4,famous_le_100m,10,1.0,1.0,1,srnet,643446d7fcaee6ff521cca8fa01644036a9184bbfcc479e36e4befb6c4037da9
4,famous_le_100m,11,1.0,1.0,1,srnet,643446d7fcaee6ff521cca8fa01644036a9184bbfcc479e36e4befb6c4037da9
4,famous_le_100m,12,1.0,1.0,1,srnet,643446d7fcaee6ff521cca8fa01644036a9184bbfcc479e36e4befb6c4037da9
4,famous_le_100m,13,1.0,1.0,1,srnet,643446d7fcaee6ff521cca8fa01644036a9184bbfcc479e36e4befb6c4037da9
4,famous_le_100m,14,1.0,1.0,1,srnet,643446d7fcaee6ff521cca8fa01644036a9184bbfcc479e36e4befb6c4037da9
4,famous_le_100m,15,1.0,1.0,1,srnet,643446d7fcaee6ff521cca8fa01644036a9184bbfcc479e36e4befb6c4037da9
4,famous_le_100m,16,1.0,1.0,1,srnet,643446d7fcaee6ff521cca8fa01644036a9184bbfcc479e36e4befb6c4037da9
4,famous_le_100m,17,1.0,1.0,1,srnet,643446d7fcaee6ff521cca8fa01644036a9184bbfcc479e36e4befb6c4037da9
4,famous_le_100m,18,1.0,1.0,1,srnet,643446d7fcaee6ff521cca8fa01644036a9184bbfcc479e36e4befb6c4037da9
4,famous_le_100m,19,1.0,1.0,1,srnet,643446d7fcaee6ff521cca8fa01644036a9184bbfcc479e36e4befb6c4037da9
4,famous_le_100m,20,1.0,1.0,1,srnet,643446d7fcaee6ff521cca8fa01644036a9184bbfcc479e36e4befb6c4037da9
4,famous_le_100m,21,1.0,1.0,1,srnet,643446d7fcaee6ff521cca8fa01644036a9184bbfcc479e36e4befb6c4037da9
4,famous_le_100m,22,1.0,1.0,1,srnet,643446d7fcaee6ff521cca8fa01644036a9184bbfcc479e36e4befb6c4037da9
4,famous_le_100m,23,1.0,1.0,1,srnet,643446d7fcaee6ff521cca8fa01644036a9184bbfcc479e36e4befb6c4037da9
0,torch_pretrained_classification,0,0.325,0.4875,2,srnet,8900ecb9909da26ddca729a5ae001377cb5d914c9f8fd89b29ba8d85bdf545ff
0,famous_le_10m,0,0.2,0.6,2,srnet,8900ecb9909da26ddca729a5ae001377cb5d914c9f8fd89b29ba8d85bdf545ff
0,famous_le_10m,1,0.8,0.6,2,srnet,8900ecb9909da26ddca729a5ae001377cb5d914c9f8fd89b29ba8d85bdf545ff
0,famous_le_10m,2,1.0,0.6,2,srnet,8900ecb9909da26ddca729a5ae001377cb5d914c9f8fd89b29ba8d85bdf545ff
0,famous_le_10m,3,1.0,0.8,2,srnet,8900ecb9909da26ddca729a5ae001377cb5d914c9f8fd89b29ba8d85bdf545ff
0,famous_le_10m,4,1.0,0.8,2,srnet,8900ecb9909da26ddca729a5ae001377cb5d914c9f8fd89b29ba8d85bdf545ff
0,famous_le_10m,5,1.0,1.0,2,srnet,8900ecb9909da26ddca729a5ae001377cb5d914c9f8fd89b29ba8d85bdf545ff
0,famous_le_10m,6,1.0,1.0,2,srnet,8900ecb9909da26ddca729a5ae001377cb5d914c9f8fd89b29ba8d85bdf545ff
0,famous_le_10m,7,1.0,1.0,2,srnet,8900ecb9909da26ddca729a5ae001377cb5d914c9f8fd89b29ba8d85bdf545ff
0,famous_le_10m,8,1.0,1.0,2,srnet,8900ecb9909da26ddca729a5ae001377cb5d914c9f8fd89b29ba8d85bdf545ff
0,famous_le_10m,9,1.0,1.0,2,srnet,8900ecb9909da26ddca729a5ae001377cb5d914c9f8fd89b29ba8d85bdf545ff
0,famous_le_10m,10,1.0,1.0,2,srnet,8900ecb9909da26ddca729a5ae001377cb5d914c9f8fd89b29ba8d85bdf545ff
0,famous_le_10m,11,1.0,1.0,2,srnet,8900ecb9909da26ddca729a5ae001377cb5d914c9f8fd89b29ba8d85bdf545ff
0,famous_le_10m,12,1.0,1.0,2,srnet,8900ecb9909da26ddca729a5ae001377cb5d914c9f8fd89b29ba8d85bdf545ff
0,famous_le_10m,13,1.0,1.0,2,srnet,8900ecb9909da26ddca729a5ae001377cb5d914c9f8fd89b29ba8d85bdf545ff
0,famous_le_10m,14,1.0,1.0,2,srnet,8900ecb9909da26ddca729a5ae001377cb5d914c9f8fd89b29ba8d85bdf545ff
0,famous_le_10m,15,1.0,1.0,2,srnet,8900ecb9909da26ddca729a5ae001377cb5d914c9f8fd89b29ba8d85bdf545ff
0,famous_le_10m,16,1.0,1.0,2,srnet,8900ecb9909da26ddca729a5ae001377cb5d914c9f8fd89b29ba8d85bdf545ff
0,famous_le_10m,17,1.0,1.0,2,srnet,8900ecb9909da26ddca729a5ae001377cb5d914c9f8fd89b29ba8d85bdf545ff
0,famous_le_10m,18,1.0,1.0,2,srnet,8900ecb9909da26ddca729a5ae001377cb5d914c9f8fd89b29ba8d85bdf545ff
0,famous_le_10m,19,1.0,1.0,2,srnet,8900ecb9909da26ddca729a5ae001377cb5d914c9f8fd89b29ba8d85bdf545ff
0,famous_le_10m,20,1.0,1.0,2,srnet,8900ecb9909da26ddca729a5ae001377cb5d914c9f8fd89b29ba8d85bdf545ff
0,famous_le_10m,21,1.0,1.0,2,srnet,8900ecb9909da26ddca729a5ae001377cb5d914c9f8fd89b29ba8d85bdf545ff
0,famous_le_10m,22,1.0,1.0,2,srnet,8900ecb9909da26ddca729a5ae001377cb5d914c9f8fd89b29ba8d85bdf545ff
0,famous_le_10m,23,1.0,1.0,2,srnet,8900ecb9909da26ddca729a5ae001377cb5d914c9f8fd89b29ba8d85bdf545ff
0,famous_le_100m,0,0.5,0.35714285714285715,2,srnet,8900ecb9909da26ddca729a5ae001377cb5d914c9f8fd89b29ba8d85bdf545ff
0,famous_le_100m,1,0.5,0.6428571428571429,2,srnet,8900ecb9909da26ddca729a5ae001377cb5d914c9f8fd89b29ba8d85bdf545ff
0,famous_le_100m,2,0.5,0.6428571428571429,2,srnet,8900ecb9909da26ddca729a5ae001377cb5d914c9f8fd89b29ba8d85bdf545ff
0,famous_le_100m,3,0.5714285714285714,0.6428571428571429,2,srnet,8900ecb9909da26ddca729a5ae001377cb5d914c9f8fd89b29ba8d85bdf545ff
0,famous_le_100m,4,0.7142857142857143,0.7857142857142857,2,srnet,8900ecb9909da26ddca729a5ae001377cb5d914c9f8fd89b29ba8d85bdf545ff
0,famous_le_100m,5,0.7857142857142857,0.9285714285714286,2,srnet,8900ecb9909da26ddca729a5ae001377cb5d914c9f8fd89b29ba8d85bdf545ff
0,famous_le_100m,6,1.0,1.0,2,srnet,8900ecb9909da26ddca729a5ae001377cb5d914c9f8fd89b29ba8d85bdf545ff
0,famous_le_100m,7,1.0,1.0,2,srnet,8900ecb9909da26ddca729a5ae001377cb5d914c9f8fd89b29ba8d85bdf545ff
0,famous_le_100m,8,1.0,1.0,2,srnet,8900ecb9909da26ddca729a5ae001377cb5d914c9f8fd89b29ba8d85bdf545ff
0,famous_le_100m,9,1.0,1.0,2,srnet,8900ecb9909da26ddca729a5ae001377cb5d914c9f8fd89b29ba8d85bdf545ff
0,famous_le_100m,10,1.0,1.0,2,srnet,8900ecb9909da26ddca729a5ae001377cb5d914c9f8fd89b29ba8d85bdf545ff
0,famous_le_100m,11,1.0,1.0,2,srnet,8900ecb9909da26ddca729a5ae001377cb5d914c9f8fd89b29ba8d85bdf545ff
0,famous_le_100m,12,1.0,1.0,2,srnet,8900ecb9909da26ddca729a5ae001377cb5d914c9f8fd89b29ba8d85bdf545ff
0,famous_le_100m,13,1.0,1.0,2,srnet,8900ecb9909da26ddca729a5ae001377cb5d914c9f8fd89b29ba8d85bdf545ff
0,famous_le_100m,14,1.0,1.0,2,srnet,8900ecb9909da26ddca729a5ae001377cb5d914c9f8fd89b29ba8d85bdf545ff
0,famous_le_100m,15,1.0,1.0,2,srnet,8900ecb9909da26ddca729a5ae001377cb5d914c9f8fd89b29ba8d85bdf545ff
0,famous_le_100m,16,1.0,1.0,2,srnet,8900ecb9909da26ddca729a5ae001377cb5d914c9f8fd89b29ba8d85bdf545ff
0,famous_le_100m,17,1.0,1.0,2,srnet,8900ecb9909da26ddca729a5ae001377cb5d914c9f8fd89b29ba8d85bdf545ff
0,famous_le_100m,18,1.0,1.0,2,srnet,8900ecb9909da26ddca729a5ae001377cb5d914c9f8fd89b29ba8d85bdf545ff
0,famous_le_100m,19,1.0,1.0,2,srnet,8900ecb9909da26ddca729a5ae001377cb5d914c9f8fd89b29ba8d85bdf545ff
0,famous_le_100m,20,1.0,1.0,2,srnet,8900ecb9909da26ddca729a5ae001377cb5d914c9f8fd89b29ba8d85bdf545ff
0,famous_le_100m,21,1.0,1.0,2,srnet,8900ecb9909da26ddca729a5ae001377cb5d914c9f8fd89b29ba8d85bdf545ff
0,famous_le_100m,22,1.0,1.0,2,srnet,8900ecb9909da26ddca729a5ae001377cb5d914c9f8fd89b29ba8d85bdf545ff
0,famous_le_100m,23,1.0,1.0,2,srnet,8900ecb9909da26ddca729a5ae001377cb5d914c9f8fd89b29ba8d85bdf545ff
1,torch_pretrained_classification,0,0.25,0.5625,2,srnet,e59f65b83a794976fcd41967a2ef733033ea9d314499a50fbfef7a89e2abb259
1,famous_le_10m,0,0.0,0.2,2,srnet,e59f65b83a794976fcd41967a2ef733033ea9d314499a50fbfef7a89e2abb259
1,famous_le_10m,1,1.0,0.8,2,srnet,e59f65b83a794976fcd41967a2ef733033ea9d314499a50fbfef7a89e2abb259
1,famous_le_10m,2,1.0,0.8,2,srnet,e59f65b83a794976fcd41967a2ef733033ea9d314499a50fbfef7a89e2abb259
1,famous_le_10m,3,1.0,0.8,2,srnet,e59f65b83a794976fcd41967a2ef733033ea9d314499a50fbfef7a89e2abb259
1,famous_le_10m,4,1.0,0.8,2,srnet,e59f65b83a794976fcd41967a2ef733033ea9d314499a50fbfef7a89e2abb259
1,famous_le_10m,5,1.0,0.8,2,srnet,e59f65b83a794976fcd41967a2ef733033ea9d314499a50fbfef7a89e2abb259
1,famous_le_10m,6,1.0,1.0,2,srnet,e59f65b83a794976fcd41967a2ef733033ea9d314499a50fbfef7a89e2abb259
1,famous_le_10m,7,1.0,1.0,2,srnet,e59f65b83a794976fcd41967a2ef733033ea9d314499a50fbfef7a89e2abb259
1,famous_le_10m,8,1.0,1.0,2,srnet,e59f65b83a794976fcd41967a2ef733033ea9d314499a50fbfef7a89e2abb259
1,famous_le_10m,9,1.0,1.0,2,srnet,e59f65b83a794976fcd41967a2ef733033ea9d314499a50fbfef7a89e2abb259
1,famous_le_10m,10,1.0,1.0,2,srnet,e59f65b83a794976fcd41967a2ef733033ea9d314499a50fbfef7a89e2abb259
1,famous_le_10m,11,1.0,1.0,2,srnet,e59f65b83a794976fcd41967a2ef733033ea9d314499a50fbfef7a89e2abb259
1,famous_le_10m,12,1.0,1.0,2,srnet,e59f65b83a794976fcd41967a2ef733033ea9d314499a50fbfef7a89e2abb259
1,famous_le_10m,13,1.0,1.0,2,srnet,e59f65b83a794976fcd41967a2ef733033ea9d314499a50fbfef7a89e2abb259
1,famous_le_10m,14,1.0,1.0,2,srnet,e59f65b83a794976fcd41967a2ef733033ea9d314499a50fbfef7a89e2abb259
1,famous_le_10m,15,1.0,1.0,2,srnet,e59f65b83a794976fcd41967a2ef733033ea9d314499a50fbfef7a89e2abb259
1,famous_le_10m,16,1.0,1.0,2,srnet,e59f65b83a794976fcd41967a2ef733033ea9d314499a50fbfef7a89e2abb259
1,famous_le_10m,17,1.0,1.0,2,srnet,e59f65b83a794976fcd41967a2ef733033ea9d314499a50fbfef7a89e2abb259
1,famous_le_10m,18,1.0,1.0,2,srnet,e59f65b83a794976fcd41967a2ef733033ea9d314499a50fbfef7a89e2abb259
1,famous_le_10m,19,1.0,1.0,2,srnet,e59f65b83a794976fcd41967a2ef733033ea9d314499a50fbfef7a89e2abb259
1,famous_le_10m,20,1.0,1.0,2,srnet,e59f65b83a794976fcd41967a2ef733033ea9d314499a50fbfef7a89e2abb259
1,famous_le_10m,21,1.0,0.6,2,srnet,e59f65b83a794976fcd41967a2ef733033ea9d314499a50fbfef7a89e2abb259
1,famous_le_10m,22,1.0,1.0,2,srnet,e59f65b83a794976fcd41967a2ef733033ea9d314499a50fbfef7a89e2abb259
1,famous_le_10m,23,1.0,0.8,2,srnet,e59f65b83a794976fcd41967a2ef733033ea9d314499a50fbfef7a89e2abb259
1,famous_le_100m,0,0.5,0.35714285714285715,2,srnet,e59f65b83a794976fcd41967a2ef733033ea9d314499a50fbfef7a89e2abb259
1,famous_le_100m,1,0.5,0.6428571428571429,2,srnet,e59f65b83a794976fcd41967a2ef733033ea9d314499a50fbfef7a89e2abb259
1,famous_le_100m,2,0.5,0.6428571428571429,2,srnet,e59f65b83a794976fcd41967a2ef733033ea9d314499a50fbfef7a89e2abb259
1,famous_le_100m,3,0.5714285714285714,0.6428571428571429,2,srnet,e59f65b83a794976fcd41967a2ef733033ea9d314499a50fbfef7a89e2abb259
1,famous_le_100m,4,0.7142857142857143,0.5714285714285714,2,srnet,e59f65b83a794976fcd41967a2ef733033ea9d314499a50fbfef7a89e2abb259
1,famous_le_100m,5,0.7857142857142857,0.5,2,srnet,e59f65b83a794976fcd41967a2ef733033ea9d314499a50fbfef7a89e2abb259
1,famous_le_100m,6,1.0,0.6428571428571429,2,srnet,e59f65b83a794976fcd41967a2ef733033ea9d314499a50fbfef7a89e2abb259
1,famous_le_100m,7,1.0,0.5714285714285714,2,srnet,e59f65b83a794976fcd41967a2ef733033ea9d314499a50fbfef7a89e2abb259
1,famous_le_100m,8,1.0,0.5714285714285714,2,srnet,e59f65b83a794976fcd41967a2ef733033ea9d314499a50fbfef7a89e2abb259
1,famous_le_100m,9,1.0,0.35714285714285715,2,srnet,e59f65b83a794976fcd41967a2ef733033ea9d314499a50fbfef7a89e2abb259
1,famous_le_100m,10,1.0,0.2857142857142857,2,srnet,e59f65b83a794976fcd41967a2ef733033ea9d314499a50fbfef7a89e2abb259
1,famous_le_100m,11,1.0,0.42857142857142855,2,srnet,e59f65b83a794976fcd41967a2ef733033ea9d314499a50fbfef7a89e2abb259
1,famous_le_100m,12,1.0,0.2857142857142857,2,srnet,e59f65b83a794976fcd41967a2ef733033ea9d314499a50fbfef7a89e2abb259
1,famous_le_100m,13,1.0,0.21428571428571427,2,srnet,e59f65b83a794976fcd41967a2ef733033ea9d314499a50fbfef7a89e2abb259
1,famous_le_100m,14,1.0,0.35714285714285715,2,srnet,e59f65b83a794976fcd41967a2ef733033ea9d314499a50fbfef7a89e2abb259
1,famous_le_100m,15,1.0,0.14285714285714285,2,srnet,e59f65b83a794976fcd41967a2ef733033ea9d314499a50fbfef7a89e2abb259
1,famous_le_100m,16,1.0,0.2857142857142857,2,srnet,e59f65b83a794976fcd41967a2ef733033ea9d314499a50fbfef7a89e2abb259
1,famous_le_100m,17,1.0,0.35714285714285715,2,srnet,e59f65b83a794976fcd41967a2ef733033ea9d314499a50fbfef7a89e2abb259
1,famous_le_100m,18,1.0,0.35714285714285715,2,srnet,e59f65b83a794976fcd41967a2ef733033ea9d314499a50fbfef7a89e2abb259
1,famous_le_100m,19,1.0,0.35714285714285715,2,srnet,e59f65b83a794976fcd41967a2ef733033ea9d314499a50fbfef7a89e2abb259
1,famous_le_100m,20,1.0,0.35714285714285715,2,srnet,e59f65b83a794976fcd41967a2ef733033ea9d314499a50fbfef7a89e2abb259
1,famous_le_100m,21,1.0,0.35714285714285715,2,srnet,e59f65b83a794976fcd41967a2ef733033ea9d314499a50fbfef7a89e2abb259
1,famous_le_100m,22,1.0,0.6428571428571429,2,srnet,e59f65b83a794976fcd41967a2ef733033ea9d314499a50fbfef7a89e2abb259
1,famous_le_100m,23,1.0,0.35714285714285715,2,srnet,e59f65b83a794976fcd41967a2ef733033ea9d314499a50fbfef7a89e2abb259
2,torch_pretrained_classification,0,0.2625,0.3375,2,srnet,ec5dda3a00ed9ebdfc3dd7b53852349a74222cf1c297a6b2bc04f1864cf9d45c
2,famous_le_10m,0,0.2,0.6,2,srnet,ec5dda3a00ed9ebdfc3dd7b53852349a74222cf1c297a6b2bc04f1864cf9d45c
2,famous_le_10m,1,0.8,0.4,2,srnet,ec5dda3a00ed9ebdfc3dd7b53852349a74222cf1c297a6b2bc04f1864cf9d45c
2,famous_le_10m,2,1.0,0.4,2,srnet,ec5dda3a00ed9ebdfc3dd7b53852349a74222cf1c297a6b2bc04f1864cf9d45c
2,famous_le_10m,3,1.0,0.6,2,srnet,ec5dda3a00ed9ebdfc3dd7b53852349a74222cf1c297a6b2bc04f1864cf9d45c
2,famous_le_10m,4,1.0,0.8,2,srnet,ec5dda3a00ed9ebdfc3dd7b53852349a74222cf1c297a6b2bc04f1864cf9d45c
2,famous_le_10m,5,1.0,1.0,2,srnet,ec5dda3a00ed9ebdfc3dd7b53852349a74222cf1c297a6b2bc04f1864cf9d45c
2,famous_le_10m,6,1.0,1.0,2,srnet,ec5dda3a00ed9ebdfc3dd7b53852349a74222cf1c297a6b2bc04f1864cf9d45c
2,famous_le_10m,7,1.0,1.0,2,srnet,ec5dda3a00ed9ebdfc3dd7b53852349a74222cf1c297a6b2bc04f1864cf9d45c
2,famous_le_10m,8,1.0,1.0,2,srnet,ec5dda3a00ed9ebdfc3dd7b53852349a74222cf1c297a6b2bc04f1864cf9d45c
2,famous_le_10m,9,1.0,1.0,2,srnet,ec5dda3a00ed9ebdfc3dd7b53852349a74222cf1c297a6b2bc04f1864cf9d45c
2,famous_le_10m,10,1.0,1.0,2,srnet,ec5dda3a00ed9ebdfc3dd7b53852349a74222cf1c297a6b2bc04f1864cf9d45c
2,famous_le_10m,11,1.0,1.0,2,srnet,ec5dda3a00ed9ebdfc3dd7b53852349a74222cf1c297a6b2bc04f1864cf9d45c
2,famous_le_10m,12,1.0,1.0,2,srnet,ec5dda3a00ed9ebdfc3dd7b53852349a74222cf1c297a6b2bc04f1864cf9d45c
2,famous_le_10m,13,1.0,1.0,2,srnet,ec5dda3a00ed9ebdfc3dd7b53852349a74222cf1c297a6b2bc04f1864cf9d45c
2,famous_le_10m,14,1.0,1.0,2,srnet,ec5dda3a00ed9ebdfc3dd7b53852349a74222cf1c297a6b2bc04f1864cf9d45c
2,famous_le_10m,15,1.0,1.0,2,srnet,ec5dda3a00ed9ebdfc3dd7b53852349a74222cf1c297a6b2bc04f1864cf9d45c
2,famous_le_10m,16,1.0,1.0,2,srnet,ec5dda3a00ed9ebdfc3dd7b53852349a74222cf1c297a6b2bc04f1864cf9d45c
2,famous_le_10m,17,1.0,1.0,2,srnet,ec5dda3a00ed9ebdfc3dd7b53852349a74222cf1c297a6b2bc04f1864cf9d45c
2,famous_le_10m,18,1.0,1.0,2,srnet,ec5dda3a00ed9ebdfc3dd7b53852349a74222cf1c297a6b2bc04f1864cf9d45c
2,famous_le_10m,19,1.0,1.0,2,srnet,ec5dda3a00ed9ebdfc3dd7b53852349a74222cf1c297a6b2bc04f1864cf9d45c
2,famous_le_10m,20,1.0,1.0,2,srnet,ec5dda3a00ed9ebdfc3dd7b53852349a74222cf1c297a6b2bc04f1864cf9d45c
2,famous_le_10m,21,1.0,1.0,2,srnet,ec5dda3a00ed9ebdfc3dd7b53852349a74222cf1c297a6b2bc04f1864cf9d45c
2,famous_le_10m,22,1.0,1.0,2,srnet,ec5dda3a00ed9ebdfc3dd7b53852349a74222cf1c297a6b2bc04f1864cf9d45c
2,famous_le_10m,23,1.0,1.0,2,srnet,ec5dda3a00ed9ebdfc3dd7b53852349a74222cf1c297a6b2bc04f1864cf9d45c
2,famous_le_100m,0,0.5,0.2857142857142857,2,srnet,ec5dda3a00ed9ebdfc3dd7b53852349a74222cf1c297a6b2bc04f1864cf9d45c
2,famous_le_100m,1,0.5,0.7142857142857143,2,srnet,ec5dda3a00ed9ebdfc3dd7b53852349a74222cf1c297a6b2bc04f1864cf9d45c
2,famous_le_100m,2,0.5,0.7142857142857143,2,srnet,ec5dda3a00ed9ebdfc3dd7b53852349a74222cf1c297a6b2bc04f1864cf9d45c
2,famous_le_100m,3,0.5714285714285714,0.7857142857142857,2,srnet,ec5dda3a00ed9ebdfc3dd7b53852349a74222cf1c297a6b2bc04f1864cf9d45c
2,famous_le_100m,4,0.7142857142857143,0.8571428571428571,2,srnet,ec5dda3a00ed9ebdfc3dd7b53852349a74222cf1c297a6b2bc04f1864cf9d45c
2,famous_le_100m,5,0.7857142857142857,0.9285714285714286,2,srnet,ec5dda3a00ed9ebdfc3dd7b53852349a74222cf1c297a6b2bc04f1864cf9d45c
2,famous_le_100m,6,1.0,1.0,2,srnet,ec5dda3a00ed9ebdfc3dd7b53852349a74222cf1c297a6b2bc04f1864cf9d45c
2,famous_le_100m,7,1.0,1.0,2,srnet,ec5dda3a00ed9ebdfc3dd7b53852349a74222cf1c297a6b2bc04f1864cf9d45c
2,famous_le_100m,8,1.0,1.0,2,srnet,ec5dda3a00ed9ebdfc3dd7b53852349a74222cf1c297a6b2bc04f1864cf9d45c
2,famous_le_100m,9,1.0,0.9285714285714286,2,srnet,ec5dda3a00ed9ebdfc3dd7b53852349a74222cf1c297a6b2bc04f1864cf9d45c
2,famous_le_100m,10,1.0,1.0,2,srnet,ec5dda3a00ed9ebdfc3dd7b53852349a74222cf1c297a6b2bc04f1864cf9d45c
2,famous_le_100m,11,1.0,1.0,2,srnet,ec5dda3a00ed9ebdfc3dd7b53852349a74222cf1c297a6b2bc04f1864cf9d45c
2,famous_le_100m,12,1.0,1.0,2,srnet,ec5dda3a00ed9ebdfc3dd7b53852349a74222cf1c297a6b2bc04f1864cf9d45c
2,famous_le_100m,13,1.0,1.0,2,srnet,ec5dda3a00ed9ebdfc3dd7b53852349a74222cf1c297a6b2bc04f1864cf9d45c
2,famous_le_100m,14,1.0,1.0,2,srnet,ec5dda3a00ed9ebdfc3dd7b53852349a74222cf1c297a6b2bc04f1864cf9d45c
2,famous_le_100m,15,1.0,1.0,2,srnet,ec5dda3a00ed9ebdfc3dd7b53852349a74222cf1c297a6b2bc04f1864cf9d45c
2,famous_le_100m,16,1.0,1.0,2,srnet,ec5dda3a00ed9ebdfc3dd7b53852349a74222cf1c297a6b2bc04f1864cf9d45c
2,famous_le_100m,17,1.0,1.0,2,srnet,ec5dda3a00ed9ebdfc3dd7b53852349a74222cf1c297a6b2bc04f1864cf9d45c
2,famous_le_100m,18,1.0,1.0,2,srnet,ec5dda3a00ed9ebdfc3dd7b53852349a74222cf1c297a6b2bc04f1864cf9d45c
2,famous_le_100m,19,1.0,1.0,2,srnet,ec5dda3a00ed9ebdfc3dd7b53852349a74222cf1c297a6b2bc04f1864cf9d45c
2,famous_le_100m,20,1.0,1.0,2,srnet,ec5dda3a00ed9ebdfc3dd7b53852349a74222cf1c297a6b2bc04f1864cf9d45c
2,famous_le_100m,21,1.0,1.0,2,srnet,ec5dda3a00ed9ebdfc3dd7b53852349a74222cf1c297a6b2bc04f1864cf9d45c
2,famous_le_100m,22,1.0,1.0,2,srnet,ec5dda3a00ed9ebdfc3dd7b53852349a74222cf1c297a6b2bc04f1864cf9d45c
2,famous_le_100m,23,1.0,1.0,2,srnet,ec5dda3a00ed9ebdfc3dd7b53852349a74222cf1c297a6b2bc04f1864cf9d45c
3,torch_pretrained_classification,0,0.3375,0.4875,2,srnet,ff44277d6396cb2a54b58c2e3c7894e5564801f5836fb450b5f80872af445d12
3,famous_le_10m,0,0.2,0.4,2,srnet,ff44277d6396cb2a54b58c2e3c7894e5564801f5836fb450b5f80872af445d12
3,famous_le_10m,1,0.8,0.6,2,srnet,ff44277d6396cb2a54b58c2e3c7894e5564801f5836fb450b5f80872af445d12
3,famous_le_10m,2,0.8,1.0,2,srnet,ff44277d6396cb2a54b58c2e3c7894e5564801f5836fb450b5f80872af445d12
3,famous_le_10m,3,1.0,1.0,2,srnet,ff44277d6396cb2a54b58c2e3c7894e5564801f5836fb450b5f80872af445d12
3,famous_le_10m,4,1.0,1.0,2,srnet,ff44277d6396cb2a54b58c2e3c7894e5564801f5836fb450b5f80872af445d12
3,famous_le_10m,5,1.0,1.0,2,srnet,ff44277d6396cb2a54b58c2e3c7894e5564801f5836fb450b5f80872af445d12
3,famous_le_10m,6,1.0,1.0,2,srnet,ff44277d6396cb2a54b58c2e3c7894e5564801f5836fb450b5f80872af445d12
3,famous_le_10m,7,1.0,1.0,2,srnet,ff44277d6396cb2a54b58c2e3c7894e5564801f5836fb450b5f80872af445d12
3,famous_le_10m,8,1.0,1.0,2,srnet,ff44277d6396cb2a54b58c2e3c7894e5564801f5836fb450b5f80872af445d12
3,famous_le_10m,9,1.0,1.0,2,srnet,ff44277d6396cb2a54b58c2e3c7894e5564801f5836fb450b5f80872af445d12
3,famous_le_10m,10,1.0,1.0,2,srnet,ff44277d6396cb2a54b58c2e3c7894e5564801f5836fb450b5f80872af445d12
3,famous_le_10m,11,1.0,1.0,2,srnet,ff44277d6396cb2a54b58c2e3c7894e5564801f5836fb450b5f80872af445d12
3,famous_le_10m,12,1.0,1.0,2,srnet,ff44277d6396cb2a54b58c2e3c7894e5564801f5836fb450b5f80872af445d12
3,famous_le_10m,13,1.0,1.0,2,srnet,ff44277d6396cb2a54b58c2e3c7894e5564801f5836fb450b5f80872af445d12
3,famous_le_10m,14,1.0,1.0,2,srnet,ff44277d6396cb2a54b58c2e3c7894e5564801f5836fb450b5f80872af445d12
3,famous_le_10m,15,1.0,1.0,2,srnet,ff44277d6396cb2a54b58c2e3c7894e5564801f5836fb450b5f80872af445d12
3,famous_le_10m,16,1.0,1.0,2,srnet,ff44277d6396cb2a54b58c2e3c7894e5564801f5836fb450b5f80872af445d12
3,famous_le_10m,17,1.0,1.0,2,srnet,ff44277d6396cb2a54b58c2e3c7894e5564801f5836fb450b5f80872af445d12
3,famous_le_10m,18,1.0,1.0,2,srnet,ff44277d6396cb2a54b58c2e3c7894e5564801f5836fb450b5f80872af445d12
3,famous_le_10m,19,1.0,1.0,2,srnet,ff44277d6396cb2a54b58c2e3c7894e5564801f5836fb450b5f80872af445d12
3,famous_le_10m,20,1.0,1.0,2,srnet,ff44277d6396cb2a54b58c2e3c7894e5564801f5836fb450b5f80872af445d12
3,famous_le_10m,21,1.0,1.0,2,srnet,ff44277d6396cb2a54b58c2e3c7894e5564801f5836fb450b5f80872af445d12
3,famous_le_10m,22,1.0,1.0,2,srnet,ff44277d6396cb2a54b58c2e3c7894e5564801f5836fb450b5f80872af445d12
3,famous_le_10m,23,1.0,1.0,2,srnet,ff44277d6396cb2a54b58c2e3c7894e5564801f5836fb450b5f80872af445d12
3,famous_le_100m,0,0.42857142857142855,0.42857142857142855,2,srnet,ff44277d6396cb2a54b58c2e3c7894e5564801f5836fb450b5f80872af445d12
3,famous_le_100m,1,0.5714285714285714,0.5714285714285714,2,srnet,ff44277d6396cb2a54b58c2e3c7894e5564801f5836fb450b5f80872af445d12
3,famous_le_100m,2,0.5714285714285714,0.5714285714285714,2,srnet,ff44277d6396cb2a54b58c2e3c7894e5564801f5836fb450b5f80872af445d12
3,famous_le_100m,3,0.6428571428571429,0.7142857142857143,2,srnet,ff44277d6396cb2a54b58c2e3c7894e5564801f5836fb450b5f80872af445d12
3,famous_le_100m,4,0.7857142857142857,0.7142857142857143,2,srnet,ff44277d6396cb2a54b58c2e3c7894e5564801f5836fb450b5f80872af445d12
3,famous_le_100m,5,0.8571428571428571,0.7857142857142857,2,srnet,ff44277d6396cb2a54b58c2e3c7894e5564801f5836fb450b5f80872af445d12
3,famous_le_100m,6,1.0,0.8571428571428571,2,srnet,ff44277d6396cb2a54b58c2e3c7894e5564801f5836fb450b5f80872af445d12
3,famous_le_100m,7,1.0,0.9285714285714286,2,srnet,ff44277d6396cb2a54b58c2e3c7894e5564801f5836fb450b5f80872af445d12
3,famous_le_100m,8,0.9285714285714286,0.9285714285714286,2,srnet,ff44277d6396cb2a54b58c2e3c7894e5564801f5836fb450b5f80872af445d12
3,famous_le_100m,9,0.9285714285714286,0.9285714285714286,2,srnet,ff44277d6396cb2a54b58c2e3c7894e5564801f5836fb450b5f80872af445d12
3,famous_le_100m,10,0.9285714285714286,0.9285714285714286,2,srnet,ff44277d6396cb2a54b58c2e3c7894e5564801f5836fb450b5f80872af445d12
3,famous_le_100m,11,0.9285714285714286,0.9285714285714286,2,srnet,ff44277d6396cb2a54b58c2e3c7894e5564801f5836fb450b5f80872af445d12
3,famous_le_100m,12,1.0,0.9285714285714286,2,srnet,ff44277d6396cb2a54b58c2e3c7894e5564801f5836fb450b5f80872af445d12
3,famous_le_100m,13,1.0,1.0,2,srnet,ff44277d6396cb2a54b58c2e3c7894e5564801f5836fb450b5f80872af445d12
3,famous_le_100m,14,1.0,1.0,2,srnet,ff44277d6396cb2a54b58c2e3c7894e5564801f5836fb450b5f80872af445d12
3,famous_le_100m,15,1.0,1.0,2,srnet,ff44277d6396cb2a54b58c2e3c7894e5564801f5836fb450b5f80872af445d12
3,famous_le_100m,16,1.0,1.0,2,srnet,ff44277d6396cb2a54b58c2e3c7894e5564801f5836fb450b5f80872af445d12
3,famous_le_100m,17,1.0,1.0,2,srnet,ff44277d6396cb2a54b58c2e3c7894e5564801f5836fb450b5f80872af445d12
3,famous_le_100m,18,1.0,1.0,2,srnet,ff44277d6396cb2a54b58c2e3c7894e5564801f5836fb450b5f80872af445d12
3,famous_le_100m,19,1.0,1.0,2,srnet,ff44277d6396cb2a54b58c2e3c7894e5564801f5836fb450b5f80872af445d12
3,famous_le_100m,20,1.0,1.0,2,srnet,ff44277d6396cb2a54b58c2e3c7894e5564801f5836fb450b5f80872af445d12
3,famous_le_100m,21,1.0,1.0,2,srnet,ff44277d6396cb2a54b58c2e3c7894e5564801f5836fb450b5f80872af445d12
3,famous_le_100m,22,1.0,1.0,2,srnet,ff44277d6396cb2a54b58c2e3c7894e5564801f5836fb450b5f80872af445d12
3,famous_le_100m,23,1.0,1.0,2,srnet,ff44277d6396cb2a54b58c2e3c7894e5564801f5836fb450b5f80872af445d12
4,torch_pretrained_classification,0,0.4625,0.4,2,srnet,8fcbcd3ea2742fbebb2f1ee8f60d338c09ce579c7a2105d726d4fbb4c3b05943
4,famous_le_10m,0,0.8,0.8,2,srnet,8fcbcd3ea2742fbebb2f1ee8f60d338c09ce579c7a2105d726d4fbb4c3b05943
4,famous_le_10m,1,0.2,0.2,2,srnet,8fcbcd3ea2742fbebb2f1ee8f60d338c09ce579c7a2105d726d4fbb4c3b05943
4,famous_le_10m,2,0.4,0.2,2,srnet,8fcbcd3ea2742fbebb2f1ee8f60d338c09ce579c7a2105d726d4fbb4c3b05943
4,famous_le_10m,3,0.8,0.2,2,srnet,8fcbcd3ea2742fbebb2f1ee8f60d338c09ce579c7a2105d726d4fbb4c3b05943
4,famous_le_10m,4,0.8,0.6,2,srnet,8fcbcd3ea2742fbebb2f1ee8f60d338c09ce579c7a2105d726d4fbb4c3b05943
4,famous_le_10m,5,1.0,0.8,2,srnet,8fcbcd3ea2742fbebb2f1ee8f60d338c09ce579c7a2105d726d4fbb4c3b05943
4,famous_le_10m,6,1.0,0.8,2,srnet,8fcbcd3ea2742fbebb2f1ee8f60d338c09ce579c7a2105d726d4fbb4c3b05943
4,famous_le_10m,7,1.0,1.0,2,srnet,8fcbcd3ea2742fbebb2f1ee8f60d338c09ce579c7a2105d726d4fbb4c3b05943
4,famous_le_10m,8,1.0,1.0,2,srnet,8fcbcd3ea2742fbebb2f1ee8f60d338c09ce579c7a2105d726d4fbb4c3b05943
4,famous_le_10m,9,1.0,1.0,2,srnet,8fcbcd3ea2742fbebb2f1ee8f60d338c09ce579c7a2105d726d4fbb4c3b05943
4,famous_le_10m,10,1.0,1.0,2,srnet,8fcbcd3ea2742fbebb2f1ee8f60d338c09ce579c7a2105d726d4fbb4c3b05943
4,famous_le_10m,11,1.0,1.0,2,srnet,8fcbcd3ea2742fbebb2f1ee8f60d338c09ce579c7a2105d726d4fbb4c3b05943
4,famous_le_10m,12,1.0,1.0,2,srnet,8fcbcd3ea2742fbebb2f1ee8f60d338c09ce579c7a2105d726d4fbb4c3b05943
4,famous_le_10m,13,1.0,0.8,2,srnet,8fcbcd3ea2742fbebb2f1ee8f60d338c09ce579c7a2105d726d4fbb4c3b05943
4,famous_le_10m,14,1.0,1.0,2,srnet,8fcbcd3ea2742fbebb2f1ee8f60d338c09ce579c7a2105d726d4fbb4c3b05943
4,famous_le_10m,15,1.0,1.0,2,srnet,8fcbcd3ea2742fbebb2f1ee8f60d338c09ce579c7a2105d726d4fbb4c3b05943
4,famous_le_10m,16,1.0,1.0,2,srnet,8fcbcd3ea2742fbebb2f1ee8f60d338c09ce579c7a2105d726d4fbb4c3b05943
4,famous_le_10m,17,1.0,1.0,2,srnet,8fcbcd3ea2742fbebb2f1ee8f60d338c09ce579c7a2105d726d4fbb4c3b05943
4,famous_le_10m,18,1.0,0.8,2,srnet,8fcbcd3ea2742fbebb2f1ee8f60d338c09ce579c7a2105d726d4fbb4c3b05943
4,famous_le_10m,19,1.0,1.0,2,srnet,8fcbcd3ea2742fbebb2f1ee8f60d338c09ce579c7a2105d726d4fbb4c3b05943
4,famous_le_10m,20,1.0,1.0,2,srnet,8fcbcd3ea2742fbebb2f1ee8f60d338c09ce579c7a2105d726d4fbb4c3b05943
4,famous_le_10m,21,1.0,1.0,2,srnet,8fcbcd3ea2742fbebb2f1ee8f60d338c09ce579c7a2105d726d4fbb4c3b05943
4,famous_le_10m,22,1.0,1.0,2,srnet,8fcbcd3ea2742fbebb2f1ee8f60d338c09ce579c7a2105d726d4fbb4c3b05943
4,famous_le_10m,23,1.0,1.0,2,srnet,8fcbcd3ea2742fbebb2f1ee8f60d338c09ce579c7a2105d726d4fbb4c3b05943
4,famous_le_100m,0,0.42857142857142855,0.35714285714285715,2,srnet,8fcbcd3ea2742fbebb2f1ee8f60d338c09ce579c7a2105d726d4fbb4c3b05943
4,famous_le_100m,1,0.5714285714285714,0.6428571428571429,2,srnet,8fcbcd3ea2742fbebb2f1ee8f60d338c09ce579c7a2105d726d4fbb4c3b05943
4,famous_le_100m,2,0.5714285714285714,0.6428571428571429,2,srnet,8fcbcd3ea2742fbebb2f1ee8f60d338c09ce579c7a2105d726d4fbb4c3b05943
4,famous_le_100m,3,0.5714285714285714,0.7142857142857143,2,srnet,8fcbcd3ea2742fbebb2f1ee8f60d338c09ce579c7a2105d726d4fbb4c3b05943
4,famous_le_100m,4,0.7142857142857143,0.7857142857142857,2,srnet,8fcbcd3ea2742fbebb2f1ee8f60d338c09ce579c7a2105d726d4fbb4c3b05943
4,famous_le_100m,5,0.7142857142857143,0.7857142857142857,2,srnet,8fcbcd3ea2742fbebb2f1ee8f60d338c09ce579c7a2105d726d4fbb4c3b05943
4,famous_le_100m,6,0.9285714285714286,0.9285714285714286,2,srnet,8fcbcd3ea2742fbebb2f1ee8f60d338c09ce579c7a2105d726d4fbb4c3b05943
4,famous_le_100m,7,0.9285714285714286,0.9285714285714286,2,srnet,8fcbcd3ea2742fbebb2f1ee8f60d338c09ce579c7a2105d726d4fbb4c3b05943
4,famous_le_100m,8,0.8571428571428571,0.9285714285714286,2,srnet,8fcbcd3ea2742fbebb2f1ee8f60d338c09ce579c7a2105d726d4fbb4c3b05943
4,famous_le_100m,9,0.9285714285714286,0.9285714285714286,2,srnet,8fcbcd3ea2742fbebb2f1ee8f60d338c09ce579c7a2105d726d4fbb4c3b05943
4,famous_le_100m,10,0.9285714285714286,0.9285714285714286,2,srnet,8fcbcd3ea2742fbebb2f1ee8f60d338c09ce579c7a2105d726d4fbb4c3b05943
4,famous_le_100m,11,0.9285714285714286,0.9285714285714286,2,srnet,8fcbcd3ea2742fbebb2f1ee8f60d338c09ce579c7a2105d726d4fbb4c3b05943
4,famous_le_100m,12,0.9285714285714286,0.9285714285714286,2,srnet,8fcbcd3ea2742fbebb2f1ee8f60d338c09ce579c7a2105d726d4fbb4c3b05943
4,famous_le_100m,13,1.0,1.0,2,srnet,8fcbcd3ea2742fbebb2f1ee8f60d338c09ce579c7a2105d726d4fbb4c3b05943
4,famous_le_100m,14,1.0,1.0,2,srnet,8fcbcd3ea2742fbebb2f1ee8f60d338c09ce579c7a2105d726d4fbb4c3b05943
4,famous_le_100m,15,1.0,1.0,2,srnet,8fcbcd3ea2742fbebb2f1ee8f60d338c09ce579c7a2105d726d4fbb4c3b05943
4,famous_le_100m,16,1.0,1.0,2,srnet,8fcbcd3ea2742fbebb2f1ee8f60d338c09ce579c7a2105d726d4fbb4c3b05943
4,famous_le_100m,17,1.0,1.0,2,srnet,8fcbcd3ea2742fbebb2f1ee8f60d338c09ce579c7a2105d726d4fbb4c3b05943
4,famous_le_100m,18,1.0,1.0,2,srnet,8fcbcd3ea2742fbebb2f1ee8f60d338c09ce579c7a2105d726d4fbb4c3b05943
4,famous_le_100m,19,1.0,1.0,2,srnet,8fcbcd3ea2742fbebb2f1ee8f60d338c09ce579c7a2105d726d4fbb4c3b05943
4,famous_le_100m,20,1.0,1.0,2,srnet,8fcbcd3ea2742fbebb2f1ee8f60d338c09ce579c7a2105d726d4fbb4c3b05943
4,famous_le_100m,21,1.0,1.0,2,srnet,8fcbcd3ea2742fbebb2f1ee8f60d338c09ce579c7a2105d726d4fbb4c3b05943
4,famous_le_100m,22,1.0,1.0,2,srnet,8fcbcd3ea2742fbebb2f1ee8f60d338c09ce579c7a2105d726d4fbb4c3b05943
4,famous_le_100m,23,1.0,1.0,2,srnet,8fcbcd3ea2742fbebb2f1ee8f60d338c09ce579c7a2105d726d4fbb4c3b05943
0,torch_pretrained_classification,0,0.425,0.275,3,srnet,c149486db39ff9994c417cea1d3829764015ef74fdd6931d6926be647ced2e76
0,famous_le_10m,0,0.2,0.0,3,srnet,c149486db39ff9994c417cea1d3829764015ef74fdd6931d6926be647ced2e76
0,famous_le_10m,1,0.8,1.0,3,srnet,c149486db39ff9994c417cea1d3829764015ef74fdd6931d6926be647ced2e76
0,famous_le_10m,2,0.8,1.0,3,srnet,c149486db39ff9994c417cea1d3829764015ef74fdd6931d6926be647ced2e76
0,famous_le_10m,3,1.0,1.0,3,srnet,c149486db39ff9994c417cea1d3829764015ef74fdd6931d6926be647ced2e76
0,famous_le_10m,4,1.0,1.0,3,srnet,c149486db39ff9994c417cea1d3829764015ef74fdd6931d6926be647ced2e76
0,famous_le_10m,5,1.0,1.0,3,srnet,c149486db39ff9994c417cea1d3829764015ef74fdd6931d6926be647ced2e76
0,famous_le_10m,6,1.0,1.0,3,srnet,c149486db39ff9994c417cea1d3829764015ef74fdd6931d6926be647ced2e76
0,famous_le_10m,7,1.0,1.0,3,srnet,c149486db39ff9994c417cea1d3829764015ef74fdd6931d6926be647ced2e76
0,famous_le_10m,8,1.0,1.0,3,srnet,c149486db39ff9994c417cea1d3829764015ef74fdd6931d6926be647ced2e76
0,famous_le_10m,9,1.0,1.0,3,srnet,c149486db39ff9994c417cea1d3829764015ef74fdd6931d6926be647ced2e76
0,famous_le_10m,10,1.0,1.0,3,srnet,c149486db39ff9994c417cea1d3829764015ef74fdd6931d6926be647ced2e76
0,famous_le_10m,11,1.0,1.0,3,srnet,c149486db39ff9994c417cea1d3829764015ef74fdd6931d6926be647ced2e76
0,famous_le_10m,12,1.0,1.0,3,srnet,c149486db39ff9994c417cea1d3829764015ef74fdd6931d6926be647ced2e76
0,famous_le_10m,13,1.0,1.0,3,srnet,c149486db39ff9994c417cea1d3829764015ef74fdd6931d6926be647ced2e76
0,famous_le_10m,14,1.0,1.0,3,srnet,c149486db39ff9994c417cea1d3829764015ef74fdd6931d6926be647ced2e76
0,famous_le_10m,15,1.0,1.0,3,srnet,c149486db39ff9994c417cea1d3829764015ef74fdd6931d6926be647ced2e76
0,famous_le_10m,16,1.0,1.0,3,srnet,c149486db39ff9994c417cea1d3829764015ef74fdd6931d6926be647ced2e76
0,famous_le_10m,17,1.0,1.0,3,srnet,c149486db39ff9994c417cea1d3829764015ef74fdd6931d6926be647ced2e76
0,famous_le_10m,18,1.0,1.0,3,srnet,c149486db39ff9994c417cea1d3829764015ef74fdd6931d6926be647ced2e76
0,famous_le_10m,19,1.0,1.0,3,srnet,c149486db39ff9994c417cea1d3829764015ef74fdd6931d6926be647ced2e76
0,famous_le_10m,20,1.0,1.0,3,srnet,c149486db39ff9994c417cea1d3829764015ef74fdd6931d6926be647ced2e76
0,famous_le_10m,21,1.0,1.0,3,srnet,c149486db39ff9994c417cea1d3829764015ef74fdd6931d6926be647ced2e76
0,famous_le_10m,22,1.0,1.0,3,srnet,c149486db39ff9994c417cea1d3829764015ef74fdd6931d6926be647ced2e76
0,famous_le_10m,23,1.0,1.0,3,srnet,c149486db39ff9994c417cea1d3829764015ef74fdd6931d6926be647ced2e76
0,famous_le_100m,0,0.5714285714285714,0.42857142857142855,3,srnet,c149486db39ff9994c417cea1d3829764015ef74fdd6931d6926be647ced2e76
0,famous_le_100m,1,0.42857142857142855,0.5714285714285714,3,srnet,c149486db39ff9994c417cea1d3829764015ef74fdd6931d6926be647ced2e76
0,famous_le_100m,2,0.42857142857142855,0.5714285714285714,3,srnet,c149486db39ff9994c417cea1d3829764015ef74fdd6931d6926be647ced2e76
0,famous_le_100m,3,0.5,0.5714285714285714,3,srnet,c149486db39ff9994c417cea1d3829764015ef74fdd6931d6926be647ced2e76
0,famous_le_100m,4,0.7142857142857143,0.7857142857142857,3,srnet,c149486db39ff9994c417cea1d3829764015ef74fdd6931d6926be647ced2e76
0,famous_le_100m,5,0.7857142857142857,0.7857142857142857,3,srnet,c149486db39ff9994c417cea1d3829764015ef74fdd6931d6926be647ced2e76
0,famous_le_100m,6,0.9285714285714286,1.0,3,srnet,c149486db39ff9994c417cea1d3829764015ef74fdd6931d6926be647ced2e76
0,famous_le_100m,7,1.0,1.0,3,srnet,c149486db39ff9994c417cea1d3829764015ef74fdd6931d6926be647ced2e76
0,famous_le_100m,8,1.0,1.0,3,srnet,c149486db39ff9994c417cea1d3829764015ef74fdd6931d6926be647ced2e76
0,famous_le_100m,9,1.0,1.0,3,srnet,c149486db39ff9994c417cea1d3829764015ef74fdd6931d6926be647ced2e76
0,famous_le_100m,10,1.0,1.0,3,srnet,c149486db39ff9994c417cea1d3829764015ef74fdd6931d6926be647ced2e76
0,famous_le_100m,11,1.0,1.0,3,srnet,c149486db39ff9994c417cea1d3829764015ef74fdd6931d6926be647ced2e76
0,famous_le_100m,12,1.0,1.0,3,srnet,c149486db39ff9994c417cea1d3829764015ef74fdd6931d6926be647ced2e76
0,famous_le_100m,13,1.0,1.0,3,srnet,c149486db39ff9994c417cea1d3829764015ef74fdd6931d6926be647ced2e76
0,famous_le_100m,14,1.0,1.0,3,srnet,c149486db39ff9994c417cea1d3829764015ef74fdd6931d6926be647ced2e76
0,famous_le_100m,15,1.0,1.0,3,srnet,c149486db39ff9994c417cea1d3829764015ef74fdd6931d6926be647ced2e76
0,famous_le_100m,16,1.0,1.0,3,srnet,c149486db39ff9994c417cea1d3829764015ef74fdd6931d6926be647ced2e76
0,famous_le_100m,17,1.0,1.0,3,srnet,c149486db39ff9994c417cea1d3829764015ef74fdd6931d6926be647ced2e76
0,famous_le_100m,18,1.0,1.0,3,srnet,c149486db39ff9994c417cea1d3829764015ef74fdd6931d6926be647ced2e76
0,famous_le_100m,19,1.0,1.0,3,srnet,c149486db39ff9994c417cea1d3829764015ef74fdd6931d6926be647ced2e76
0,famous_le_100m,20,1.0,1.0,3,srnet,c149486db39ff9994c417cea1d3829764015ef74fdd6931d6926be647ced2e76
0,famous_le_100m,21,1.0,1.0,3,srnet,c149486db39ff9994c417cea1d3829764015ef74fdd6931d6926be647ced2e76
0,famous_le_100m,22,1.0,1.0,3,srnet,c149486db39ff9994c417cea1d3829764015ef74fdd6931d6926be647ced2e76
0,famous_le_100m,23,1.0,1.0,3,srnet,c149486db39ff9994c417cea1d3829764015ef74fdd6931d6926be647ced2e76
1,torch_pretrained_classification,0,0.375,0.4375,3,srnet,1c5fbfab3ec5f1970d5072bc954c921149385a09bbf51020405afcda063185b9
1,famous_le_10m,0,0.2,0.2,3,srnet,1c5fbfab3ec5f1970d5072bc954c921149385a09bbf51020405afcda063185b9
1,famous_le_10m,1,0.8,1.0,3,srnet,1c5fbfab3ec5f1970d5072bc954c921149385a09bbf51020405afcda063185b9
1,famous_le_10m,2,0.8,1.0,3,srnet,1c5fbfab3ec5f1970d5072bc954c921149385a09bbf51020405afcda063185b9
1,famous_le_10m,3,1.0,1.0,3,srnet,1c5fbfab3ec5f1970d5072bc954c921149385a09bbf51020405afcda063185b9
1,famous_le_10m,4,1.0,1.0,3,srnet,1c5fbfab3ec5f1970d5072bc954c921149385a09bbf51020405afcda063185b9
1,famous_le_10m,5,1.0,1.0,3,srnet,1c5fbfab3ec5f1970d5072bc954c921149385a09bbf51020405afcda063185b9
1,famous_le_10m,6,1.0,1.0,3,srnet,1c5fbfab3ec5f1970d5072bc954c921149385a09bbf51020405afcda063185b9
1,famous_le_10m,7,1.0,1.0,3,srnet,1c5fbfab3ec5f1970d5072bc954c921149385a09bbf51020405afcda063185b9
1,famous_le_10m,8,1.0,1.0,3,srnet,1c5fbfab3ec5f1970d5072bc954c921149385a09bbf51020405afcda063185b9
1,famous_le_10m,9,1.0,1.0,3,srnet,1c5fbfab3ec5f1970d5072bc954c921149385a09bbf51020405afcda063185b9
1,famous_le_10m,10,1.0,1.0,3,srnet,1c5fbfab3ec5f1970d5072bc954c921149385a09bbf51020405afcda063185b9
1,famous_le_10m,11,1.0,1.0,3,srnet,1c5fbfab3ec5f1970d5072bc954c921149385a09bbf51020405afcda063185b9
1,famous_le_10m,12,1.0,1.0,3,srnet,1c5fbfab3ec5f1970d5072bc954c921149385a09bbf51020405afcda063185b9
1,famous_le_10m,13,1.0,1.0,3,srnet,1c5fbfab3ec5f1970d5072bc954c921149385a09bbf51020405afcda063185b9
1,famous_le_10m,14,1.0,1.0,3,srnet,1c5fbfab3ec5f1970d5072bc954c921149385a09bbf51020405afcda063185b9
1,famous_le_10m,15,1.0,1.0,3,srnet,1c5fbfab3ec5f1970d5072bc954c921149385a09bbf51020405afcda063185b9
1,famous_le_10m,16,1.0,1.0,3,srnet,1c5fbfab3ec5f1970d5072bc954c921149385a09bbf51020405afcda063185b9
1,famous_le_10m,17,1.0,1.0,3,srnet,1c5fbfab3ec5f1970d5072bc954c921149385a09bbf51020405afcda063185b9
1,famous_le_10m,18,1.0,1.0,3,srnet,1c5fbfab3ec5f1970d5072bc954c921149385a09bbf51020405afcda063185b9
1,famous_le_10m,19,1.0,1.0,3,srnet,1c5fbfab3ec5f1970d5072bc954c921149385a09bbf51020405afcda063185b9
1,famous_le_10m,20,1.0,1.0,3,srnet,1c5fbfab3ec5f1970d5072bc954c921149385a09bbf51020405afcda063185b9
1,famous_le_10m,21,1.0,1.0,3,srnet,1c5fbfab3ec5f1970d5072bc954c921149385a09bbf51020405afcda063185b9
1,famous_le_10m,22,1.0,1.0,3,srnet,1c5fbfab3ec5f1970d5072bc954c921149385a09bbf51020405afcda063185b9
1,famous_le_10m,23,1.0,1.0,3,srnet,1c5fbfab3ec5f1970d5072bc954c921149385a09bbf51020405afcda063185b9
1,famous_le_100m,0,0.5,0.42857142857142855,3,srnet,1c5fbfab3ec5f1970d5072bc954c921149385a09bbf51020405afcda063185b9
1,famous_le_100m,1,0.5,0.5714285714285714,3,srnet,1c5fbfab3ec5f1970d5072bc954c921149385a09bbf51020405afcda063185b9
1,famous_le_100m,2,0.5,0.5714285714285714,3,srnet,1c5fbfab3ec5f1970d5072bc954c921149385a09bbf51020405afcda063185b9
1,famous_le_100m,3,0.5,0.7142857142857143,3,srnet,1c5fbfab3ec5f1970d5072bc954c921149385a09bbf51020405afcda063185b9
1,famous_le_100m,4,0.7142857142857143,0.7857142857142857,3,srnet,1c5fbfab3ec5f1970d5072bc954c921149385a09bbf51020405afcda063185b9
1,famous_le_100m,5,0.7857142857142857,0.9285714285714286,3,srnet,1c5fbfab3ec5f1970d5072bc954c921149385a09bbf51020405afcda063185b9
1,famous_le_100m,6,1.0,1.0,3,srnet,1c5fbfab3ec5f1970d5072bc954c921149385a09bbf51020405afcda063185b9
1,famous_le_100m,7,1.0,1.0,3,srnet,1c5fbfab3ec5f1970d5072bc954c921149385a09bbf51020405afcda063185b9
1,famous_le_100m,8,1.0,1.0,3,srnet,1c5fbfab3ec5f1970d5072bc954c921149385a09bbf51020405afcda063185b9
1,famous_le_100m,9,1.0,1.0,3,srnet,1c5fbfab3ec5f1970d5072bc954c921149385a09bbf51020405afcda063185b9
1,famous_le_100m,10,1.0,1.0,3,srnet,1c5fbfab3ec5f1970d5072bc954c921149385a09bbf51020405afcda063185b9
1,famous_le_100m,11,1.0,1.0,3,srnet,1c5fbfab3ec5f1970d5072bc954c921149385a09bbf51020405afcda063185b9
1,famous_le_100m,12,1.0,1.0,3,srnet,1c5fbfab3ec5f1970d5072bc954c921149385a09bbf51020405afcda063185b9
1,famous_le_100m,13,1.0,1.0,3,srnet,1c5fbfab3ec5f1970d5072bc954c921149385a09bbf51020405afcda063185b9
1,famous_le_100m,14,1.0,1.0,3,srnet,1c5fbfab3ec5f1970d5072bc954c921149385a09bbf51020405afcda063185b9
1,famous_le_100m,15,1.0,1.0,3,srnet,1c5fbfab3ec5f1970d5072bc954c921149385a09bbf51020405afcda063185b9
1,famous_le_100m,16,1.0,1.0,3,srnet,1c5fbfab3ec5f1970d5072bc954c921149385a09bbf51020405afcda063185b9
1,famous_le_100m,17,1.0,1.0,3,srnet,1c5fbfab3ec5f1970d5072bc954c921149385a09bbf51020405afcda063185b9
1,famous_le_100m,18,1.0,1.0,3,srnet,1c5fbfab3ec5f1970d5072bc954c921149385a09bbf51020405afcda063185b9
1,famous_le_100m,19,1.0,1.0,3,srnet,1c5fbfab3ec5f1970d5072bc954c921149385a09bbf51020405afcda063185b9
1,famous_le_100m,20,1.0,1.0,3,srnet,1c5fbfab3ec5f1970d5072bc954c921149385a09bbf51020405afcda063185b9
1,famous_le_100m,21,1.0,1.0,3,srnet,1c5fbfab3ec5f1970d5072bc954c921149385a09bbf51020405afcda063185b9
1,famous_le_100m,22,1.0,1.0,3,srnet,1c5fbfab3ec5f1970d5072bc954c921149385a09bbf51020405afcda063185b9
1,famous_le_100m,23,1.0,1.0,3,srnet,1c5fbfab3ec5f1970d5072bc954c921149385a09bbf51020405afcda063185b9
2,torch_pretrained_classification,0,0.45,0.725,3,srnet,6798d9b10479e630ab975ce3ce677263648cb2c0be928dbcb284ed3f793705d2
2,famous_le_10m,0,0.2,0.2,3,srnet,6798d9b10479e630ab975ce3ce677263648cb2c0be928dbcb284ed3f793705d2
2,famous_le_10m,1,0.8,0.8,3,srnet,6798d9b10479e630ab975ce3ce677263648cb2c0be928dbcb284ed3f793705d2
2,famous_le_10m,2,0.8,0.8,3,srnet,6798d9b10479e630ab975ce3ce677263648cb2c0be928dbcb284ed3f793705d2
2,famous_le_10m,3,0.8,0.8,3,srnet,6798d9b10479e630ab975ce3ce677263648cb2c0be928dbcb284ed3f793705d2
2,famous_le_10m,4,1.0,0.8,3,srnet,6798d9b10479e630ab975ce3ce677263648cb2c0be928dbcb284ed3f793705d2
2,famous_le_10m,5,1.0,1.0,3,srnet,6798d9b10479e630ab975ce3ce677263648cb2c0be928dbcb284ed3f793705d2
2,famous_le_10m,6,1.0,0.8,3,srnet,6798d9b10479e630ab975ce3ce677263648cb2c0be928dbcb284ed3f793705d2
2,famous_le_10m,7,1.0,0.6,3,srnet,6798d9b10479e630ab975ce3ce677263648cb2c0be928dbcb284ed3f793705d2
2,famous_le_10m,8,1.0,0.6,3,srnet,6798d9b10479e630ab975ce3ce677263648cb2c0be928dbcb284ed3f793705d2
2,famous_le_10m,9,1.0,0.8,3,srnet,6798d9b10479e630ab975ce3ce677263648cb2c0be928dbcb284ed3f793705d2
2,famous_le_10m,10,1.0,1.0,3,srnet,6798d9b10479e630ab975ce3ce677263648cb2c0be928dbcb284ed3f793705d2
2,famous_le_10m,11,1.0,1.0,3,srnet,6798d9b10479e630ab975ce3ce677263648cb2c0be928dbcb284ed3f793705d2
2,famous_le_10m,12,1.0,0.6,3,srnet,6798d9b10479e630ab975ce3ce677263648cb2c0be928dbcb284ed3f793705d2
2,famous_le_10m,13,1.0,1.0,3,srnet,6798d9b10479e630ab975ce3ce677263648cb2c0be928dbcb284ed3f793705d2
2,famous_le_10m,14,1.0,0.8,3,srnet,6798d9b10479e630ab975ce3ce677263648cb2c0be928dbcb284ed3f793705d2
2,famous_le_10m,15,1.0,0.8,3,srnet,6798d9b10479e630ab975ce3ce677263648cb2c0be928dbcb284ed3f793705d2
2,famous_le_10m,16,1.0,0.6,3,srnet,6798d9b10479e630ab975ce3ce677263648cb2c0be928dbcb284ed3f793705d2
2,famous_le_10m,17,1.0,0.8,3,srnet,6798d9b10479e630ab975ce3ce677263648cb2c0be928dbcb284ed3f793705d2
2,famous_le_10m,18,1.0,0.4,3,srnet,6798d9b10479e630ab975ce3ce677263648cb2c0be928dbcb284ed3f793705d2
2,famous_le_10m,19,1.0,0.8,3,srnet,6798d9b10479e630ab975ce3ce677263648cb2c0be928dbcb284ed3f793705d2
2,famous_le_10m,20,1.0,0.6,3,srnet,6798d9b10479e630ab975ce3ce677263648cb2c0be928dbcb284ed3f793705d2
2,famous_le_10m,21,1.0,0.6,3,srnet,6798d9b10479e630ab975ce3ce677263648cb2c0be928dbcb284ed3f793705d2
2,famous_le_10m,22,1.0,0.0,3,srnet,6798d9b10479e630ab975ce3ce677263648cb2c0be928dbcb284ed3f793705d2
2,famous_le_10m,23,1.0,0.6,3,srnet,6798d9b10479e630ab975ce3ce677263648cb2c0be928dbcb284ed3f793705d2
2,famous_le_100m,0,0.5714285714285714,0.6428571428571429,3,srnet,6798d9b10479e630ab975ce3ce677263648cb2c0be928dbcb284ed3f793705d2
2,famous_le_100m,1,0.42857142857142855,0.35714285714285715,3,srnet,6798d9b10479e630ab975ce3ce677263648cb2c0be928dbcb284ed3f793705d2
2,famous_le_100m,2,0.42857142857142855,0.42857142857142855,3,srnet,6798d9b10479e630ab975ce3ce677263648cb2c0be928dbcb284ed3f793705d2
2,famous_le_100m,3,0.5,0.42857142857142855,3,srnet,6798d9b10479e630ab975ce3ce677263648cb2c0be928dbcb284ed3f793705d2
2,famous_le_100m,4,0.7142857142857143,0.5714285714285714,3,srnet,6798d9b10479e630ab975ce3ce677263648cb2c0be928dbcb284ed3f793705d2
2,famous_le_100m,5,0.7857142857142857,0.7142857142857143,3,srnet,6798d9b10479e630ab975ce3ce677263648cb2c0be928dbcb284ed3f793705d2
2,famous_le_100m,6,0.9285714285714286,0.8571428571428571,3,srnet,6798d9b10479e630ab975ce3ce677263648cb2c0be928dbcb284ed3f793705d2
2,famous_le_100m,7,0.9285714285714286,1.0,3,srnet,6798d9b10479e630ab975ce3ce677263648cb2c0be928dbcb284ed3f793705d2
2,famous_le_100m,8,0.9285714285714286,1.0,3,srnet,6798d9b10479e630ab975ce3ce677263648cb2c0be928dbcb284ed3f793705d2
2,famous_le_100m,9,0.9285714285714286,1.0,3,srnet,6798d9b10479e630ab975ce3ce677263648cb2c0be928dbcb284ed3f793705d2
2,famous_le_100m,10,0.9285714285714286,1.0,3,srnet,6798d9b10479e630ab975ce3ce677263648cb2c0be928dbcb284ed3f793705d2
2,famous_le_100m,11,0.9285714285714286,1.0,3,srnet,6798d9b10479e630ab975ce3ce677263648cb2c0be928dbcb284ed3f793705d2
2,famous_le_100m,12,0.9285714285714286,1.0,3,srnet,6798d9b10479e630ab975ce3ce677263648cb2c0be928dbcb284ed3f793705d2
2,famous_le_100m,13,1.0,1.0,3,srnet,6798d9b10479e630ab975ce3ce677263648cb2c0be928dbcb284ed3f793705d2
2,famous_le_100m,14,1.0,1.0,3,srnet,6798d9b10479e630ab975ce3ce677263648cb2c0be928dbcb284ed3f793705d2
2,famous_le_100m,15,1.0,0.7857142857142857,3,srnet,6798d9b10479e630ab975ce3ce677263648cb2c0be928dbcb284ed3f793705d2
2,famous_le_100m,16,1.0,0.5,3,srnet,6798d9b10479e630ab975ce3ce677263648cb2c0be928dbcb284ed3f793705d2
2,famous_le_100m,17,1.0,0.5,3,srnet,6798d9b10479e630ab975ce3ce677263648cb2c0be928dbcb284ed3f793705d2
2,famous_le_100m,18,1.0,0.6428571428571429,3,srnet,6798d9b10479e630ab975ce3ce677263648cb2c0be928dbcb284ed3f793705d2
2,famous_le_100m,19,1.0,0.5714285714285714,3,srnet,6798d9b10479e630ab975ce3ce677263648cb2c0be928dbcb284ed3f793705d2
2,famous_le_100m,20,1.0,0.35714285714285715,3,srnet,6798d9b10479e630ab975ce3ce677263648cb2c0be928dbcb284ed3f793705d2
2,famous_le_100m,21,1.0,0.2857142857142857,3,srnet,6798d9b10479e630ab975ce3ce677263648cb2c0be928dbcb284ed3f793705d2
2,famous_le_100m,22,1.0,0.14285714285714285,3,srnet,6798d9b10479e630ab975ce3ce677263648cb2c0be928dbcb284ed3f793705d2
2,famous_le_100m,23,1.0,0.07142857142857142,3,srnet,6798d9b10479e630ab975ce3ce677263648cb2c0be928dbcb284ed3f793705d2
3,torch_pretrained_classification,0,0.45,0.475,3,srnet,2fbfd0169a4df91242efc3061d28524a98f9442faa909e56f0d783b74c490768
3,famous_le_10m,0,0.2,0.4,3,srnet,2fbfd0169a4df91242efc3061d28524a98f9442faa909e56f0d783b74c490768
3,famous_le_10m,1,0.8,0.6,3,srnet,2fbfd0169a4df91242efc3061d28524a98f9442faa909e56f0d783b74c490768
3,famous_le_10m,2,0.8,0.6,3,srnet,2fbfd0169a4df91242efc3061d28524a98f9442faa909e56f0d783b74c490768
3,famous_le_10m,3,0.8,0.8,3,srnet,2fbfd0169a4df91242efc3061d28524a98f9442faa909e56f0d783b74c490768
3,famous_le_10m,4,1.0,1.0,3,srnet,2fbfd0169a4df91242efc3061d28524a98f9442faa909e56f0d783b74c490768
3,famous_le_10m,5,1.0,1.0,3,srnet,2fbfd0169a4df91242efc3061d28524a98f9442faa909e56f0d783b74c490768
3,famous_le_10m,6,1.0,1.0,3,srnet,2fbfd0169a4df91242efc3061d28524a98f9442faa909e56f0d783b74c490768
3,famous_le_10m,7,1.0,1.0,3,srnet,2fbfd0169a4df91242efc3061d28524a98f9442faa909e56f0d783b74c490768
3,famous_le_10m,8,1.0,1.0,3,srnet,2fbfd0169a4df91242efc3061d28524a98f9442faa909e56f0d783b74c490768
3,famous_le_10m,9,1.0,1.0,3,srnet,2fbfd0169a4df91242efc3061d28524a98f9442faa909e56f0d783b74c490768
3,famous_le_10m,10,1.0,1.0,3,srnet,2fbfd0169a4df91242efc3061d28524a98f9442faa909e56f0d783b74c490768
3,famous_le_10m,11,1.0,1.0,3,srnet,2fbfd0169a4df91242efc3061d28524a98f9442faa909e56f0d783b74c490768
3,famous_le_10m,12,1.0,1.0,3,srnet,2fbfd0169a4df91242efc3061d28524a98f9442faa909e56f0d783b74c490768
3,famous_le_10m,13,1.0,1.0,3,srnet,2fbfd0169a4df91242efc3061d28524a98f9442faa909e56f0d783b74c490768
3,famous_le_10m,14,1.0,1.0,3,srnet,2fbfd0169a4df91242efc3061d28524a98f9442faa909e56f0d783b74c490768
3,famous_le_10m,15,1.0,1.0,3,srnet,2fbfd0169a4df91242efc3061d28524a98f9442faa909e56f0d783b74c490768
3,famous_le_10m,16,1.0,1.0,3,srnet,2fbfd0169a4df91242efc3061d28524a98f9442faa909e56f0d783b74c490768
3,famous_le_10m,17,1.0,1.0,3,srnet,2fbfd0169a4df91242efc3061d28524a98f9442faa909e56f0d783b74c490768
3,famous_le_10m,18,1.0,1.0,3,srnet,2fbfd0169a4df91242efc3061d28524a98f9442faa909e56f0d783b74c490768
3,famous_le_10m,19,1.0,1.0,3,srnet,2fbfd0169a4df91242efc3061d28524a98f9442faa909e56f0d783b74c490768
3,famous_le_10m,20,1.0,1.0,3,srnet,2fbfd0169a4df91242efc3061d28524a98f9442faa909e56f0d783b74c490768
3,famous_le_10m,21,1.0,1.0,3,srnet,2fbfd0169a4df91242efc3061d28524a98f9442faa909e56f0d783b74c490768
3,famous_le_10m,22,1.0,1.0,3,srnet,2fbfd0169a4df91242efc3061d28524a98f9442faa909e56f0d783b74c490768
3,famous_le_10m,23,1.0,1.0,3,srnet,2fbfd0169a4df91242efc3061d28524a98f9442faa909e56f0d783b74c490768
3,famous_le_100m,0,0.5,0.5,3,srnet,2fbfd0169a4df91242efc3061d28524a98f9442faa909e56f0d783b74c490768
3,famous_le_100m,1,0.5,0.5,3,srnet,2fbfd0169a4df91242efc3061d28524a98f9442faa909e56f0d783b74c490768
3,famous_le_100m,2,0.5,0.5,3,srnet,2fbfd0169a4df91242efc3061d28524a98f9442faa909e56f0d783b74c490768
3,famous_le_100m,3,0.5,0.5,3,srnet,2fbfd0169a4df91242efc3061d28524a98f9442faa909e56f0d783b74c490768
3,famous_le_100m,4,0.7142857142857143,0.7142857142857143,3,srnet,2fbfd0169a4df91242efc3061d28524a98f9442faa909e56f0d783b74c490768
3,famous_le_100m,5,0.7857142857142857,0.7857142857142857,3,srnet,2fbfd0169a4df91242efc3061d28524a98f9442faa909e56f0d783b74c490768
3,famous_le_100m,6,0.9285714285714286,0.9285714285714286,3,srnet,2fbfd0169a4df91242efc3061d28524a98f9442faa909e56f0d783b74c490768
3,famous_le_100m,7,0.9285714285714286,1.0,3,srnet,2fbfd0169a4df91242efc3061d28524a98f9442faa909e56f0d783b74c490768
3,famous_le_100m,8,0.9285714285714286,1.0,3,srnet,2fbfd0169a4df91242efc3061d28524a98f9442faa909e56f0d783b74c490768
3,famous_le_100m,9,0.9285714285714286,1.0,3,srnet,2fbfd0169a4df91242efc3061d28524a98f9442faa909e56f0d783b74c490768
3,famous_le_100m,10,0.9285714285714286,1.0,3,srnet,2fbfd0169a4df91242efc3061d28524a98f9442faa909e56f0d783b74c490768
3,famous_le_100m,11,0.9285714285714286,1.0,3,srnet,2fbfd0169a4df91242efc3061d28524a98f9442faa909e56f0d783b74c490768
3,famous_le_100m,12,0.9285714285714286,1.0,3,srnet,2fbfd0169a4df91242efc3061d28524a98f9442faa909e56f0d783b74c490768
3,famous_le_100m,13,1.0,1.0,3,srnet,2fbfd0169a4df91242efc3061d28524a98f9442faa909e56f0d783b74c490768
3,famous_le_100m,14,1.0,1.0,3,srnet,2fbfd0169a4df91242efc3061d28524a98f9442faa909e56f0d783b74c490768
3,famous_le_100m,15,1.0,1.0,3,srnet,2fbfd0169a4df91242efc3061d28524a98f9442faa909e56f0d783b74c490768
3,famous_le_100m,16,1.0,1.0,3,srnet,2fbfd0169a4df91242efc3061d28524a98f9442faa909e56f0d783b74c490768
3,famous_le_100m,17,1.0,1.0,3,srnet,2fbfd0169a4df91242efc3061d28524a98f9442faa909e56f0d783b74c490768
3,famous_le_100m,18,1.0,1.0,3,srnet,2fbfd0169a4df91242efc3061d28524a98f9442faa909e56f0d783b74c490768
3,famous_le_100m,19,1.0,1.0,3,srnet,2fbfd0169a4df91242efc3061d28524a98f9442faa909e56f0d783b74c490768
3,famous_le_100m,20,1.0,1.0,3,srnet,2fbfd0169a4df91242efc3061d28524a98f9442faa909e56f0d783b74c490768
3,famous_le_100m,21,1.0,1.0,3,srnet,2fbfd0169a4df91242efc3061d28524a98f9442faa909e56f0d783b74c490768
3,famous_le_100m,22,1.0,1.0,3,srnet,2fbfd0169a4df91242efc3061d28524a98f9442faa909e56f0d783b74c490768
3,famous_le_100m,23,1.0,1.0,3,srnet,2fbfd0169a4df91242efc3061d28524a98f9442faa909e56f0d783b74c490768
4,torch_pretrained_classification,0,0.4375,0.3875,3,srnet,fd117d94373e0ccdce5c447fe4fb54381185f8f7a3436f09701c9b3719b5322a
4,famous_le_10m,0,0.6,0.4,3,srnet,fd117d94373e0ccdce5c447fe4fb54381185f8f7a3436f09701c9b3719b5322a
4,famous_le_10m,1,0.4,0.6,3,srnet,fd117d94373e0ccdce5c447fe4fb54381185f8f7a3436f09701c9b3719b5322a
4,famous_le_10m,2,0.4,0.8,3,srnet,fd117d94373e0ccdce5c447fe4fb54381185f8f7a3436f09701c9b3719b5322a
4,famous_le_10m,3,0.8,0.8,3,srnet,fd117d94373e0ccdce5c447fe4fb54381185f8f7a3436f09701c9b3719b5322a
4,famous_le_10m,4,0.8,0.8,3,srnet,fd117d94373e0ccdce5c447fe4fb54381185f8f7a3436f09701c9b3719b5322a
4,famous_le_10m,5,1.0,0.6,3,srnet,fd117d94373e0ccdce5c447fe4fb54381185f8f7a3436f09701c9b3719b5322a
4,famous_le_10m,6,1.0,0.4,3,srnet,fd117d94373e0ccdce5c447fe4fb54381185f8f7a3436f09701c9b3719b5322a
4,famous_le_10m,7,1.0,0.2,3,srnet,fd117d94373e0ccdce5c447fe4fb54381185f8f7a3436f09701c9b3719b5322a
4,famous_le_10m,8,1.0,0.0,3,srnet,fd117d94373e0ccdce5c447fe4fb54381185f8f7a3436f09701c9b3719b5322a
4,famous_le_10m,9,1.0,0.0,3,srnet,fd117d94373e0ccdce5c447fe4fb54381185f8f7a3436f09701c9b3719b5322a
4,famous_le_10m,10,1.0,0.2,3,srnet,fd117d94373e0ccdce5c447fe4fb54381185f8f7a3436f09701c9b3719b5322a
4,famous_le_10m,11,1.0,0.2,3,srnet,fd117d94373e0ccdce5c447fe4fb54381185f8f7a3436f09701c9b3719b5322a
4,famous_le_10m,12,1.0,0.0,3,srnet,fd117d94373e0ccdce5c447fe4fb54381185f8f7a3436f09701c9b3719b5322a
4,famous_le_10m,13,1.0,0.4,3,srnet,fd117d94373e0ccdce5c447fe4fb54381185f8f7a3436f09701c9b3719b5322a
4,famous_le_10m,14,1.0,0.0,3,srnet,fd117d94373e0ccdce5c447fe4fb54381185f8f7a3436f09701c9b3719b5322a
4,famous_le_10m,15,1.0,0.0,3,srnet,fd117d94373e0ccdce5c447fe4fb54381185f8f7a3436f09701c9b3719b5322a
4,famous_le_10m,16,1.0,0.0,3,srnet,fd117d94373e0ccdce5c447fe4fb54381185f8f7a3436f09701c9b3719b5322a
4,famous_le_10m,17,1.0,0.0,3,srnet,fd117d94373e0ccdce5c447fe4fb54381185f8f7a3436f09701c9b3719b5322a
4,famous_le_10m,18,1.0,0.2,3,srnet,fd117d94373e0ccdce5c447fe4fb54381185f8f7a3436f09701c9b3719b5322a
4,famous_le_10m,19,1.0,0.0,3,srnet,fd117d94373e0ccdce5c447fe4fb54381185f8f7a3436f09701c9b3719b5322a
4,famous_le_10m,20,1.0,0.0,3,srnet,fd117d94373e0ccdce5c447fe4fb54381185f8f7a3436f09701c9b3719b5322a
4,famous_le_10m,21,1.0,0.0,3,srnet,fd117d94373e0ccdce5c447fe4fb54381185f8f7a3436f09701c9b3719b5322a
4,famous_le_10m,22,1.0,0.0,3,srnet,fd117d94373e0ccdce5c447fe4fb54381185f8f7a3436f09701c9b3719b5322a
4,famous_le_10m,23,1.0,0.2,3,srnet,fd117d94373e0ccdce5c447fe4fb54381185f8f7a3436f09701c9b3719b5322a
4,famous_le_100m,0,0.35714285714285715,0.35714285714285715,3,srnet,fd117d94373e0ccdce5c447fe4fb54381185f8f7a3436f09701c9b3719b5322a
4,famous_le_100m,1,0.6428571428571429,0.6428571428571429,3,srnet,fd117d94373e0ccdce5c447fe4fb54381185f8f7a3436f09701c9b3719b5322a
4,famous_le_100m,2,0.6428571428571429,0.6428571428571429,3,srnet,fd117d94373e0ccdce5c447fe4fb54381185f8f7a3436f09701c9b3719b5322a
4,famous_le_100m,3,0.6428571428571429,0.7142857142857143,3,srnet,fd117d94373e0ccdce5c447fe4fb54381185f8f7a3436f09701c9b3719b5322a
4,famous_le_100m,4,0.7142857142857143,0.7142857142857143,3,srnet,fd117d94373e0ccdce5c447fe4fb54381185f8f7a3436f09701c9b3719b5322a
4,famous_le_100m,5,0.9285714285714286,0.5714285714285714,3,srnet,fd117d94373e0ccdce5c447fe4fb54381185f8f7a3436f09701c9b3719b5322a
4,famous_le_100m,6,1.0,0.35714285714285715,3,srnet,fd117d94373e0ccdce5c447fe4fb54381185f8f7a3436f09701c9b3719b5322a
4,famous_le_100m,7,1.0,0.21428571428571427,3,srnet,fd117d94373e0ccdce5c447fe4fb54381185f8f7a3436f09701c9b3719b5322a
4,famous_le_100m,8,1.0,0.14285714285714285,3,srnet,fd117d94373e0ccdce5c447fe4fb54381185f8f7a3436f09701c9b3719b5322a
4,famous_le_100m,9,0.9285714285714286,0.14285714285714285,3,srnet,fd117d94373e0ccdce5c447fe4fb54381185f8f7a3436f09701c9b3719b5322a
4,famous_le_100m,10,0.9285714285714286,0.07142857142857142,3,srnet,fd117d94373e0ccdce5c447fe4fb54381185f8f7a3436f09701c9b3719b5322a
4,famous_le_100m,11,0.9285714285714286,0.07142857142857142,3,srnet,fd117d94373e0ccdce5c447fe4fb54381185f8f7a3436f09701c9b3719b5322a
4,famous_le_100m,12,0.9285714285714286,0.07142857142857142,3,srnet,fd117d94373e0ccdce5c447fe4fb54381185f8f7a3436f09701c9b3719b5322a
4,famous_le_100m,13,1.0,0.07142857142857142,3,srnet,fd117d94373e0ccdce5c447fe4fb54381185f8f7a3436f09701c9b3719b5322a
4,famous_le_100m,14,1.0,0.0,3,srnet,fd117d94373e0ccdce5c447fe4fb54381185f8f7a3436f09701c9b3719b5322a
4,famous_le_100m,15,1.0,0.0,3,srnet,fd117d94373e0ccdce5c447fe4fb54381185f8f7a3436f09701c9b3719b5322a
4,famous_le_100m,16,1.0,0.0,3,srnet,fd117d94373e0ccdce5c447fe4fb54381185f8f7a3436f09701c9b3719b5322a
4,famous_le_100m,17,1.0,0.0,3,srnet,fd117d94373e0ccdce5c447fe4fb54381185f8f7a3436f09701c9b3719b5322a
4,famous_le_100m,18,1.0,0.0,3,srnet,fd117d94373e0ccdce5c447fe4fb54381185f8f7a3436f09701c9b3719b5322a
4,famous_le_100m,19,1.0,0.0,3,srnet,fd117d94373e0ccdce5c447fe4fb54381185f8f7a3436f09701c9b3719b5322a
4,famous_le_100m,20,1.0,0.0,3,srnet,fd117d94373e0ccdce5c447fe4fb54381185f8f7a3436f09701c9b3719b5322a
4,famous_le_100m,21,1.0,0.0,3,srnet,fd117d94373e0ccdce5c447fe4fb54381185f8f7a3436f09701c9b3719b5322a
4,famous_le_100m,22,1.0,0.0,3,srnet,fd117d94373e0ccdce5c447fe4fb54381185f8f7a3436f09701c9b3719b5322a
4,famous_le_100m,23,1.0,0.0,3,srnet,fd117d94373e0ccdce5c447fe4fb54381185f8f7a3436f09701c9b3719b5322a
0,torch_pretrained_classification,0,0.5125,0.4625,4,srnet,4aa39b750b25e36da3cfd991e8bd34580c12dde28b30809d532ed29e991d1143
0,famous_le_10m,0,0.4,0.2,4,srnet,4aa39b750b25e36da3cfd991e8bd34580c12dde28b30809d532ed29e991d1143
0,famous_le_10m,1,0.8,0.8,4,srnet,4aa39b750b25e36da3cfd991e8bd34580c12dde28b30809d532ed29e991d1143
0,famous_le_10m,2,0.8,1.0,4,srnet,4aa39b750b25e36da3cfd991e8bd34580c12dde28b30809d532ed29e991d1143
0,famous_le_10m,3,1.0,1.0,4,srnet,4aa39b750b25e36da3cfd991e8bd34580c12dde28b30809d532ed29e991d1143
0,famous_le_10m,4,1.0,1.0,4,srnet,4aa39b750b25e36da3cfd991e8bd34580c12dde28b30809d532ed29e991d1143
0,famous_le_10m,5,1.0,1.0,4,srnet,4aa39b750b25e36da3cfd991e8bd34580c12dde28b30809d532ed29e991d1143
0,famous_le_10m,6,1.0,1.0,4,srnet,4aa39b750b25e36da3cfd991e8bd34580c12dde28b30809d532ed29e991d1143
0,famous_le_10m,7,1.0,1.0,4,srnet,4aa39b750b25e36da3cfd991e8bd34580c12dde28b30809d532ed29e991d1143
0,famous_le_10m,8,1.0,1.0,4,srnet,4aa39b750b25e36da3cfd991e8bd34580c12dde28b30809d532ed29e991d1143
0,famous_le_10m,9,1.0,1.0,4,srnet,4aa39b750b25e36da3cfd991e8bd34580c12dde28b30809d532ed29e991d1143
0,famous_le_10m,10,1.0,1.0,4,srnet,4aa39b750b25e36da3cfd991e8bd34580c12dde28b30809d532ed29e991d1143
0,famous_le_10m,11,1.0,1.0,4,srnet,4aa39b750b25e36da3cfd991e8bd34580c12dde28b30809d532ed29e991d1143
0,famous_le_10m,12,1.0,1.0,4,srnet,4aa39b750b25e36da3cfd991e8bd34580c12dde28b30809d532ed29e991d1143
0,famous_le_10m,13,1.0,1.0,4,srnet,4aa39b750b25e36da3cfd991e8bd34580c12dde28b30809d532ed29e991d1143
0,famous_le_10m,14,1.0,1.0,4,srnet,4aa39b750b25e36da3cfd991e8bd34580c12dde28b30809d532ed29e991d1143
0,famous_le_10m,15,1.0,1.0,4,srnet,4aa39b750b25e36da3cfd991e8bd34580c12dde28b30809d532ed29e991d1143
0,famous_le_10m,16,1.0,1.0,4,srnet,4aa39b750b25e36da3cfd991e8bd34580c12dde28b30809d532ed29e991d1143
0,famous_le_10m,17,1.0,1.0,4,srnet,4aa39b750b25e36da3cfd991e8bd34580c12dde28b30809d532ed29e991d1143
0,famous_le_10m,18,1.0,1.0,4,srnet,4aa39b750b25e36da3cfd991e8bd34580c12dde28b30809d532ed29e991d1143
0,famous_le_10m,19,1.0,1.0,4,srnet,4aa39b750b25e36da3cfd991e8bd34580c12dde28b30809d532ed29e991d1143
0,famous_le_10m,20,1.0,1.0,4,srnet,4aa39b750b25e36da3cfd991e8bd34580c12dde28b30809d532ed29e991d1143
0,famous_le_10m,21,1.0,1.0,4,srnet,4aa39b750b25e36da3cfd991e8bd34580c12dde28b30809d532ed29e991d1143
0,famous_le_10m,22,1.0,1.0,4,srnet,4aa39b750b25e36da3cfd991e8bd34580c12dde28b30809d532ed29e991d1143
0,famous_le_10m,23,1.0,1.0,4,srnet,4aa39b750b25e36da3cfd991e8bd34580c12dde28b30809d532ed29e991d1143
0,famous_le_100m,0,0.5714285714285714,0.5714285714285714,4,srnet,4aa39b750b25e36da3cfd991e8bd34580c12dde28b30809d532ed29e991d1143
0,famous_le_100m,1,0.42857142857142855,0.42857142857142855,4,srnet,4aa39b750b25e36da3cfd991e8bd34580c12dde28b30809d532ed29e991d1143
0,famous_le_100m,2,0.42857142857142855,0.42857142857142855,4,srnet,4aa39b750b25e36da3cfd991e8bd34580c12dde28b30809d532ed29e991d1143
0,famous_le_100m,3,0.5,0.5,4,srnet,4aa39b750b25e36da3cfd991e8bd34580c12dde28b30809d532ed29e991d1143
0,famous_le_100m,4,0.6428571428571429,0.6428571428571429,4,srnet,4aa39b750b25e36da3cfd991e8bd34580c12dde28b30809d532ed29e991d1143
0,famous_le_100m,5,0.7857142857142857,0.7857142857142857,4,srnet,4aa39b750b25e36da3cfd991e8bd34580c12dde28b30809d532ed29e991d1143
0,famous_le_100m,6,0.9285714285714286,0.9285714285714286,4,srnet,4aa39b750b25e36da3cfd991e8bd34580c12dde28b30809d532ed29e991d1143
0,famous_le_100m,7,0.9285714285714286,1.0,4,srnet,4aa39b750b25e36da3cfd991e8bd34580c12dde28b30809d532ed29e991d1143
0,famous_le_100m,8,0.9285714285714286,1.0,4,srnet,4aa39b750b25e36da3cfd991e8bd34580c12dde28b30809d532ed29e991d1143
0,famous_le_100m,9,0.9285714285714286,1.0,4,srnet,4aa39b750b25e36da3cfd991e8bd34580c12dde28b30809d532ed29e991d1143
0,famous_le_100m,10,0.9285714285714286,0.9285714285714286,4,srnet,4aa39b750b25e36da3cfd991e8bd34580c12dde28b30809d532ed29e991d1143
0,famous_le_100m,11,0.9285714285714286,0.9285714285714286,4,srnet,4aa39b750b25e36da3cfd991e8bd34580c12dde28b30809d532ed29e991d1143
0,famous_le_100m,12,0.9285714285714286,1.0,4,srnet,4aa39b750b25e36da3cfd991e8bd34580c12dde28b30809d532ed29e991d1143
0,famous_le_100m,13,1.0,1.0,4,srnet,4aa39b750b25e36da3cfd991e8bd34580c12dde28b30809d532ed29e991d1143
0,famous_le_100m,14,1.0,1.0,4,srnet,4aa39b750b25e36da3cfd991e8bd34580c12dde28b30809d532ed29e991d1143
0,famous_le_100m,15,1.0,1.0,4,srnet,4aa39b750b25e36da3cfd991e8bd34580c12dde28b30809d532ed29e991d1143
0,famous_le_100m,16,1.0,1.0,4,srnet,4aa39b750b25e36da3cfd991e8bd34580c12dde28b30809d532ed29e991d1143
0,famous_le_100m,17,1.0,1.0,4,srnet,4aa39b750b25e36da3cfd991e8bd34580c12dde28b30809d532ed29e991d1143
0,famous_le_100m,18,1.0,1.0,4,srnet,4aa39b750b25e36da3cfd991e8bd34580c12dde28b30809d532ed29e991d1143
0,famous_le_100m,19,1.0,1.0,4,srnet,4aa39b750b25e36da3cfd991e8bd34580c12dde28b30809d532ed29e991d1143
0,famous_le_100m,20,1.0,1.0,4,srnet,4aa39b750b25e36da3cfd991e8bd34580c12dde28b30809d532ed29e991d1143
0,famous_le_100m,21,1.0,1.0,4,srnet,4aa39b750b25e36da3cfd991e8bd34580c12dde28b30809d532ed29e991d1143
0,famous_le_100m,22,1.0,1.0,4,srnet,4aa39b750b25e36da3cfd991e8bd34580c12dde28b30809d532ed29e991d1143
0,famous_le_100m,23,1.0,1.0,4,srnet,4aa39b750b25e36da3cfd991e8bd34580c12dde28b30809d532ed29e991d1143
1,torch_pretrained_classification,0,0.525,0.5875,4,srnet,705f961eadea033b09de7022f257cd0b596ab915f3b38d70686c10e3a13f2de0
1,famous_le_10m,0,0.4,0.4,4,srnet,705f961eadea033b09de7022f257cd0b596ab915f3b38d70686c10e3a13f2de0
1,famous_le_10m,1,0.6,0.6,4,srnet,705f961eadea033b09de7022f257cd0b596ab915f3b38d70686c10e3a13f2de0
1,famous_le_10m,2,0.8,0.8,4,srnet,705f961eadea033b09de7022f257cd0b596ab915f3b38d70686c10e3a13f2de0
1,famous_le_10m,3,1.0,1.0,4,srnet,705f961eadea033b09de7022f257cd0b596ab915f3b38d70686c10e3a13f2de0
1,famous_le_10m,4,1.0,1.0,4,srnet,705f961eadea033b09de7022f257cd0b596ab915f3b38d70686c10e3a13f2de0
1,famous_le_10m,5,1.0,1.0,4,srnet,705f961eadea033b09de7022f257cd0b596ab915f3b38d70686c10e3a13f2de0
1,famous_le_10m,6,1.0,1.0,4,srnet,705f961eadea033b09de7022f257cd0b596ab915f3b38d70686c10e3a13f2de0
1,famous_le_10m,7,1.0,1.0,4,srnet,705f961eadea033b09de7022f257cd0b596ab915f3b38d70686c10e3a13f2de0
1,famous_le_10m,8,1.0,1.0,4,srnet,705f961eadea033b09de7022f257cd0b596ab915f3b38d70686c10e3a13f2de0
1,famous_le_10m,9,1.0,1.0,4,srnet,705f961eadea033b09de7022f257cd0b596ab915f3b38d70686c10e3a13f2de0
1,famous_le_10m,10,1.0,1.0,4,srnet,705f961eadea033b09de7022f257cd0b596ab915f3b38d70686c10e3a13f2de0
1,famous_le_10m,11,1.0,1.0,4,srnet,705f961eadea033b09de7022f257cd0b596ab915f3b38d70686c10e3a13f2de0
1,famous_le_10m,12,1.0,1.0,4,srnet,705f961eadea033b09de7022f257cd0b596ab915f3b38d70686c10e3a13f2de0
1,famous_le_10m,13,1.0,1.0,4,srnet,705f961eadea033b09de7022f257cd0b596ab915f3b38d70686c10e3a13f2de0
1,famous_le_10m,14,1.0,1.0,4,srnet,705f961eadea033b09de7022f257cd0b596ab915f3b38d70686c10e3a13f2de0
1,famous_le_10m,15,1.0,1.0,4,srnet,705f961eadea033b09de7022f257cd0b596ab915f3b38d70686c10e3a13f2de0
1,famous_le_10m,16,1.0,1.0,4,srnet,705f961eadea033b09de7022f257cd0b596ab915f3b38d70686c10e3a13f2de0
1,famous_le_10m,17,1.0,1.0,4,srnet,705f961eadea033b09de7022f257cd0b596ab915f3b38d70686c10e3a13f2de0
1,famous_le_10m,18,1.0,1.0,4,srnet,705f961eadea033b09de7022f257cd0b596ab915f3b38d70686c10e3a13f2de0
1,famous_le_10m,19,1.0,1.0,4,srnet,705f961eadea033b09de7022f257cd0b596ab915f3b38d70686c10e3a13f2de0
1,famous_le_10m,20,1.0,1.0,4,srnet,705f961eadea033b09de7022f257cd0b596ab915f3b38d70686c10e3a13f2de0
1,famous_le_10m,21,1.0,1.0,4,srnet,705f961eadea033b09de7022f257cd0b596ab915f3b38d70686c10e3a13f2de0
1,famous_le_10m,22,1.0,1.0,4,srnet,705f961eadea033b09de7022f257cd0b596ab915f3b38d70686c10e3a13f2de0
1,famous_le_10m,23,1.0,1.0,4,srnet,705f961eadea033b09de7022f257cd0b596ab915f3b38d70686c10e3a13f2de0
1,famous_le_100m,0,0.5714285714285714,0.6428571428571429,4,srnet,705f961eadea033b09de7022f257cd0b596ab915f3b38d70686c10e3a13f2de0
1,famous_le_100m,1,0.42857142857142855,0.35714285714285715,4,srnet,705f961eadea033b09de7022f257cd0b596ab915f3b38d70686c10e3a13f2de0
1,famous_le_100m,2,0.42857142857142855,0.35714285714285715,4,srnet,705f961eadea033b09de7022f257cd0b596ab915f3b38d70686c10e3a13f2de0
1,famous_le_100m,3,0.5,0.42857142857142855,4,srnet,705f961eadea033b09de7022f257cd0b596ab915f3b38d70686c10e3a13f2de0
1,famous_le_100m,4,0.6428571428571429,0.5714285714285714,4,srnet,705f961eadea033b09de7022f257cd0b596ab915f3b38d70686c10e3a13f2de0
1,famous_le_100m,5,0.7857142857142857,0.7142857142857143,4,srnet,705f961eadea033b09de7022f257cd0b596ab915f3b38d70686c10e3a13f2de0
1,famous_le_100m,6,0.8571428571428571,0.9285714285714286,4,srnet,705f961eadea033b09de7022f257cd0b596ab915f3b38d70686c10e3a13f2de0
1,famous_le_100m,7,0.9285714285714286,1.0,4,srnet,705f961eadea033b09de7022f257cd0b596ab915f3b38d70686c10e3a13f2de0
1,famous_le_100m,8,0.9285714285714286,1.0,4,srnet,705f961eadea033b09de7022f257cd0b596ab915f3b38d70686c10e3a13f2de0
1,famous_le_100m,9,0.9285714285714286,1.0,4,srnet,705f961eadea033b09de7022f257cd0b596ab915f3b38d70686c10e3a13f2de0
1,famous_le_100m,10,0.9285714285714286,1.0,4,srnet,705f961eadea033b09de7022f257cd0b596ab915f3b38d70686c10e3a13f2de0
1,famous_le_100m,11,0.9285714285714286,1.0,4,srnet,705f961eadea033b09de7022f257cd0b596ab915f3b38d70686c10e3a13f2de0
1,famous_le_100m,12,0.9285714285714286,1.0,4,srnet,705f961eadea033b09de7022f257cd0b596ab915f3b38d70686c10e3a13f2de0
1,famous_le_100m,13,1.0,1.0,4,srnet,705f961eadea033b09de7022f257cd0b596ab915f3b38d70686c10e3a13f2de0
1,famous_le_100m,14,1.0,1.0,4,srnet,705f961eadea033b09de7022f257cd0b596ab915f3b38d70686c10e3a13f2de0
1,famous_le_100m,15,1.0,1.0,4,srnet,705f961eadea033b09de7022f257cd0b596ab915f3b38d70686c10e3a13f2de0
1,famous_le_100m,16,1.0,1.0,4,srnet,705f961eadea033b09de7022f257cd0b596ab915f3b38d70686c10e3a13f2de0
1,famous_le_100m,17,1.0,1.0,4,srnet,705f961eadea033b09de7022f257cd0b596ab915f3b38d70686c10e3a13f2de0
1,famous_le_100m,18,1.0,1.0,4,srnet,705f961eadea033b09de7022f257cd0b596ab915f3b38d70686c10e3a13f2de0
1,famous_le_100m,19,1.0,1.0,4,srnet,705f961eadea033b09de7022f257cd0b596ab915f3b38d70686c10e3a13f2de0
1,famous_le_100m,20,1.0,1.0,4,srnet,705f961eadea033b09de7022f257cd0b596ab915f3b38d70686c10e3a13f2de0
1,famous_le_100m,21,1.0,1.0,4,srnet,705f961eadea033b09de7022f257cd0b596ab915f3b38d70686c10e3a13f2de0
1,famous_le_100m,22,1.0,1.0,4,srnet,705f961eadea033b09de7022f257cd0b596ab915f3b38d70686c10e3a13f2de0
1,famous_le_100m,23,1.0,1.0,4,srnet,705f961eadea033b09de7022f257cd0b596ab915f3b38d70686c10e3a13f2de0
2,torch_pretrained_classification,0,0.475,0.3625,4,srnet,d17e9c8dfe4a6c7af51e663058f83eb7d88778569b3e297bde69a17e271163a8
2,famous_le_10m,0,0.2,0.2,4,srnet,d17e9c8dfe4a6c7af51e663058f83eb7d88778569b3e297bde69a17e271163a8
2,famous_le_10m,1,0.8,1.0,4,srnet,d17e9c8dfe4a6c7af51e663058f83eb7d88778569b3e297bde69a17e271163a8
2,famous_le_10m,2,1.0,1.0,4,srnet,d17e9c8dfe4a6c7af51e663058f83eb7d88778569b3e297bde69a17e271163a8
2,famous_le_10m,3,1.0,1.0,4,srnet,d17e9c8dfe4a6c7af51e663058f83eb7d88778569b3e297bde69a17e271163a8
2,famous_le_10m,4,1.0,1.0,4,srnet,d17e9c8dfe4a6c7af51e663058f83eb7d88778569b3e297bde69a17e271163a8
2,famous_le_10m,5,1.0,1.0,4,srnet,d17e9c8dfe4a6c7af51e663058f83eb7d88778569b3e297bde69a17e271163a8
2,famous_le_10m,6,1.0,1.0,4,srnet,d17e9c8dfe4a6c7af51e663058f83eb7d88778569b3e297bde69a17e271163a8
2,famous_le_10m,7,1.0,1.0,4,srnet,d17e9c8dfe4a6c7af51e663058f83eb7d88778569b3e297bde69a17e271163a8
2,famous_le_10m,8,1.0,1.0,4,srnet,d17e9c8dfe4a6c7af51e663058f83eb7d88778569b3e297bde69a17e271163a8
2,famous_le_10m,9,1.0,1.0,4,srnet,d17e9c8dfe4a6c7af51e663058f83eb7d88778569b3e297bde69a17e271163a8
2,famous_le_10m,10,1.0,1.0,4,srnet,d17e9c8dfe4a6c7af51e663058f83eb7d88778569b3e297bde69a17e271163a8
2,famous_le_10m,11,1.0,1.0,4,srnet,d17e9c8dfe4a6c7af51e663058f83eb7d88778569b3e297bde69a17e271163a8
2,famous_le_10m,12,1.0,1.0,4,srnet,d17e9c8dfe4a6c7af51e663058f83eb7d88778569b3e297bde69a17e271163a8
2,famous_le_10m,13,1.0,1.0,4,srnet,d17e9c8dfe4a6c7af51e663058f83eb7d88778569b3e297bde69a17e271163a8
2,famous_le_10m,14,1.0,1.0,4,srnet,d17e9c8dfe4a6c7af51e663058f83eb7d88778569b3e297bde69a17e271163a8
2,famous_le_10m,15,1.0,1.0,4,srnet,d17e9c8dfe4a6c7af51e663058f83eb7d88778569b3e297bde69a17e271163a8
2,famous_le_10m,16,1.0,1.0,4,srnet,d17e9c8dfe4a6c7af51e663058f83eb7d88778569b3e297bde69a17e271163a8
2,famous_le_10m,17,1.0,1.0,4,srnet,d17e9c8dfe4a6c7af51e663058f83eb7d88778569b3e297bde69a17e271163a8
2,famous_le_10m,18,1.0,1.0,4,srnet,d17e9c8dfe4a6c7af51e663058f83eb7d88778569b3e297bde69a17e271163a8
2,famous_le_10m,19,1.0,1.0,4,srnet,d17e9c8dfe4a6c7af51e663058f83eb7d88778569b3e297bde69a17e271163a8
2,famous_le_10m,20,1.0,1.0,4,srnet,d17e9c8dfe4a6c7af51e663058f83eb7d88778569b3e297bde69a17e271163a8
2,famous_le_10m,21,1.0,1.0,4,srnet,d17e9c8dfe4a6c7af51e663058f83eb7d88778569b3e297bde69a17e271163a8
2,famous_le_10m,22,1.0,1.0,4,srnet,d17e9c8dfe4a6c7af51e663058f83eb7d88778569b3e297bde69a17e271163a8
2,famous_le_10m,23,1.0,1.0,4,srnet,d17e9c8dfe4a6c7af51e663058f83eb7d88778569b3e297bde69a17e271163a8
2,famous_le_100m,0,0.5714285714285714,0.35714285714285715,4,srnet,d17e9c8dfe4a6c7af51e663058f83eb7d88778569b3e297bde69a17e271163a8
2,famous_le_100m,1,0.42857142857142855,0.6428571428571429,4,srnet,d17e9c8dfe4a6c7af51e663058f83eb7d88778569b3e297bde69a17e271163a8
2,famous_le_100m,2,0.42857142857142855,0.6428571428571429,4,srnet,d17e9c8dfe4a6c7af51e663058f83eb7d88778569b3e297bde69a17e271163a8
2,famous_le_100m,3,0.42857142857142855,0.6428571428571429,4,srnet,d17e9c8dfe4a6c7af51e663058f83eb7d88778569b3e297bde69a17e271163a8
2,famous_le_100m,4,0.6428571428571429,0.7142857142857143,4,srnet,d17e9c8dfe4a6c7af51e663058f83eb7d88778569b3e297bde69a17e271163a8
2,famous_le_100m,5,0.7857142857142857,0.8571428571428571,4,srnet,d17e9c8dfe4a6c7af51e663058f83eb7d88778569b3e297bde69a17e271163a8
2,famous_le_100m,6,0.9285714285714286,0.9285714285714286,4,srnet,d17e9c8dfe4a6c7af51e663058f83eb7d88778569b3e297bde69a17e271163a8
2,famous_le_100m,7,1.0,1.0,4,srnet,d17e9c8dfe4a6c7af51e663058f83eb7d88778569b3e297bde69a17e271163a8
2,famous_le_100m,8,1.0,1.0,4,srnet,d17e9c8dfe4a6c7af51e663058f83eb7d88778569b3e297bde69a17e271163a8
2,famous_le_100m,9,1.0,1.0,4,srnet,d17e9c8dfe4a6c7af51e663058f83eb7d88778569b3e297bde69a17e271163a8
2,famous_le_100m,10,1.0,1.0,4,srnet,d17e9c8dfe4a6c7af51e663058f83eb7d88778569b3e297bde69a17e271163a8
2,famous_le_100m,11,1.0,1.0,4,srnet,d17e9c8dfe4a6c7af51e663058f83eb7d88778569b3e297bde69a17e271163a8
2,famous_le_100m,12,1.0,1.0,4,srnet,d17e9c8dfe4a6c7af51e663058f83eb7d88778569b3e297bde69a17e271163a8
2,famous_le_100m,13,1.0,1.0,4,srnet,d17e9c8dfe4a6c7af51e663058f83eb7d88778569b3e297bde69a17e271163a8
2,famous_le_100m,14,1.0,1.0,4,srnet,d17e9c8dfe4a6c7af51e663058f83eb7d88778569b3e297bde69a17e271163a8
2,famous_le_100m,15,1.0,1.0,4,srnet,d17e9c8dfe4a6c7af51e663058f83eb7d88778569b3e297bde69a17e271163a8
2,famous_le_100m,16,1.0,1.0,4,srnet,d17e9c8dfe4a6c7af51e663058f83eb7d88778569b3e297bde69a17e271163a8
2,famous_le_100m,17,1.0,1.0,4,srnet,d17e9c8dfe4a6c7af51e663058f83eb7d88778569b3e297bde69a17e271163a8
2,famous_le_100m,18,1.0,1.0,4,srnet,d17e9c8dfe4a6c7af51e663058f83eb7d88778569b3e297bde69a17e271163a8
2,famous_le_100m,19,1.0,1.0,4,srnet,d17e9c8dfe4a6c7af51e663058f83eb7d88778569b3e297bde69a17e271163a8
2,famous_le_100m,20,1.0,1.0,4,srnet,d17e9c8dfe4a6c7af51e663058f83eb7d88778569b3e297bde69a17e271163a8
2,famous_le_100m,21,1.0,1.0,4,srnet,d17e9c8dfe4a6c7af51e663058f83eb7d88778569b3e297bde69a17e271163a8
2,famous_le_100m,22,1.0,1.0,4,srnet,d17e9c8dfe4a6c7af51e663058f83eb7d88778569b3e297bde69a17e271163a8
2,famous_le_100m,23,1.0,1.0,4,srnet,d17e9c8dfe4a6c7af51e663058f83eb7d88778569b3e297bde69a17e271163a8
3,torch_pretrained_classification,0,0.4875,0.45,4,srnet,7446ce5d7f16d6437ecee9d3101810063e5254dc60b7a1c3422c569a358836fc
3,famous_le_10m,0,0.4,0.2,4,srnet,7446ce5d7f16d6437ecee9d3101810063e5254dc60b7a1c3422c569a358836fc
3,famous_le_10m,1,0.8,0.8,4,srnet,7446ce5d7f16d6437ecee9d3101810063e5254dc60b7a1c3422c569a358836fc
3,famous_le_10m,2,0.8,1.0,4,srnet,7446ce5d7f16d6437ecee9d3101810063e5254dc60b7a1c3422c569a358836fc
3,famous_le_10m,3,1.0,1.0,4,srnet,7446ce5d7f16d6437ecee9d3101810063e5254dc60b7a1c3422c569a358836fc
3,famous_le_10m,4,1.0,1.0,4,srnet,7446ce5d7f16d6437ecee9d3101810063e5254dc60b7a1c3422c569a358836fc
3,famous_le_10m,5,1.0,1.0,4,srnet,7446ce5d7f16d6437ecee9d3101810063e5254dc60b7a1c3422c569a358836fc
3,famous_le_10m,6,1.0,1.0,4,srnet,7446ce5d7f16d6437ecee9d3101810063e5254dc60b7a1c3422c569a358836fc
3,famous_le_10m,7,1.0,1.0,4,srnet,7446ce5d7f16d6437ecee9d3101810063e5254dc60b7a1c3422c569a358836fc
3,famous_le_10m,8,1.0,1.0,4,srnet,7446ce5d7f16d6437ecee9d3101810063e5254dc60b7a1c3422c569a358836fc
3,famous_le_10m,9,1.0,1.0,4,srnet,7446ce5d7f16d6437ecee9d3101810063e5254dc60b7a1c3422c569a358836fc
3,famous_le_10m,10,1.0,1.0,4,srnet,7446ce5d7f16d6437ecee9d3101810063e5254dc60b7a1c3422c569a358836fc
3,famous_le_10m,11,1.0,1.0,4,srnet,7446ce5d7f16d6437ecee9d3101810063e5254dc60b7a1c3422c569a358836fc
3,famous_le_10m,12,1.0,1.0,4,srnet,7446ce5d7f16d6437ecee9d3101810063e5254dc60b7a1c3422c569a358836fc
3,famous_le_10m,13,1.0,1.0,4,srnet,7446ce5d7f16d6437ecee9d3101810063e5254dc60b7a1c3422c569a358836fc
3,famous_le_10m,14,1.0,1.0,4,srnet,7446ce5d7f16d6437ecee9d3101810063e5254dc60b7a1c3422c569a358836fc
3,famous_le_10m,15,1.0,1.0,4,srnet,7446ce5d7f16d6437ecee9d3101810063e5254dc60b7a1c3422c569a358836fc
3,famous_le_10m,16,1.0,1.0,4,srnet,7446ce5d7f16d6437ecee9d3101810063e5254dc60b7a1c3422c569a358836fc
3,famous_le_10m,17,1.0,1.0,4,srnet,7446ce5d7f16d6437ecee9d3101810063e5254dc60b7a1c3422c569a358836fc
3,famous_le_10m,18,1.0,1.0,4,srnet,7446ce5d7f16d6437ecee9d3101810063e5254dc60b7a1c3422c569a358836fc
3,famous_le_10m,19,1.0,1.0,4,srnet,7446ce5d7f16d6437ecee9d3101810063e5254dc60b7a1c3422c569a358836fc
3,famous_le_10m,20,1.0,1.0,4,srnet,7446ce5d7f16d6437ecee9d3101810063e5254dc60b7a1c3422c569a358836fc
3,famous_le_10m,21,1.0,1.0,4,srnet,7446ce5d7f16d6437ecee9d3101810063e5254dc60b7a1c3422c569a358836fc
3,famous_le_10m,22,1.0,1.0,4,srnet,7446ce5d7f16d6437ecee9d3101810063e5254dc60b7a1c3422c569a358836fc
3,famous_le_10m,23,1.0,1.0,4,srnet,7446ce5d7f16d6437ecee9d3101810063e5254dc60b7a1c3422c569a358836fc
3,famous_le_100m,0,0.5714285714285714,0.5714285714285714,4,srnet,7446ce5d7f16d6437ecee9d3101810063e5254dc60b7a1c3422c569a358836fc
3,famous_le_100m,1,0.42857142857142855,0.42857142857142855,4,srnet,7446ce5d7f16d6437ecee9d3101810063e5254dc60b7a1c3422c569a358836fc
3,famous_le_100m,2,0.42857142857142855,0.42857142857142855,4,srnet,7446ce5d7f16d6437ecee9d3101810063e5254dc60b7a1c3422c569a358836fc
3,famous_le_100m,3,0.5,0.42857142857142855,4,srnet,7446ce5d7f16d6437ecee9d3101810063e5254dc60b7a1c3422c569a358836fc
3,famous_le_100m,4,0.6428571428571429,0.6428571428571429,4,srnet,7446ce5d7f16d6437ecee9d3101810063e5254dc60b7a1c3422c569a358836fc
3,famous_le_100m,5,0.7857142857142857,0.7857142857142857,4,srnet,7446ce5d7f16d6437ecee9d3101810063e5254dc60b7a1c3422c569a358836fc
3,famous_le_100m,6,0.9285714285714286,0.9285714285714286,4,srnet,7446ce5d7f16d6437ecee9d3101810063e5254dc60b7a1c3422c569a358836fc
3,famous_le_100m,7,0.9285714285714286,1.0,4,srnet,7446ce5d7f16d6437ecee9d3101810063e5254dc60b7a1c3422c569a358836fc
3,famous_le_100m,8,0.9285714285714286,1.0,4,srnet,7446ce5d7f16d6437ecee9d3101810063e5254dc60b7a1c3422c569a358836fc
3,famous_le_100m,9,0.9285714285714286,1.0,4,srnet,7446ce5d7f16d6437ecee9d3101810063e5254dc60b7a1c3422c569a358836fc
3,famous_le_100m,10,0.9285714285714286,0.9285714285714286,4,srnet,7446ce5d7f16d6437ecee9d3101810063e5254dc60b7a1c3422c569a358836fc
3,famous_le_100m,11,0.9285714285714286,0.9285714285714286,4,srnet,7446ce5d7f16d6437ecee9d3101810063e5254dc60b7a1c3422c569a358836fc
3,famous_le_100m,12,0.9285714285714286,1.0,4,srnet,7446ce5d7f16d6437ecee9d3101810063e5254dc60b7a1c3422c569a358836fc
3,famous_le_100m,13,1.0,1.0,4,srnet,7446ce5d7f16d6437ecee9d3101810063e5254dc60b7a1c3422c569a358836fc
3,famous_le_100m,14,1.0,1.0,4,srnet,7446ce5d7f16d6437ecee9d3101810063e5254dc60b7a1c3422c569a358836fc
3,famous_le_100m,15,1.0,1.0,4,srnet,7446ce5d7f16d6437ecee9d3101810063e5254dc60b7a1c3422c569a358836fc
3,famous_le_100m,16,1.0,1.0,4,srnet,7446ce5d7f16d6437ecee9d3101810063e5254dc60b7a1c3422c569a358836fc
3,famous_le_100m,17,1.0,1.0,4,srnet,7446ce5d7f16d6437ecee9d3101810063e5254dc60b7a1c3422c569a358836fc
3,famous_le_100m,18,1.0,1.0,4,srnet,7446ce5d7f16d6437ecee9d3101810063e5254dc60b7a1c3422c569a358836fc
3,famous_le_100m,19,1.0,1.0,4,srnet,7446ce5d7f16d6437ecee9d3101810063e5254dc60b7a1c3422c569a358836fc
3,famous_le_100m,20,1.0,1.0,4,srnet,7446ce5d7f16d6437ecee9d3101810063e5254dc60b7a1c3422c569a358836fc
3,famous_le_100m,21,1.0,1.0,4,srnet,7446ce5d7f16d6437ecee9d3101810063e5254dc60b7a1c3422c569a358836fc
3,famous_le_100m,22,1.0,1.0,4,srnet,7446ce5d7f16d6437ecee9d3101810063e5254dc60b7a1c3422c569a358836fc
3,famous_le_100m,23,1.0,1.0,4,srnet,7446ce5d7f16d6437ecee9d3101810063e5254dc60b7a1c3422c569a358836fc
4,torch_pretrained_classification,0,0.4875,0.55,4,srnet,833c8d8e4a3e531996f64773d2a6406e122bfbd193240c1fff140c57cc64000a
4,famous_le_10m,0,0.4,0.4,4,srnet,833c8d8e4a3e531996f64773d2a6406e122bfbd193240c1fff140c57cc64000a
4,famous_le_10m,1,0.8,0.6,4,srnet,833c8d8e4a3e531996f64773d2a6406e122bfbd193240c1fff140c57cc64000a
4,famous_le_10m,2,0.8,0.6,4,srnet,833c8d8e4a3e531996f64773d2a6406e122bfbd193240c1fff140c57cc64000a
4,famous_le_10m,3,1.0,1.0,4,srnet,833c8d8e4a3e531996f64773d2a6406e122bfbd193240c1fff140c57cc64000a
4,famous_le_10m,4,1.0,1.0,4,srnet,833c8d8e4a3e531996f64773d2a6406e122bfbd193240c1fff140c57cc64000a
4,famous_le_10m,5,1.0,1.0,4,srnet,833c8d8e4a3e531996f64773d2a6406e122bfbd193240c1fff140c57cc64000a
4,famous_le_10m,6,1.0,1.0,4,srnet,833c8d8e4a3e531996f64773d2a6406e122bfbd193240c1fff140c57cc64000a
4,famous_le_10m,7,1.0,1.0,4,srnet,833c8d8e4a3e531996f64773d2a6406e122bfbd193240c1fff140c57cc64000a
4,famous_le_10m,8,1.0,1.0,4,srnet,833c8d8e4a3e531996f64773d2a6406e122bfbd193240c1fff140c57cc64000a
4,famous_le_10m,9,1.0,1.0,4,srnet,833c8d8e4a3e531996f64773d2a6406e122bfbd193240c1fff140c57cc64000a
4,famous_le_10m,10,1.0,1.0,4,srnet,833c8d8e4a3e531996f64773d2a6406e122bfbd193240c1fff140c57cc64000a
4,famous_le_10m,11,1.0,1.0,4,srnet,833c8d8e4a3e531996f64773d2a6406e122bfbd193240c1fff140c57cc64000a
4,famous_le_10m,12,1.0,1.0,4,srnet,833c8d8e4a3e531996f64773d2a6406e122bfbd193240c1fff140c57cc64000a
4,famous_le_10m,13,1.0,1.0,4,srnet,833c8d8e4a3e531996f64773d2a6406e122bfbd193240c1fff140c57cc64000a
4,famous_le_10m,14,1.0,1.0,4,srnet,833c8d8e4a3e531996f64773d2a6406e122bfbd193240c1fff140c57cc64000a
4,famous_le_10m,15,1.0,1.0,4,srnet,833c8d8e4a3e531996f64773d2a6406e122bfbd193240c1fff140c57cc64000a
4,famous_le_10m,16,1.0,1.0,4,srnet,833c8d8e4a3e531996f64773d2a6406e122bfbd193240c1fff140c57cc64000a
4,famous_le_10m,17,1.0,1.0,4,srnet,833c8d8e4a3e531996f64773d2a6406e122bfbd193240c1fff140c57cc64000a
4,famous_le_10m,18,1.0,1.0,4,srnet,833c8d8e4a3e531996f64773d2a6406e122bfbd193240c1fff140c57cc64000a
4,famous_le_10m,19,1.0,1.0,4,srnet,833c8d8e4a3e531996f64773d2a6406e122bfbd193240c1fff140c57cc64000a
4,famous_le_10m,20,1.0,1.0,4,srnet,833c8d8e4a3e531996f64773d2a6406e122bfbd193240c1fff140c57cc64000a
4,famous_le_10m,21,1.0,1.0,4,srnet,833c8d8e4a3e531996f64773d2a6406e122bfbd193240c1fff140c57cc64000a
4,famous_le_10m,22,1.0,1.0,4,srnet,833c8d8e4a3e531996f64773d2a6406e122bfbd193240c1fff140c57cc64000a
4,famous_le_10m,23,1.0,1.0,4,srnet,833c8d8e4a3e531996f64773d2a6406e122bfbd193240c1fff140c57cc64000a
4,famous_le_100m,0,0.5714285714285714,0.6428571428571429,4,srnet,833c8d8e4a3e531996f64773d2a6406e122bfbd193240c1fff140c57cc64000a
4,famous_le_100m,1,0.42857142857142855,0.35714285714285715,4,srnet,833c8d8e4a3e531996f64773d2a6406e122bfbd193240c1fff140c57cc64000a
4,famous_le_100m,2,0.42857142857142855,0.35714285714285715,4,srnet,833c8d8e4a3e531996f64773d2a6406e122bfbd193240c1fff140c57cc64000a
4,famous_le_100m,3,0.5,0.35714285714285715,4,srnet,833c8d8e4a3e531996f64773d2a6406e122bfbd193240c1fff140c57cc64000a
4,famous_le_100m,4,0.6428571428571429,0.5714285714285714,4,srnet,833c8d8e4a3e531996f64773d2a6406e122bfbd193240c1fff140c57cc64000a
4,famous_le_100m,5,0.7857142857142857,0.7142857142857143,4,srnet,833c8d8e4a3e531996f64773d2a6406e122bfbd193240c1fff140c57cc64000a
4,famous_le_100m,6,0.9285714285714286,0.9285714285714286,4,srnet,833c8d8e4a3e531996f64773d2a6406e122bfbd193240c1fff140c57cc64000a
4,famous_le_100m,7,0.9285714285714286,0.9285714285714286,4,srnet,833c8d8e4a3e531996f64773d2a6406e122bfbd193240c1fff140c57cc64000a
4,famous_le_100m,8,0.9285714285714286,0.9285714285714286,4,srnet,833c8d8e4a3e531996f64773d2a6406e122bfbd193240c1fff140c57cc64000a
4,famous_le_100m,9,0.9285714285714286,0.9285714285714286,4,srnet,833c8d8e4a3e531996f64773d2a6406e122bfbd193240c1fff140c57cc64000a
4,famous_le_100m,10,0.9285714285714286,0.9285714285714286,4,srnet,833c8d8e4a3e531996f64773d2a6406e122bfbd193240c1fff140c57cc64000a
4,famous_le_100m,11,0.9285714285714286,0.9285714285714286,4,srnet,833c8d8e4a3e531996f64773d2a6406e122bfbd193240c1fff140c57cc64000a
4,famous_le_100m,12,0.9285714285714286,0.9285714285714286,4,srnet,833c8d8e4a3e531996f64773d2a6406e122bfbd193240c1fff140c57cc64000a
4,famous_le_100m,13,1.0,1.0,4,srnet,833c8d8e4a3e531996f64773d2a6406e122bfbd193240c1fff140c57cc64000a
4,famous_le_100m,14,1.0,1.0,4,srnet,833c8d8e4a3e531996f64773d2a6406e122bfbd193240c1fff140c57cc64000a
4,famous_le_100m,15,1.0,1.0,4,srnet,833c8d8e4a3e531996f64773d2a6406e122bfbd193240c1fff140c57cc64000a
4,famous_le_100m,16,1.0,1.0,4,srnet,833c8d8e4a3e531996f64773d2a6406e122bfbd193240c1fff140c57cc64000a
4,famous_le_100m,17,1.0,1.0,4,srnet,833c8d8e4a3e531996f64773d2a6406e122bfbd193240c1fff140c57cc64000a
4,famous_le_100m,18,1.0,1.0,4,srnet,833c8d8e4a3e531996f64773d2a6406e122bfbd193240c1fff140c57cc64000a
4,famous_le_100m,19,1.0,1.0,4,srnet,833c8d8e4a3e531996f64773d2a6406e122bfbd193240c1fff140c57cc64000a
4,famous_le_100m,20,1.0,1.0,4,srnet,833c8d8e4a3e531996f64773d2a6406e122bfbd193240c1fff140c57cc64000a
4,famous_le_100m,21,1.0,1.0,4,srnet,833c8d8e4a3e531996f64773d2a6406e122bfbd193240c1fff140c57cc64000a
4,famous_le_100m,22,1.0,1.0,4,srnet,833c8d8e4a3e531996f64773d2a6406e122bfbd193240c1fff140c57cc64000a
4,famous_le_100m,23,1.0,1.0,4,srnet,833c8d8e4a3e531996f64773d2a6406e122bfbd193240c1fff140c57cc64000a
0,torch_pretrained_classification,0,0.6625,0.4875,5,srnet,c2ac5cd6e9b74ef6e28e815109f73aa238ccf10178346984c09ea2aa057c2d5a
0,famous_le_10m,0,0.4,0.2,5,srnet,c2ac5cd6e9b74ef6e28e815109f73aa238ccf10178346984c09ea2aa057c2d5a
0,famous_le_10m,1,0.6,0.8,5,srnet,c2ac5cd6e9b74ef6e28e815109f73aa238ccf10178346984c09ea2aa057c2d5a
0,famous_le_10m,2,0.6,0.8,5,srnet,c2ac5cd6e9b74ef6e28e815109f73aa238ccf10178346984c09ea2aa057c2d5a
0,famous_le_10m,3,0.6,0.8,5,srnet,c2ac5cd6e9b74ef6e28e815109f73aa238ccf10178346984c09ea2aa057c2d5a
0,famous_le_10m,4,1.0,1.0,5,srnet,c2ac5cd6e9b74ef6e28e815109f73aa238ccf10178346984c09ea2aa057c2d5a
0,famous_le_10m,5,1.0,1.0,5,srnet,c2ac5cd6e9b74ef6e28e815109f73aa238ccf10178346984c09ea2aa057c2d5a
0,famous_le_10m,6,1.0,1.0,5,srnet,c2ac5cd6e9b74ef6e28e815109f73aa238ccf10178346984c09ea2aa057c2d5a
0,famous_le_10m,7,1.0,1.0,5,srnet,c2ac5cd6e9b74ef6e28e815109f73aa238ccf10178346984c09ea2aa057c2d5a
0,famous_le_10m,8,1.0,1.0,5,srnet,c2ac5cd6e9b74ef6e28e815109f73aa238ccf10178346984c09ea2aa057c2d5a
0,famous_le_10m,9,1.0,1.0,5,srnet,c2ac5cd6e9b74ef6e28e815109f73aa238ccf10178346984c09ea2aa057c2d5a
0,famous_le_10m,10,1.0,1.0,5,srnet,c2ac5cd6e9b74ef6e28e815109f73aa238ccf10178346984c09ea2aa057c2d5a
0,famous_le_10m,11,1.0,1.0,5,srnet,c2ac5cd6e9b74ef6e28e815109f73aa238ccf10178346984c09ea2aa057c2d5a
0,famous_le_10m,12,1.0,1.0,5,srnet,c2ac5cd6e9b74ef6e28e815109f73aa238ccf10178346984c09ea2aa057c2d5a
0,famous_le_10m,13,1.0,1.0,5,srnet,c2ac5cd6e9b74ef6e28e815109f73aa238ccf10178346984c09ea2aa057c2d5a
0,famous_le_10m,14,1.0,1.0,5,srnet,c2ac5cd6e9b74ef6e28e815109f73aa238ccf10178346984c09ea2aa057c2d5a
0,famous_le_10m,15,1.0,1.0,5,srnet,c2ac5cd6e9b74ef6e28e815109f73aa238ccf10178346984c09ea2aa057c2d5a
0,famous_le_10m,16,1.0,1.0,5,srnet,c2ac5cd6e9b74ef6e28e815109f73aa238ccf10178346984c09ea2aa057c2d5a
0,famous_le_10m,17,1.0,1.0,5,srnet,c2ac5cd6e9b74ef6e28e815109f73aa238ccf10178346984c09ea2aa057c2d5a
0,famous_le_10m,18,1.0,1.0,5,srnet,c2ac5cd6e9b74ef6e28e815109f73aa238ccf10178346984c09ea2aa057c2d5a
0,famous_le_10m,19,1.0,1.0,5,srnet,c2ac5cd6e9b74ef6e28e815109f73aa238ccf10178346984c09ea2aa057c2d5a
0,famous_le_10m,20,1.0,1.0,5,srnet,c2ac5cd6e9b74ef6e28e815109f73aa238ccf10178346984c09ea2aa057c2d5a
0,famous_le_10m,21,1.0,1.0,5,srnet,c2ac5cd6e9b74ef6e28e815109f73aa238ccf10178346984c09ea2aa057c2d5a
0,famous_le_10m,22,1.0,1.0,5,srnet,c2ac5cd6e9b74ef6e28e815109f73aa238ccf10178346984c09ea2aa057c2d5a
0,famous_le_10m,23,1.0,1.0,5,srnet,c2ac5cd6e9b74ef6e28e815109f73aa238ccf10178346984c09ea2aa057c2d5a
0,famous_le_100m,0,0.6428571428571429,0.5714285714285714,5,srnet,c2ac5cd6e9b74ef6e28e815109f73aa238ccf10178346984c09ea2aa057c2d5a
0,famous_le_100m,1,0.35714285714285715,0.42857142857142855,5,srnet,c2ac5cd6e9b74ef6e28e815109f73aa238ccf10178346984c09ea2aa057c2d5a
0,famous_le_100m,2,0.2857142857142857,0.42857142857142855,5,srnet,c2ac5cd6e9b74ef6e28e815109f73aa238ccf10178346984c09ea2aa057c2d5a
0,famous_le_100m,3,0.2857142857142857,0.5,5,srnet,c2ac5cd6e9b74ef6e28e815109f73aa238ccf10178346984c09ea2aa057c2d5a
0,famous_le_100m,4,0.35714285714285715,0.6428571428571429,5,srnet,c2ac5cd6e9b74ef6e28e815109f73aa238ccf10178346984c09ea2aa057c2d5a
0,famous_le_100m,5,0.6428571428571429,0.7857142857142857,5,srnet,c2ac5cd6e9b74ef6e28e815109f73aa238ccf10178346984c09ea2aa057c2d5a
0,famous_le_100m,6,0.7142857142857143,0.9285714285714286,5,srnet,c2ac5cd6e9b74ef6e28e815109f73aa238ccf10178346984c09ea2aa057c2d5a
0,famous_le_100m,7,0.8571428571428571,1.0,5,srnet,c2ac5cd6e9b74ef6e28e815109f73aa238ccf10178346984c09ea2aa057c2d5a
0,famous_le_100m,8,0.8571428571428571,1.0,5,srnet,c2ac5cd6e9b74ef6e28e815109f73aa238ccf10178346984c09ea2aa057c2d5a
0,famous_le_100m,9,0.9285714285714286,1.0,5,srnet,c2ac5cd6e9b74ef6e28e815109f73aa238ccf10178346984c09ea2aa057c2d5a
0,famous_le_100m,10,0.9285714285714286,1.0,5,srnet,c2ac5cd6e9b74ef6e28e815109f73aa238ccf10178346984c09ea2aa057c2d5a
0,famous_le_100m,11,0.9285714285714286,1.0,5,srnet,c2ac5cd6e9b74ef6e28e815109f73aa238ccf10178346984c09ea2aa057c2d5a
0,famous_le_100m,12,0.9285714285714286,1.0,5,srnet,c2ac5cd6e9b74ef6e28e815109f73aa238ccf10178346984c09ea2aa057c2d5a
0,famous_le_100m,13,1.0,1.0,5,srnet,c2ac5cd6e9b74ef6e28e815109f73aa238ccf10178346984c09ea2aa057c2d5a
0,famous_le_100m,14,1.0,1.0,5,srnet,c2ac5cd6e9b74ef6e28e815109f73aa238ccf10178346984c09ea2aa057c2d5a
0,famous_le_100m,15,1.0,1.0,5,srnet,c2ac5cd6e9b74ef6e28e815109f73aa238ccf10178346984c09ea2aa057c2d5a
0,famous_le_100m,16,1.0,1.0,5,srnet,c2ac5cd6e9b74ef6e28e815109f73aa238ccf10178346984c09ea2aa057c2d5a
0,famous_le_100m,17,1.0,1.0,5,srnet,c2ac5cd6e9b74ef6e28e815109f73aa238ccf10178346984c09ea2aa057c2d5a
0,famous_le_100m,18,1.0,1.0,5,srnet,c2ac5cd6e9b74ef6e28e815109f73aa238ccf10178346984c09ea2aa057c2d5a
0,famous_le_100m,19,1.0,1.0,5,srnet,c2ac5cd6e9b74ef6e28e815109f73aa238ccf10178346984c09ea2aa057c2d5a
0,famous_le_100m,20,1.0,1.0,5,srnet,c2ac5cd6e9b74ef6e28e815109f73aa238ccf10178346984c09ea2aa057c2d5a
0,famous_le_100m,21,1.0,1.0,5,srnet,c2ac5cd6e9b74ef6e28e815109f73aa238ccf10178346984c09ea2aa057c2d5a
0,famous_le_100m,22,1.0,1.0,5,srnet,c2ac5cd6e9b74ef6e28e815109f73aa238ccf10178346984c09ea2aa057c2d5a
0,famous_le_100m,23,1.0,1.0,5,srnet,c2ac5cd6e9b74ef6e28e815109f73aa238ccf10178346984c09ea2aa057c2d5a
1,torch_pretrained_classification,0,0.6625,0.4875,5,srnet,d0c1bf5dc8f4f011fcf9f52d6e5f64bbb4f1d8966a8581ddcd5c2d5d32e1cc81
1,famous_le_10m,0,0.4,0.2,5,srnet,d0c1bf5dc8f4f011fcf9f52d6e5f64bbb4f1d8966a8581ddcd5c2d5d32e1cc81
1,famous_le_10m,1,0.6,1.0,5,srnet,d0c1bf5dc8f4f011fcf9f52d6e5f64bbb4f1d8966a8581ddcd5c2d5d32e1cc81
1,famous_le_10m,2,0.6,1.0,5,srnet,d0c1bf5dc8f4f011fcf9f52d6e5f64bbb4f1d8966a8581ddcd5c2d5d32e1cc81
1,famous_le_10m,3,0.8,1.0,5,srnet,d0c1bf5dc8f4f011fcf9f52d6e5f64bbb4f1d8966a8581ddcd5c2d5d32e1cc81
1,famous_le_10m,4,1.0,1.0,5,srnet,d0c1bf5dc8f4f011fcf9f52d6e5f64bbb4f1d8966a8581ddcd5c2d5d32e1cc81
1,famous_le_10m,5,1.0,1.0,5,srnet,d0c1bf5dc8f4f011fcf9f52d6e5f64bbb4f1d8966a8581ddcd5c2d5d32e1cc81
1,famous_le_10m,6,1.0,1.0,5,srnet,d0c1bf5dc8f4f011fcf9f52d6e5f64bbb4f1d8966a8581ddcd5c2d5d32e1cc81
1,famous_le_10m,7,1.0,1.0,5,srnet,d0c1bf5dc8f4f011fcf9f52d6e5f64bbb4f1d8966a8581ddcd5c2d5d32e1cc81
1,famous_le_10m,8,1.0,1.0,5,srnet,d0c1bf5dc8f4f011fcf9f52d6e5f64bbb4f1d8966a8581ddcd5c2d5d32e1cc81
1,famous_le_10m,9,1.0,1.0,5,srnet,d0c1bf5dc8f4f011fcf9f52d6e5f64bbb4f1d8966a8581ddcd5c2d5d32e1cc81
1,famous_le_10m,10,1.0,1.0,5,srnet,d0c1bf5dc8f4f011fcf9f52d6e5f64bbb4f1d8966a8581ddcd5c2d5d32e1cc81
1,famous_le_10m,11,1.0,1.0,5,srnet,d0c1bf5dc8f4f011fcf9f52d6e5f64bbb4f1d8966a8581ddcd5c2d5d32e1cc81
1,famous_le_10m,12,1.0,1.0,5,srnet,d0c1bf5dc8f4f011fcf9f52d6e5f64bbb4f1d8966a8581ddcd5c2d5d32e1cc81
1,famous_le_10m,13,1.0,1.0,5,srnet,d0c1bf5dc8f4f011fcf9f52d6e5f64bbb4f1d8966a8581ddcd5c2d5d32e1cc81
1,famous_le_10m,14,1.0,1.0,5,srnet,d0c1bf5dc8f4f011fcf9f52d6e5f64bbb4f1d8966a8581ddcd5c2d5d32e1cc81
1,famous_le_10m,15,1.0,1.0,5,srnet,d0c1bf5dc8f4f011fcf9f52d6e5f64bbb4f1d8966a8581ddcd5c2d5d32e1cc81
1,famous_le_10m,16,1.0,1.0,5,srnet,d0c1bf5dc8f4f011fcf9f52d6e5f64bbb4f1d8966a8581ddcd5c2d5d32e1cc81
1,famous_le_10m,17,1.0,1.0,5,srnet,d0c1bf5dc8f4f011fcf9f52d6e5f64bbb4f1d8966a8581ddcd5c2d5d32e1cc81
1,famous_le_10m,18,1.0,1.0,5,srnet,d0c1bf5dc8f4f011fcf9f52d6e5f64bbb4f1d8966a8581ddcd5c2d5d32e1cc81
1,famous_le_10m,19,1.0,1.0,5,srnet,d0c1bf5dc8f4f011fcf9f52d6e5f64bbb4f1d8966a8581ddcd5c2d5d32e1cc81
1,famous_le_10m,20,1.0,1.0,5,srnet,d0c1bf5dc8f4f011fcf9f52d6e5f64bbb4f1d8966a8581ddcd5c2d5d32e1cc81
1,famous_le_10m,21,1.0,1.0,5,srnet,d0c1bf5dc8f4f011fcf9f52d6e5f64bbb4f1d8966a8581ddcd5c2d5d32e1cc81
1,famous_le_10m,22,1.0,1.0,5,srnet,d0c1bf5dc8f4f011fcf9f52d6e5f64bbb4f1d8966a8581ddcd5c2d5d32e1cc81
1,famous_le_10m,23,1.0,1.0,5,srnet,d0c1bf5dc8f4f011fcf9f52d6e5f64bbb4f1d8966a8581ddcd5c2d5d32e1cc81
1,famous_le_100m,0,0.6428571428571429,0.5714285714285714,5,srnet,d0c1bf5dc8f4f011fcf9f52d6e5f64bbb4f1d8966a8581ddcd5c2d5d32e1cc81
1,famous_le_100m,1,0.35714285714285715,0.42857142857142855,5,srnet,d0c1bf5dc8f4f011fcf9f52d6e5f64bbb4f1d8966a8581ddcd5c2d5d32e1cc81
1,famous_le_100m,2,0.35714285714285715,0.42857142857142855,5,srnet,d0c1bf5dc8f4f011fcf9f52d6e5f64bbb4f1d8966a8581ddcd5c2d5d32e1cc81
1,famous_le_100m,3,0.35714285714285715,0.42857142857142855,5,srnet,d0c1bf5dc8f4f011fcf9f52d6e5f64bbb4f1d8966a8581ddcd5c2d5d32e1cc81
1,famous_le_100m,4,0.35714285714285715,0.6428571428571429,5,srnet,d0c1bf5dc8f4f011fcf9f52d6e5f64bbb4f1d8966a8581ddcd5c2d5d32e1cc81
1,famous_le_100m,5,0.6428571428571429,0.7857142857142857,5,srnet,d0c1bf5dc8f4f011fcf9f52d6e5f64bbb4f1d8966a8581ddcd5c2d5d32e1cc81
1,famous_le_100m,6,0.7142857142857143,0.9285714285714286,5,srnet,d0c1bf5dc8f4f011fcf9f52d6e5f64bbb4f1d8966a8581ddcd5c2d5d32e1cc81
1,famous_le_100m,7,0.8571428571428571,1.0,5,srnet,d0c1bf5dc8f4f011fcf9f52d6e5f64bbb4f1d8966a8581ddcd5c2d5d32e1cc81
1,famous_le_100m,8,0.8571428571428571,1.0,5,srnet,d0c1bf5dc8f4f011fcf9f52d6e5f64bbb4f1d8966a8581ddcd5c2d5d32e1cc81
1,famous_le_100m,9,0.9285714285714286,1.0,5,srnet,d0c1bf5dc8f4f011fcf9f52d6e5f64bbb4f1d8966a8581ddcd5c2d5d32e1cc81
1,famous_le_100m,10,0.9285714285714286,1.0,5,srnet,d0c1bf5dc8f4f011fcf9f52d6e5f64bbb4f1d8966a8581ddcd5c2d5d32e1cc81
1,famous_le_100m,11,0.9285714285714286,1.0,5,srnet,d0c1bf5dc8f4f011fcf9f52d6e5f64bbb4f1d8966a8581ddcd5c2d5d32e1cc81
1,famous_le_100m,12,0.9285714285714286,1.0,5,srnet,d0c1bf5dc8f4f011fcf9f52d6e5f64bbb4f1d8966a8581ddcd5c2d5d32e1cc81
1,famous_le_100m,13,1.0,1.0,5,srnet,d0c1bf5dc8f4f011fcf9f52d6e5f64bbb4f1d8966a8581ddcd5c2d5d32e1cc81
1,famous_le_100m,14,1.0,1.0,5,srnet,d0c1bf5dc8f4f011fcf9f52d6e5f64bbb4f1d8966a8581ddcd5c2d5d32e1cc81
1,famous_le_100m,15,1.0,1.0,5,srnet,d0c1bf5dc8f4f011fcf9f52d6e5f64bbb4f1d8966a8581ddcd5c2d5d32e1cc81
1,famous_le_100m,16,1.0,1.0,5,srnet,d0c1bf5dc8f4f011fcf9f52d6e5f64bbb4f1d8966a8581ddcd5c2d5d32e1cc81
1,famous_le_100m,17,1.0,1.0,5,srnet,d0c1bf5dc8f4f011fcf9f52d6e5f64bbb4f1d8966a8581ddcd5c2d5d32e1cc81
1,famous_le_100m,18,1.0,1.0,5,srnet,d0c1bf5dc8f4f011fcf9f52d6e5f64bbb4f1d8966a8581ddcd5c2d5d32e1cc81
1,famous_le_100m,19,1.0,1.0,5,srnet,d0c1bf5dc8f4f011fcf9f52d6e5f64bbb4f1d8966a8581ddcd5c2d5d32e1cc81
1,famous_le_100m,20,1.0,1.0,5,srnet,d0c1bf5dc8f4f011fcf9f52d6e5f64bbb4f1d8966a8581ddcd5c2d5d32e1cc81
1,famous_le_100m,21,1.0,1.0,5,srnet,d0c1bf5dc8f4f011fcf9f52d6e5f64bbb4f1d8966a8581ddcd5c2d5d32e1cc81
1,famous_le_100m,22,1.0,1.0,5,srnet,d0c1bf5dc8f4f011fcf9f52d6e5f64bbb4f1d8966a8581ddcd5c2d5d32e1cc81
1,famous_le_100m,23,1.0,1.0,5,srnet,d0c1bf5dc8f4f011fcf9f52d6e5f64bbb4f1d8966a8581ddcd5c2d5d32e1cc81
2,torch_pretrained_classification,0,0.675,0.5,5,srnet,ef468944a5b0ff2bd6807dba14c5cfea62e57e45d07d7a8b43a231387a807171
2,famous_le_10m,0,0.4,0.4,5,srnet,ef468944a5b0ff2bd6807dba14c5cfea62e57e45d07d7a8b43a231387a807171
2,famous_le_10m,1,0.6,0.8,5,srnet,ef468944a5b0ff2bd6807dba14c5cfea62e57e45d07d7a8b43a231387a807171
2,famous_le_10m,2,0.6,0.8,5,srnet,ef468944a5b0ff2bd6807dba14c5cfea62e57e45d07d7a8b43a231387a807171
2,famous_le_10m,3,0.6,1.0,5,srnet,ef468944a5b0ff2bd6807dba14c5cfea62e57e45d07d7a8b43a231387a807171
2,famous_le_10m,4,1.0,1.0,5,srnet,ef468944a5b0ff2bd6807dba14c5cfea62e57e45d07d7a8b43a231387a807171
2,famous_le_10m,5,1.0,1.0,5,srnet,ef468944a5b0ff2bd6807dba14c5cfea62e57e45d07d7a8b43a231387a807171
2,famous_le_10m,6,1.0,1.0,5,srnet,ef468944a5b0ff2bd6807dba14c5cfea62e57e45d07d7a8b43a231387a807171
2,famous_le_10m,7,1.0,1.0,5,srnet,ef468944a5b0ff2bd6807dba14c5cfea62e57e45d07d7a8b43a231387a807171
2,famous_le_10m,8,1.0,1.0,5,srnet,ef468944a5b0ff2bd6807dba14c5cfea62e57e45d07d7a8b43a231387a807171
2,famous_le_10m,9,1.0,1.0,5,srnet,ef468944a5b0ff2bd6807dba14c5cfea62e57e45d07d7a8b43a231387a807171
2,famous_le_10m,10,1.0,1.0,5,srnet,ef468944a5b0ff2bd6807dba14c5cfea62e57e45d07d7a8b43a231387a807171
2,famous_le_10m,11,1.0,1.0,5,srnet,ef468944a5b0ff2bd6807dba14c5cfea62e57e45d07d7a8b43a231387a807171
2,famous_le_10m,12,1.0,1.0,5,srnet,ef468944a5b0ff2bd6807dba14c5cfea62e57e45d07d7a8b43a231387a807171
2,famous_le_10m,13,1.0,1.0,5,srnet,ef468944a5b0ff2bd6807dba14c5cfea62e57e45d07d7a8b43a231387a807171
2,famous_le_10m,14,1.0,1.0,5,srnet,ef468944a5b0ff2bd6807dba14c5cfea62e57e45d07d7a8b43a231387a807171
2,famous_le_10m,15,1.0,1.0,5,srnet,ef468944a5b0ff2bd6807dba14c5cfea62e57e45d07d7a8b43a231387a807171
2,famous_le_10m,16,1.0,1.0,5,srnet,ef468944a5b0ff2bd6807dba14c5cfea62e57e45d07d7a8b43a231387a807171
2,famous_le_10m,17,1.0,1.0,5,srnet,ef468944a5b0ff2bd6807dba14c5cfea62e57e45d07d7a8b43a231387a807171
2,famous_le_10m,18,1.0,1.0,5,srnet,ef468944a5b0ff2bd6807dba14c5cfea62e57e45d07d7a8b43a231387a807171
2,famous_le_10m,19,1.0,1.0,5,srnet,ef468944a5b0ff2bd6807dba14c5cfea62e57e45d07d7a8b43a231387a807171
2,famous_le_10m,20,1.0,1.0,5,srnet,ef468944a5b0ff2bd6807dba14c5cfea62e57e45d07d7a8b43a231387a807171
2,famous_le_10m,21,1.0,1.0,5,srnet,ef468944a5b0ff2bd6807dba14c5cfea62e57e45d07d7a8b43a231387a807171
2,famous_le_10m,22,1.0,1.0,5,srnet,ef468944a5b0ff2bd6807dba14c5cfea62e57e45d07d7a8b43a231387a807171
2,famous_le_10m,23,1.0,1.0,5,srnet,ef468944a5b0ff2bd6807dba14c5cfea62e57e45d07d7a8b43a231387a807171
2,famous_le_100m,0,0.6428571428571429,0.5714285714285714,5,srnet,ef468944a5b0ff2bd6807dba14c5cfea62e57e45d07d7a8b43a231387a807171
2,famous_le_100m,1,0.35714285714285715,0.42857142857142855,5,srnet,ef468944a5b0ff2bd6807dba14c5cfea62e57e45d07d7a8b43a231387a807171
2,famous_le_100m,2,0.2857142857142857,0.42857142857142855,5,srnet,ef468944a5b0ff2bd6807dba14c5cfea62e57e45d07d7a8b43a231387a807171
2,famous_le_100m,3,0.2857142857142857,0.5,5,srnet,ef468944a5b0ff2bd6807dba14c5cfea62e57e45d07d7a8b43a231387a807171
2,famous_le_100m,4,0.35714285714285715,0.6428571428571429,5,srnet,ef468944a5b0ff2bd6807dba14c5cfea62e57e45d07d7a8b43a231387a807171
2,famous_le_100m,5,0.6428571428571429,0.7857142857142857,5,srnet,ef468944a5b0ff2bd6807dba14c5cfea62e57e45d07d7a8b43a231387a807171
2,famous_le_100m,6,0.7142857142857143,0.9285714285714286,5,srnet,ef468944a5b0ff2bd6807dba14c5cfea62e57e45d07d7a8b43a231387a807171
2,famous_le_100m,7,0.8571428571428571,0.9285714285714286,5,srnet,ef468944a5b0ff2bd6807dba14c5cfea62e57e45d07d7a8b43a231387a807171
2,famous_le_100m,8,0.8571428571428571,0.9285714285714286,5,srnet,ef468944a5b0ff2bd6807dba14c5cfea62e57e45d07d7a8b43a231387a807171
2,famous_le_100m,9,0.9285714285714286,0.9285714285714286,5,srnet,ef468944a5b0ff2bd6807dba14c5cfea62e57e45d07d7a8b43a231387a807171
2,famous_le_100m,10,0.9285714285714286,0.9285714285714286,5,srnet,ef468944a5b0ff2bd6807dba14c5cfea62e57e45d07d7a8b43a231387a807171
2,famous_le_100m,11,0.9285714285714286,0.9285714285714286,5,srnet,ef468944a5b0ff2bd6807dba14c5cfea62e57e45d07d7a8b43a231387a807171
2,famous_le_100m,12,0.9285714285714286,0.9285714285714286,5,srnet,ef468944a5b0ff2bd6807dba14c5cfea62e57e45d07d7a8b43a231387a807171
2,famous_le_100m,13,1.0,1.0,5,srnet,ef468944a5b0ff2bd6807dba14c5cfea62e57e45d07d7a8b43a231387a807171
2,famous_le_100m,14,1.0,1.0,5,srnet,ef468944a5b0ff2bd6807dba14c5cfea62e57e45d07d7a8b43a231387a807171
2,famous_le_100m,15,1.0,1.0,5,srnet,ef468944a5b0ff2bd6807dba14c5cfea62e57e45d07d7a8b43a231387a807171
2,famous_le_100m,16,1.0,1.0,5,srnet,ef468944a5b0ff2bd6807dba14c5cfea62e57e45d07d7a8b43a231387a807171
2,famous_le_100m,17,1.0,1.0,5,srnet,ef468944a5b0ff2bd6807dba14c5cfea62e57e45d07d7a8b43a231387a807171
2,famous_le_100m,18,1.0,1.0,5,srnet,ef468944a5b0ff2bd6807dba14c5cfea62e57e45d07d7a8b43a231387a807171
2,famous_le_100m,19,1.0,1.0,5,srnet,ef468944a5b0ff2bd6807dba14c5cfea62e57e45d07d7a8b43a231387a807171
2,famous_le_100m,20,1.0,1.0,5,srnet,ef468944a5b0ff2bd6807dba14c5cfea62e57e45d07d7a8b43a231387a807171
2,famous_le_100m,21,1.0,1.0,5,srnet,ef468944a5b0ff2bd6807dba14c5cfea62e57e45d07d7a8b43a231387a807171
2,famous_le_100m,22,1.0,1.0,5,srnet,ef468944a5b0ff2bd6807dba14c5cfea62e57e45d07d7a8b43a231387a807171
2,famous_le_100m,23,1.0,1.0,5,srnet,ef468944a5b0ff2bd6807dba14c5cfea62e57e45d07d7a8b43a231387a807171
3,torch_pretrained_classification,0,0.6125,0.4875,5,srnet,2dcdda5d51d1659dc45ee490efbff0a358fb7c0874504d2d6f78e432d2363d5d
3,famous_le_10m,0,0.4,0.2,5,srnet,2dcdda5d51d1659dc45ee490efbff0a358fb7c0874504d2d6f78e432d2363d5d
3,famous_le_10m,1,0.6,1.0,5,srnet,2dcdda5d51d1659dc45ee490efbff0a358fb7c0874504d2d6f78e432d2363d5d
3,famous_le_10m,2,0.6,1.0,5,srnet,2dcdda5d51d1659dc45ee490efbff0a358fb7c0874504d2d6f78e432d2363d5d
3,famous_le_10m,3,0.8,1.0,5,srnet,2dcdda5d51d1659dc45ee490efbff0a358fb7c0874504d2d6f78e432d2363d5d
3,famous_le_10m,4,1.0,1.0,5,srnet,2dcdda5d51d1659dc45ee490efbff0a358fb7c0874504d2d6f78e432d2363d5d
3,famous_le_10m,5,1.0,1.0,5,srnet,2dcdda5d51d1659dc45ee490efbff0a358fb7c0874504d2d6f78e432d2363d5d
3,famous_le_10m,6,1.0,1.0,5,srnet,2dcdda5d51d1659dc45ee490efbff0a358fb7c0874504d2d6f78e432d2363d5d
3,famous_le_10m,7,1.0,1.0,5,srnet,2dcdda5d51d1659dc45ee490efbff0a358fb7c0874504d2d6f78e432d2363d5d
3,famous_le_10m,8,1.0,1.0,5,srnet,2dcdda5d51d1659dc45ee490efbff0a358fb7c0874504d2d6f78e432d2363d5d
3,famous_le_10m,9,1.0,1.0,5,srnet,2dcdda5d51d1659dc45ee490efbff0a358fb7c0874504d2d6f78e432d2363d5d
3,famous_le_10m,10,1.0,1.0,5,srnet,2dcdda5d51d1659dc45ee490efbff0a358fb7c0874504d2d6f78e432d2363d5d
3,famous_le_10m,11,1.0,1.0,5,srnet,2dcdda5d51d1659dc45ee490efbff0a358fb7c0874504d2d6f78e432d2363d5d
3,famous_le_10m,12,1.0,1.0,5,srnet,2dcdda5d51d1659dc45ee490efbff0a358fb7c0874504d2d6f78e432d2363d5d
3,famous_le_10m,13,1.0,1.0,5,srnet,2dcdda5d51d1659dc45ee490efbff0a358fb7c0874504d2d6f78e432d2363d5d
3,famous_le_10m,14,1.0,1.0,5,srnet,2dcdda5d51d1659dc45ee490efbff0a358fb7c0874504d2d6f78e432d2363d5d
3,famous_le_10m,15,1.0,1.0,5,srnet,2dcdda5d51d1659dc45ee490efbff0a358fb7c0874504d2d6f78e432d2363d5d
3,famous_le_10m,16,1.0,1.0,5,srnet,2dcdda5d51d1659dc45ee490efbff0a358fb7c0874504d2d6f78e432d2363d5d
3,famous_le_10m,17,1.0,1.0,5,srnet,2dcdda5d51d1659dc45ee490efbff0a358fb7c0874504d2d6f78e432d2363d5d
3,famous_le_10m,18,1.0,1.0,5,srnet,2dcdda5d51d1659dc45ee490efbff0a358fb7c0874504d2d6f78e432d2363d5d
3,famous_le_10m,19,1.0,1.0,5,srnet,2dcdda5d51d1659dc45ee490efbff0a358fb7c0874504d2d6f78e432d2363d5d
3,famous_le_10m,20,1.0,1.0,5,srnet,2dcdda5d51d1659dc45ee490efbff0a358fb7c0874504d2d6f78e432d2363d5d
3,famous_le_10m,21,1.0,1.0,5,srnet,2dcdda5d51d1659dc45ee490efbff0a358fb7c0874504d2d6f78e432d2363d5d
3,famous_le_10m,22,1.0,1.0,5,srnet,2dcdda5d51d1659dc45ee490efbff0a358fb7c0874504d2d6f78e432d2363d5d
3,famous_le_10m,23,1.0,1.0,5,srnet,2dcdda5d51d1659dc45ee490efbff0a358fb7c0874504d2d6f78e432d2363d5d
3,famous_le_100m,0,0.6428571428571429,0.5714285714285714,5,srnet,2dcdda5d51d1659dc45ee490efbff0a358fb7c0874504d2d6f78e432d2363d5d
3,famous_le_100m,1,0.35714285714285715,0.42857142857142855,5,srnet,2dcdda5d51d1659dc45ee490efbff0a358fb7c0874504d2d6f78e432d2363d5d
3,famous_le_100m,2,0.35714285714285715,0.42857142857142855,5,srnet,2dcdda5d51d1659dc45ee490efbff0a358fb7c0874504d2d6f78e432d2363d5d
3,famous_le_100m,3,0.35714285714285715,0.42857142857142855,5,srnet,2dcdda5d51d1659dc45ee490efbff0a358fb7c0874504d2d6f78e432d2363d5d
3,famous_le_100m,4,0.35714285714285715,0.6428571428571429,5,srnet,2dcdda5d51d1659dc45ee490efbff0a358fb7c0874504d2d6f78e432d2363d5d
3,famous_le_100m,5,0.6428571428571429,0.7857142857142857,5,srnet,2dcdda5d51d1659dc45ee490efbff0a358fb7c0874504d2d6f78e432d2363d5d
3,famous_le_100m,6,0.7857142857142857,0.9285714285714286,5,srnet,2dcdda5d51d1659dc45ee490efbff0a358fb7c0874504d2d6f78e432d2363d5d
3,famous_le_100m,7,0.9285714285714286,1.0,5,srnet,2dcdda5d51d1659dc45ee490efbff0a358fb7c0874504d2d6f78e432d2363d5d
3,famous_le_100m,8,0.8571428571428571,1.0,5,srnet,2dcdda5d51d1659dc45ee490efbff0a358fb7c0874504d2d6f78e432d2363d5d
3,famous_le_100m,9,0.9285714285714286,1.0,5,srnet,2dcdda5d51d1659dc45ee490efbff0a358fb7c0874504d2d6f78e432d2363d5d
3,famous_le_100m,10,0.9285714285714286,1.0,5,srnet,2dcdda5d51d1659dc45ee490efbff0a358fb7c0874504d2d6f78e432d2363d5d
3,famous_le_100m,11,0.9285714285714286,1.0,5,srnet,2dcdda5d51d1659dc45ee490efbff0a358fb7c0874504d2d6f78e432d2363d5d
3,famous_le_100m,12,0.9285714285714286,1.0,5,srnet,2dcdda5d51d1659dc45ee490efbff0a358fb7c0874504d2d6f78e432d2363d5d
3,famous_le_100m,13,1.0,1.0,5,srnet,2dcdda5d51d1659dc45ee490efbff0a358fb7c0874504d2d6f78e432d2363d5d
3,famous_le_100m,14,1.0,1.0,5,srnet,2dcdda5d51d1659dc45ee490efbff0a358fb7c0874504d2d6f78e432d2363d5d
3,famous_le_100m,15,1.0,1.0,5,srnet,2dcdda5d51d1659dc45ee490efbff0a358fb7c0874504d2d6f78e432d2363d5d
3,famous_le_100m,16,1.0,1.0,5,srnet,2dcdda5d51d1659dc45ee490efbff0a358fb7c0874504d2d6f78e432d2363d5d
3,famous_le_100m,17,1.0,1.0,5,srnet,2dcdda5d51d1659dc45ee490efbff0a358fb7c0874504d2d6f78e432d2363d5d
3,famous_le_100m,18,1.0,1.0,5,srnet,2dcdda5d51d1659dc45ee490efbff0a358fb7c0874504d2d6f78e432d2363d5d
3,famous_le_100m,19,1.0,1.0,5,srnet,2dcdda5d51d1659dc45ee490efbff0a358fb7c0874504d2d6f78e432d2363d5d
3,famous_le_100m,20,1.0,1.0,5,srnet,2dcdda5d51d1659dc45ee490efbff0a358fb7c0874504d2d6f78e432d2363d5d
3,famous_le_100m,21,1.0,1.0,5,srnet,2dcdda5d51d1659dc45ee490efbff0a358fb7c0874504d2d6f78e432d2363d5d
3,famous_le_100m,22,1.0,1.0,5,srnet,2dcdda5d51d1659dc45ee490efbff0a358fb7c0874504d2d6f78e432d2363d5d
3,famous_le_100m,23,1.0,1.0,5,srnet,2dcdda5d51d1659dc45ee490efbff0a358fb7c0874504d2d6f78e432d2363d5d
4,torch_pretrained_classification,0,0.7125,0.725,5,srnet,ff832157f10b9ffb3d7549ed0ab0186f003e449ff6d5460be3b308678cd60586
4,famous_le_10m,0,1.0,0.8,5,srnet,ff832157f10b9ffb3d7549ed0ab0186f003e449ff6d5460be3b308678cd60586
4,famous_le_10m,1,0.0,0.2,5,srnet,ff832157f10b9ffb3d7549ed0ab0186f003e449ff6d5460be3b308678cd60586
4,famous_le_10m,2,0.0,0.2,5,srnet,ff832157f10b9ffb3d7549ed0ab0186f003e449ff6d5460be3b308678cd60586
4,famous_le_10m,3,0.2,0.2,5,srnet,ff832157f10b9ffb3d7549ed0ab0186f003e449ff6d5460be3b308678cd60586
4,famous_le_10m,4,0.8,0.2,5,srnet,ff832157f10b9ffb3d7549ed0ab0186f003e449ff6d5460be3b308678cd60586
4,famous_le_10m,5,1.0,0.4,5,srnet,ff832157f10b9ffb3d7549ed0ab0186f003e449ff6d5460be3b308678cd60586
4,famous_le_10m,6,1.0,1.0,5,srnet,ff832157f10b9ffb3d7549ed0ab0186f003e449ff6d5460be3b308678cd60586
4,famous_le_10m,7,1.0,1.0,5,srnet,ff832157f10b9ffb3d7549ed0ab0186f003e449ff6d5460be3b308678cd60586
4,famous_le_10m,8,1.0,1.0,5,srnet,ff832157f10b9ffb3d7549ed0ab0186f003e449ff6d5460be3b308678cd60586
4,famous_le_10m,9,1.0,1.0,5,srnet,ff832157f10b9ffb3d7549ed0ab0186f003e449ff6d5460be3b308678cd60586
4,famous_le_10m,10,1.0,1.0,5,srnet,ff832157f10b9ffb3d7549ed0ab0186f003e449ff6d5460be3b308678cd60586
4,famous_le_10m,11,1.0,1.0,5,srnet,ff832157f10b9ffb3d7549ed0ab0186f003e449ff6d5460be3b308678cd60586
4,famous_le_10m,12,1.0,1.0,5,srnet,ff832157f10b9ffb3d7549ed0ab0186f003e449ff6d5460be3b308678cd60586
4,famous_le_10m,13,1.0,1.0,5,srnet,ff832157f10b9ffb3d7549ed0ab0186f003e449ff6d5460be3b308678cd60586
4,famous_le_10m,14,1.0,1.0,5,srnet,ff832157f10b9ffb3d7549ed0ab0186f003e449ff6d5460be3b308678cd60586
4,famous_le_10m,15,1.0,1.0,5,srnet,ff832157f10b9ffb3d7549ed0ab0186f003e449ff6d5460be3b308678cd60586
4,famous_le_10m,16,1.0,1.0,5,srnet,ff832157f10b9ffb3d7549ed0ab0186f003e449ff6d5460be3b308678cd60586
4,famous_le_10m,17,1.0,1.0,5,srnet,ff832157f10b9ffb3d7549ed0ab0186f003e449ff6d5460be3b308678cd60586
4,famous_le_10m,18,1.0,1.0,5,srnet,ff832157f10b9ffb3d7549ed0ab0186f003e449ff6d5460be3b308678cd60586
4,famous_le_10m,19,1.0,1.0,5,srnet,ff832157f10b9ffb3d7549ed0ab0186f003e449ff6d5460be3b308678cd60586
4,famous_le_10m,20,1.0,1.0,5,srnet,ff832157f10b9ffb3d7549ed0ab0186f003e449ff6d5460be3b308678cd60586
4,famous_le_10m,21,1.0,1.0,5,srnet,ff832157f10b9ffb3d7549ed0ab0186f003e449ff6d5460be3b308678cd60586
4,famous_le_10m,22,1.0,1.0,5,srnet,ff832157f10b9ffb3d7549ed0ab0186f003e449ff6d5460be3b308678cd60586
4,famous_le_10m,23,1.0,1.0,5,srnet,ff832157f10b9ffb3d7549ed0ab0186f003e449ff6d5460be3b308678cd60586
4,famous_le_100m,0,0.7142857142857143,0.7142857142857143,5,srnet,ff832157f10b9ffb3d7549ed0ab0186f003e449ff6d5460be3b308678cd60586
4,famous_le_100m,1,0.2857142857142857,0.2857142857142857,5,srnet,ff832157f10b9ffb3d7549ed0ab0186f003e449ff6d5460be3b308678cd60586
4,famous_le_100m,2,0.2857142857142857,0.2857142857142857,5,srnet,ff832157f10b9ffb3d7549ed0ab0186f003e449ff6d5460be3b308678cd60586
4,famous_le_100m,3,0.2857142857142857,0.35714285714285715,5,srnet,ff832157f10b9ffb3d7549ed0ab0186f003e449ff6d5460be3b308678cd60586
4,famous_le_100m,4,0.2857142857142857,0.5,5,srnet,ff832157f10b9ffb3d7549ed0ab0186f003e449ff6d5460be3b308678cd60586
4,famous_le_100m,5,0.5714285714285714,0.5714285714285714,5,srnet,ff832157f10b9ffb3d7549ed0ab0186f003e449ff6d5460be3b308678cd60586
4,famous_le_100m,6,0.7142857142857143,0.7142857142857143,5,srnet,ff832157f10b9ffb3d7549ed0ab0186f003e449ff6d5460be3b308678cd60586
4,famous_le_100m,7,0.8571428571428571,0.8571428571428571,5,srnet,ff832157f10b9ffb3d7549ed0ab0186f003e449ff6d5460be3b308678cd60586
4,famous_le_100m,8,0.8571428571428571,0.9285714285714286,5,srnet,ff832157f10b9ffb3d7549ed0ab0186f003e449ff6d5460be3b308678cd60586
4,famous_le_100m,9,0.9285714285714286,0.9285714285714286,5,srnet,ff832157f10b9ffb3d7549ed0ab0186f003e449ff6d5460be3b308678cd60586
4,famous_le_100m,10,0.9285714285714286,0.9285714285714286,5,srnet,ff832157f10b9ffb3d7549ed0ab0186f003e449ff6d5460be3b308678cd60586
4,famous_le_100m,11,0.9285714285714286,0.9285714285714286,5,srnet,ff832157f10b9ffb3d7549ed0ab0186f003e449ff6d5460be3b308678cd60586
4,famous_le_100m,12,0.9285714285714286,0.9285714285714286,5,srnet,ff832157f10b9ffb3d7549ed0ab0186f003e449ff6d5460be3b308678cd60586
4,famous_le_100m,13,1.0,1.0,5,srnet,ff832157f10b9ffb3d7549ed0ab0186f003e449ff6d5460be3b308678cd60586
4,famous_le_100m,14,1.0,1.0,5,srnet,ff832157f10b9ffb3d7549ed0ab0186f003e449ff6d5460be3b308678cd60586
4,famous_le_100m,15,1.0,1.0,5,srnet,ff832157f10b9ffb3d7549ed0ab0186f003e449ff6d5460be3b308678cd60586
4,famous_le_100m,16,1.0,1.0,5,srnet,ff832157f10b9ffb3d7549ed0ab0186f003e449ff6d5460be3b308678cd60586
4,famous_le_100m,17,1.0,1.0,5,srnet,ff832157f10b9ffb3d7549ed0ab0186f003e449ff6d5460be3b308678cd60586
4,famous_le_100m,18,1.0,1.0,5,srnet,ff832157f10b9ffb3d7549ed0ab0186f003e449ff6d5460be3b308678cd60586
4,famous_le_100m,19,1.0,1.0,5,srnet,ff832157f10b9ffb3d7549ed0ab0186f003e449ff6d5460be3b308678cd60586
4,famous_le_100m,20,1.0,1.0,5,srnet,ff832157f10b9ffb3d7549ed0ab0186f003e449ff6d5460be3b308678cd60586
4,famous_le_100m,21,1.0,1.0,5,srnet,ff832157f10b9ffb3d7549ed0ab0186f003e449ff6d5460be3b308678cd60586
4,famous_le_100m,22,1.0,1.0,5,srnet,ff832157f10b9ffb3d7549ed0ab0186f003e449ff6d5460be3b308678cd60586
4,famous_le_100m,23,1.0,1.0,5,srnet,ff832157f10b9ffb3d7549ed0ab0186f003e449ff6d5460be3b308678cd60586
0,torch_pretrained_classification,0,0.925,0.6875,6,srnet,f624e7461659210c37f8fc7e0886f595751a2cf4ab5ecce4a3f2205c1be2d598
0,famous_le_10m,0,1.0,0.6,6,srnet,f624e7461659210c37f8fc7e0886f595751a2cf4ab5ecce4a3f2205c1be2d598
0,famous_le_10m,1,0.0,0.6,6,srnet,f624e7461659210c37f8fc7e0886f595751a2cf4ab5ecce4a3f2205c1be2d598
0,famous_le_10m,2,0.0,0.6,6,srnet,f624e7461659210c37f8fc7e0886f595751a2cf4ab5ecce4a3f2205c1be2d598
0,famous_le_10m,3,0.2,0.8,6,srnet,f624e7461659210c37f8fc7e0886f595751a2cf4ab5ecce4a3f2205c1be2d598
0,famous_le_10m,4,0.2,1.0,6,srnet,f624e7461659210c37f8fc7e0886f595751a2cf4ab5ecce4a3f2205c1be2d598
0,famous_le_10m,5,0.4,1.0,6,srnet,f624e7461659210c37f8fc7e0886f595751a2cf4ab5ecce4a3f2205c1be2d598
0,famous_le_10m,6,1.0,1.0,6,srnet,f624e7461659210c37f8fc7e0886f595751a2cf4ab5ecce4a3f2205c1be2d598
0,famous_le_10m,7,1.0,1.0,6,srnet,f624e7461659210c37f8fc7e0886f595751a2cf4ab5ecce4a3f2205c1be2d598
0,famous_le_10m,8,1.0,1.0,6,srnet,f624e7461659210c37f8fc7e0886f595751a2cf4ab5ecce4a3f2205c1be2d598
0,famous_le_10m,9,1.0,1.0,6,srnet,f624e7461659210c37f8fc7e0886f595751a2cf4ab5ecce4a3f2205c1be2d598
0,famous_le_10m,10,1.0,1.0,6,srnet,f624e7461659210c37f8fc7e0886f595751a2cf4ab5ecce4a3f2205c1be2d598
0,famous_le_10m,11,1.0,1.0,6,srnet,f624e7461659210c37f8fc7e0886f595751a2cf4ab5ecce4a3f2205c1be2d598
0,famous_le_10m,12,1.0,1.0,6,srnet,f624e7461659210c37f8fc7e0886f595751a2cf4ab5ecce4a3f2205c1be2d598
0,famous_le_10m,13,1.0,1.0,6,srnet,f624e7461659210c37f8fc7e0886f595751a2cf4ab5ecce4a3f2205c1be2d598
0,famous_le_10m,14,1.0,1.0,6,srnet,f624e7461659210c37f8fc7e0886f595751a2cf4ab5ecce4a3f2205c1be2d598
0,famous_le_10m,15,1.0,1.0,6,srnet,f624e7461659210c37f8fc7e0886f595751a2cf4ab5ecce4a3f2205c1be2d598
0,famous_le_10m,16,1.0,1.0,6,srnet,f624e7461659210c37f8fc7e0886f595751a2cf4ab5ecce4a3f2205c1be2d598
0,famous_le_10m,17,1.0,1.0,6,srnet,f624e7461659210c37f8fc7e0886f595751a2cf4ab5ecce4a3f2205c1be2d598
0,famous_le_10m,18,1.0,1.0,6,srnet,f624e7461659210c37f8fc7e0886f595751a2cf4ab5ecce4a3f2205c1be2d598
0,famous_le_10m,19,1.0,1.0,6,srnet,f624e7461659210c37f8fc7e0886f595751a2cf4ab5ecce4a3f2205c1be2d598
0,famous_le_10m,20,1.0,1.0,6,srnet,f624e7461659210c37f8fc7e0886f595751a2cf4ab5ecce4a3f2205c1be2d598
0,famous_le_10m,21,1.0,1.0,6,srnet,f624e7461659210c37f8fc7e0886f595751a2cf4ab5ecce4a3f2205c1be2d598
0,famous_le_10m,22,1.0,1.0,6,srnet,f624e7461659210c37f8fc7e0886f595751a2cf4ab5ecce4a3f2205c1be2d598
0,famous_le_10m,23,1.0,1.0,6,srnet,f624e7461659210c37f8fc7e0886f595751a2cf4ab5ecce4a3f2205c1be2d598
0,famous_le_100m,0,0.9285714285714286,0.6428571428571429,6,srnet,f624e7461659210c37f8fc7e0886f595751a2cf4ab5ecce4a3f2205c1be2d598
0,famous_le_100m,1,0.07142857142857142,0.35714285714285715,6,srnet,f624e7461659210c37f8fc7e0886f595751a2cf4ab5ecce4a3f2205c1be2d598
0,famous_le_100m,2,0.07142857142857142,0.35714285714285715,6,srnet,f624e7461659210c37f8fc7e0886f595751a2cf4ab5ecce4a3f2205c1be2d598
0,famous_le_100m,3,0.07142857142857142,0.35714285714285715,6,srnet,f624e7461659210c37f8fc7e0886f595751a2cf4ab5ecce4a3f2205c1be2d598
0,famous_le_100m,4,0.07142857142857142,0.42857142857142855,6,srnet,f624e7461659210c37f8fc7e0886f595751a2cf4ab5ecce4a3f2205c1be2d598
0,famous_le_100m,5,0.2857142857142857,0.5714285714285714,6,srnet,f624e7461659210c37f8fc7e0886f595751a2cf4ab5ecce4a3f2205c1be2d598
0,famous_le_100m,6,0.5,0.7857142857142857,6,srnet,f624e7461659210c37f8fc7e0886f595751a2cf4ab5ecce4a3f2205c1be2d598
0,famous_le_100m,7,0.8571428571428571,1.0,6,srnet,f624e7461659210c37f8fc7e0886f595751a2cf4ab5ecce4a3f2205c1be2d598
0,famous_le_100m,8,0.8571428571428571,1.0,6,srnet,f624e7461659210c37f8fc7e0886f595751a2cf4ab5ecce4a3f2205c1be2d598
0,famous_le_100m,9,0.8571428571428571,1.0,6,srnet,f624e7461659210c37f8fc7e0886f595751a2cf4ab5ecce4a3f2205c1be2d598
0,famous_le_100m,10,0.9285714285714286,1.0,6,srnet,f624e7461659210c37f8fc7e0886f595751a2cf4ab5ecce4a3f2205c1be2d598
0,famous_le_100m,11,0.9285714285714286,1.0,6,srnet,f624e7461659210c37f8fc7e0886f595751a2cf4ab5ecce4a3f2205c1be2d598
0,famous_le_100m,12,0.9285714285714286,1.0,6,srnet,f624e7461659210c37f8fc7e0886f595751a2cf4ab5ecce4a3f2205c1be2d598
0,famous_le_100m,13,0.9285714285714286,1.0,6,srnet,f624e7461659210c37f8fc7e0886f595751a2cf4ab5ecce4a3f2205c1be2d598
0,famous_le_100m,14,1.0,1.0,6,srnet,f624e7461659210c37f8fc7e0886f595751a2cf4ab5ecce4a3f2205c1be2d598
0,famous_le_100m,15,1.0,1.0,6,srnet,f624e7461659210c37f8fc7e0886f595751a2cf4ab5ecce4a3f2205c1be2d598
0,famous_le_100m,16,1.0,1.0,6,srnet,f624e7461659210c37f8fc7e0886f595751a2cf4ab5ecce4a3f2205c1be2d598
0,famous_le_100m,17,1.0,1.0,6,srnet,f624e7461659210c37f8fc7e0886f595751a2cf4ab5ecce4a3f2205c1be2d598
0,famous_le_100m,18,1.0,1.0,6,srnet,f624e7461659210c37f8fc7e0886f595751a2cf4ab5ecce4a3f2205c1be2d598
0,famous_le_100m,19,1.0,1.0,6,srnet,f624e7461659210c37f8fc7e0886f595751a2cf4ab5ecce4a3f2205c1be2d598
0,famous_le_100m,20,1.0,1.0,6,srnet,f624e7461659210c37f8fc7e0886f595751a2cf4ab5ecce4a3f2205c1be2d598
0,famous_le_100m,21,1.0,1.0,6,srnet,f624e7461659210c37f8fc7e0886f595751a2cf4ab5ecce4a3f2205c1be2d598
0,famous_le_100m,22,1.0,1.0,6,srnet,f624e7461659210c37f8fc7e0886f595751a2cf4ab5ecce4a3f2205c1be2d598
0,famous_le_100m,23,1.0,1.0,6,srnet,f624e7461659210c37f8fc7e0886f595751a2cf4ab5ecce4a3f2205c1be2d598
1,torch_pretrained_classification,0,0.8875,0.6625,6,srnet,a82b9158f48a9b6f30022f411e7e5a1e615b62cd657e4bfca95bd9d9da6fe763
1,famous_le_10m,0,1.0,0.6,6,srnet,a82b9158f48a9b6f30022f411e7e5a1e615b62cd657e4bfca95bd9d9da6fe763
1,famous_le_10m,1,0.0,0.4,6,srnet,a82b9158f48a9b6f30022f411e7e5a1e615b62cd657e4bfca95bd9d9da6fe763
1,famous_le_10m,2,0.2,0.4,6,srnet,a82b9158f48a9b6f30022f411e7e5a1e615b62cd657e4bfca95bd9d9da6fe763
1,famous_le_10m,3,0.2,0.4,6,srnet,a82b9158f48a9b6f30022f411e7e5a1e615b62cd657e4bfca95bd9d9da6fe763
1,famous_le_10m,4,0.2,0.6,6,srnet,a82b9158f48a9b6f30022f411e7e5a1e615b62cd657e4bfca95bd9d9da6fe763
1,famous_le_10m,5,0.4,0.8,6,srnet,a82b9158f48a9b6f30022f411e7e5a1e615b62cd657e4bfca95bd9d9da6fe763
1,famous_le_10m,6,1.0,1.0,6,srnet,a82b9158f48a9b6f30022f411e7e5a1e615b62cd657e4bfca95bd9d9da6fe763
1,famous_le_10m,7,1.0,1.0,6,srnet,a82b9158f48a9b6f30022f411e7e5a1e615b62cd657e4bfca95bd9d9da6fe763
1,famous_le_10m,8,1.0,1.0,6,srnet,a82b9158f48a9b6f30022f411e7e5a1e615b62cd657e4bfca95bd9d9da6fe763
1,famous_le_10m,9,1.0,1.0,6,srnet,a82b9158f48a9b6f30022f411e7e5a1e615b62cd657e4bfca95bd9d9da6fe763
1,famous_le_10m,10,1.0,1.0,6,srnet,a82b9158f48a9b6f30022f411e7e5a1e615b62cd657e4bfca95bd9d9da6fe763
1,famous_le_10m,11,1.0,1.0,6,srnet,a82b9158f48a9b6f30022f411e7e5a1e615b62cd657e4bfca95bd9d9da6fe763
1,famous_le_10m,12,1.0,1.0,6,srnet,a82b9158f48a9b6f30022f411e7e5a1e615b62cd657e4bfca95bd9d9da6fe763
1,famous_le_10m,13,1.0,1.0,6,srnet,a82b9158f48a9b6f30022f411e7e5a1e615b62cd657e4bfca95bd9d9da6fe763
1,famous_le_10m,14,1.0,1.0,6,srnet,a82b9158f48a9b6f30022f411e7e5a1e615b62cd657e4bfca95bd9d9da6fe763
1,famous_le_10m,15,1.0,1.0,6,srnet,a82b9158f48a9b6f30022f411e7e5a1e615b62cd657e4bfca95bd9d9da6fe763
1,famous_le_10m,16,1.0,1.0,6,srnet,a82b9158f48a9b6f30022f411e7e5a1e615b62cd657e4bfca95bd9d9da6fe763
1,famous_le_10m,17,1.0,1.0,6,srnet,a82b9158f48a9b6f30022f411e7e5a1e615b62cd657e4bfca95bd9d9da6fe763
1,famous_le_10m,18,1.0,1.0,6,srnet,a82b9158f48a9b6f30022f411e7e5a1e615b62cd657e4bfca95bd9d9da6fe763
1,famous_le_10m,19,1.0,1.0,6,srnet,a82b9158f48a9b6f30022f411e7e5a1e615b62cd657e4bfca95bd9d9da6fe763
1,famous_le_10m,20,1.0,1.0,6,srnet,a82b9158f48a9b6f30022f411e7e5a1e615b62cd657e4bfca95bd9d9da6fe763
1,famous_le_10m,21,1.0,1.0,6,srnet,a82b9158f48a9b6f30022f411e7e5a1e615b62cd657e4bfca95bd9d9da6fe763
1,famous_le_10m,22,1.0,1.0,6,srnet,a82b9158f48a9b6f30022f411e7e5a1e615b62cd657e4bfca95bd9d9da6fe763
1,famous_le_10m,23,1.0,1.0,6,srnet,a82b9158f48a9b6f30022f411e7e5a1e615b62cd657e4bfca95bd9d9da6fe763
1,famous_le_100m,0,0.8571428571428571,0.6428571428571429,6,srnet,a82b9158f48a9b6f30022f411e7e5a1e615b62cd657e4bfca95bd9d9da6fe763
1,famous_le_100m,1,0.14285714285714285,0.35714285714285715,6,srnet,a82b9158f48a9b6f30022f411e7e5a1e615b62cd657e4bfca95bd9d9da6fe763
1,famous_le_100m,2,0.14285714285714285,0.2857142857142857,6,srnet,a82b9158f48a9b6f30022f411e7e5a1e615b62cd657e4bfca95bd9d9da6fe763
1,famous_le_100m,3,0.14285714285714285,0.2857142857142857,6,srnet,a82b9158f48a9b6f30022f411e7e5a1e615b62cd657e4bfca95bd9d9da6fe763
1,famous_le_100m,4,0.07142857142857142,0.35714285714285715,6,srnet,a82b9158f48a9b6f30022f411e7e5a1e615b62cd657e4bfca95bd9d9da6fe763
1,famous_le_100m,5,0.2857142857142857,0.5,6,srnet,a82b9158f48a9b6f30022f411e7e5a1e615b62cd657e4bfca95bd9d9da6fe763
1,famous_le_100m,6,0.5,0.6428571428571429,6,srnet,a82b9158f48a9b6f30022f411e7e5a1e615b62cd657e4bfca95bd9d9da6fe763
1,famous_le_100m,7,0.8571428571428571,1.0,6,srnet,a82b9158f48a9b6f30022f411e7e5a1e615b62cd657e4bfca95bd9d9da6fe763
1,famous_le_100m,8,0.8571428571428571,1.0,6,srnet,a82b9158f48a9b6f30022f411e7e5a1e615b62cd657e4bfca95bd9d9da6fe763
1,famous_le_100m,9,0.8571428571428571,1.0,6,srnet,a82b9158f48a9b6f30022f411e7e5a1e615b62cd657e4bfca95bd9d9da6fe763
1,famous_le_100m,10,0.9285714285714286,1.0,6,srnet,a82b9158f48a9b6f30022f411e7e5a1e615b62cd657e4bfca95bd9d9da6fe763
1,famous_le_100m,11,0.9285714285714286,1.0,6,srnet,a82b9158f48a9b6f30022f411e7e5a1e615b62cd657e4bfca95bd9d9da6fe763
1,famous_le_100m,12,0.9285714285714286,1.0,6,srnet,a82b9158f48a9b6f30022f411e7e5a1e615b62cd657e4bfca95bd9d9da6fe763
1,famous_le_100m,13,0.9285714285714286,1.0,6,srnet,a82b9158f48a9b6f30022f411e7e5a1e615b62cd657e4bfca95bd9d9da6fe763
1,famous_le_100m,14,1.0,1.0,6,srnet,a82b9158f48a9b6f30022f411e7e5a1e615b62cd657e4bfca95bd9d9da6fe763
1,famous_le_100m,15,1.0,1.0,6,srnet,a82b9158f48a9b6f30022f411e7e5a1e615b62cd657e4bfca95bd9d9da6fe763
1,famous_le_100m,16,1.0,1.0,6,srnet,a82b9158f48a9b6f30022f411e7e5a1e615b62cd657e4bfca95bd9d9da6fe763
1,famous_le_100m,17,1.0,1.0,6,srnet,a82b9158f48a9b6f30022f411e7e5a1e615b62cd657e4bfca95bd9d9da6fe763
1,famous_le_100m,18,1.0,1.0,6,srnet,a82b9158f48a9b6f30022f411e7e5a1e615b62cd657e4bfca95bd9d9da6fe763
1,famous_le_100m,19,1.0,1.0,6,srnet,a82b9158f48a9b6f30022f411e7e5a1e615b62cd657e4bfca95bd9d9da6fe763
1,famous_le_100m,20,1.0,1.0,6,srnet,a82b9158f48a9b6f30022f411e7e5a1e615b62cd657e4bfca95bd9d9da6fe763
1,famous_le_100m,21,1.0,1.0,6,srnet,a82b9158f48a9b6f30022f411e7e5a1e615b62cd657e4bfca95bd9d9da6fe763
1,famous_le_100m,22,1.0,1.0,6,srnet,a82b9158f48a9b6f30022f411e7e5a1e615b62cd657e4bfca95bd9d9da6fe763
1,famous_le_100m,23,1.0,1.0,6,srnet,a82b9158f48a9b6f30022f411e7e5a1e615b62cd657e4bfca95bd9d9da6fe763
2,torch_pretrained_classification,0,0.8875,0.625,6,srnet,98d338b079aa4869d1e3b9329a0d7d7abd5c804be2656834860119f6c7df2feb
2,famous_le_10m,0,1.0,0.6,6,srnet,98d338b079aa4869d1e3b9329a0d7d7abd5c804be2656834860119f6c7df2feb
2,famous_le_10m,1,0.0,0.6,6,srnet,98d338b079aa4869d1e3b9329a0d7d7abd5c804be2656834860119f6c7df2feb
2,famous_le_10m,2,0.0,0.6,6,srnet,98d338b079aa4869d1e3b9329a0d7d7abd5c804be2656834860119f6c7df2feb
2,famous_le_10m,3,0.0,0.8,6,srnet,98d338b079aa4869d1e3b9329a0d7d7abd5c804be2656834860119f6c7df2feb
2,famous_le_10m,4,0.2,1.0,6,srnet,98d338b079aa4869d1e3b9329a0d7d7abd5c804be2656834860119f6c7df2feb
2,famous_le_10m,5,0.2,1.0,6,srnet,98d338b079aa4869d1e3b9329a0d7d7abd5c804be2656834860119f6c7df2feb
2,famous_le_10m,6,1.0,1.0,6,srnet,98d338b079aa4869d1e3b9329a0d7d7abd5c804be2656834860119f6c7df2feb
2,famous_le_10m,7,1.0,1.0,6,srnet,98d338b079aa4869d1e3b9329a0d7d7abd5c804be2656834860119f6c7df2feb
2,famous_le_10m,8,1.0,1.0,6,srnet,98d338b079aa4869d1e3b9329a0d7d7abd5c804be2656834860119f6c7df2feb
2,famous_le_10m,9,1.0,1.0,6,srnet,98d338b079aa4869d1e3b9329a0d7d7abd5c804be2656834860119f6c7df2feb
2,famous_le_10m,10,1.0,1.0,6,srnet,98d338b079aa4869d1e3b9329a0d7d7abd5c804be2656834860119f6c7df2feb
2,famous_le_10m,11,1.0,1.0,6,srnet,98d338b079aa4869d1e3b9329a0d7d7abd5c804be2656834860119f6c7df2feb
2,famous_le_10m,12,1.0,1.0,6,srnet,98d338b079aa4869d1e3b9329a0d7d7abd5c804be2656834860119f6c7df2feb
2,famous_le_10m,13,1.0,1.0,6,srnet,98d338b079aa4869d1e3b9329a0d7d7abd5c804be2656834860119f6c7df2feb
2,famous_le_10m,14,1.0,1.0,6,srnet,98d338b079aa4869d1e3b9329a0d7d7abd5c804be2656834860119f6c7df2feb
2,famous_le_10m,15,1.0,1.0,6,srnet,98d338b079aa4869d1e3b9329a0d7d7abd5c804be2656834860119f6c7df2feb
2,famous_le_10m,16,1.0,1.0,6,srnet,98d338b079aa4869d1e3b9329a0d7d7abd5c804be2656834860119f6c7df2feb
2,famous_le_10m,17,1.0,1.0,6,srnet,98d338b079aa4869d1e3b9329a0d7d7abd5c804be2656834860119f6c7df2feb
2,famous_le_10m,18,1.0,1.0,6,srnet,98d338b079aa4869d1e3b9329a0d7d7abd5c804be2656834860119f6c7df2feb
2,famous_le_10m,19,1.0,1.0,6,srnet,98d338b079aa4869d1e3b9329a0d7d7abd5c804be2656834860119f6c7df2feb
2,famous_le_10m,20,1.0,1.0,6,srnet,98d338b079aa4869d1e3b9329a0d7d7abd5c804be2656834860119f6c7df2feb
2,famous_le_10m,21,1.0,1.0,6,srnet,98d338b079aa4869d1e3b9329a0d7d7abd5c804be2656834860119f6c7df2feb
2,famous_le_10m,22,1.0,1.0,6,srnet,98d338b079aa4869d1e3b9329a0d7d7abd5c804be2656834860119f6c7df2feb
2,famous_le_10m,23,1.0,1.0,6,srnet,98d338b079aa4869d1e3b9329a0d7d7abd5c804be2656834860119f6c7df2feb
2,famous_le_100m,0,0.9285714285714286,0.5714285714285714,6,srnet,98d338b079aa4869d1e3b9329a0d7d7abd5c804be2656834860119f6c7df2feb
2,famous_le_100m,1,0.07142857142857142,0.42857142857142855,6,srnet,98d338b079aa4869d1e3b9329a0d7d7abd5c804be2656834860119f6c7df2feb
2,famous_le_100m,2,0.07142857142857142,0.42857142857142855,6,srnet,98d338b079aa4869d1e3b9329a0d7d7abd5c804be2656834860119f6c7df2feb
2,famous_le_100m,3,0.07142857142857142,0.5,6,srnet,98d338b079aa4869d1e3b9329a0d7d7abd5c804be2656834860119f6c7df2feb
2,famous_le_100m,4,0.07142857142857142,0.6428571428571429,6,srnet,98d338b079aa4869d1e3b9329a0d7d7abd5c804be2656834860119f6c7df2feb
2,famous_le_100m,5,0.2857142857142857,0.7857142857142857,6,srnet,98d338b079aa4869d1e3b9329a0d7d7abd5c804be2656834860119f6c7df2feb
2,famous_le_100m,6,0.5,0.9285714285714286,6,srnet,98d338b079aa4869d1e3b9329a0d7d7abd5c804be2656834860119f6c7df2feb
2,famous_le_100m,7,0.8571428571428571,1.0,6,srnet,98d338b079aa4869d1e3b9329a0d7d7abd5c804be2656834860119f6c7df2feb
2,famous_le_100m,8,0.8571428571428571,1.0,6,srnet,98d338b079aa4869d1e3b9329a0d7d7abd5c804be2656834860119f6c7df2feb
2,famous_le_100m,9,0.8571428571428571,1.0,6,srnet,98d338b079aa4869d1e3b9329a0d7d7abd5c804be2656834860119f6c7df2feb
2,famous_le_100m,10,0.9285714285714286,1.0,6,srnet,98d338b079aa4869d1e3b9329a0d7d7abd5c804be2656834860119f6c7df2feb
2,famous_le_100m,11,0.9285714285714286,1.0,6,srnet,98d338b079aa4869d1e3b9329a0d7d7abd5c804be2656834860119f6c7df2feb
2,famous_le_100m,12,0.9285714285714286,1.0,6,srnet,98d338b079aa4869d1e3b9329a0d7d7abd5c804be2656834860119f6c7df2feb
2,famous_le_100m,13,0.9285714285714286,1.0,6,srnet,98d338b079aa4869d1e3b9329a0d7d7abd5c804be2656834860119f6c7df2feb
2,famous_le_100m,14,1.0,1.0,6,srnet,98d338b079aa4869d1e3b9329a0d7d7abd5c804be2656834860119f6c7df2feb
2,famous_le_100m,15,1.0,1.0,6,srnet,98d338b079aa4869d1e3b9329a0d7d7abd5c804be2656834860119f6c7df2feb
2,famous_le_100m,16,1.0,1.0,6,srnet,98d338b079aa4869d1e3b9329a0d7d7abd5c804be2656834860119f6c7df2feb
2,famous_le_100m,17,1.0,1.0,6,srnet,98d338b079aa4869d1e3b9329a0d7d7abd5c804be2656834860119f6c7df2feb
2,famous_le_100m,18,1.0,1.0,6,srnet,98d338b079aa4869d1e3b9329a0d7d7abd5c804be2656834860119f6c7df2feb
2,famous_le_100m,19,1.0,1.0,6,srnet,98d338b079aa4869d1e3b9329a0d7d7abd5c804be2656834860119f6c7df2feb
2,famous_le_100m,20,1.0,1.0,6,srnet,98d338b079aa4869d1e3b9329a0d7d7abd5c804be2656834860119f6c7df2feb
2,famous_le_100m,21,1.0,1.0,6,srnet,98d338b079aa4869d1e3b9329a0d7d7abd5c804be2656834860119f6c7df2feb
2,famous_le_100m,22,1.0,1.0,6,srnet,98d338b079aa4869d1e3b9329a0d7d7abd5c804be2656834860119f6c7df2feb
2,famous_le_100m,23,1.0,1.0,6,srnet,98d338b079aa4869d1e3b9329a0d7d7abd5c804be2656834860119f6c7df2feb
3,torch_pretrained_classification,0,0.8875,0.325,6,srnet,1e899c41dc01d20b6485e6aec0230e0c001d19c6b8c444a8fcd33610c0e69af7
3,famous_le_10m,0,0.8,0.0,6,srnet,1e899c41dc01d20b6485e6aec0230e0c001d19c6b8c444a8fcd33610c0e69af7
3,famous_le_10m,1,0.2,1.0,6,srnet,1e899c41dc01d20b6485e6aec0230e0c001d19c6b8c444a8fcd33610c0e69af7
3,famous_le_10m,2,0.2,1.0,6,srnet,1e899c41dc01d20b6485e6aec0230e0c001d19c6b8c444a8fcd33610c0e69af7
3,famous_le_10m,3,0.2,1.0,6,srnet,1e899c41dc01d20b6485e6aec0230e0c001d19c6b8c444a8fcd33610c0e69af7
3,famous_le_10m,4,0.6,1.0,6,srnet,1e899c41dc01d20b6485e6aec0230e0c001d19c6b8c444a8fcd33610c0e69af7
3,famous_le_10m,5,1.0,1.0,6,srnet,1e899c41dc01d20b6485e6aec0230e0c001d19c6b8c444a8fcd33610c0e69af7
3,famous_le_10m,6,1.0,1.0,6,srnet,1e899c41dc01d20b6485e6aec0230e0c001d19c6b8c444a8fcd33610c0e69af7
3,famous_le_10m,7,1.0,1.0,6,srnet,1e899c41dc01d20b6485e6aec0230e0c001d19c6b8c444a8fcd33610c0e69af7
3,famous_le_10m,8,1.0,1.0,6,srnet,1e899c41dc01d20b6485e6aec0230e0c001d19c6b8c444a8fcd33610c0e69af7
3,famous_le_10m,9,1.0,1.0,6,srnet,1e899c41dc01d20b6485e6aec0230e0c001d19c6b8c444a8fcd33610c0e69af7
3,famous_le_10m,10,1.0,1.0,6,srnet,1e899c41dc01d20b6485e6aec0230e0c001d19c6b8c444a8fcd33610c0e69af7
3,famous_le_10m,11,1.0,1.0,6,srnet,1e899c41dc01d20b6485e6aec0230e0c001d19c6b8c444a8fcd33610c0e69af7
3,famous_le_10m,12,1.0,1.0,6,srnet,1e899c41dc01d20b6485e6aec0230e0c001d19c6b8c444a8fcd33610c0e69af7
3,famous_le_10m,13,1.0,1.0,6,srnet,1e899c41dc01d20b6485e6aec0230e0c001d19c6b8c444a8fcd33610c0e69af7
3,famous_le_10m,14,1.0,1.0,6,srnet,1e899c41dc01d20b6485e6aec0230e0c001d19c6b8c444a8fcd33610c0e69af7
3,famous_le_10m,15,1.0,1.0,6,srnet,1e899c41dc01d20b6485e6aec0230e0c001d19c6b8c444a8fcd33610c0e69af7
3,famous_le_10m,16,1.0,1.0,6,srnet,1e899c41dc01d20b6485e6aec0230e0c001d19c6b8c444a8fcd33610c0e69af7
3,famous_le_10m,17,1.0,1.0,6,srnet,1e899c41dc01d20b6485e6aec0230e0c001d19c6b8c444a8fcd33610c0e69af7
3,famous_le_10m,18,1.0,1.0,6,srnet,1e899c41dc01d20b6485e6aec0230e0c001d19c6b8c444a8fcd33610c0e69af7
3,famous_le_10m,19,1.0,1.0,6,srnet,1e899c41dc01d20b6485e6aec0230e0c001d19c6b8c444a8fcd33610c0e69af7
3,famous_le_10m,20,1.0,1.0,6,srnet,1e899c41dc01d20b6485e6aec0230e0c001d19c6b8c444a8fcd33610c0e69af7
3,famous_le_10m,21,1.0,1.0,6,srnet,1e899c41dc01d20b6485e6aec0230e0c001d19c6b8c444a8fcd33610c0e69af7
3,famous_le_10m,22,1.0,1.0,6,srnet,1e899c41dc01d20b6485e6aec0230e0c001d19c6b8c444a8fcd33610c0e69af7
3,famous_le_10m,23,1.0,1.0,6,srnet,1e899c41dc01d20b6485e6aec0230e0c001d19c6b8c444a8fcd33610c0e69af7
3,famous_le_100m,0,0.8571428571428571,0.5714285714285714,6,srnet,1e899c41dc01d20b6485e6aec0230e0c001d19c6b8c444a8fcd33610c0e69af7
3,famous_le_100m,1,0.14285714285714285,0.42857142857142855,6,srnet,1e899c41dc01d20b6485e6aec0230e0c001d19c6b8c444a8fcd33610c0e69af7
3,famous_le_100m,2,0.14285714285714285,0.42857142857142855,6,srnet,1e899c41dc01d20b6485e6aec0230e0c001d19c6b8c444a8fcd33610c0e69af7
3,famous_le_100m,3,0.14285714285714285,0.42857142857142855,6,srnet,1e899c41dc01d20b6485e6aec0230e0c001d19c6b8c444a8fcd33610c0e69af7
3,famous_le_100m,4,0.07142857142857142,0.6428571428571429,6,srnet,1e899c41dc01d20b6485e6aec0230e0c001d19c6b8c444a8fcd33610c0e69af7
3,famous_le_100m,5,0.21428571428571427,0.7857142857142857,6,srnet,1e899c41dc01d20b6485e6aec0230e0c001d19c6b8c444a8fcd33610c0e69af7
3,famous_le_100m,6,0.5,0.9285714285714286,6,srnet,1e899c41dc01d20b6485e6aec0230e0c001d19c6b8c444a8fcd33610c0e69af7
3,famous_le_100m,7,0.8571428571428571,1.0,6,srnet,1e899c41dc01d20b6485e6aec0230e0c001d19c6b8c444a8fcd33610c0e69af7
3,famous_le_100m,8,0.8571428571428571,1.0,6,srnet,1e899c41dc01d20b6485e6aec0230e0c001d19c6b8c444a8fcd33610c0e69af7
3,famous_le_100m,9,0.8571428571428571,1.0,6,srnet,1e899c41dc01d20b6485e6aec0230e0c001d19c6b8c444a8fcd33610c0e69af7
3,famous_le_100m,10,0.9285714285714286,1.0,6,srnet,1e899c41dc01d20b6485e6aec0230e0c001d19c6b8c444a8fcd33610c0e69af7
3,famous_le_100m,11,0.9285714285714286,1.0,6,srnet,1e899c41dc01d20b6485e6aec0230e0c001d19c6b8c444a8fcd33610c0e69af7
3,famous_le_100m,12,0.9285714285714286,1.0,6,srnet,1e899c41dc01d20b6485e6aec0230e0c001d19c6b8c444a8fcd33610c0e69af7
3,famous_le_100m,13,0.9285714285714286,1.0,6,srnet,1e899c41dc01d20b6485e6aec0230e0c001d19c6b8c444a8fcd33610c0e69af7
3,famous_le_100m,14,1.0,1.0,6,srnet,1e899c41dc01d20b6485e6aec0230e0c001d19c6b8c444a8fcd33610c0e69af7
3,famous_le_100m,15,1.0,1.0,6,srnet,1e899c41dc01d20b6485e6aec0230e0c001d19c6b8c444a8fcd33610c0e69af7
3,famous_le_100m,16,1.0,1.0,6,srnet,1e899c41dc01d20b6485e6aec0230e0c001d19c6b8c444a8fcd33610c0e69af7
3,famous_le_100m,17,1.0,1.0,6,srnet,1e899c41dc01d20b6485e6aec0230e0c001d19c6b8c444a8fcd33610c0e69af7
3,famous_le_100m,18,1.0,1.0,6,srnet,1e899c41dc01d20b6485e6aec0230e0c001d19c6b8c444a8fcd33610c0e69af7
3,famous_le_100m,19,1.0,1.0,6,srnet,1e899c41dc01d20b6485e6aec0230e0c001d19c6b8c444a8fcd33610c0e69af7
3,famous_le_100m,20,1.0,1.0,6,srnet,1e899c41dc01d20b6485e6aec0230e0c001d19c6b8c444a8fcd33610c0e69af7
3,famous_le_100m,21,1.0,1.0,6,srnet,1e899c41dc01d20b6485e6aec0230e0c001d19c6b8c444a8fcd33610c0e69af7
3,famous_le_100m,22,1.0,1.0,6,srnet,1e899c41dc01d20b6485e6aec0230e0c001d19c6b8c444a8fcd33610c0e69af7
3,famous_le_100m,23,1.0,1.0,6,srnet,1e899c41dc01d20b6485e6aec0230e0c001d19c6b8c444a8fcd33610c0e69af7
4,torch_pretrained_classification,0,0.9,0.5125,6,srnet,de6a589b5fde2c5729928f262f4d5a7bfb66a2a2b86d5a9883e9fd62459c19fd
4,famous_le_10m,0,1.0,0.4,6,srnet,de6a589b5fde2c5729928f262f4d5a7bfb66a2a2b86d5a9883e9fd62459c19fd
4,famous_le_10m,1,0.0,0.8,6,srnet,de6a589b5fde2c5729928f262f4d5a7bfb66a2a2b86d5a9883e9fd62459c19fd
4,famous_le_10m,2,0.0,0.8,6,srnet,de6a589b5fde2c5729928f262f4d5a7bfb66a2a2b86d5a9883e9fd62459c19fd
4,famous_le_10m,3,0.2,0.8,6,srnet,de6a589b5fde2c5729928f262f4d5a7bfb66a2a2b86d5a9883e9fd62459c19fd
4,famous_le_10m,4,0.2,1.0,6,srnet,de6a589b5fde2c5729928f262f4d5a7bfb66a2a2b86d5a9883e9fd62459c19fd
4,famous_le_10m,5,0.4,1.0,6,srnet,de6a589b5fde2c5729928f262f4d5a7bfb66a2a2b86d5a9883e9fd62459c19fd
4,famous_le_10m,6,1.0,1.0,6,srnet,de6a589b5fde2c5729928f262f4d5a7bfb66a2a2b86d5a9883e9fd62459c19fd
4,famous_le_10m,7,1.0,1.0,6,srnet,de6a589b5fde2c5729928f262f4d5a7bfb66a2a2b86d5a9883e9fd62459c19fd
4,famous_le_10m,8,1.0,1.0,6,srnet,de6a589b5fde2c5729928f262f4d5a7bfb66a2a2b86d5a9883e9fd62459c19fd
4,famous_le_10m,9,1.0,1.0,6,srnet,de6a589b5fde2c5729928f262f4d5a7bfb66a2a2b86d5a9883e9fd62459c19fd
4,famous_le_10m,10,1.0,1.0,6,srnet,de6a589b5fde2c5729928f262f4d5a7bfb66a2a2b86d5a9883e9fd62459c19fd
4,famous_le_10m,11,1.0,1.0,6,srnet,de6a589b5fde2c5729928f262f4d5a7bfb66a2a2b86d5a9883e9fd62459c19fd
4,famous_le_10m,12,1.0,1.0,6,srnet,de6a589b5fde2c5729928f262f4d5a7bfb66a2a2b86d5a9883e9fd62459c19fd
4,famous_le_10m,13,1.0,1.0,6,srnet,de6a589b5fde2c5729928f262f4d5a7bfb66a2a2b86d5a9883e9fd62459c19fd
4,famous_le_10m,14,1.0,1.0,6,srnet,de6a589b5fde2c5729928f262f4d5a7bfb66a2a2b86d5a9883e9fd62459c19fd
4,famous_le_10m,15,1.0,1.0,6,srnet,de6a589b5fde2c5729928f262f4d5a7bfb66a2a2b86d5a9883e9fd62459c19fd
4,famous_le_10m,16,1.0,1.0,6,srnet,de6a589b5fde2c5729928f262f4d5a7bfb66a2a2b86d5a9883e9fd62459c19fd
4,famous_le_10m,17,1.0,1.0,6,srnet,de6a589b5fde2c5729928f262f4d5a7bfb66a2a2b86d5a9883e9fd62459c19fd
4,famous_le_10m,18,1.0,1.0,6,srnet,de6a589b5fde2c5729928f262f4d5a7bfb66a2a2b86d5a9883e9fd62459c19fd
4,famous_le_10m,19,1.0,1.0,6,srnet,de6a589b5fde2c5729928f262f4d5a7bfb66a2a2b86d5a9883e9fd62459c19fd
4,famous_le_10m,20,1.0,1.0,6,srnet,de6a589b5fde2c5729928f262f4d5a7bfb66a2a2b86d5a9883e9fd62459c19fd
4,famous_le_10m,21,1.0,1.0,6,srnet,de6a589b5fde2c5729928f262f4d5a7bfb66a2a2b86d5a9883e9fd62459c19fd
4,famous_le_10m,22,1.0,1.0,6,srnet,de6a589b5fde2c5729928f262f4d5a7bfb66a2a2b86d5a9883e9fd62459c19fd
4,famous_le_10m,23,1.0,1.0,6,srnet,de6a589b5fde2c5729928f262f4d5a7bfb66a2a2b86d5a9883e9fd62459c19fd
4,famous_le_100m,0,0.8571428571428571,0.5,6,srnet,de6a589b5fde2c5729928f262f4d5a7bfb66a2a2b86d5a9883e9fd62459c19fd
4,famous_le_100m,1,0.14285714285714285,0.5,6,srnet,de6a589b5fde2c5729928f262f4d5a7bfb66a2a2b86d5a9883e9fd62459c19fd
4,famous_le_100m,2,0.07142857142857142,0.5,6,srnet,de6a589b5fde2c5729928f262f4d5a7bfb66a2a2b86d5a9883e9fd62459c19fd
4,famous_le_100m,3,0.07142857142857142,0.5,6,srnet,de6a589b5fde2c5729928f262f4d5a7bfb66a2a2b86d5a9883e9fd62459c19fd
4,famous_le_100m,4,0.07142857142857142,0.6428571428571429,6,srnet,de6a589b5fde2c5729928f262f4d5a7bfb66a2a2b86d5a9883e9fd62459c19fd
4,famous_le_100m,5,0.2857142857142857,0.7857142857142857,6,srnet,de6a589b5fde2c5729928f262f4d5a7bfb66a2a2b86d5a9883e9fd62459c19fd
4,famous_le_100m,6,0.5,0.9285714285714286,6,srnet,de6a589b5fde2c5729928f262f4d5a7bfb66a2a2b86d5a9883e9fd62459c19fd
4,famous_le_100m,7,0.8571428571428571,1.0,6,srnet,de6a589b5fde2c5729928f262f4d5a7bfb66a2a2b86d5a9883e9fd62459c19fd
4,famous_le_100m,8,0.8571428571428571,1.0,6,srnet,de6a589b5fde2c5729928f262f4d5a7bfb66a2a2b86d5a9883e9fd62459c19fd
4,famous_le_100m,9,0.8571428571428571,1.0,6,srnet,de6a589b5fde2c5729928f262f4d5a7bfb66a2a2b86d5a9883e9fd62459c19fd
4,famous_le_100m,10,0.9285714285714286,1.0,6,srnet,de6a589b5fde2c5729928f262f4d5a7bfb66a2a2b86d5a9883e9fd62459c19fd
4,famous_le_100m,11,0.9285714285714286,1.0,6,srnet,de6a589b5fde2c5729928f262f4d5a7bfb66a2a2b86d5a9883e9fd62459c19fd
4,famous_le_100m,12,0.9285714285714286,1.0,6,srnet,de6a589b5fde2c5729928f262f4d5a7bfb66a2a2b86d5a9883e9fd62459c19fd
4,famous_le_100m,13,0.9285714285714286,1.0,6,srnet,de6a589b5fde2c5729928f262f4d5a7bfb66a2a2b86d5a9883e9fd62459c19fd
4,famous_le_100m,14,1.0,1.0,6,srnet,de6a589b5fde2c5729928f262f4d5a7bfb66a2a2b86d5a9883e9fd62459c19fd
4,famous_le_100m,15,1.0,1.0,6,srnet,de6a589b5fde2c5729928f262f4d5a7bfb66a2a2b86d5a9883e9fd62459c19fd
4,famous_le_100m,16,1.0,1.0,6,srnet,de6a589b5fde2c5729928f262f4d5a7bfb66a2a2b86d5a9883e9fd62459c19fd
4,famous_le_100m,17,1.0,1.0,6,srnet,de6a589b5fde2c5729928f262f4d5a7bfb66a2a2b86d5a9883e9fd62459c19fd
4,famous_le_100m,18,1.0,1.0,6,srnet,de6a589b5fde2c5729928f262f4d5a7bfb66a2a2b86d5a9883e9fd62459c19fd
4,famous_le_100m,19,1.0,1.0,6,srnet,de6a589b5fde2c5729928f262f4d5a7bfb66a2a2b86d5a9883e9fd62459c19fd
4,famous_le_100m,20,1.0,1.0,6,srnet,de6a589b5fde2c5729928f262f4d5a7bfb66a2a2b86d5a9883e9fd62459c19fd
4,famous_le_100m,21,1.0,1.0,6,srnet,de6a589b5fde2c5729928f262f4d5a7bfb66a2a2b86d5a9883e9fd62459c19fd
4,famous_le_100m,22,1.0,1.0,6,srnet,de6a589b5fde2c5729928f262f4d5a7bfb66a2a2b86d5a9883e9fd62459c19fd
4,famous_le_100m,23,1.0,1.0,6,srnet,de6a589b5fde2c5729928f262f4d5a7bfb66a2a2b86d5a9883e9fd62459c19fd
0,torch_pretrained_classification,0,0.95,0.4875,7,srnet,b32494a046ccc04747ada5d294ef859d0517a421bd9818c91c753c0f9875e289
0,famous_le_10m,0,1.0,0.0,7,srnet,b32494a046ccc04747ada5d294ef859d0517a421bd9818c91c753c0f9875e289
0,famous_le_10m,1,0.0,1.0,7,srnet,b32494a046ccc04747ada5d294ef859d0517a421bd9818c91c753c0f9875e289
0,famous_le_10m,2,0.0,1.0,7,srnet,b32494a046ccc04747ada5d294ef859d0517a421bd9818c91c753c0f9875e289
0,famous_le_10m,3,0.0,1.0,7,srnet,b32494a046ccc04747ada5d294ef859d0517a421bd9818c91c753c0f9875e289
0,famous_le_10m,4,0.0,1.0,7,srnet,b32494a046ccc04747ada5d294ef859d0517a421bd9818c91c753c0f9875e289
0,famous_le_10m,5,0.0,1.0,7,srnet,b32494a046ccc04747ada5d294ef859d0517a421bd9818c91c753c0f9875e289
0,famous_le_10m,6,0.4,1.0,7,srnet,b32494a046ccc04747ada5d294ef859d0517a421bd9818c91c753c0f9875e289
0,famous_le_10m,7,1.0,1.0,7,srnet,b32494a046ccc04747ada5d294ef859d0517a421bd9818c91c753c0f9875e289
0,famous_le_10m,8,1.0,1.0,7,srnet,b32494a046ccc04747ada5d294ef859d0517a421bd9818c91c753c0f9875e289
0,famous_le_10m,9,1.0,1.0,7,srnet,b32494a046ccc04747ada5d294ef859d0517a421bd9818c91c753c0f9875e289
0,famous_le_10m,10,1.0,1.0,7,srnet,b32494a046ccc04747ada5d294ef859d0517a421bd9818c91c753c0f9875e289
0,famous_le_10m,11,1.0,1.0,7,srnet,b32494a046ccc04747ada5d294ef859d0517a421bd9818c91c753c0f9875e289
0,famous_le_10m,12,1.0,1.0,7,srnet,b32494a046ccc04747ada5d294ef859d0517a421bd9818c91c753c0f9875e289
0,famous_le_10m,13,1.0,1.0,7,srnet,b32494a046ccc04747ada5d294ef859d0517a421bd9818c91c753c0f9875e289
0,famous_le_10m,14,1.0,1.0,7,srnet,b32494a046ccc04747ada5d294ef859d0517a421bd9818c91c753c0f9875e289
0,famous_le_10m,15,1.0,1.0,7,srnet,b32494a046ccc04747ada5d294ef859d0517a421bd9818c91c753c0f9875e289
0,famous_le_10m,16,1.0,1.0,7,srnet,b32494a046ccc04747ada5d294ef859d0517a421bd9818c91c753c0f9875e289
0,famous_le_10m,17,1.0,1.0,7,srnet,b32494a046ccc04747ada5d294ef859d0517a421bd9818c91c753c0f9875e289
0,famous_le_10m,18,1.0,1.0,7,srnet,b32494a046ccc04747ada5d294ef859d0517a421bd9818c91c753c0f9875e289
0,famous_le_10m,19,1.0,1.0,7,srnet,b32494a046ccc04747ada5d294ef859d0517a421bd9818c91c753c0f9875e289
0,famous_le_10m,20,1.0,1.0,7,srnet,b32494a046ccc04747ada5d294ef859d0517a421bd9818c91c753c0f9875e289
0,famous_le_10m,21,1.0,1.0,7,srnet,b32494a046ccc04747ada5d294ef859d0517a421bd9818c91c753c0f9875e289
0,famous_le_10m,22,1.0,1.0,7,srnet,b32494a046ccc04747ada5d294ef859d0517a421bd9818c91c753c0f9875e289
0,famous_le_10m,23,1.0,1.0,7,srnet,b32494a046ccc04747ada5d294ef859d0517a421bd9818c91c753c0f9875e289
0,famous_le_100m,0,0.9285714285714286,0.5714285714285714,7,srnet,b32494a046ccc04747ada5d294ef859d0517a421bd9818c91c753c0f9875e289
0,famous_le_100m,1,0.07142857142857142,0.42857142857142855,7,srnet,b32494a046ccc04747ada5d294ef859d0517a421bd9818c91c753c0f9875e289
0,famous_le_100m,2,0.07142857142857142,0.42857142857142855,7,srnet,b32494a046ccc04747ada5d294ef859d0517a421bd9818c91c753c0f9875e289
0,famous_le_100m,3,0.07142857142857142,0.5,7,srnet,b32494a046ccc04747ada5d294ef859d0517a421bd9818c91c753c0f9875e289
0,famous_le_100m,4,0.07142857142857142,0.6428571428571429,7,srnet,b32494a046ccc04747ada5d294ef859d0517a421bd9818c91c753c0f9875e289
0,famous_le_100m,5,0.07142857142857142,0.7857142857142857,7,srnet,b32494a046ccc04747ada5d294ef859d0517a421bd9818c91c753c0f9875e289
0,famous_le_100m,6,0.42857142857142855,0.9285714285714286,7,srnet,b32494a046ccc04747ada5d294ef859d0517a421bd9818c91c753c0f9875e289
0,famous_le_100m,7,0.6428571428571429,1.0,7,srnet,b32494a046ccc04747ada5d294ef859d0517a421bd9818c91c753c0f9875e289
0,famous_le_100m,8,0.8571428571428571,1.0,7,srnet,b32494a046ccc04747ada5d294ef859d0517a421bd9818c91c753c0f9875e289
0,famous_le_100m,9,0.8571428571428571,1.0,7,srnet,b32494a046ccc04747ada5d294ef859d0517a421bd9818c91c753c0f9875e289
0,famous_le_100m,10,0.9285714285714286,1.0,7,srnet,b32494a046ccc04747ada5d294ef859d0517a421bd9818c91c753c0f9875e289
0,famous_le_100m,11,0.9285714285714286,1.0,7,srnet,b32494a046ccc04747ada5d294ef859d0517a421bd9818c91c753c0f9875e289
0,famous_le_100m,12,0.9285714285714286,1.0,7,srnet,b32494a046ccc04747ada5d294ef859d0517a421bd9818c91c753c0f9875e289
0,famous_le_100m,13,0.9285714285714286,1.0,7,srnet,b32494a046ccc04747ada5d294ef859d0517a421bd9818c91c753c0f9875e289
0,famous_le_100m,14,1.0,1.0,7,srnet,b32494a046ccc04747ada5d294ef859d0517a421bd9818c91c753c0f9875e289
0,famous_le_100m,15,1.0,1.0,7,srnet,b32494a046ccc04747ada5d294ef859d0517a421bd9818c91c753c0f9875e289
0,famous_le_100m,16,1.0,1.0,7,srnet,b32494a046ccc04747ada5d294ef859d0517a421bd9818c91c753c0f9875e289
0,famous_le_100m,17,1.0,1.0,7,srnet,b32494a046ccc04747ada5d294ef859d0517a421bd9818c91c753c0f9875e289
0,famous_le_100m,18,1.0,1.0,7,srnet,b32494a046ccc04747ada5d294ef859d0517a421bd9818c91c753c0f9875e289
0,famous_le_100m,19,1.0,1.0,7,srnet,b32494a046ccc04747ada5d294ef859d0517a421bd9818c91c753c0f9875e289
0,famous_le_100m,20,1.0,1.0,7,srnet,b32494a046ccc04747ada5d294ef859d0517a421bd9818c91c753c0f9875e289
0,famous_le_100m,21,1.0,1.0,7,srnet,b32494a046ccc04747ada5d294ef859d0517a421bd9818c91c753c0f9875e289
0,famous_le_100m,22,1.0,1.0,7,srnet,b32494a046ccc04747ada5d294ef859d0517a421bd9818c91c753c0f9875e289
0,famous_le_100m,23,1.0,1.0,7,srnet,b32494a046ccc04747ada5d294ef859d0517a421bd9818c91c753c0f9875e289
1,torch_pretrained_classification,0,0.95,0.5375,7,srnet,0889f1a7272189bb05824a97df1ad4162495d1a8c73bebbcd969830c1dca2c47
1,famous_le_10m,0,1.0,0.4,7,srnet,0889f1a7272189bb05824a97df1ad4162495d1a8c73bebbcd969830c1dca2c47
1,famous_le_10m,1,0.0,0.8,7,srnet,0889f1a7272189bb05824a97df1ad4162495d1a8c73bebbcd969830c1dca2c47
1,famous_le_10m,2,0.0,0.8,7,srnet,0889f1a7272189bb05824a97df1ad4162495d1a8c73bebbcd969830c1dca2c47
1,famous_le_10m,3,0.0,1.0,7,srnet,0889f1a7272189bb05824a97df1ad4162495d1a8c73bebbcd969830c1dca2c47
1,famous_le_10m,4,0.0,1.0,7,srnet,0889f1a7272189bb05824a97df1ad4162495d1a8c73bebbcd969830c1dca2c47
1,famous_le_10m,5,0.0,1.0,7,srnet,0889f1a7272189bb05824a97df1ad4162495d1a8c73bebbcd969830c1dca2c47
1,famous_le_10m,6,0.4,1.0,7,srnet,0889f1a7272189bb05824a97df1ad4162495d1a8c73bebbcd969830c1dca2c47
1,famous_le_10m,7,1.0,1.0,7,srnet,0889f1a7272189bb05824a97df1ad4162495d1a8c73bebbcd969830c1dca2c47
1,famous_le_10m,8,1.0,1.0,7,srnet,0889f1a7272189bb05824a97df1ad4162495d1a8c73bebbcd969830c1dca2c47
1,famous_le_10m,9,1.0,1.0,7,srnet,0889f1a7272189bb05824a97df1ad4162495d1a8c73bebbcd969830c1dca2c47
1,famous_le_10m,10,1.0,1.0,7,srnet,0889f1a7272189bb05824a97df1ad4162495d1a8c73bebbcd969830c1dca2c47
1,famous_le_10m,11,1.0,1.0,7,srnet,0889f1a7272189bb05824a97df1ad4162495d1a8c73bebbcd969830c1dca2c47
1,famous_le_10m,12,1.0,1.0,7,srnet,0889f1a7272189bb05824a97df1ad4162495d1a8c73bebbcd969830c1dca2c47
1,famous_le_10m,13,1.0,1.0,7,srnet,0889f1a7272189bb05824a97df1ad4162495d1a8c73bebbcd969830c1dca2c47
1,famous_le_10m,14,1.0,1.0,7,srnet,0889f1a7272189bb05824a97df1ad4162495d1a8c73bebbcd969830c1dca2c47
1,famous_le_10m,15,1.0,1.0,7,srnet,0889f1a7272189bb05824a97df1ad4162495d1a8c73bebbcd969830c1dca2c47
1,famous_le_10m,16,1.0,1.0,7,srnet,0889f1a7272189bb05824a97df1ad4162495d1a8c73bebbcd969830c1dca2c47
1,famous_le_10m,17,1.0,1.0,7,srnet,0889f1a7272189bb05824a97df1ad4162495d1a8c73bebbcd969830c1dca2c47
1,famous_le_10m,18,1.0,1.0,7,srnet,0889f1a7272189bb05824a97df1ad4162495d1a8c73bebbcd969830c1dca2c47
1,famous_le_10m,19,1.0,1.0,7,srnet,0889f1a7272189bb05824a97df1ad4162495d1a8c73bebbcd969830c1dca2c47
1,famous_le_10m,20,1.0,1.0,7,srnet,0889f1a7272189bb05824a97df1ad4162495d1a8c73bebbcd969830c1dca2c47
1,famous_le_10m,21,1.0,1.0,7,srnet,0889f1a7272189bb05824a97df1ad4162495d1a8c73bebbcd969830c1dca2c47
1,famous_le_10m,22,1.0,1.0,7,srnet,0889f1a7272189bb05824a97df1ad4162495d1a8c73bebbcd969830c1dca2c47
1,famous_le_10m,23,1.0,1.0,7,srnet,0889f1a7272189bb05824a97df1ad4162495d1a8c73bebbcd969830c1dca2c47
1,famous_le_100m,0,0.9285714285714286,0.5714285714285714,7,srnet,0889f1a7272189bb05824a97df1ad4162495d1a8c73bebbcd969830c1dca2c47
1,famous_le_100m,1,0.07142857142857142,0.42857142857142855,7,srnet,0889f1a7272189bb05824a97df1ad4162495d1a8c73bebbcd969830c1dca2c47
1,famous_le_100m,2,0.07142857142857142,0.42857142857142855,7,srnet,0889f1a7272189bb05824a97df1ad4162495d1a8c73bebbcd969830c1dca2c47
1,famous_le_100m,3,0.07142857142857142,0.42857142857142855,7,srnet,0889f1a7272189bb05824a97df1ad4162495d1a8c73bebbcd969830c1dca2c47
1,famous_le_100m,4,0.07142857142857142,0.6428571428571429,7,srnet,0889f1a7272189bb05824a97df1ad4162495d1a8c73bebbcd969830c1dca2c47
1,famous_le_100m,5,0.07142857142857142,0.7857142857142857,7,srnet,0889f1a7272189bb05824a97df1ad4162495d1a8c73bebbcd969830c1dca2c47
1,famous_le_100m,6,0.42857142857142855,0.9285714285714286,7,srnet,0889f1a7272189bb05824a97df1ad4162495d1a8c73bebbcd969830c1dca2c47
1,famous_le_100m,7,0.7142857142857143,0.9285714285714286,7,srnet,0889f1a7272189bb05824a97df1ad4162495d1a8c73bebbcd969830c1dca2c47
1,famous_le_100m,8,0.8571428571428571,0.9285714285714286,7,srnet,0889f1a7272189bb05824a97df1ad4162495d1a8c73bebbcd969830c1dca2c47
1,famous_le_100m,9,0.8571428571428571,0.9285714285714286,7,srnet,0889f1a7272189bb05824a97df1ad4162495d1a8c73bebbcd969830c1dca2c47
1,famous_le_100m,10,0.9285714285714286,0.9285714285714286,7,srnet,0889f1a7272189bb05824a97df1ad4162495d1a8c73bebbcd969830c1dca2c47
1,famous_le_100m,11,0.9285714285714286,0.9285714285714286,7,srnet,0889f1a7272189bb05824a97df1ad4162495d1a8c73bebbcd969830c1dca2c47
1,famous_le_100m,12,0.9285714285714286,0.9285714285714286,7,srnet,0889f1a7272189bb05824a97df1ad4162495d1a8c73bebbcd969830c1dca2c47
1,famous_le_100m,13,0.9285714285714286,1.0,7,srnet,0889f1a7272189bb05824a97df1ad4162495d1a8c73bebbcd969830c1dca2c47
1,famous_le_100m,14,1.0,1.0,7,srnet,0889f1a7272189bb05824a97df1ad4162495d1a8c73bebbcd969830c1dca2c47
1,famous_le_100m,15,1.0,1.0,7,srnet,0889f1a7272189bb05824a97df1ad4162495d1a8c73bebbcd969830c1dca2c47
1,famous_le_100m,16,1.0,1.0,7,srnet,0889f1a7272189bb05824a97df1ad4162495d1a8c73bebbcd969830c1dca2c47
1,famous_le_100m,17,1.0,1.0,7,srnet,0889f1a7272189bb05824a97df1ad4162495d1a8c73bebbcd969830c1dca2c47
1,famous_le_100m,18,1.0,1.0,7,srnet,0889f1a7272189bb05824a97df1ad4162495d1a8c73bebbcd969830c1dca2c47
1,famous_le_100m,19,1.0,1.0,7,srnet,0889f1a7272189bb05824a97df1ad4162495d1a8c73bebbcd969830c1dca2c47
1,famous_le_100m,20,1.0,1.0,7,srnet,0889f1a7272189bb05824a97df1ad4162495d1a8c73bebbcd969830c1dca2c47
1,famous_le_100m,21,1.0,1.0,7,srnet,0889f1a7272189bb05824a97df1ad4162495d1a8c73bebbcd969830c1dca2c47
1,famous_le_100m,22,1.0,1.0,7,srnet,0889f1a7272189bb05824a97df1ad4162495d1a8c73bebbcd969830c1dca2c47
1,famous_le_100m,23,1.0,1.0,7,srnet,0889f1a7272189bb05824a97df1ad4162495d1a8c73bebbcd969830c1dca2c47
2,torch_pretrained_classification,0,0.95,0.6625,7,srnet,024fab095e1351d153edf68f7b92356f3325de496cf3cd40cc5da893d0031c0b
2,famous_le_10m,0,1.0,0.4,7,srnet,024fab095e1351d153edf68f7b92356f3325de496cf3cd40cc5da893d0031c0b
2,famous_le_10m,1,0.0,0.6,7,srnet,024fab095e1351d153edf68f7b92356f3325de496cf3cd40cc5da893d0031c0b
2,famous_le_10m,2,0.0,0.6,7,srnet,024fab095e1351d153edf68f7b92356f3325de496cf3cd40cc5da893d0031c0b
2,famous_le_10m,3,0.0,0.8,7,srnet,024fab095e1351d153edf68f7b92356f3325de496cf3cd40cc5da893d0031c0b
2,famous_le_10m,4,0.0,0.6,7,srnet,024fab095e1351d153edf68f7b92356f3325de496cf3cd40cc5da893d0031c0b
2,famous_le_10m,5,0.0,0.4,7,srnet,024fab095e1351d153edf68f7b92356f3325de496cf3cd40cc5da893d0031c0b
2,famous_le_10m,6,0.4,0.0,7,srnet,024fab095e1351d153edf68f7b92356f3325de496cf3cd40cc5da893d0031c0b
2,famous_le_10m,7,1.0,0.4,7,srnet,024fab095e1351d153edf68f7b92356f3325de496cf3cd40cc5da893d0031c0b
2,famous_le_10m,8,1.0,1.0,7,srnet,024fab095e1351d153edf68f7b92356f3325de496cf3cd40cc5da893d0031c0b
2,famous_le_10m,9,1.0,1.0,7,srnet,024fab095e1351d153edf68f7b92356f3325de496cf3cd40cc5da893d0031c0b
2,famous_le_10m,10,1.0,1.0,7,srnet,024fab095e1351d153edf68f7b92356f3325de496cf3cd40cc5da893d0031c0b
2,famous_le_10m,11,1.0,1.0,7,srnet,024fab095e1351d153edf68f7b92356f3325de496cf3cd40cc5da893d0031c0b
2,famous_le_10m,12,1.0,1.0,7,srnet,024fab095e1351d153edf68f7b92356f3325de496cf3cd40cc5da893d0031c0b
2,famous_le_10m,13,1.0,1.0,7,srnet,024fab095e1351d153edf68f7b92356f3325de496cf3cd40cc5da893d0031c0b
2,famous_le_10m,14,1.0,1.0,7,srnet,024fab095e1351d153edf68f7b92356f3325de496cf3cd40cc5da893d0031c0b
2,famous_le_10m,15,1.0,1.0,7,srnet,024fab095e1351d153edf68f7b92356f3325de496cf3cd40cc5da893d0031c0b
2,famous_le_10m,16,1.0,1.0,7,srnet,024fab095e1351d153edf68f7b92356f3325de496cf3cd40cc5da893d0031c0b
2,famous_le_10m,17,1.0,1.0,7,srnet,024fab095e1351d153edf68f7b92356f3325de496cf3cd40cc5da893d0031c0b
2,famous_le_10m,18,1.0,1.0,7,srnet,024fab095e1351d153edf68f7b92356f3325de496cf3cd40cc5da893d0031c0b
2,famous_le_10m,19,1.0,1.0,7,srnet,024fab095e1351d153edf68f7b92356f3325de496cf3cd40cc5da893d0031c0b
2,famous_le_10m,20,1.0,1.0,7,srnet,024fab095e1351d153edf68f7b92356f3325de496cf3cd40cc5da893d0031c0b
2,famous_le_10m,21,1.0,1.0,7,srnet,024fab095e1351d153edf68f7b92356f3325de496cf3cd40cc5da893d0031c0b
2,famous_le_10m,22,1.0,1.0,7,srnet,024fab095e1351d153edf68f7b92356f3325de496cf3cd40cc5da893d0031c0b
2,famous_le_10m,23,1.0,1.0,7,srnet,024fab095e1351d153edf68f7b92356f3325de496cf3cd40cc5da893d0031c0b
2,famous_le_100m,0,0.9285714285714286,0.7142857142857143,7,srnet,024fab095e1351d153edf68f7b92356f3325de496cf3cd40cc5da893d0031c0b
2,famous_le_100m,1,0.07142857142857142,0.2857142857142857,7,srnet,024fab095e1351d153edf68f7b92356f3325de496cf3cd40cc5da893d0031c0b
2,famous_le_100m,2,0.07142857142857142,0.2857142857142857,7,srnet,024fab095e1351d153edf68f7b92356f3325de496cf3cd40cc5da893d0031c0b
2,famous_le_100m,3,0.07142857142857142,0.2857142857142857,7,srnet,024fab095e1351d153edf68f7b92356f3325de496cf3cd40cc5da893d0031c0b
2,famous_le_100m,4,0.07142857142857142,0.42857142857142855,7,srnet,024fab095e1351d153edf68f7b92356f3325de496cf3cd40cc5da893d0031c0b
2,famous_le_100m,5,0.07142857142857142,0.2857142857142857,7,srnet,024fab095e1351d153edf68f7b92356f3325de496cf3cd40cc5da893d0031c0b
2,famous_le_100m,6,0.42857142857142855,0.35714285714285715,7,srnet,024fab095e1351d153edf68f7b92356f3325de496cf3cd40cc5da893d0031c0b
2,famous_le_100m,7,0.6428571428571429,0.6428571428571429,7,srnet,024fab095e1351d153edf68f7b92356f3325de496cf3cd40cc5da893d0031c0b
2,famous_le_100m,8,0.8571428571428571,1.0,7,srnet,024fab095e1351d153edf68f7b92356f3325de496cf3cd40cc5da893d0031c0b
2,famous_le_100m,9,0.8571428571428571,1.0,7,srnet,024fab095e1351d153edf68f7b92356f3325de496cf3cd40cc5da893d0031c0b
2,famous_le_100m,10,0.9285714285714286,0.9285714285714286,7,srnet,024fab095e1351d153edf68f7b92356f3325de496cf3cd40cc5da893d0031c0b
2,famous_le_100m,11,0.9285714285714286,1.0,7,srnet,024fab095e1351d153edf68f7b92356f3325de496cf3cd40cc5da893d0031c0b
2,famous_le_100m,12,0.9285714285714286,1.0,7,srnet,024fab095e1351d153edf68f7b92356f3325de496cf3cd40cc5da893d0031c0b
2,famous_le_100m,13,0.9285714285714286,1.0,7,srnet,024fab095e1351d153edf68f7b92356f3325de496cf3cd40cc5da893d0031c0b
2,famous_le_100m,14,1.0,0.9285714285714286,7,srnet,024fab095e1351d153edf68f7b92356f3325de496cf3cd40cc5da893d0031c0b
2,famous_le_100m,15,1.0,1.0,7,srnet,024fab095e1351d153edf68f7b92356f3325de496cf3cd40cc5da893d0031c0b
2,famous_le_100m,16,1.0,1.0,7,srnet,024fab095e1351d153edf68f7b92356f3325de496cf3cd40cc5da893d0031c0b
2,famous_le_100m,17,1.0,1.0,7,srnet,024fab095e1351d153edf68f7b92356f3325de496cf3cd40cc5da893d0031c0b
2,famous_le_100m,18,1.0,1.0,7,srnet,024fab095e1351d153edf68f7b92356f3325de496cf3cd40cc5da893d0031c0b
2,famous_le_100m,19,1.0,1.0,7,srnet,024fab095e1351d153edf68f7b92356f3325de496cf3cd40cc5da893d0031c0b
2,famous_le_100m,20,1.0,1.0,7,srnet,024fab095e1351d153edf68f7b92356f3325de496cf3cd40cc5da893d0031c0b
2,famous_le_100m,21,1.0,1.0,7,srnet,024fab095e1351d153edf68f7b92356f3325de496cf3cd40cc5da893d0031c0b
2,famous_le_100m,22,1.0,1.0,7,srnet,024fab095e1351d153edf68f7b92356f3325de496cf3cd40cc5da893d0031c0b
2,famous_le_100m,23,1.0,1.0,7,srnet,024fab095e1351d153edf68f7b92356f3325de496cf3cd40cc5da893d0031c0b
3,torch_pretrained_classification,0,0.95,0.5375,7,srnet,d7d964105d34d9213feb89cde13a3200ab4d10aa7f6bd4b7a1891f53b1ed8539
3,famous_le_10m,0,1.0,0.4,7,srnet,d7d964105d34d9213feb89cde13a3200ab4d10aa7f6bd4b7a1891f53b1ed8539
3,famous_le_10m,1,0.0,0.8,7,srnet,d7d964105d34d9213feb89cde13a3200ab4d10aa7f6bd4b7a1891f53b1ed8539
3,famous_le_10m,2,0.0,0.8,7,srnet,d7d964105d34d9213feb89cde13a3200ab4d10aa7f6bd4b7a1891f53b1ed8539
3,famous_le_10m,3,0.0,1.0,7,srnet,d7d964105d34d9213feb89cde13a3200ab4d10aa7f6bd4b7a1891f53b1ed8539
3,famous_le_10m,4,0.0,1.0,7,srnet,d7d964105d34d9213feb89cde13a3200ab4d10aa7f6bd4b7a1891f53b1ed8539
3,famous_le_10m,5,0.0,1.0,7,srnet,d7d964105d34d9213feb89cde13a3200ab4d10aa7f6bd4b7a1891f53b1ed8539
3,famous_le_10m,6,0.4,1.0,7,srnet,d7d964105d34d9213feb89cde13a3200ab4d10aa7f6bd4b7a1891f53b1ed8539
3,famous_le_10m,7,1.0,1.0,7,srnet,d7d964105d34d9213feb89cde13a3200ab4d10aa7f6bd4b7a1891f53b1ed8539
3,famous_le_10m,8,1.0,1.0,7,srnet,d7d964105d34d9213feb89cde13a3200ab4d10aa7f6bd4b7a1891f53b1ed8539
3,famous_le_10m,9,1.0,1.0,7,srnet,d7d964105d34d9213feb89cde13a3200ab4d10aa7f6bd4b7a1891f53b1ed8539
3,famous_le_10m,10,1.0,1.0,7,srnet,d7d964105d34d9213feb89cde13a3200ab4d10aa7f6bd4b7a1891f53b1ed8539
3,famous_le_10m,11,1.0,1.0,7,srnet,d7d964105d34d9213feb89cde13a3200ab4d10aa7f6bd4b7a1891f53b1ed8539
3,famous_le_10m,12,1.0,1.0,7,srnet,d7d964105d34d9213feb89cde13a3200ab4d10aa7f6bd4b7a1891f53b1ed8539
3,famous_le_10m,13,1.0,1.0,7,srnet,d7d964105d34d9213feb89cde13a3200ab4d10aa7f6bd4b7a1891f53b1ed8539
3,famous_le_10m,14,1.0,1.0,7,srnet,d7d964105d34d9213feb89cde13a3200ab4d10aa7f6bd4b7a1891f53b1ed8539
3,famous_le_10m,15,1.0,1.0,7,srnet,d7d964105d34d9213feb89cde13a3200ab4d10aa7f6bd4b7a1891f53b1ed8539
3,famous_le_10m,16,1.0,1.0,7,srnet,d7d964105d34d9213feb89cde13a3200ab4d10aa7f6bd4b7a1891f53b1ed8539
3,famous_le_10m,17,1.0,1.0,7,srnet,d7d964105d34d9213feb89cde13a3200ab4d10aa7f6bd4b7a1891f53b1ed8539
3,famous_le_10m,18,1.0,1.0,7,srnet,d7d964105d34d9213feb89cde13a3200ab4d10aa7f6bd4b7a1891f53b1ed8539
3,famous_le_10m,19,1.0,1.0,7,srnet,d7d964105d34d9213feb89cde13a3200ab4d10aa7f6bd4b7a1891f53b1ed8539
3,famous_le_10m,20,1.0,1.0,7,srnet,d7d964105d34d9213feb89cde13a3200ab4d10aa7f6bd4b7a1891f53b1ed8539
3,famous_le_10m,21,1.0,1.0,7,srnet,d7d964105d34d9213feb89cde13a3200ab4d10aa7f6bd4b7a1891f53b1ed8539
3,famous_le_10m,22,1.0,1.0,7,srnet,d7d964105d34d9213feb89cde13a3200ab4d10aa7f6bd4b7a1891f53b1ed8539
3,famous_le_10m,23,1.0,1.0,7,srnet,d7d964105d34d9213feb89cde13a3200ab4d10aa7f6bd4b7a1891f53b1ed8539
3,famous_le_100m,0,0.9285714285714286,0.5714285714285714,7,srnet,d7d964105d34d9213feb89cde13a3200ab4d10aa7f6bd4b7a1891f53b1ed8539
3,famous_le_100m,1,0.07142857142857142,0.42857142857142855,7,srnet,d7d964105d34d9213feb89cde13a3200ab4d10aa7f6bd4b7a1891f53b1ed8539
3,famous_le_100m,2,0.07142857142857142,0.42857142857142855,7,srnet,d7d964105d34d9213feb89cde13a3200ab4d10aa7f6bd4b7a1891f53b1ed8539
3,famous_le_100m,3,0.07142857142857142,0.5,7,srnet,d7d964105d34d9213feb89cde13a3200ab4d10aa7f6bd4b7a1891f53b1ed8539
3,famous_le_100m,4,0.07142857142857142,0.6428571428571429,7,srnet,d7d964105d34d9213feb89cde13a3200ab4d10aa7f6bd4b7a1891f53b1ed8539
3,famous_le_100m,5,0.07142857142857142,0.7857142857142857,7,srnet,d7d964105d34d9213feb89cde13a3200ab4d10aa7f6bd4b7a1891f53b1ed8539
3,famous_le_100m,6,0.42857142857142855,0.9285714285714286,7,srnet,d7d964105d34d9213feb89cde13a3200ab4d10aa7f6bd4b7a1891f53b1ed8539
3,famous_le_100m,7,0.6428571428571429,1.0,7,srnet,d7d964105d34d9213feb89cde13a3200ab4d10aa7f6bd4b7a1891f53b1ed8539
3,famous_le_100m,8,0.8571428571428571,1.0,7,srnet,d7d964105d34d9213feb89cde13a3200ab4d10aa7f6bd4b7a1891f53b1ed8539
3,famous_le_100m,9,0.8571428571428571,1.0,7,srnet,d7d964105d34d9213feb89cde13a3200ab4d10aa7f6bd4b7a1891f53b1ed8539
3,famous_le_100m,10,0.9285714285714286,0.9285714285714286,7,srnet,d7d964105d34d9213feb89cde13a3200ab4d10aa7f6bd4b7a1891f53b1ed8539
3,famous_le_100m,11,0.9285714285714286,1.0,7,srnet,d7d964105d34d9213feb89cde13a3200ab4d10aa7f6bd4b7a1891f53b1ed8539
3,famous_le_100m,12,0.9285714285714286,1.0,7,srnet,d7d964105d34d9213feb89cde13a3200ab4d10aa7f6bd4b7a1891f53b1ed8539
3,famous_le_100m,13,0.9285714285714286,1.0,7,srnet,d7d964105d34d9213feb89cde13a3200ab4d10aa7f6bd4b7a1891f53b1ed8539
3,famous_le_100m,14,1.0,1.0,7,srnet,d7d964105d34d9213feb89cde13a3200ab4d10aa7f6bd4b7a1891f53b1ed8539
3,famous_le_100m,15,1.0,1.0,7,srnet,d7d964105d34d9213feb89cde13a3200ab4d10aa7f6bd4b7a1891f53b1ed8539
3,famous_le_100m,16,1.0,1.0,7,srnet,d7d964105d34d9213feb89cde13a3200ab4d10aa7f6bd4b7a1891f53b1ed8539
3,famous_le_100m,17,1.0,1.0,7,srnet,d7d964105d34d9213feb89cde13a3200ab4d10aa7f6bd4b7a1891f53b1ed8539
3,famous_le_100m,18,1.0,1.0,7,srnet,d7d964105d34d9213feb89cde13a3200ab4d10aa7f6bd4b7a1891f53b1ed8539
3,famous_le_100m,19,1.0,1.0,7,srnet,d7d964105d34d9213feb89cde13a3200ab4d10aa7f6bd4b7a1891f53b1ed8539
3,famous_le_100m,20,1.0,1.0,7,srnet,d7d964105d34d9213feb89cde13a3200ab4d10aa7f6bd4b7a1891f53b1ed8539
3,famous_le_100m,21,1.0,1.0,7,srnet,d7d964105d34d9213feb89cde13a3200ab4d10aa7f6bd4b7a1891f53b1ed8539
3,famous_le_100m,22,1.0,1.0,7,srnet,d7d964105d34d9213feb89cde13a3200ab4d10aa7f6bd4b7a1891f53b1ed8539
3,famous_le_100m,23,1.0,1.0,7,srnet,d7d964105d34d9213feb89cde13a3200ab4d10aa7f6bd4b7a1891f53b1ed8539
4,torch_pretrained_classification,0,0.95,0.4875,7,srnet,015977d4bbcf399caec34544da54b5dea9d60e961793fb7b175e3a3af57434f4
4,famous_le_10m,0,1.0,0.4,7,srnet,015977d4bbcf399caec34544da54b5dea9d60e961793fb7b175e3a3af57434f4
4,famous_le_10m,1,0.0,0.8,7,srnet,015977d4bbcf399caec34544da54b5dea9d60e961793fb7b175e3a3af57434f4
4,famous_le_10m,2,0.0,0.8,7,srnet,015977d4bbcf399caec34544da54b5dea9d60e961793fb7b175e3a3af57434f4
4,famous_le_10m,3,0.0,1.0,7,srnet,015977d4bbcf399caec34544da54b5dea9d60e961793fb7b175e3a3af57434f4
4,famous_le_10m,4,0.0,1.0,7,srnet,015977d4bbcf399caec34544da54b5dea9d60e961793fb7b175e3a3af57434f4
4,famous_le_10m,5,0.0,1.0,7,srnet,015977d4bbcf399caec34544da54b5dea9d60e961793fb7b175e3a3af57434f4
4,famous_le_10m,6,0.4,1.0,7,srnet,015977d4bbcf399caec34544da54b5dea9d60e961793fb7b175e3a3af57434f4
4,famous_le_10m,7,1.0,1.0,7,srnet,015977d4bbcf399caec34544da54b5dea9d60e961793fb7b175e3a3af57434f4
4,famous_le_10m,8,1.0,1.0,7,srnet,015977d4bbcf399caec34544da54b5dea9d60e961793fb7b175e3a3af57434f4
4,famous_le_10m,9,1.0,1.0,7,srnet,015977d4bbcf399caec34544da54b5dea9d60e961793fb7b175e3a3af57434f4
4,famous_le_10m,10,1.0,1.0,7,srnet,015977d4bbcf399caec34544da54b5dea9d60e961793fb7b175e3a3af57434f4
4,famous_le_10m,11,1.0,1.0,7,srnet,015977d4bbcf399caec34544da54b5dea9d60e961793fb7b175e3a3af57434f4
4,famous_le_10m,12,1.0,1.0,7,srnet,015977d4bbcf399caec34544da54b5dea9d60e961793fb7b175e3a3af57434f4
4,famous_le_10m,13,1.0,1.0,7,srnet,015977d4bbcf399caec34544da54b5dea9d60e961793fb7b175e3a3af57434f4
4,famous_le_10m,14,1.0,1.0,7,srnet,015977d4bbcf399caec34544da54b5dea9d60e961793fb7b175e3a3af57434f4
4,famous_le_10m,15,1.0,1.0,7,srnet,015977d4bbcf399caec34544da54b5dea9d60e961793fb7b175e3a3af57434f4
4,famous_le_10m,16,1.0,1.0,7,srnet,015977d4bbcf399caec34544da54b5dea9d60e961793fb7b175e3a3af57434f4
4,famous_le_10m,17,1.0,1.0,7,srnet,015977d4bbcf399caec34544da54b5dea9d60e961793fb7b175e3a3af57434f4
4,famous_le_10m,18,1.0,1.0,7,srnet,015977d4bbcf399caec34544da54b5dea9d60e961793fb7b175e3a3af57434f4
4,famous_le_10m,19,1.0,1.0,7,srnet,015977d4bbcf399caec34544da54b5dea9d60e961793fb7b175e3a3af57434f4
4,famous_le_10m,20,1.0,1.0,7,srnet,015977d4bbcf399caec34544da54b5dea9d60e961793fb7b175e3a3af57434f4
4,famous_le_10m,21,1.0,1.0,7,srnet,015977d4bbcf399caec34544da54b5dea9d60e961793fb7b175e3a3af57434f4
4,famous_le_10m,22,1.0,1.0,7,srnet,015977d4bbcf399caec34544da54b5dea9d60e961793fb7b175e3a3af57434f4
4,famous_le_10m,23,1.0,1.0,7,srnet,015977d4bbcf399caec34544da54b5dea9d60e961793fb7b175e3a3af57434f4
4,famous_le_100m,0,0.9285714285714286,0.5714285714285714,7,srnet,015977d4bbcf399caec34544da54b5dea9d60e961793fb7b175e3a3af57434f4
4,famous_le_100m,1,0.07142857142857142,0.42857142857142855,7,srnet,015977d4bbcf399caec34544da54b5dea9d60e961793fb7b175e3a3af57434f4
4,famous_le_100m,2,0.07142857142857142,0.42857142857142855,7,srnet,015977d4bbcf399caec34544da54b5dea9d60e961793fb7b175e3a3af57434f4
4,famous_le_100m,3,0.07142857142857142,0.5,7,srnet,015977d4bbcf399caec34544da54b5dea9d60e961793fb7b175e3a3af57434f4
4,famous_le_100m,4,0.07142857142857142,0.6428571428571429,7,srnet,015977d4bbcf399caec34544da54b5dea9d60e961793fb7b175e3a3af57434f4
4,famous_le_100m,5,0.07142857142857142,0.7857142857142857,7,srnet,015977d4bbcf399caec34544da54b5dea9d60e961793fb7b175e3a3af57434f4
4,famous_le_100m,6,0.42857142857142855,0.9285714285714286,7,srnet,015977d4bbcf399caec34544da54b5dea9d60e961793fb7b175e3a3af57434f4
4,famous_le_100m,7,0.6428571428571429,0.9285714285714286,7,srnet,015977d4bbcf399caec34544da54b5dea9d60e961793fb7b175e3a3af57434f4
4,famous_le_100m,8,0.8571428571428571,1.0,7,srnet,015977d4bbcf399caec34544da54b5dea9d60e961793fb7b175e3a3af57434f4
4,famous_le_100m,9,0.8571428571428571,0.9285714285714286,7,srnet,015977d4bbcf399caec34544da54b5dea9d60e961793fb7b175e3a3af57434f4
4,famous_le_100m,10,0.9285714285714286,0.9285714285714286,7,srnet,015977d4bbcf399caec34544da54b5dea9d60e961793fb7b175e3a3af57434f4
4,famous_le_100m,11,0.9285714285714286,0.9285714285714286,7,srnet,015977d4bbcf399caec34544da54b5dea9d60e961793fb7b175e3a3af57434f4
4,famous_le_100m,12,0.9285714285714286,1.0,7,srnet,015977d4bbcf399caec34544da54b5dea9d60e961793fb7b175e3a3af57434f4
4,famous_le_100m,13,0.9285714285714286,1.0,7,srnet,015977d4bbcf399caec34544da54b5dea9d60e961793fb7b175e3a3af57434f4
4,famous_le_100m,14,1.0,1.0,7,srnet,015977d4bbcf399caec34544da54b5dea9d60e961793fb7b175e3a3af57434f4
4,famous_le_100m,15,1.0,1.0,7,srnet,015977d4bbcf399caec34544da54b5dea9d60e961793fb7b175e3a3af57434f4
4,famous_le_100m,16,1.0,1.0,7,srnet,015977d4bbcf399caec34544da54b5dea9d60e961793fb7b175e3a3af57434f4
4,famous_le_100m,17,1.0,1.0,7,srnet,015977d4bbcf399caec34544da54b5dea9d60e961793fb7b175e3a3af57434f4
4,famous_le_100m,18,1.0,1.0,7,srnet,015977d4bbcf399caec34544da54b5dea9d60e961793fb7b175e3a3af57434f4
4,famous_le_100m,19,1.0,1.0,7,srnet,015977d4bbcf399caec34544da54b5dea9d60e961793fb7b175e3a3af57434f4
4,famous_le_100m,20,1.0,1.0,7,srnet,015977d4bbcf399caec34544da54b5dea9d60e961793fb7b175e3a3af57434f4
4,famous_le_100m,21,1.0,1.0,7,srnet,015977d4bbcf399caec34544da54b5dea9d60e961793fb7b175e3a3af57434f4
4,famous_le_100m,22,1.0,1.0,7,srnet,015977d4bbcf399caec34544da54b5dea9d60e961793fb7b175e3a3af57434f4
4,famous_le_100m,23,1.0,1.0,7,srnet,015977d4bbcf399caec34544da54b5dea9d60e961793fb7b175e3a3af57434f4
0,torch_pretrained_classification,0,0.975,0.5625,8,srnet,a760741a0eb42b2905b1a09edce7bf2bfab4f90e4abb0eb290a346e48f5f3136
0,famous_le_10m,0,1.0,0.2,8,srnet,a760741a0eb42b2905b1a09edce7bf2bfab4f90e4abb0eb290a346e48f5f3136
0,famous_le_10m,1,0.0,0.8,8,srnet,a760741a0eb42b2905b1a09edce7bf2bfab4f90e4abb0eb290a346e48f5f3136
0,famous_le_10m,2,0.0,0.8,8,srnet,a760741a0eb42b2905b1a09edce7bf2bfab4f90e4abb0eb290a346e48f5f3136
0,famous_le_10m,3,0.0,1.0,8,srnet,a760741a0eb42b2905b1a09edce7bf2bfab4f90e4abb0eb290a346e48f5f3136
0,famous_le_10m,4,0.0,1.0,8,srnet,a760741a0eb42b2905b1a09edce7bf2bfab4f90e4abb0eb290a346e48f5f3136
0,famous_le_10m,5,0.0,1.0,8,srnet,a760741a0eb42b2905b1a09edce7bf2bfab4f90e4abb0eb290a346e48f5f3136
0,famous_le_10m,6,0.0,1.0,8,srnet,a760741a0eb42b2905b1a09edce7bf2bfab4f90e4abb0eb290a346e48f5f3136
0,famous_le_10m,7,0.4,1.0,8,srnet,a760741a0eb42b2905b1a09edce7bf2bfab4f90e4abb0eb290a346e48f5f3136
0,famous_le_10m,8,1.0,1.0,8,srnet,a760741a0eb42b2905b1a09edce7bf2bfab4f90e4abb0eb290a346e48f5f3136
0,famous_le_10m,9,1.0,1.0,8,srnet,a760741a0eb42b2905b1a09edce7bf2bfab4f90e4abb0eb290a346e48f5f3136
0,famous_le_10m,10,1.0,1.0,8,srnet,a760741a0eb42b2905b1a09edce7bf2bfab4f90e4abb0eb290a346e48f5f3136
0,famous_le_10m,11,1.0,1.0,8,srnet,a760741a0eb42b2905b1a09edce7bf2bfab4f90e4abb0eb290a346e48f5f3136
0,famous_le_10m,12,1.0,1.0,8,srnet,a760741a0eb42b2905b1a09edce7bf2bfab4f90e4abb0eb290a346e48f5f3136
0,famous_le_10m,13,1.0,1.0,8,srnet,a760741a0eb42b2905b1a09edce7bf2bfab4f90e4abb0eb290a346e48f5f3136
0,famous_le_10m,14,1.0,1.0,8,srnet,a760741a0eb42b2905b1a09edce7bf2bfab4f90e4abb0eb290a346e48f5f3136
0,famous_le_10m,15,1.0,1.0,8,srnet,a760741a0eb42b2905b1a09edce7bf2bfab4f90e4abb0eb290a346e48f5f3136
0,famous_le_10m,16,1.0,1.0,8,srnet,a760741a0eb42b2905b1a09edce7bf2bfab4f90e4abb0eb290a346e48f5f3136
0,famous_le_10m,17,1.0,1.0,8,srnet,a760741a0eb42b2905b1a09edce7bf2bfab4f90e4abb0eb290a346e48f5f3136
0,famous_le_10m,18,1.0,1.0,8,srnet,a760741a0eb42b2905b1a09edce7bf2bfab4f90e4abb0eb290a346e48f5f3136
0,famous_le_10m,19,1.0,1.0,8,srnet,a760741a0eb42b2905b1a09edce7bf2bfab4f90e4abb0eb290a346e48f5f3136
0,famous_le_10m,20,1.0,1.0,8,srnet,a760741a0eb42b2905b1a09edce7bf2bfab4f90e4abb0eb290a346e48f5f3136
0,famous_le_10m,21,1.0,1.0,8,srnet,a760741a0eb42b2905b1a09edce7bf2bfab4f90e4abb0eb290a346e48f5f3136
0,famous_le_10m,22,1.0,1.0,8,srnet,a760741a0eb42b2905b1a09edce7bf2bfab4f90e4abb0eb290a346e48f5f3136
0,famous_le_10m,23,1.0,1.0,8,srnet,a760741a0eb42b2905b1a09edce7bf2bfab4f90e4abb0eb290a346e48f5f3136
0,famous_le_100m,0,0.9285714285714286,0.6428571428571429,8,srnet,a760741a0eb42b2905b1a09edce7bf2bfab4f90e4abb0eb290a346e48f5f3136
0,famous_le_100m,1,0.0,0.35714285714285715,8,srnet,a760741a0eb42b2905b1a09edce7bf2bfab4f90e4abb0eb290a346e48f5f3136
0,famous_le_100m,2,0.0,0.35714285714285715,8,srnet,a760741a0eb42b2905b1a09edce7bf2bfab4f90e4abb0eb290a346e48f5f3136
0,famous_le_100m,3,0.0,0.35714285714285715,8,srnet,a760741a0eb42b2905b1a09edce7bf2bfab4f90e4abb0eb290a346e48f5f3136
0,famous_le_100m,4,0.07142857142857142,0.42857142857142855,8,srnet,a760741a0eb42b2905b1a09edce7bf2bfab4f90e4abb0eb290a346e48f5f3136
0,famous_le_100m,5,0.07142857142857142,0.7142857142857143,8,srnet,a760741a0eb42b2905b1a09edce7bf2bfab4f90e4abb0eb290a346e48f5f3136
0,famous_le_100m,6,0.07142857142857142,0.9285714285714286,8,srnet,a760741a0eb42b2905b1a09edce7bf2bfab4f90e4abb0eb290a346e48f5f3136
0,famous_le_100m,7,0.42857142857142855,1.0,8,srnet,a760741a0eb42b2905b1a09edce7bf2bfab4f90e4abb0eb290a346e48f5f3136
0,famous_le_100m,8,0.8571428571428571,1.0,8,srnet,a760741a0eb42b2905b1a09edce7bf2bfab4f90e4abb0eb290a346e48f5f3136
0,famous_le_100m,9,0.8571428571428571,1.0,8,srnet,a760741a0eb42b2905b1a09edce7bf2bfab4f90e4abb0eb290a346e48f5f3136
0,famous_le_100m,10,0.8571428571428571,1.0,8,srnet,a760741a0eb42b2905b1a09edce7bf2bfab4f90e4abb0eb290a346e48f5f3136
0,famous_le_100m,11,0.9285714285714286,1.0,8,srnet,a760741a0eb42b2905b1a09edce7bf2bfab4f90e4abb0eb290a346e48f5f3136
0,famous_le_100m,12,0.9285714285714286,1.0,8,srnet,a760741a0eb42b2905b1a09edce7bf2bfab4f90e4abb0eb290a346e48f5f3136
0,famous_le_100m,13,0.9285714285714286,1.0,8,srnet,a760741a0eb42b2905b1a09edce7bf2bfab4f90e4abb0eb290a346e48f5f3136
0,famous_le_100m,14,0.9285714285714286,1.0,8,srnet,a760741a0eb42b2905b1a09edce7bf2bfab4f90e4abb0eb290a346e48f5f3136
0,famous_le_100m,15,1.0,1.0,8,srnet,a760741a0eb42b2905b1a09edce7bf2bfab4f90e4abb0eb290a346e48f5f3136
0,famous_le_100m,16,1.0,1.0,8,srnet,a760741a0eb42b2905b1a09edce7bf2bfab4f90e4abb0eb290a346e48f5f3136
0,famous_le_100m,17,1.0,1.0,8,srnet,a760741a0eb42b2905b1a09edce7bf2bfab4f90e4abb0eb290a346e48f5f3136
0,famous_le_100m,18,1.0,1.0,8,srnet,a760741a0eb42b2905b1a09edce7bf2bfab4f90e4abb0eb290a346e48f5f3136
0,famous_le_100m,19,1.0,1.0,8,srnet,a760741a0eb42b2905b1a09edce7bf2bfab4f90e4abb0eb290a346e48f5f3136
0,famous_le_100m,20,1.0,1.0,8,srnet,a760741a0eb42b2905b1a09edce7bf2bfab4f90e4abb0eb290a346e48f5f3136
0,famous_le_100m,21,1.0,1.0,8,srnet,a760741a0eb42b2905b1a09edce7bf2bfab4f90e4abb0eb290a346e48f5f3136
0,famous_le_100m,22,1.0,1.0,8,srnet,a760741a0eb42b2905b1a09edce7bf2bfab4f90e4abb0eb290a346e48f5f3136
0,famous_le_100m,23,1.0,1.0,8,srnet,a760741a0eb42b2905b1a09edce7bf2bfab4f90e4abb0eb290a346e48f5f3136
1,torch_pretrained_classification,0,0.975,0.55,8,srnet,3ff2d5407e6647ed74da2bdd74f5ff5e7b8af9281ee9ae0e98e4bdc8eefa8a62
1,famous_le_10m,0,1.0,0.4,8,srnet,3ff2d5407e6647ed74da2bdd74f5ff5e7b8af9281ee9ae0e98e4bdc8eefa8a62
1,famous_le_10m,1,0.0,0.6,8,srnet,3ff2d5407e6647ed74da2bdd74f5ff5e7b8af9281ee9ae0e98e4bdc8eefa8a62
1,famous_le_10m,2,0.0,0.8,8,srnet,3ff2d5407e6647ed74da2bdd74f5ff5e7b8af9281ee9ae0e98e4bdc8eefa8a62
1,famous_le_10m,3,0.0,1.0,8,srnet,3ff2d5407e6647ed74da2bdd74f5ff5e7b8af9281ee9ae0e98e4bdc8eefa8a62
1,famous_le_10m,4,0.0,1.0,8,srnet,3ff2d5407e6647ed74da2bdd74f5ff5e7b8af9281ee9ae0e98e4bdc8eefa8a62
1,famous_le_10m,5,0.0,1.0,8,srnet,3ff2d5407e6647ed74da2bdd74f5ff5e7b8af9281ee9ae0e98e4bdc8eefa8a62
1,famous_le_10m,6,0.0,1.0,8,srnet,3ff2d5407e6647ed74da2bdd74f5ff5e7b8af9281ee9ae0e98e4bdc8eefa8a62
1,famous_le_10m,7,0.2,1.0,8,srnet,3ff2d5407e6647ed74da2bdd74f5ff5e7b8af9281ee9ae0e98e4bdc8eefa8a62
1,famous_le_10m,8,1.0,1.0,8,srnet,3ff2d5407e6647ed74da2bdd74f5ff5e7b8af9281ee9ae0e98e4bdc8eefa8a62
1,famous_le_10m,9,1.0,1.0,8,srnet,3ff2d5407e6647ed74da2bdd74f5ff5e7b8af9281ee9ae0e98e4bdc8eefa8a62
1,famous_le_10m,10,1.0,1.0,8,srnet,3ff2d5407e6647ed74da2bdd74f5ff5e7b8af9281ee9ae0e98e4bdc8eefa8a62
1,famous_le_10m,11,1.0,1.0,8,srnet,3ff2d5407e6647ed74da2bdd74f5ff5e7b8af9281ee9ae0e98e4bdc8eefa8a62
1,famous_le_10m,12,1.0,1.0,8,srnet,3ff2d5407e6647ed74da2bdd74f5ff5e7b8af9281ee9ae0e98e4bdc8eefa8a62
1,famous_le_10m,13,1.0,1.0,8,srnet,3ff2d5407e6647ed74da2bdd74f5ff5e7b8af9281ee9ae0e98e4bdc8eefa8a62
1,famous_le_10m,14,1.0,1.0,8,srnet,3ff2d5407e6647ed74da2bdd74f5ff5e7b8af9281ee9ae0e98e4bdc8eefa8a62
1,famous_le_10m,15,1.0,1.0,8,srnet,3ff2d5407e6647ed74da2bdd74f5ff5e7b8af9281ee9ae0e98e4bdc8eefa8a62
1,famous_le_10m,16,1.0,1.0,8,srnet,3ff2d5407e6647ed74da2bdd74f5ff5e7b8af9281ee9ae0e98e4bdc8eefa8a62
1,famous_le_10m,17,1.0,1.0,8,srnet,3ff2d5407e6647ed74da2bdd74f5ff5e7b8af9281ee9ae0e98e4bdc8eefa8a62
1,famous_le_10m,18,1.0,1.0,8,srnet,3ff2d5407e6647ed74da2bdd74f5ff5e7b8af9281ee9ae0e98e4bdc8eefa8a62
1,famous_le_10m,19,1.0,1.0,8,srnet,3ff2d5407e6647ed74da2bdd74f5ff5e7b8af9281ee9ae0e98e4bdc8eefa8a62
1,famous_le_10m,20,1.0,1.0,8,srnet,3ff2d5407e6647ed74da2bdd74f5ff5e7b8af9281ee9ae0e98e4bdc8eefa8a62
1,famous_le_10m,21,1.0,1.0,8,srnet,3ff2d5407e6647ed74da2bdd74f5ff5e7b8af9281ee9ae0e98e4bdc8eefa8a62
1,famous_le_10m,22,1.0,1.0,8,srnet,3ff2d5407e6647ed74da2bdd74f5ff5e7b8af9281ee9ae0e98e4bdc8eefa8a62
1,famous_le_10m,23,1.0,1.0,8,srnet,3ff2d5407e6647ed74da2bdd74f5ff5e7b8af9281ee9ae0e98e4bdc8eefa8a62
1,famous_le_100m,0,1.0,0.5714285714285714,8,srnet,3ff2d5407e6647ed74da2bdd74f5ff5e7b8af9281ee9ae0e98e4bdc8eefa8a62
1,famous_le_100m,1,0.0,0.42857142857142855,8,srnet,3ff2d5407e6647ed74da2bdd74f5ff5e7b8af9281ee9ae0e98e4bdc8eefa8a62
1,famous_le_100m,2,0.0,0.42857142857142855,8,srnet,3ff2d5407e6647ed74da2bdd74f5ff5e7b8af9281ee9ae0e98e4bdc8eefa8a62
1,famous_le_100m,3,0.0,0.42857142857142855,8,srnet,3ff2d5407e6647ed74da2bdd74f5ff5e7b8af9281ee9ae0e98e4bdc8eefa8a62
1,famous_le_100m,4,0.0,0.5714285714285714,8,srnet,3ff2d5407e6647ed74da2bdd74f5ff5e7b8af9281ee9ae0e98e4bdc8eefa8a62
1,famous_le_100m,5,0.07142857142857142,0.7857142857142857,8,srnet,3ff2d5407e6647ed74da2bdd74f5ff5e7b8af9281ee9ae0e98e4bdc8eefa8a62
1,famous_le_100m,6,0.07142857142857142,0.9285714285714286,8,srnet,3ff2d5407e6647ed74da2bdd74f5ff5e7b8af9281ee9ae0e98e4bdc8eefa8a62
1,famous_le_100m,7,0.42857142857142855,1.0,8,srnet,3ff2d5407e6647ed74da2bdd74f5ff5e7b8af9281ee9ae0e98e4bdc8eefa8a62
1,famous_le_100m,8,0.8571428571428571,1.0,8,srnet,3ff2d5407e6647ed74da2bdd74f5ff5e7b8af9281ee9ae0e98e4bdc8eefa8a62
1,famous_le_100m,9,0.8571428571428571,1.0,8,srnet,3ff2d5407e6647ed74da2bdd74f5ff5e7b8af9281ee9ae0e98e4bdc8eefa8a62
1,famous_le_100m,10,0.8571428571428571,0.9285714285714286,8,srnet,3ff2d5407e6647ed74da2bdd74f5ff5e7b8af9281ee9ae0e98e4bdc8eefa8a62
1,famous_le_100m,11,0.8571428571428571,1.0,8,srnet,3ff2d5407e6647ed74da2bdd74f5ff5e7b8af9281ee9ae0e98e4bdc8eefa8a62
1,famous_le_100m,12,0.9285714285714286,1.0,8,srnet,3ff2d5407e6647ed74da2bdd74f5ff5e7b8af9281ee9ae0e98e4bdc8eefa8a62
1,famous_le_100m,13,0.9285714285714286,1.0,8,srnet,3ff2d5407e6647ed74da2bdd74f5ff5e7b8af9281ee9ae0e98e4bdc8eefa8a62
1,famous_le_100m,14,0.9285714285714286,1.0,8,srnet,3ff2d5407e6647ed74da2bdd74f5ff5e7b8af9281ee9ae0e98e4bdc8eefa8a62
1,famous_le_100m,15,1.0,1.0,8,srnet,3ff2d5407e6647ed74da2bdd74f5ff5e7b8af9281ee9ae0e98e4bdc8eefa8a62
1,famous_le_100m,16,1.0,1.0,8,srnet,3ff2d5407e6647ed74da2bdd74f5ff5e7b8af9281ee9ae0e98e4bdc8eefa8a62
1,famous_le_100m,17,1.0,1.0,8,srnet,3ff2d5407e6647ed74da2bdd74f5ff5e7b8af9281ee9ae0e98e4bdc8eefa8a62
1,famous_le_100m,18,1.0,1.0,8,srnet,3ff2d5407e6647ed74da2bdd74f5ff5e7b8af9281ee9ae0e98e4bdc8eefa8a62
1,famous_le_100m,19,1.0,1.0,8,srnet,3ff2d5407e6647ed74da2bdd74f5ff5e7b8af9281ee9ae0e98e4bdc8eefa8a62
1,famous_le_100m,20,1.0,1.0,8,srnet,3ff2d5407e6647ed74da2bdd74f5ff5e7b8af9281ee9ae0e98e4bdc8eefa8a62
1,famous_le_100m,21,1.0,1.0,8,srnet,3ff2d5407e6647ed74da2bdd74f5ff5e7b8af9281ee9ae0e98e4bdc8eefa8a62
1,famous_le_100m,22,1.0,1.0,8,srnet,3ff2d5407e6647ed74da2bdd74f5ff5e7b8af9281ee9ae0e98e4bdc8eefa8a62
1,famous_le_100m,23,1.0,1.0,8,srnet,3ff2d5407e6647ed74da2bdd74f5ff5e7b8af9281ee9ae0e98e4bdc8eefa8a62
2,torch_pretrained_classification,0,0.975,0.525,8,srnet,9c6c6204a82765615e66a3828a03f69dd9b275081910bf85476a8e2273232aa3
2,famous_le_10m,0,1.0,0.4,8,srnet,9c6c6204a82765615e66a3828a03f69dd9b275081910bf85476a8e2273232aa3
2,famous_le_10m,1,0.0,0.8,8,srnet,9c6c6204a82765615e66a3828a03f69dd9b275081910bf85476a8e2273232aa3
2,famous_le_10m,2,0.0,1.0,8,srnet,9c6c6204a82765615e66a3828a03f69dd9b275081910bf85476a8e2273232aa3
2,famous_le_10m,3,0.0,1.0,8,srnet,9c6c6204a82765615e66a3828a03f69dd9b275081910bf85476a8e2273232aa3
2,famous_le_10m,4,0.0,1.0,8,srnet,9c6c6204a82765615e66a3828a03f69dd9b275081910bf85476a8e2273232aa3
2,famous_le_10m,5,0.0,1.0,8,srnet,9c6c6204a82765615e66a3828a03f69dd9b275081910bf85476a8e2273232aa3
2,famous_le_10m,6,0.0,1.0,8,srnet,9c6c6204a82765615e66a3828a03f69dd9b275081910bf85476a8e2273232aa3
2,famous_le_10m,7,0.4,1.0,8,srnet,9c6c6204a82765615e66a3828a03f69dd9b275081910bf85476a8e2273232aa3
2,famous_le_10m,8,1.0,1.0,8,srnet,9c6c6204a82765615e66a3828a03f69dd9b275081910bf85476a8e2273232aa3
2,famous_le_10m,9,1.0,1.0,8,srnet,9c6c6204a82765615e66a3828a03f69dd9b275081910bf85476a8e2273232aa3
2,famous_le_10m,10,1.0,1.0,8,srnet,9c6c6204a82765615e66a3828a03f69dd9b275081910bf85476a8e2273232aa3
2,famous_le_10m,11,1.0,1.0,8,srnet,9c6c6204a82765615e66a3828a03f69dd9b275081910bf85476a8e2273232aa3
2,famous_le_10m,12,1.0,1.0,8,srnet,9c6c6204a82765615e66a3828a03f69dd9b275081910bf85476a8e2273232aa3
2,famous_le_10m,13,1.0,1.0,8,srnet,9c6c6204a82765615e66a3828a03f69dd9b275081910bf85476a8e2273232aa3
2,famous_le_10m,14,1.0,1.0,8,srnet,9c6c6204a82765615e66a3828a03f69dd9b275081910bf85476a8e2273232aa3
2,famous_le_10m,15,1.0,1.0,8,srnet,9c6c6204a82765615e66a3828a03f69dd9b275081910bf85476a8e2273232aa3
2,famous_le_10m,16,1.0,1.0,8,srnet,9c6c6204a82765615e66a3828a03f69dd9b275081910bf85476a8e2273232aa3
2,famous_le_10m,17,1.0,1.0,8,srnet,9c6c6204a82765615e66a3828a03f69dd9b275081910bf85476a8e2273232aa3
2,famous_le_10m,18,1.0,1.0,8,srnet,9c6c6204a82765615e66a3828a03f69dd9b275081910bf85476a8e2273232aa3
2,famous_le_10m,19,1.0,1.0,8,srnet,9c6c6204a82765615e66a3828a03f69dd9b275081910bf85476a8e2273232aa3
2,famous_le_10m,20,1.0,1.0,8,srnet,9c6c6204a82765615e66a3828a03f69dd9b275081910bf85476a8e2273232aa3
2,famous_le_10m,21,1.0,1.0,8,srnet,9c6c6204a82765615e66a3828a03f69dd9b275081910bf85476a8e2273232aa3
2,famous_le_10m,22,1.0,1.0,8,srnet,9c6c6204a82765615e66a3828a03f69dd9b275081910bf85476a8e2273232aa3
2,famous_le_10m,23,1.0,1.0,8,srnet,9c6c6204a82765615e66a3828a03f69dd9b275081910bf85476a8e2273232aa3
2,famous_le_100m,0,1.0,0.5714285714285714,8,srnet,9c6c6204a82765615e66a3828a03f69dd9b275081910bf85476a8e2273232aa3
2,famous_le_100m,1,0.0,0.42857142857142855,8,srnet,9c6c6204a82765615e66a3828a03f69dd9b275081910bf85476a8e2273232aa3
2,famous_le_100m,2,0.0,0.42857142857142855,8,srnet,9c6c6204a82765615e66a3828a03f69dd9b275081910bf85476a8e2273232aa3
2,famous_le_100m,3,0.0,0.42857142857142855,8,srnet,9c6c6204a82765615e66a3828a03f69dd9b275081910bf85476a8e2273232aa3
2,famous_le_100m,4,0.0,0.6428571428571429,8,srnet,9c6c6204a82765615e66a3828a03f69dd9b275081910bf85476a8e2273232aa3
2,famous_le_100m,5,0.0,0.7857142857142857,8,srnet,9c6c6204a82765615e66a3828a03f69dd9b275081910bf85476a8e2273232aa3
2,famous_le_100m,6,0.07142857142857142,0.9285714285714286,8,srnet,9c6c6204a82765615e66a3828a03f69dd9b275081910bf85476a8e2273232aa3
2,famous_le_100m,7,0.42857142857142855,1.0,8,srnet,9c6c6204a82765615e66a3828a03f69dd9b275081910bf85476a8e2273232aa3
2,famous_le_100m,8,0.8571428571428571,1.0,8,srnet,9c6c6204a82765615e66a3828a03f69dd9b275081910bf85476a8e2273232aa3
2,famous_le_100m,9,0.8571428571428571,1.0,8,srnet,9c6c6204a82765615e66a3828a03f69dd9b275081910bf85476a8e2273232aa3
2,famous_le_100m,10,0.8571428571428571,1.0,8,srnet,9c6c6204a82765615e66a3828a03f69dd9b275081910bf85476a8e2273232aa3
2,famous_le_100m,11,0.8571428571428571,1.0,8,srnet,9c6c6204a82765615e66a3828a03f69dd9b275081910bf85476a8e2273232aa3
2,famous_le_100m,12,0.9285714285714286,1.0,8,srnet,9c6c6204a82765615e66a3828a03f69dd9b275081910bf85476a8e2273232aa3
2,famous_le_100m,13,0.9285714285714286,1.0,8,srnet,9c6c6204a82765615e66a3828a03f69dd9b275081910bf85476a8e2273232aa3
2,famous_le_100m,14,0.9285714285714286,1.0,8,srnet,9c6c6204a82765615e66a3828a03f69dd9b275081910bf85476a8e2273232aa3
2,famous_le_100m,15,1.0,1.0,8,srnet,9c6c6204a82765615e66a3828a03f69dd9b275081910bf85476a8e2273232aa3
2,famous_le_100m,16,1.0,1.0,8,srnet,9c6c6204a82765615e66a3828a03f69dd9b275081910bf85476a8e2273232aa3
2,famous_le_100m,17,1.0,1.0,8,srnet,9c6c6204a82765615e66a3828a03f69dd9b275081910bf85476a8e2273232aa3
2,famous_le_100m,18,1.0,1.0,8,srnet,9c6c6204a82765615e66a3828a03f69dd9b275081910bf85476a8e2273232aa3
2,famous_le_100m,19,1.0,1.0,8,srnet,9c6c6204a82765615e66a3828a03f69dd9b275081910bf85476a8e2273232aa3
2,famous_le_100m,20,1.0,1.0,8,srnet,9c6c6204a82765615e66a3828a03f69dd9b275081910bf85476a8e2273232aa3
2,famous_le_100m,21,1.0,1.0,8,srnet,9c6c6204a82765615e66a3828a03f69dd9b275081910bf85476a8e2273232aa3
2,famous_le_100m,22,1.0,1.0,8,srnet,9c6c6204a82765615e66a3828a03f69dd9b275081910bf85476a8e2273232aa3
2,famous_le_100m,23,1.0,1.0,8,srnet,9c6c6204a82765615e66a3828a03f69dd9b275081910bf85476a8e2273232aa3
3,torch_pretrained_classification,0,0.975,0.5125,8,srnet,745b5bc4de8fdb9ae29595343ba20bd8d222c6b6ac26cc2a5a47968649d5e9e9
3,famous_le_10m,0,1.0,0.4,8,srnet,745b5bc4de8fdb9ae29595343ba20bd8d222c6b6ac26cc2a5a47968649d5e9e9
3,famous_le_10m,1,0.0,0.6,8,srnet,745b5bc4de8fdb9ae29595343ba20bd8d222c6b6ac26cc2a5a47968649d5e9e9
3,famous_le_10m,2,0.0,0.8,8,srnet,745b5bc4de8fdb9ae29595343ba20bd8d222c6b6ac26cc2a5a47968649d5e9e9
3,famous_le_10m,3,0.0,1.0,8,srnet,745b5bc4de8fdb9ae29595343ba20bd8d222c6b6ac26cc2a5a47968649d5e9e9
3,famous_le_10m,4,0.0,1.0,8,srnet,745b5bc4de8fdb9ae29595343ba20bd8d222c6b6ac26cc2a5a47968649d5e9e9
3,famous_le_10m,5,0.0,1.0,8,srnet,745b5bc4de8fdb9ae29595343ba20bd8d222c6b6ac26cc2a5a47968649d5e9e9
3,famous_le_10m,6,0.0,1.0,8,srnet,745b5bc4de8fdb9ae29595343ba20bd8d222c6b6ac26cc2a5a47968649d5e9e9
3,famous_le_10m,7,0.2,1.0,8,srnet,745b5bc4de8fdb9ae29595343ba20bd8d222c6b6ac26cc2a5a47968649d5e9e9
3,famous_le_10m,8,1.0,1.0,8,srnet,745b5bc4de8fdb9ae29595343ba20bd8d222c6b6ac26cc2a5a47968649d5e9e9
3,famous_le_10m,9,1.0,1.0,8,srnet,745b5bc4de8fdb9ae29595343ba20bd8d222c6b6ac26cc2a5a47968649d5e9e9
3,famous_le_10m,10,1.0,1.0,8,srnet,745b5bc4de8fdb9ae29595343ba20bd8d222c6b6ac26cc2a5a47968649d5e9e9
3,famous_le_10m,11,1.0,1.0,8,srnet,745b5bc4de8fdb9ae29595343ba20bd8d222c6b6ac26cc2a5a47968649d5e9e9
3,famous_le_10m,12,1.0,1.0,8,srnet,745b5bc4de8fdb9ae29595343ba20bd8d222c6b6ac26cc2a5a47968649d5e9e9
3,famous_le_10m,13,1.0,1.0,8,srnet,745b5bc4de8fdb9ae29595343ba20bd8d222c6b6ac26cc2a5a47968649d5e9e9
3,famous_le_10m,14,1.0,1.0,8,srnet,745b5bc4de8fdb9ae29595343ba20bd8d222c6b6ac26cc2a5a47968649d5e9e9
3,famous_le_10m,15,1.0,1.0,8,srnet,745b5bc4de8fdb9ae29595343ba20bd8d222c6b6ac26cc2a5a47968649d5e9e9
3,famous_le_10m,16,1.0,1.0,8,srnet,745b5bc4de8fdb9ae29595343ba20bd8d222c6b6ac26cc2a5a47968649d5e9e9
3,famous_le_10m,17,1.0,1.0,8,srnet,745b5bc4de8fdb9ae29595343ba20bd8d222c6b6ac26cc2a5a47968649d5e9e9
3,famous_le_10m,18,1.0,1.0,8,srnet,745b5bc4de8fdb9ae29595343ba20bd8d222c6b6ac26cc2a5a47968649d5e9e9
3,famous_le_10m,19,1.0,1.0,8,srnet,745b5bc4de8fdb9ae29595343ba20bd8d222c6b6ac26cc2a5a47968649d5e9e9
3,famous_le_10m,20,1.0,1.0,8,srnet,745b5bc4de8fdb9ae29595343ba20bd8d222c6b6ac26cc2a5a47968649d5e9e9
3,famous_le_10m,21,1.0,1.0,8,srnet,745b5bc4de8fdb9ae29595343ba20bd8d222c6b6ac26cc2a5a47968649d5e9e9
3,famous_le_10m,22,1.0,1.0,8,srnet,745b5bc4de8fdb9ae29595343ba20bd8d222c6b6ac26cc2a5a47968649d5e9e9
3,famous_le_10m,23,1.0,1.0,8,srnet,745b5bc4de8fdb9ae29595343ba20bd8d222c6b6ac26cc2a5a47968649d5e9e9
3,famous_le_100m,0,1.0,0.5714285714285714,8,srnet,745b5bc4de8fdb9ae29595343ba20bd8d222c6b6ac26cc2a5a47968649d5e9e9
3,famous_le_100m,1,0.0,0.42857142857142855,8,srnet,745b5bc4de8fdb9ae29595343ba20bd8d222c6b6ac26cc2a5a47968649d5e9e9
3,famous_le_100m,2,0.0,0.42857142857142855,8,srnet,745b5bc4de8fdb9ae29595343ba20bd8d222c6b6ac26cc2a5a47968649d5e9e9
3,famous_le_100m,3,0.0,0.42857142857142855,8,srnet,745b5bc4de8fdb9ae29595343ba20bd8d222c6b6ac26cc2a5a47968649d5e9e9
3,famous_le_100m,4,0.0,0.6428571428571429,8,srnet,745b5bc4de8fdb9ae29595343ba20bd8d222c6b6ac26cc2a5a47968649d5e9e9
3,famous_le_100m,5,0.07142857142857142,0.7857142857142857,8,srnet,745b5bc4de8fdb9ae29595343ba20bd8d222c6b6ac26cc2a5a47968649d5e9e9
3,famous_le_100m,6,0.07142857142857142,0.9285714285714286,8,srnet,745b5bc4de8fdb9ae29595343ba20bd8d222c6b6ac26cc2a5a47968649d5e9e9
3,famous_le_100m,7,0.42857142857142855,0.9285714285714286,8,srnet,745b5bc4de8fdb9ae29595343ba20bd8d222c6b6ac26cc2a5a47968649d5e9e9
3,famous_le_100m,8,0.8571428571428571,0.9285714285714286,8,srnet,745b5bc4de8fdb9ae29595343ba20bd8d222c6b6ac26cc2a5a47968649d5e9e9
3,famous_le_100m,9,0.8571428571428571,0.9285714285714286,8,srnet,745b5bc4de8fdb9ae29595343ba20bd8d222c6b6ac26cc2a5a47968649d5e9e9
3,famous_le_100m,10,0.8571428571428571,0.9285714285714286,8,srnet,745b5bc4de8fdb9ae29595343ba20bd8d222c6b6ac26cc2a5a47968649d5e9e9
3,famous_le_100m,11,0.8571428571428571,0.9285714285714286,8,srnet,745b5bc4de8fdb9ae29595343ba20bd8d222c6b6ac26cc2a5a47968649d5e9e9
3,famous_le_100m,12,0.9285714285714286,0.9285714285714286,8,srnet,745b5bc4de8fdb9ae29595343ba20bd8d222c6b6ac26cc2a5a47968649d5e9e9
3,famous_le_100m,13,0.9285714285714286,1.0,8,srnet,745b5bc4de8fdb9ae29595343ba20bd8d222c6b6ac26cc2a5a47968649d5e9e9
3,famous_le_100m,14,0.9285714285714286,1.0,8,srnet,745b5bc4de8fdb9ae29595343ba20bd8d222c6b6ac26cc2a5a47968649d5e9e9
3,famous_le_100m,15,0.9285714285714286,1.0,8,srnet,745b5bc4de8fdb9ae29595343ba20bd8d222c6b6ac26cc2a5a47968649d5e9e9
3,famous_le_100m,16,1.0,1.0,8,srnet,745b5bc4de8fdb9ae29595343ba20bd8d222c6b6ac26cc2a5a47968649d5e9e9
3,famous_le_100m,17,1.0,1.0,8,srnet,745b5bc4de8fdb9ae29595343ba20bd8d222c6b6ac26cc2a5a47968649d5e9e9
3,famous_le_100m,18,1.0,1.0,8,srnet,745b5bc4de8fdb9ae29595343ba20bd8d222c6b6ac26cc2a5a47968649d5e9e9
3,famous_le_100m,19,1.0,1.0,8,srnet,745b5bc4de8fdb9ae29595343ba20bd8d222c6b6ac26cc2a5a47968649d5e9e9
3,famous_le_100m,20,1.0,1.0,8,srnet,745b5bc4de8fdb9ae29595343ba20bd8d222c6b6ac26cc2a5a47968649d5e9e9
3,famous_le_100m,21,1.0,1.0,8,srnet,745b5bc4de8fdb9ae29595343ba20bd8d222c6b6ac26cc2a5a47968649d5e9e9
3,famous_le_100m,22,1.0,1.0,8,srnet,745b5bc4de8fdb9ae29595343ba20bd8d222c6b6ac26cc2a5a47968649d5e9e9
3,famous_le_100m,23,1.0,1.0,8,srnet,745b5bc4de8fdb9ae29595343ba20bd8d222c6b6ac26cc2a5a47968649d5e9e9
4,torch_pretrained_classification,0,0.975,0.5375,8,srnet,0b02ce659841a7ef51a344a0da6c7aeea3caacbe5b273785f7c921b3abea85d7
4,famous_le_10m,0,1.0,0.4,8,srnet,0b02ce659841a7ef51a344a0da6c7aeea3caacbe5b273785f7c921b3abea85d7
4,famous_le_10m,1,0.0,0.6,8,srnet,0b02ce659841a7ef51a344a0da6c7aeea3caacbe5b273785f7c921b3abea85d7
4,famous_le_10m,2,0.0,0.8,8,srnet,0b02ce659841a7ef51a344a0da6c7aeea3caacbe5b273785f7c921b3abea85d7
4,famous_le_10m,3,0.0,1.0,8,srnet,0b02ce659841a7ef51a344a0da6c7aeea3caacbe5b273785f7c921b3abea85d7
4,famous_le_10m,4,0.0,1.0,8,srnet,0b02ce659841a7ef51a344a0da6c7aeea3caacbe5b273785f7c921b3abea85d7
4,famous_le_10m,5,0.0,1.0,8,srnet,0b02ce659841a7ef51a344a0da6c7aeea3caacbe5b273785f7c921b3abea85d7
4,famous_le_10m,6,0.0,1.0,8,srnet,0b02ce659841a7ef51a344a0da6c7aeea3caacbe5b273785f7c921b3abea85d7
4,famous_le_10m,7,0.2,1.0,8,srnet,0b02ce659841a7ef51a344a0da6c7aeea3caacbe5b273785f7c921b3abea85d7
4,famous_le_10m,8,1.0,1.0,8,srnet,0b02ce659841a7ef51a344a0da6c7aeea3caacbe5b273785f7c921b3abea85d7
4,famous_le_10m,9,1.0,1.0,8,srnet,0b02ce659841a7ef51a344a0da6c7aeea3caacbe5b273785f7c921b3abea85d7
4,famous_le_10m,10,1.0,1.0,8,srnet,0b02ce659841a7ef51a344a0da6c7aeea3caacbe5b273785f7c921b3abea85d7
4,famous_le_10m,11,1.0,1.0,8,srnet,0b02ce659841a7ef51a344a0da6c7aeea3caacbe5b273785f7c921b3abea85d7
4,famous_le_10m,12,1.0,1.0,8,srnet,0b02ce659841a7ef51a344a0da6c7aeea3caacbe5b273785f7c921b3abea85d7
4,famous_le_10m,13,1.0,1.0,8,srnet,0b02ce659841a7ef51a344a0da6c7aeea3caacbe5b273785f7c921b3abea85d7
4,famous_le_10m,14,1.0,1.0,8,srnet,0b02ce659841a7ef51a344a0da6c7aeea3caacbe5b273785f7c921b3abea85d7
4,famous_le_10m,15,1.0,1.0,8,srnet,0b02ce659841a7ef51a344a0da6c7aeea3caacbe5b273785f7c921b3abea85d7
4,famous_le_10m,16,1.0,1.0,8,srnet,0b02ce659841a7ef51a344a0da6c7aeea3caacbe5b273785f7c921b3abea85d7
4,famous_le_10m,17,1.0,1.0,8,srnet,0b02ce659841a7ef51a344a0da6c7aeea3caacbe5b273785f7c921b3abea85d7
4,famous_le_10m,18,1.0,1.0,8,srnet,0b02ce659841a7ef51a344a0da6c7aeea3caacbe5b273785f7c921b3abea85d7
4,famous_le_10m,19,1.0,1.0,8,srnet,0b02ce659841a7ef51a344a0da6c7aeea3caacbe5b273785f7c921b3abea85d7
4,famous_le_10m,20,1.0,1.0,8,srnet,0b02ce659841a7ef51a344a0da6c7aeea3caacbe5b273785f7c921b3abea85d7
4,famous_le_10m,21,1.0,1.0,8,srnet,0b02ce659841a7ef51a344a0da6c7aeea3caacbe5b273785f7c921b3abea85d7
4,famous_le_10m,22,1.0,1.0,8,srnet,0b02ce659841a7ef51a344a0da6c7aeea3caacbe5b273785f7c921b3abea85d7
4,famous_le_10m,23,1.0,1.0,8,srnet,0b02ce659841a7ef51a344a0da6c7aeea3caacbe5b273785f7c921b3abea85d7
4,famous_le_100m,0,1.0,0.5714285714285714,8,srnet,0b02ce659841a7ef51a344a0da6c7aeea3caacbe5b273785f7c921b3abea85d7
4,famous_le_100m,1,0.0,0.42857142857142855,8,srnet,0b02ce659841a7ef51a344a0da6c7aeea3caacbe5b273785f7c921b3abea85d7
4,famous_le_100m,2,0.0,0.42857142857142855,8,srnet,0b02ce659841a7ef51a344a0da6c7aeea3caacbe5b273785f7c921b3abea85d7
4,famous_le_100m,3,0.0,0.42857142857142855,8,srnet,0b02ce659841a7ef51a344a0da6c7aeea3caacbe5b273785f7c921b3abea85d7
4,famous_le_100m,4,0.0,0.6428571428571429,8,srnet,0b02ce659841a7ef51a344a0da6c7aeea3caacbe5b273785f7c921b3abea85d7
4,famous_le_100m,5,0.07142857142857142,0.7857142857142857,8,srnet,0b02ce659841a7ef51a344a0da6c7aeea3caacbe5b273785f7c921b3abea85d7
4,famous_le_100m,6,0.07142857142857142,0.9285714285714286,8,srnet,0b02ce659841a7ef51a344a0da6c7aeea3caacbe5b273785f7c921b3abea85d7
4,famous_le_100m,7,0.42857142857142855,1.0,8,srnet,0b02ce659841a7ef51a344a0da6c7aeea3caacbe5b273785f7c921b3abea85d7
4,famous_le_100m,8,0.8571428571428571,1.0,8,srnet,0b02ce659841a7ef51a344a0da6c7aeea3caacbe5b273785f7c921b3abea85d7
4,famous_le_100m,9,0.8571428571428571,0.9285714285714286,8,srnet,0b02ce659841a7ef51a344a0da6c7aeea3caacbe5b273785f7c921b3abea85d7
4,famous_le_100m,10,0.8571428571428571,0.9285714285714286,8,srnet,0b02ce659841a7ef51a344a0da6c7aeea3caacbe5b273785f7c921b3abea85d7
4,famous_le_100m,11,0.8571428571428571,0.9285714285714286,8,srnet,0b02ce659841a7ef51a344a0da6c7aeea3caacbe5b273785f7c921b3abea85d7
4,famous_le_100m,12,0.9285714285714286,0.9285714285714286,8,srnet,0b02ce659841a7ef51a344a0da6c7aeea3caacbe5b273785f7c921b3abea85d7
4,famous_le_100m,13,0.9285714285714286,1.0,8,srnet,0b02ce659841a7ef51a344a0da6c7aeea3caacbe5b273785f7c921b3abea85d7
4,famous_le_100m,14,0.9285714285714286,1.0,8,srnet,0b02ce659841a7ef51a344a0da6c7aeea3caacbe5b273785f7c921b3abea85d7
4,famous_le_100m,15,1.0,1.0,8,srnet,0b02ce659841a7ef51a344a0da6c7aeea3caacbe5b273785f7c921b3abea85d7
4,famous_le_100m,16,1.0,1.0,8,srnet,0b02ce659841a7ef51a344a0da6c7aeea3caacbe5b273785f7c921b3abea85d7
4,famous_le_100m,17,1.0,1.0,8,srnet,0b02ce659841a7ef51a344a0da6c7aeea3caacbe5b273785f7c921b3abea85d7
4,famous_le_100m,18,1.0,1.0,8,srnet,0b02ce659841a7ef51a344a0da6c7aeea3caacbe5b273785f7c921b3abea85d7
4,famous_le_100m,19,1.0,1.0,8,srnet,0b02ce659841a7ef51a344a0da6c7aeea3caacbe5b273785f7c921b3abea85d7
4,famous_le_100m,20,1.0,1.0,8,srnet,0b02ce659841a7ef51a344a0da6c7aeea3caacbe5b273785f7c921b3abea85d7
4,famous_le_100m,21,1.0,1.0,8,srnet,0b02ce659841a7ef51a344a0da6c7aeea3caacbe5b273785f7c921b3abea85d7
4,famous_le_100m,22,1.0,1.0,8,srnet,0b02ce659841a7ef51a344a0da6c7aeea3caacbe5b273785f7c921b3abea85d7
4,famous_le_100m,23,1.0,1.0,8,srnet,0b02ce659841a7ef51a344a0da6c7aeea3caacbe5b273785f7c921b3abea85d7
5,torch_pretrained_classification,0,0.725,0.65,1,srnet,7b8623699fcb2fd4c166299a1bc5a167d35ef6b8884ef7c5c61da8c4dce92f6c
5,famous_le_10m,0,0.8,0.8,1,srnet,7b8623699fcb2fd4c166299a1bc5a167d35ef6b8884ef7c5c61da8c4dce92f6c
5,famous_le_10m,1,0.2,0.2,1,srnet,7b8623699fcb2fd4c166299a1bc5a167d35ef6b8884ef7c5c61da8c4dce92f6c
5,famous_le_10m,2,0.2,0.2,1,srnet,7b8623699fcb2fd4c166299a1bc5a167d35ef6b8884ef7c5c61da8c4dce92f6c
5,famous_le_10m,3,0.0,0.0,1,srnet,7b8623699fcb2fd4c166299a1bc5a167d35ef6b8884ef7c5c61da8c4dce92f6c
5,famous_le_10m,4,0.0,0.0,1,srnet,7b8623699fcb2fd4c166299a1bc5a167d35ef6b8884ef7c5c61da8c4dce92f6c
5,famous_le_10m,5,0.0,0.0,1,srnet,7b8623699fcb2fd4c166299a1bc5a167d35ef6b8884ef7c5c61da8c4dce92f6c
5,famous_le_10m,6,0.0,0.0,1,srnet,7b8623699fcb2fd4c166299a1bc5a167d35ef6b8884ef7c5c61da8c4dce92f6c
5,famous_le_10m,7,0.0,0.0,1,srnet,7b8623699fcb2fd4c166299a1bc5a167d35ef6b8884ef7c5c61da8c4dce92f6c
5,famous_le_10m,8,0.0,0.0,1,srnet,7b8623699fcb2fd4c166299a1bc5a167d35ef6b8884ef7c5c61da8c4dce92f6c
5,famous_le_10m,9,0.0,0.0,1,srnet,7b8623699fcb2fd4c166299a1bc5a167d35ef6b8884ef7c5c61da8c4dce92f6c
5,famous_le_10m,10,0.0,0.0,1,srnet,7b8623699fcb2fd4c166299a1bc5a167d35ef6b8884ef7c5c61da8c4dce92f6c
5,famous_le_10m,11,0.0,0.0,1,srnet,7b8623699fcb2fd4c166299a1bc5a167d35ef6b8884ef7c5c61da8c4dce92f6c
5,famous_le_10m,12,0.0,0.0,1,srnet,7b8623699fcb2fd4c166299a1bc5a167d35ef6b8884ef7c5c61da8c4dce92f6c
5,famous_le_10m,13,0.0,0.0,1,srnet,7b8623699fcb2fd4c166299a1bc5a167d35ef6b8884ef7c5c61da8c4dce92f6c
5,famous_le_10m,14,0.0,0.0,1,srnet,7b8623699fcb2fd4c166299a1bc5a167d35ef6b8884ef7c5c61da8c4dce92f6c
5,famous_le_10m,15,0.0,0.0,1,srnet,7b8623699fcb2fd4c166299a1bc5a167d35ef6b8884ef7c5c61da8c4dce92f6c
5,famous_le_10m,16,0.0,0.0,1,srnet,7b8623699fcb2fd4c166299a1bc5a167d35ef6b8884ef7c5c61da8c4dce92f6c
5,famous_le_10m,17,0.0,0.0,1,srnet,7b8623699fcb2fd4c166299a1bc5a167d35ef6b8884ef7c5c61da8c4dce92f6c
5,famous_le_10m,18,0.0,0.0,1,srnet,7b8623699fcb2fd4c166299a1bc5a167d35ef6b8884ef7c5c61da8c4dce92f6c
5,famous_le_10m,19,0.0,0.0,1,srnet,7b8623699fcb2fd4c166299a1bc5a167d35ef6b8884ef7c5c61da8c4dce92f6c
5,famous_le_10m,20,0.0,0.0,1,srnet,7b8623699fcb2fd4c166299a1bc5a167d35ef6b8884ef7c5c61da8c4dce92f6c
5,famous_le_10m,21,0.0,0.0,1,srnet,7b8623699fcb2fd4c166299a1bc5a167d35ef6b8884ef7c5c61da8c4dce92f6c
5,famous_le_10m,22,0.0,0.0,1,srnet,7b8623699fcb2fd4c166299a1bc5a167d35ef6b8884ef7c5c61da8c4dce92f6c
5,famous_le_10m,23,0.0,0.0,1,srnet,7b8623699fcb2fd4c166299a1bc5a167d35ef6b8884ef7c5c61da8c4dce92f6c
5,famous_le_100m,0,0.6428571428571429,0.5714285714285714,1,srnet,7b8623699fcb2fd4c166299a1bc5a167d35ef6b8884ef7c5c61da8c4dce92f6c
5,famous_le_100m,1,0.35714285714285715,0.42857142857142855,1,srnet,7b8623699fcb2fd4c166299a1bc5a167d35ef6b8884ef7c5c61da8c4dce92f6c
5,famous_le_100m,2,0.35714285714285715,0.42857142857142855,1,srnet,7b8623699fcb2fd4c166299a1bc5a167d35ef6b8884ef7c5c61da8c4dce92f6c
5,famous_le_100m,3,0.35714285714285715,0.35714285714285715,1,srnet,7b8623699fcb2fd4c166299a1bc5a167d35ef6b8884ef7c5c61da8c4dce92f6c
5,famous_le_100m,4,0.2857142857142857,0.14285714285714285,1,srnet,7b8623699fcb2fd4c166299a1bc5a167d35ef6b8884ef7c5c61da8c4dce92f6c
5,famous_le_100m,5,0.14285714285714285,0.14285714285714285,1,srnet,7b8623699fcb2fd4c166299a1bc5a167d35ef6b8884ef7c5c61da8c4dce92f6c
5,famous_le_100m,6,0.0,0.0,1,srnet,7b8623699fcb2fd4c166299a1bc5a167d35ef6b8884ef7c5c61da8c4dce92f6c
5,famous_le_100m,7,0.0,0.0,1,srnet,7b8623699fcb2fd4c166299a1bc5a167d35ef6b8884ef7c5c61da8c4dce92f6c
5,famous_le_100m,8,0.0,0.07142857142857142,1,srnet,7b8623699fcb2fd4c166299a1bc5a167d35ef6b8884ef7c5c61da8c4dce92f6c
5,famous_le_100m,9,0.0,0.0,1,srnet,7b8623699fcb2fd4c166299a1bc5a167d35ef6b8884ef7c5c61da8c4dce92f6c
5,famous_le_100m,10,0.0,0.0,1,srnet,7b8623699fcb2fd4c166299a1bc5a167d35ef6b8884ef7c5c61da8c4dce92f6c
5,famous_le_100m,11,0.0,0.0,1,srnet,7b8623699fcb2fd4c166299a1bc5a167d35ef6b8884ef7c5c61da8c4dce92f6c
5,famous_le_100m,12,0.0,0.0,1,srnet,7b8623699fcb2fd4c166299a1bc5a167d35ef6b8884ef7c5c61da8c4dce92f6c
5,famous_le_100m,13,0.0,0.07142857142857142,1,srnet,7b8623699fcb2fd4c166299a1bc5a167d35ef6b8884ef7c5c61da8c4dce92f6c
5,famous_le_100m,14,0.0,0.0,1,srnet,7b8623699fcb2fd4c166299a1bc5a167d35ef6b8884ef7c5c61da8c4dce92f6c
5,famous_le_100m,15,0.0,0.0,1,srnet,7b8623699fcb2fd4c166299a1bc5a167d35ef6b8884ef7c5c61da8c4dce92f6c
5,famous_le_100m,16,0.0,0.0,1,srnet,7b8623699fcb2fd4c166299a1bc5a167d35ef6b8884ef7c5c61da8c4dce92f6c
5,famous_le_100m,17,0.0,0.0,1,srnet,7b8623699fcb2fd4c166299a1bc5a167d35ef6b8884ef7c5c61da8c4dce92f6c
5,famous_le_100m,18,0.0,0.0,1,srnet,7b8623699fcb2fd4c166299a1bc5a167d35ef6b8884ef7c5c61da8c4dce92f6c
5,famous_le_100m,19,0.0,0.0,1,srnet,7b8623699fcb2fd4c166299a1bc5a167d35ef6b8884ef7c5c61da8c4dce92f6c
5,famous_le_100m,20,0.0,0.0,1,srnet,7b8623699fcb2fd4c166299a1bc5a167d35ef6b8884ef7c5c61da8c4dce92f6c
5,famous_le_100m,21,0.0,0.0,1,srnet,7b8623699fcb2fd4c166299a1bc5a167d35ef6b8884ef7c5c61da8c4dce92f6c
5,famous_le_100m,22,0.0,0.0,1,srnet,7b8623699fcb2fd4c166299a1bc5a167d35ef6b8884ef7c5c61da8c4dce92f6c
5,famous_le_100m,23,0.0,0.0,1,srnet,7b8623699fcb2fd4c166299a1bc5a167d35ef6b8884ef7c5c61da8c4dce92f6c
6,torch_pretrained_classification,0,0.2375,0.35,1,srnet,b13613c9a20e1f36edc95527eb9b421a19110d16519480475f13cc3ee3afbde9
6,famous_le_10m,0,0.0,0.2,1,srnet,b13613c9a20e1f36edc95527eb9b421a19110d16519480475f13cc3ee3afbde9
6,famous_le_10m,1,1.0,0.8,1,srnet,b13613c9a20e1f36edc95527eb9b421a19110d16519480475f13cc3ee3afbde9
6,famous_le_10m,2,1.0,0.8,1,srnet,b13613c9a20e1f36edc95527eb9b421a19110d16519480475f13cc3ee3afbde9
6,famous_le_10m,3,1.0,1.0,1,srnet,b13613c9a20e1f36edc95527eb9b421a19110d16519480475f13cc3ee3afbde9
6,famous_le_10m,4,1.0,1.0,1,srnet,b13613c9a20e1f36edc95527eb9b421a19110d16519480475f13cc3ee3afbde9
6,famous_le_10m,5,1.0,1.0,1,srnet,b13613c9a20e1f36edc95527eb9b421a19110d16519480475f13cc3ee3afbde9
6,famous_le_10m,6,1.0,1.0,1,srnet,b13613c9a20e1f36edc95527eb9b421a19110d16519480475f13cc3ee3afbde9
6,famous_le_10m,7,1.0,1.0,1,srnet,b13613c9a20e1f36edc95527eb9b421a19110d16519480475f13cc3ee3afbde9
6,famous_le_10m,8,1.0,1.0,1,srnet,b13613c9a20e1f36edc95527eb9b421a19110d16519480475f13cc3ee3afbde9
6,famous_le_10m,9,1.0,1.0,1,srnet,b13613c9a20e1f36edc95527eb9b421a19110d16519480475f13cc3ee3afbde9
6,famous_le_10m,10,1.0,1.0,1,srnet,b13613c9a20e1f36edc95527eb9b421a19110d16519480475f13cc3ee3afbde9
6,famous_le_10m,11,1.0,1.0,1,srnet,b13613c9a20e1f36edc95527eb9b421a19110d16519480475f13cc3ee3afbde9
6,famous_le_10m,12,1.0,1.0,1,srnet,b13613c9a20e1f36edc95527eb9b421a19110d16519480475f13cc3ee3afbde9
6,famous_le_10m,13,1.0,1.0,1,srnet,b13613c9a20e1f36edc95527eb9b421a19110d16519480475f13cc3ee3afbde9
6,famous_le_10m,14,1.0,1.0,1,srnet,b13613c9a20e1f36edc95527eb9b421a19110d16519480475f13cc3ee3afbde9
6,famous_le_10m,15,1.0,1.0,1,srnet,b13613c9a20e1f36edc95527eb9b421a19110d16519480475f13cc3ee3afbde9
6,famous_le_10m,16,1.0,1.0,1,srnet,b13613c9a20e1f36edc95527eb9b421a19110d16519480475f13cc3ee3afbde9
6,famous_le_10m,17,1.0,1.0,1,srnet,b13613c9a20e1f36edc95527eb9b421a19110d16519480475f13cc3ee3afbde9
6,famous_le_10m,18,1.0,1.0,1,srnet,b13613c9a20e1f36edc95527eb9b421a19110d16519480475f13cc3ee3afbde9
6,famous_le_10m,19,1.0,1.0,1,srnet,b13613c9a20e1f36edc95527eb9b421a19110d16519480475f13cc3ee3afbde9
6,famous_le_10m,20,1.0,1.0,1,srnet,b13613c9a20e1f36edc95527eb9b421a19110d16519480475f13cc3ee3afbde9
6,famous_le_10m,21,1.0,1.0,1,srnet,b13613c9a20e1f36edc95527eb9b421a19110d16519480475f13cc3ee3afbde9
6,famous_le_10m,22,1.0,1.0,1,srnet,b13613c9a20e1f36edc95527eb9b421a19110d16519480475f13cc3ee3afbde9
6,famous_le_10m,23,1.0,1.0,1,srnet,b13613c9a20e1f36edc95527eb9b421a19110d16519480475f13cc3ee3afbde9
6,famous_le_100m,0,0.5,0.35714285714285715,1,srnet,b13613c9a20e1f36edc95527eb9b421a19110d16519480475f13cc3ee3afbde9
6,famous_le_100m,1,0.5714285714285714,0.5714285714285714,1,srnet,b13613c9a20e1f36edc95527eb9b421a19110d16519480475f13cc3ee3afbde9
6,famous_le_100m,2,0.5714285714285714,0.5714285714285714,1,srnet,b13613c9a20e1f36edc95527eb9b421a19110d16519480475f13cc3ee3afbde9
6,famous_le_100m,3,0.5714285714285714,0.6428571428571429,1,srnet,b13613c9a20e1f36edc95527eb9b421a19110d16519480475f13cc3ee3afbde9
6,famous_le_100m,4,0.7857142857142857,0.7857142857142857,1,srnet,b13613c9a20e1f36edc95527eb9b421a19110d16519480475f13cc3ee3afbde9
6,famous_le_100m,5,0.8571428571428571,0.9285714285714286,1,srnet,b13613c9a20e1f36edc95527eb9b421a19110d16519480475f13cc3ee3afbde9
6,famous_le_100m,6,0.9285714285714286,0.9285714285714286,1,srnet,b13613c9a20e1f36edc95527eb9b421a19110d16519480475f13cc3ee3afbde9
6,famous_le_100m,7,1.0,0.9285714285714286,1,srnet,b13613c9a20e1f36edc95527eb9b421a19110d16519480475f13cc3ee3afbde9
6,famous_le_100m,8,1.0,0.9285714285714286,1,srnet,b13613c9a20e1f36edc95527eb9b421a19110d16519480475f13cc3ee3afbde9
6,famous_le_100m,9,1.0,0.9285714285714286,1,srnet,b13613c9a20e1f36edc95527eb9b421a19110d16519480475f13cc3ee3afbde9
6,famous_le_100m,10,1.0,0.9285714285714286,1,srnet,b13613c9a20e1f36edc95527eb9b421a19110d16519480475f13cc3ee3afbde9
6,famous_le_100m,11,1.0,0.9285714285714286,1,srnet,b13613c9a20e1f36edc95527eb9b421a19110d16519480475f13cc3ee3afbde9
6,famous_le_100m,12,1.0,0.9285714285714286,1,srnet,b13613c9a20e1f36edc95527eb9b421a19110d16519480475f13cc3ee3afbde9
6,famous_le_100m,13,1.0,0.9285714285714286,1,srnet,b13613c9a20e1f36edc95527eb9b421a19110d16519480475f13cc3ee3afbde9
6,famous_le_100m,14,1.0,1.0,1,srnet,b13613c9a20e1f36edc95527eb9b421a19110d16519480475f13cc3ee3afbde9
6,famous_le_100m,15,1.0,1.0,1,srnet,b13613c9a20e1f36edc95527eb9b421a19110d16519480475f13cc3ee3afbde9
6,famous_le_100m,16,1.0,1.0,1,srnet,b13613c9a20e1f36edc95527eb9b421a19110d16519480475f13cc3ee3afbde9
6,famous_le_100m,17,1.0,1.0,1,srnet,b13613c9a20e1f36edc95527eb9b421a19110d16519480475f13cc3ee3afbde9
6,famous_le_100m,18,1.0,1.0,1,srnet,b13613c9a20e1f36edc95527eb9b421a19110d16519480475f13cc3ee3afbde9
6,famous_le_100m,19,1.0,1.0,1,srnet,b13613c9a20e1f36edc95527eb9b421a19110d16519480475f13cc3ee3afbde9
6,famous_le_100m,20,1.0,1.0,1,srnet,b13613c9a20e1f36edc95527eb9b421a19110d16519480475f13cc3ee3afbde9
6,famous_le_100m,21,1.0,1.0,1,srnet,b13613c9a20e1f36edc95527eb9b421a19110d16519480475f13cc3ee3afbde9
6,famous_le_100m,22,1.0,1.0,1,srnet,b13613c9a20e1f36edc95527eb9b421a19110d16519480475f13cc3ee3afbde9
6,famous_le_100m,23,1.0,1.0,1,srnet,b13613c9a20e1f36edc95527eb9b421a19110d16519480475f13cc3ee3afbde9
7,torch_pretrained_classification,0,0.3,0.5,1,srnet,72290b50609418ee1aa1a73f145c6dbe5bb3a2a42039e88b128d17b313c9a44d
7,famous_le_10m,0,0.0,0.8,1,srnet,72290b50609418ee1aa1a73f145c6dbe5bb3a2a42039e88b128d17b313c9a44d
7,famous_le_10m,1,1.0,0.2,1,srnet,72290b50609418ee1aa1a73f145c6dbe5bb3a2a42039e88b128d17b313c9a44d
7,famous_le_10m,2,1.0,0.4,1,srnet,72290b50609418ee1aa1a73f145c6dbe5bb3a2a42039e88b128d17b313c9a44d
7,famous_le_10m,3,1.0,0.6,1,srnet,72290b50609418ee1aa1a73f145c6dbe5bb3a2a42039e88b128d17b313c9a44d
7,famous_le_10m,4,1.0,1.0,1,srnet,72290b50609418ee1aa1a73f145c6dbe5bb3a2a42039e88b128d17b313c9a44d
7,famous_le_10m,5,1.0,1.0,1,srnet,72290b50609418ee1aa1a73f145c6dbe5bb3a2a42039e88b128d17b313c9a44d
7,famous_le_10m,6,1.0,1.0,1,srnet,72290b50609418ee1aa1a73f145c6dbe5bb3a2a42039e88b128d17b313c9a44d
7,famous_le_10m,7,1.0,1.0,1,srnet,72290b50609418ee1aa1a73f145c6dbe5bb3a2a42039e88b128d17b313c9a44d
7,famous_le_10m,8,1.0,1.0,1,srnet,72290b50609418ee1aa1a73f145c6dbe5bb3a2a42039e88b128d17b313c9a44d
7,famous_le_10m,9,1.0,1.0,1,srnet,72290b50609418ee1aa1a73f145c6dbe5bb3a2a42039e88b128d17b313c9a44d
7,famous_le_10m,10,1.0,1.0,1,srnet,72290b50609418ee1aa1a73f145c6dbe5bb3a2a42039e88b128d17b313c9a44d
7,famous_le_10m,11,1.0,1.0,1,srnet,72290b50609418ee1aa1a73f145c6dbe5bb3a2a42039e88b128d17b313c9a44d
7,famous_le_10m,12,1.0,1.0,1,srnet,72290b50609418ee1aa1a73f145c6dbe5bb3a2a42039e88b128d17b313c9a44d
7,famous_le_10m,13,1.0,1.0,1,srnet,72290b50609418ee1aa1a73f145c6dbe5bb3a2a42039e88b128d17b313c9a44d
7,famous_le_10m,14,1.0,1.0,1,srnet,72290b50609418ee1aa1a73f145c6dbe5bb3a2a42039e88b128d17b313c9a44d
7,famous_le_10m,15,1.0,1.0,1,srnet,72290b50609418ee1aa1a73f145c6dbe5bb3a2a42039e88b128d17b313c9a44d
7,famous_le_10m,16,1.0,1.0,1,srnet,72290b50609418ee1aa1a73f145c6dbe5bb3a2a42039e88b128d17b313c9a44d
7,famous_le_10m,17,1.0,1.0,1,srnet,72290b50609418ee1aa1a73f145c6dbe5bb3a2a42039e88b128d17b313c9a44d
7,famous_le_10m,18,1.0,1.0,1,srnet,72290b50609418ee1aa1a73f145c6dbe5bb3a2a42039e88b128d17b313c9a44d
7,famous_le_10m,19,1.0,1.0,1,srnet,72290b50609418ee1aa1a73f145c6dbe5bb3a2a42039e88b128d17b313c9a44d
7,famous_le_10m,20,1.0,1.0,1,srnet,72290b50609418ee1aa1a73f145c6dbe5bb3a2a42039e88b128d17b313c9a44d
7,famous_le_10m,21,1.0,1.0,1,srnet,72290b50609418ee1aa1a73f145c6dbe5bb3a2a42039e88b128d17b313c9a44d
7,famous_le_10m,22,1.0,1.0,1,srnet,72290b50609418ee1aa1a73f145c6dbe5bb3a2a42039e88b128d17b313c9a44d
7,famous_le_10m,23,1.0,1.0,1,srnet,72290b50609418ee1aa1a73f145c6dbe5bb3a2a42039e88b128d17b313c9a44d
7,famous_le_100m,0,0.35714285714285715,0.42857142857142855,1,srnet,72290b50609418ee1aa1a73f145c6dbe5bb3a2a42039e88b128d17b313c9a44d
7,famous_le_100m,1,0.6428571428571429,0.5714285714285714,1,srnet,72290b50609418ee1aa1a73f145c6dbe5bb3a2a42039e88b128d17b313c9a44d
7,famous_le_100m,2,0.6428571428571429,0.5714285714285714,1,srnet,72290b50609418ee1aa1a73f145c6dbe5bb3a2a42039e88b128d17b313c9a44d
7,famous_le_100m,3,0.7142857142857143,0.6428571428571429,1,srnet,72290b50609418ee1aa1a73f145c6dbe5bb3a2a42039e88b128d17b313c9a44d
7,famous_le_100m,4,0.7142857142857143,0.7857142857142857,1,srnet,72290b50609418ee1aa1a73f145c6dbe5bb3a2a42039e88b128d17b313c9a44d
7,famous_le_100m,5,0.8571428571428571,0.8571428571428571,1,srnet,72290b50609418ee1aa1a73f145c6dbe5bb3a2a42039e88b128d17b313c9a44d
7,famous_le_100m,6,1.0,0.9285714285714286,1,srnet,72290b50609418ee1aa1a73f145c6dbe5bb3a2a42039e88b128d17b313c9a44d
7,famous_le_100m,7,1.0,1.0,1,srnet,72290b50609418ee1aa1a73f145c6dbe5bb3a2a42039e88b128d17b313c9a44d
7,famous_le_100m,8,1.0,1.0,1,srnet,72290b50609418ee1aa1a73f145c6dbe5bb3a2a42039e88b128d17b313c9a44d
7,famous_le_100m,9,1.0,1.0,1,srnet,72290b50609418ee1aa1a73f145c6dbe5bb3a2a42039e88b128d17b313c9a44d
7,famous_le_100m,10,1.0,1.0,1,srnet,72290b50609418ee1aa1a73f145c6dbe5bb3a2a42039e88b128d17b313c9a44d
7,famous_le_100m,11,1.0,1.0,1,srnet,72290b50609418ee1aa1a73f145c6dbe5bb3a2a42039e88b128d17b313c9a44d
7,famous_le_100m,12,1.0,1.0,1,srnet,72290b50609418ee1aa1a73f145c6dbe5bb3a2a42039e88b128d17b313c9a44d
7,famous_le_100m,13,1.0,1.0,1,srnet,72290b50609418ee1aa1a73f145c6dbe5bb3a2a42039e88b128d17b313c9a44d
7,famous_le_100m,14,1.0,1.0,1,srnet,72290b50609418ee1aa1a73f145c6dbe5bb3a2a42039e88b128d17b313c9a44d
7,famous_le_100m,15,1.0,1.0,1,srnet,72290b50609418ee1aa1a73f145c6dbe5bb3a2a42039e88b128d17b313c9a44d
7,famous_le_100m,16,1.0,1.0,1,srnet,72290b50609418ee1aa1a73f145c6dbe5bb3a2a42039e88b128d17b313c9a44d
7,famous_le_100m,17,1.0,1.0,1,srnet,72290b50609418ee1aa1a73f145c6dbe5bb3a2a42039e88b128d17b313c9a44d
7,famous_le_100m,18,1.0,1.0,1,srnet,72290b50609418ee1aa1a73f145c6dbe5bb3a2a42039e88b128d17b313c9a44d
7,famous_le_100m,19,1.0,1.0,1,srnet,72290b50609418ee1aa1a73f145c6dbe5bb3a2a42039e88b128d17b313c9a44d
7,famous_le_100m,20,1.0,1.0,1,srnet,72290b50609418ee1aa1a73f145c6dbe5bb3a2a42039e88b128d17b313c9a44d
7,famous_le_100m,21,1.0,1.0,1,srnet,72290b50609418ee1aa1a73f145c6dbe5bb3a2a42039e88b128d17b313c9a44d
7,famous_le_100m,22,1.0,1.0,1,srnet,72290b50609418ee1aa1a73f145c6dbe5bb3a2a42039e88b128d17b313c9a44d
7,famous_le_100m,23,1.0,1.0,1,srnet,72290b50609418ee1aa1a73f145c6dbe5bb3a2a42039e88b128d17b313c9a44d
8,torch_pretrained_classification,0,0.175,0.2,1,srnet,1da83545cd82c16c9b0e1ff2fe483b8c71ed6b9ddd09cc40902be947cbdfd9f4
8,famous_le_10m,0,0.0,0.2,1,srnet,1da83545cd82c16c9b0e1ff2fe483b8c71ed6b9ddd09cc40902be947cbdfd9f4
8,famous_le_10m,1,1.0,1.0,1,srnet,1da83545cd82c16c9b0e1ff2fe483b8c71ed6b9ddd09cc40902be947cbdfd9f4
8,famous_le_10m,2,1.0,1.0,1,srnet,1da83545cd82c16c9b0e1ff2fe483b8c71ed6b9ddd09cc40902be947cbdfd9f4
8,famous_le_10m,3,1.0,1.0,1,srnet,1da83545cd82c16c9b0e1ff2fe483b8c71ed6b9ddd09cc40902be947cbdfd9f4
8,famous_le_10m,4,1.0,1.0,1,srnet,1da83545cd82c16c9b0e1ff2fe483b8c71ed6b9ddd09cc40902be947cbdfd9f4
8,famous_le_10m,5,1.0,1.0,1,srnet,1da83545cd82c16c9b0e1ff2fe483b8c71ed6b9ddd09cc40902be947cbdfd9f4
8,famous_le_10m,6,1.0,1.0,1,srnet,1da83545cd82c16c9b0e1ff2fe483b8c71ed6b9ddd09cc40902be947cbdfd9f4
8,famous_le_10m,7,1.0,1.0,1,srnet,1da83545cd82c16c9b0e1ff2fe483b8c71ed6b9ddd09cc40902be947cbdfd9f4
8,famous_le_10m,8,1.0,1.0,1,srnet,1da83545cd82c16c9b0e1ff2fe483b8c71ed6b9ddd09cc40902be947cbdfd9f4
8,famous_le_10m,9,1.0,1.0,1,srnet,1da83545cd82c16c9b0e1ff2fe483b8c71ed6b9ddd09cc40902be947cbdfd9f4
8,famous_le_10m,10,1.0,1.0,1,srnet,1da83545cd82c16c9b0e1ff2fe483b8c71ed6b9ddd09cc40902be947cbdfd9f4
8,famous_le_10m,11,1.0,1.0,1,srnet,1da83545cd82c16c9b0e1ff2fe483b8c71ed6b9ddd09cc40902be947cbdfd9f4
8,famous_le_10m,12,1.0,1.0,1,srnet,1da83545cd82c16c9b0e1ff2fe483b8c71ed6b9ddd09cc40902be947cbdfd9f4
8,famous_le_10m,13,1.0,1.0,1,srnet,1da83545cd82c16c9b0e1ff2fe483b8c71ed6b9ddd09cc40902be947cbdfd9f4
8,famous_le_10m,14,1.0,1.0,1,srnet,1da83545cd82c16c9b0e1ff2fe483b8c71ed6b9ddd09cc40902be947cbdfd9f4
8,famous_le_10m,15,1.0,1.0,1,srnet,1da83545cd82c16c9b0e1ff2fe483b8c71ed6b9ddd09cc40902be947cbdfd9f4
8,famous_le_10m,16,1.0,1.0,1,srnet,1da83545cd82c16c9b0e1ff2fe483b8c71ed6b9ddd09cc40902be947cbdfd9f4
8,famous_le_10m,17,1.0,1.0,1,srnet,1da83545cd82c16c9b0e1ff2fe483b8c71ed6b9ddd09cc40902be947cbdfd9f4
8,famous_le_10m,18,1.0,1.0,1,srnet,1da83545cd82c16c9b0e1ff2fe483b8c71ed6b9ddd09cc40902be947cbdfd9f4
8,famous_le_10m,19,1.0,1.0,1,srnet,1da83545cd82c16c9b0e1ff2fe483b8c71ed6b9ddd09cc40902be947cbdfd9f4
8,famous_le_10m,20,1.0,1.0,1,srnet,1da83545cd82c16c9b0e1ff2fe483b8c71ed6b9ddd09cc40902be947cbdfd9f4
8,famous_le_10m,21,1.0,1.0,1,srnet,1da83545cd82c16c9b0e1ff2fe483b8c71ed6b9ddd09cc40902be947cbdfd9f4
8,famous_le_10m,22,1.0,1.0,1,srnet,1da83545cd82c16c9b0e1ff2fe483b8c71ed6b9ddd09cc40902be947cbdfd9f4
8,famous_le_10m,23,1.0,1.0,1,srnet,1da83545cd82c16c9b0e1ff2fe483b8c71ed6b9ddd09cc40902be947cbdfd9f4
8,famous_le_100m,0,0.35714285714285715,0.14285714285714285,1,srnet,1da83545cd82c16c9b0e1ff2fe483b8c71ed6b9ddd09cc40902be947cbdfd9f4
8,famous_le_100m,1,0.6428571428571429,0.8571428571428571,1,srnet,1da83545cd82c16c9b0e1ff2fe483b8c71ed6b9ddd09cc40902be947cbdfd9f4
8,famous_le_100m,2,0.6428571428571429,0.8571428571428571,1,srnet,1da83545cd82c16c9b0e1ff2fe483b8c71ed6b9ddd09cc40902be947cbdfd9f4
8,famous_le_100m,3,0.6428571428571429,0.8571428571428571,1,srnet,1da83545cd82c16c9b0e1ff2fe483b8c71ed6b9ddd09cc40902be947cbdfd9f4
8,famous_le_100m,4,0.7142857142857143,0.7857142857142857,1,srnet,1da83545cd82c16c9b0e1ff2fe483b8c71ed6b9ddd09cc40902be947cbdfd9f4
8,famous_le_100m,5,0.8571428571428571,1.0,1,srnet,1da83545cd82c16c9b0e1ff2fe483b8c71ed6b9ddd09cc40902be947cbdfd9f4
8,famous_le_100m,6,0.9285714285714286,0.9285714285714286,1,srnet,1da83545cd82c16c9b0e1ff2fe483b8c71ed6b9ddd09cc40902be947cbdfd9f4
8,famous_le_100m,7,1.0,1.0,1,srnet,1da83545cd82c16c9b0e1ff2fe483b8c71ed6b9ddd09cc40902be947cbdfd9f4
8,famous_le_100m,8,1.0,1.0,1,srnet,1da83545cd82c16c9b0e1ff2fe483b8c71ed6b9ddd09cc40902be947cbdfd9f4
8,famous_le_100m,9,1.0,1.0,1,srnet,1da83545cd82c16c9b0e1ff2fe483b8c71ed6b9ddd09cc40902be947cbdfd9f4
8,famous_le_100m,10,1.0,1.0,1,srnet,1da83545cd82c16c9b0e1ff2fe483b8c71ed6b9ddd09cc40902be947cbdfd9f4
8,famous_le_100m,11,1.0,1.0,1,srnet,1da83545cd82c16c9b0e1ff2fe483b8c71ed6b9ddd09cc40902be947cbdfd9f4
8,famous_le_100m,12,1.0,1.0,1,srnet,1da83545cd82c16c9b0e1ff2fe483b8c71ed6b9ddd09cc40902be947cbdfd9f4
8,famous_le_100m,13,1.0,1.0,1,srnet,1da83545cd82c16c9b0e1ff2fe483b8c71ed6b9ddd09cc40902be947cbdfd9f4
8,famous_le_100m,14,1.0,1.0,1,srnet,1da83545cd82c16c9b0e1ff2fe483b8c71ed6b9ddd09cc40902be947cbdfd9f4
8,famous_le_100m,15,1.0,1.0,1,srnet,1da83545cd82c16c9b0e1ff2fe483b8c71ed6b9ddd09cc40902be947cbdfd9f4
8,famous_le_100m,16,1.0,1.0,1,srnet,1da83545cd82c16c9b0e1ff2fe483b8c71ed6b9ddd09cc40902be947cbdfd9f4
8,famous_le_100m,17,1.0,1.0,1,srnet,1da83545cd82c16c9b0e1ff2fe483b8c71ed6b9ddd09cc40902be947cbdfd9f4
8,famous_le_100m,18,1.0,1.0,1,srnet,1da83545cd82c16c9b0e1ff2fe483b8c71ed6b9ddd09cc40902be947cbdfd9f4
8,famous_le_100m,19,1.0,1.0,1,srnet,1da83545cd82c16c9b0e1ff2fe483b8c71ed6b9ddd09cc40902be947cbdfd9f4
8,famous_le_100m,20,1.0,1.0,1,srnet,1da83545cd82c16c9b0e1ff2fe483b8c71ed6b9ddd09cc40902be947cbdfd9f4
8,famous_le_100m,21,1.0,1.0,1,srnet,1da83545cd82c16c9b0e1ff2fe483b8c71ed6b9ddd09cc40902be947cbdfd9f4
8,famous_le_100m,22,1.0,1.0,1,srnet,1da83545cd82c16c9b0e1ff2fe483b8c71ed6b9ddd09cc40902be947cbdfd9f4
8,famous_le_100m,23,1.0,1.0,1,srnet,1da83545cd82c16c9b0e1ff2fe483b8c71ed6b9ddd09cc40902be947cbdfd9f4
9,torch_pretrained_classification,0,0.7625,0.475,1,srnet,883b6aa260caa334765ef3dc5345c14f26b4f558a03cdcb17bd35a2c2040c0f5
9,famous_le_10m,0,0.8,0.8,1,srnet,883b6aa260caa334765ef3dc5345c14f26b4f558a03cdcb17bd35a2c2040c0f5
9,famous_le_10m,1,0.2,0.2,1,srnet,883b6aa260caa334765ef3dc5345c14f26b4f558a03cdcb17bd35a2c2040c0f5
9,famous_le_10m,2,0.0,0.2,1,srnet,883b6aa260caa334765ef3dc5345c14f26b4f558a03cdcb17bd35a2c2040c0f5
9,famous_le_10m,3,0.0,0.0,1,srnet,883b6aa260caa334765ef3dc5345c14f26b4f558a03cdcb17bd35a2c2040c0f5
9,famous_le_10m,4,0.0,0.0,1,srnet,883b6aa260caa334765ef3dc5345c14f26b4f558a03cdcb17bd35a2c2040c0f5
9,famous_le_10m,5,0.0,0.0,1,srnet,883b6aa260caa334765ef3dc5345c14f26b4f558a03cdcb17bd35a2c2040c0f5
9,famous_le_10m,6,0.0,0.0,1,srnet,883b6aa260caa334765ef3dc5345c14f26b4f558a03cdcb17bd35a2c2040c0f5
9,famous_le_10m,7,0.0,0.0,1,srnet,883b6aa260caa334765ef3dc5345c14f26b4f558a03cdcb17bd35a2c2040c0f5
9,famous_le_10m,8,0.0,0.0,1,srnet,883b6aa260caa334765ef3dc5345c14f26b4f558a03cdcb17bd35a2c2040c0f5
9,famous_le_10m,9,0.0,0.0,1,srnet,883b6aa260caa334765ef3dc5345c14f26b4f558a03cdcb17bd35a2c2040c0f5
9,famous_le_10m,10,0.0,0.0,1,srnet,883b6aa260caa334765ef3dc5345c14f26b4f558a03cdcb17bd35a2c2040c0f5
9,famous_le_10m,11,0.0,0.0,1,srnet,883b6aa260caa334765ef3dc5345c14f26b4f558a03cdcb17bd35a2c2040c0f5
9,famous_le_10m,12,0.0,0.0,1,srnet,883b6aa260caa334765ef3dc5345c14f26b4f558a03cdcb17bd35a2c2040c0f5
9,famous_le_10m,13,0.0,0.0,1,srnet,883b6aa260caa334765ef3dc5345c14f26b4f558a03cdcb17bd35a2c2040c0f5
9,famous_le_10m,14,0.0,0.0,1,srnet,883b6aa260caa334765ef3dc5345c14f26b4f558a03cdcb17bd35a2c2040c0f5
9,famous_le_10m,15,0.0,0.0,1,srnet,883b6aa260caa334765ef3dc5345c14f26b4f558a03cdcb17bd35a2c2040c0f5
9,famous_le_10m,16,0.0,0.0,1,srnet,883b6aa260caa334765ef3dc5345c14f26b4f558a03cdcb17bd35a2c2040c0f5
9,famous_le_10m,17,0.0,0.0,1,srnet,883b6aa260caa334765ef3dc5345c14f26b4f558a03cdcb17bd35a2c2040c0f5
9,famous_le_10m,18,0.0,0.0,1,srnet,883b6aa260caa334765ef3dc5345c14f26b4f558a03cdcb17bd35a2c2040c0f5
9,famous_le_10m,19,0.0,0.0,1,srnet,883b6aa260caa334765ef3dc5345c14f26b4f558a03cdcb17bd35a2c2040c0f5
9,famous_le_10m,20,0.0,0.0,1,srnet,883b6aa260caa334765ef3dc5345c14f26b4f558a03cdcb17bd35a2c2040c0f5
9,famous_le_10m,21,0.0,0.0,1,srnet,883b6aa260caa334765ef3dc5345c14f26b4f558a03cdcb17bd35a2c2040c0f5
9,famous_le_10m,22,0.0,0.0,1,srnet,883b6aa260caa334765ef3dc5345c14f26b4f558a03cdcb17bd35a2c2040c0f5
9,famous_le_10m,23,0.0,0.0,1,srnet,883b6aa260caa334765ef3dc5345c14f26b4f558a03cdcb17bd35a2c2040c0f5
9,famous_le_100m,0,0.6428571428571429,0.5,1,srnet,883b6aa260caa334765ef3dc5345c14f26b4f558a03cdcb17bd35a2c2040c0f5
9,famous_le_100m,1,0.35714285714285715,0.5,1,srnet,883b6aa260caa334765ef3dc5345c14f26b4f558a03cdcb17bd35a2c2040c0f5
9,famous_le_100m,2,0.35714285714285715,0.5,1,srnet,883b6aa260caa334765ef3dc5345c14f26b4f558a03cdcb17bd35a2c2040c0f5
9,famous_le_100m,3,0.35714285714285715,0.5,1,srnet,883b6aa260caa334765ef3dc5345c14f26b4f558a03cdcb17bd35a2c2040c0f5
9,famous_le_100m,4,0.21428571428571427,0.2857142857142857,1,srnet,883b6aa260caa334765ef3dc5345c14f26b4f558a03cdcb17bd35a2c2040c0f5
9,famous_le_100m,5,0.14285714285714285,0.21428571428571427,1,srnet,883b6aa260caa334765ef3dc5345c14f26b4f558a03cdcb17bd35a2c2040c0f5
9,famous_le_100m,6,0.0,0.07142857142857142,1,srnet,883b6aa260caa334765ef3dc5345c14f26b4f558a03cdcb17bd35a2c2040c0f5
9,famous_le_100m,7,0.07142857142857142,0.07142857142857142,1,srnet,883b6aa260caa334765ef3dc5345c14f26b4f558a03cdcb17bd35a2c2040c0f5
9,famous_le_100m,8,0.07142857142857142,0.07142857142857142,1,srnet,883b6aa260caa334765ef3dc5345c14f26b4f558a03cdcb17bd35a2c2040c0f5
9,famous_le_100m,9,0.07142857142857142,0.07142857142857142,1,srnet,883b6aa260caa334765ef3dc5345c14f26b4f558a03cdcb17bd35a2c2040c0f5
9,famous_le_100m,10,0.07142857142857142,0.07142857142857142,1,srnet,883b6aa260caa334765ef3dc5345c14f26b4f558a03cdcb17bd35a2c2040c0f5
9,famous_le_100m,11,0.07142857142857142,0.07142857142857142,1,srnet,883b6aa260caa334765ef3dc5345c14f26b4f558a03cdcb17bd35a2c2040c0f5
9,famous_le_100m,12,0.0,0.07142857142857142,1,srnet,883b6aa260caa334765ef3dc5345c14f26b4f558a03cdcb17bd35a2c2040c0f5
9,famous_le_100m,13,0.0,0.0,1,srnet,883b6aa260caa334765ef3dc5345c14f26b4f558a03cdcb17bd35a2c2040c0f5
9,famous_le_100m,14,0.0,0.0,1,srnet,883b6aa260caa334765ef3dc5345c14f26b4f558a03cdcb17bd35a2c2040c0f5
9,famous_le_100m,15,0.0,0.0,1,srnet,883b6aa260caa334765ef3dc5345c14f26b4f558a03cdcb17bd35a2c2040c0f5
9,famous_le_100m,16,0.0,0.0,1,srnet,883b6aa260caa334765ef3dc5345c14f26b4f558a03cdcb17bd35a2c2040c0f5
9,famous_le_100m,17,0.0,0.0,1,srnet,883b6aa260caa334765ef3dc5345c14f26b4f558a03cdcb17bd35a2c2040c0f5
9,famous_le_100m,18,0.0,0.0,1,srnet,883b6aa260caa334765ef3dc5345c14f26b4f558a03cdcb17bd35a2c2040c0f5
9,famous_le_100m,19,0.0,0.0,1,srnet,883b6aa260caa334765ef3dc5345c14f26b4f558a03cdcb17bd35a2c2040c0f5
9,famous_le_100m,20,0.0,0.0,1,srnet,883b6aa260caa334765ef3dc5345c14f26b4f558a03cdcb17bd35a2c2040c0f5
9,famous_le_100m,21,0.0,0.0,1,srnet,883b6aa260caa334765ef3dc5345c14f26b4f558a03cdcb17bd35a2c2040c0f5
9,famous_le_100m,22,0.0,0.0,1,srnet,883b6aa260caa334765ef3dc5345c14f26b4f558a03cdcb17bd35a2c2040c0f5
9,famous_le_100m,23,0.0,0.0,1,srnet,883b6aa260caa334765ef3dc5345c14f26b4f558a03cdcb17bd35a2c2040c0f5
5,torch_pretrained_classification,0,0.4125,0.35,2,srnet,aa9085580ad99d2681db9a4a22d3a5f2f036a6bece405328f83b39bd784eefb6
5,famous_le_10m,0,0.4,0.4,2,srnet,aa9085580ad99d2681db9a4a22d3a5f2f036a6bece405328f83b39bd784eefb6
5,famous_le_10m,1,0.8,0.6,2,srnet,aa9085580ad99d2681db9a4a22d3a5f2f036a6bece405328f83b39bd784eefb6
5,famous_le_10m,2,0.8,0.6,2,srnet,aa9085580ad99d2681db9a4a22d3a5f2f036a6bece405328f83b39bd784eefb6
5,famous_le_10m,3,0.8,1.0,2,srnet,aa9085580ad99d2681db9a4a22d3a5f2f036a6bece405328f83b39bd784eefb6
5,famous_le_10m,4,1.0,1.0,2,srnet,aa9085580ad99d2681db9a4a22d3a5f2f036a6bece405328f83b39bd784eefb6
5,famous_le_10m,5,1.0,1.0,2,srnet,aa9085580ad99d2681db9a4a22d3a5f2f036a6bece405328f83b39bd784eefb6
5,famous_le_10m,6,1.0,1.0,2,srnet,aa9085580ad99d2681db9a4a22d3a5f2f036a6bece405328f83b39bd784eefb6
5,famous_le_10m,7,1.0,1.0,2,srnet,aa9085580ad99d2681db9a4a22d3a5f2f036a6bece405328f83b39bd784eefb6
5,famous_le_10m,8,1.0,1.0,2,srnet,aa9085580ad99d2681db9a4a22d3a5f2f036a6bece405328f83b39bd784eefb6
5,famous_le_10m,9,1.0,1.0,2,srnet,aa9085580ad99d2681db9a4a22d3a5f2f036a6bece405328f83b39bd784eefb6
5,famous_le_10m,10,1.0,1.0,2,srnet,aa9085580ad99d2681db9a4a22d3a5f2f036a6bece405328f83b39bd784eefb6
5,famous_le_10m,11,1.0,1.0,2,srnet,aa9085580ad99d2681db9a4a22d3a5f2f036a6bece405328f83b39bd784eefb6
5,famous_le_10m,12,1.0,1.0,2,srnet,aa9085580ad99d2681db9a4a22d3a5f2f036a6bece405328f83b39bd784eefb6
5,famous_le_10m,13,1.0,1.0,2,srnet,aa9085580ad99d2681db9a4a22d3a5f2f036a6bece405328f83b39bd784eefb6
5,famous_le_10m,14,1.0,1.0,2,srnet,aa9085580ad99d2681db9a4a22d3a5f2f036a6bece405328f83b39bd784eefb6
5,famous_le_10m,15,1.0,1.0,2,srnet,aa9085580ad99d2681db9a4a22d3a5f2f036a6bece405328f83b39bd784eefb6
5,famous_le_10m,16,1.0,1.0,2,srnet,aa9085580ad99d2681db9a4a22d3a5f2f036a6bece405328f83b39bd784eefb6
5,famous_le_10m,17,1.0,1.0,2,srnet,aa9085580ad99d2681db9a4a22d3a5f2f036a6bece405328f83b39bd784eefb6
5,famous_le_10m,18,1.0,1.0,2,srnet,aa9085580ad99d2681db9a4a22d3a5f2f036a6bece405328f83b39bd784eefb6
5,famous_le_10m,19,1.0,1.0,2,srnet,aa9085580ad99d2681db9a4a22d3a5f2f036a6bece405328f83b39bd784eefb6
5,famous_le_10m,20,1.0,1.0,2,srnet,aa9085580ad99d2681db9a4a22d3a5f2f036a6bece405328f83b39bd784eefb6
5,famous_le_10m,21,1.0,1.0,2,srnet,aa9085580ad99d2681db9a4a22d3a5f2f036a6bece405328f83b39bd784eefb6
5,famous_le_10m,22,1.0,1.0,2,srnet,aa9085580ad99d2681db9a4a22d3a5f2f036a6bece405328f83b39bd784eefb6
5,famous_le_10m,23,1.0,1.0,2,srnet,aa9085580ad99d2681db9a4a22d3a5f2f036a6bece405328f83b39bd784eefb6
5,famous_le_100m,0,0.42857142857142855,0.5,2,srnet,aa9085580ad99d2681db9a4a22d3a5f2f036a6bece405328f83b39bd784eefb6
5,famous_le_100m,1,0.5714285714285714,0.5,2,srnet,aa9085580ad99d2681db9a4a22d3a5f2f036a6bece405328f83b39bd784eefb6
5,famous_le_100m,2,0.5714285714285714,0.5,2,srnet,aa9085580ad99d2681db9a4a22d3a5f2f036a6bece405328f83b39bd784eefb6
5,famous_le_100m,3,0.5714285714285714,0.7142857142857143,2,srnet,aa9085580ad99d2681db9a4a22d3a5f2f036a6bece405328f83b39bd784eefb6
5,famous_le_100m,4,0.7857142857142857,0.7857142857142857,2,srnet,aa9085580ad99d2681db9a4a22d3a5f2f036a6bece405328f83b39bd784eefb6
5,famous_le_100m,5,0.7857142857142857,0.9285714285714286,2,srnet,aa9085580ad99d2681db9a4a22d3a5f2f036a6bece405328f83b39bd784eefb6
5,famous_le_100m,6,1.0,0.9285714285714286,2,srnet,aa9085580ad99d2681db9a4a22d3a5f2f036a6bece405328f83b39bd784eefb6
5,famous_le_100m,7,0.9285714285714286,1.0,2,srnet,aa9085580ad99d2681db9a4a22d3a5f2f036a6bece405328f83b39bd784eefb6
5,famous_le_100m,8,0.9285714285714286,1.0,2,srnet,aa9085580ad99d2681db9a4a22d3a5f2f036a6bece405328f83b39bd784eefb6
5,famous_le_100m,9,0.9285714285714286,1.0,2,srnet,aa9085580ad99d2681db9a4a22d3a5f2f036a6bece405328f83b39bd784eefb6
5,famous_le_100m,10,0.9285714285714286,1.0,2,srnet,aa9085580ad99d2681db9a4a22d3a5f2f036a6bece405328f83b39bd784eefb6
5,famous_le_100m,11,0.9285714285714286,1.0,2,srnet,aa9085580ad99d2681db9a4a22d3a5f2f036a6bece405328f83b39bd784eefb6
5,famous_le_100m,12,0.9285714285714286,1.0,2,srnet,aa9085580ad99d2681db9a4a22d3a5f2f036a6bece405328f83b39bd784eefb6
5,famous_le_100m,13,1.0,1.0,2,srnet,aa9085580ad99d2681db9a4a22d3a5f2f036a6bece405328f83b39bd784eefb6
5,famous_le_100m,14,1.0,1.0,2,srnet,aa9085580ad99d2681db9a4a22d3a5f2f036a6bece405328f83b39bd784eefb6
5,famous_le_100m,15,1.0,1.0,2,srnet,aa9085580ad99d2681db9a4a22d3a5f2f036a6bece405328f83b39bd784eefb6
5,famous_le_100m,16,1.0,1.0,2,srnet,aa9085580ad99d2681db9a4a22d3a5f2f036a6bece405328f83b39bd784eefb6
5,famous_le_100m,17,1.0,1.0,2,srnet,aa9085580ad99d2681db9a4a22d3a5f2f036a6bece405328f83b39bd784eefb6
5,famous_le_100m,18,1.0,1.0,2,srnet,aa9085580ad99d2681db9a4a22d3a5f2f036a6bece405328f83b39bd784eefb6
5,famous_le_100m,19,1.0,1.0,2,srnet,aa9085580ad99d2681db9a4a22d3a5f2f036a6bece405328f83b39bd784eefb6
5,famous_le_100m,20,1.0,1.0,2,srnet,aa9085580ad99d2681db9a4a22d3a5f2f036a6bece405328f83b39bd784eefb6
5,famous_le_100m,21,1.0,1.0,2,srnet,aa9085580ad99d2681db9a4a22d3a5f2f036a6bece405328f83b39bd784eefb6
5,famous_le_100m,22,1.0,1.0,2,srnet,aa9085580ad99d2681db9a4a22d3a5f2f036a6bece405328f83b39bd784eefb6
5,famous_le_100m,23,1.0,1.0,2,srnet,aa9085580ad99d2681db9a4a22d3a5f2f036a6bece405328f83b39bd784eefb6
6,torch_pretrained_classification,0,0.3,0.325,2,srnet,a42ad9b305ef44520868fe7baf19ffda7163932130b33fe23853369db81b4777
6,famous_le_10m,0,0.0,0.0,2,srnet,a42ad9b305ef44520868fe7baf19ffda7163932130b33fe23853369db81b4777
6,famous_le_10m,1,1.0,1.0,2,srnet,a42ad9b305ef44520868fe7baf19ffda7163932130b33fe23853369db81b4777
6,famous_le_10m,2,1.0,1.0,2,srnet,a42ad9b305ef44520868fe7baf19ffda7163932130b33fe23853369db81b4777
6,famous_le_10m,3,1.0,1.0,2,srnet,a42ad9b305ef44520868fe7baf19ffda7163932130b33fe23853369db81b4777
6,famous_le_10m,4,1.0,1.0,2,srnet,a42ad9b305ef44520868fe7baf19ffda7163932130b33fe23853369db81b4777
6,famous_le_10m,5,1.0,1.0,2,srnet,a42ad9b305ef44520868fe7baf19ffda7163932130b33fe23853369db81b4777
6,famous_le_10m,6,1.0,1.0,2,srnet,a42ad9b305ef44520868fe7baf19ffda7163932130b33fe23853369db81b4777
6,famous_le_10m,7,1.0,1.0,2,srnet,a42ad9b305ef44520868fe7baf19ffda7163932130b33fe23853369db81b4777
6,famous_le_10m,8,1.0,1.0,2,srnet,a42ad9b305ef44520868fe7baf19ffda7163932130b33fe23853369db81b4777
6,famous_le_10m,9,1.0,1.0,2,srnet,a42ad9b305ef44520868fe7baf19ffda7163932130b33fe23853369db81b4777
6,famous_le_10m,10,1.0,1.0,2,srnet,a42ad9b305ef44520868fe7baf19ffda7163932130b33fe23853369db81b4777
6,famous_le_10m,11,1.0,1.0,2,srnet,a42ad9b305ef44520868fe7baf19ffda7163932130b33fe23853369db81b4777
6,famous_le_10m,12,1.0,1.0,2,srnet,a42ad9b305ef44520868fe7baf19ffda7163932130b33fe23853369db81b4777
6,famous_le_10m,13,1.0,1.0,2,srnet,a42ad9b305ef44520868fe7baf19ffda7163932130b33fe23853369db81b4777
6,famous_le_10m,14,1.0,1.0,2,srnet,a42ad9b305ef44520868fe7baf19ffda7163932130b33fe23853369db81b4777
6,famous_le_10m,15,1.0,1.0,2,srnet,a42ad9b305ef44520868fe7baf19ffda7163932130b33fe23853369db81b4777
6,famous_le_10m,16,1.0,1.0,2,srnet,a42ad9b305ef44520868fe7baf19ffda7163932130b33fe23853369db81b4777
6,famous_le_10m,17,1.0,1.0,2,srnet,a42ad9b305ef44520868fe7baf19ffda7163932130b33fe23853369db81b4777
6,famous_le_10m,18,1.0,1.0,2,srnet,a42ad9b305ef44520868fe7baf19ffda7163932130b33fe23853369db81b4777
6,famous_le_10m,19,1.0,1.0,2,srnet,a42ad9b305ef44520868fe7baf19ffda7163932130b33fe23853369db81b4777
6,famous_le_10m,20,1.0,1.0,2,srnet,a42ad9b305ef44520868fe7baf19ffda7163932130b33fe23853369db81b4777
6,famous_le_10m,21,1.0,1.0,2,srnet,a42ad9b305ef44520868fe7baf19ffda7163932130b33fe23853369db81b4777
6,famous_le_10m,22,1.0,1.0,2,srnet,a42ad9b305ef44520868fe7baf19ffda7163932130b33fe23853369db81b4777
6,famous_le_10m,23,1.0,1.0,2,srnet,a42ad9b305ef44520868fe7baf19ffda7163932130b33fe23853369db81b4777
6,famous_le_100m,0,0.42857142857142855,0.35714285714285715,2,srnet,a42ad9b305ef44520868fe7baf19ffda7163932130b33fe23853369db81b4777
6,famous_le_100m,1,0.5714285714285714,0.6428571428571429,2,srnet,a42ad9b305ef44520868fe7baf19ffda7163932130b33fe23853369db81b4777
6,famous_le_100m,2,0.5714285714285714,0.6428571428571429,2,srnet,a42ad9b305ef44520868fe7baf19ffda7163932130b33fe23853369db81b4777
6,famous_le_100m,3,0.5714285714285714,0.7142857142857143,2,srnet,a42ad9b305ef44520868fe7baf19ffda7163932130b33fe23853369db81b4777
6,famous_le_100m,4,0.7142857142857143,0.8571428571428571,2,srnet,a42ad9b305ef44520868fe7baf19ffda7163932130b33fe23853369db81b4777
6,famous_le_100m,5,0.8571428571428571,0.7857142857142857,2,srnet,a42ad9b305ef44520868fe7baf19ffda7163932130b33fe23853369db81b4777
6,famous_le_100m,6,1.0,1.0,2,srnet,a42ad9b305ef44520868fe7baf19ffda7163932130b33fe23853369db81b4777
6,famous_le_100m,7,1.0,1.0,2,srnet,a42ad9b305ef44520868fe7baf19ffda7163932130b33fe23853369db81b4777
6,famous_le_100m,8,1.0,1.0,2,srnet,a42ad9b305ef44520868fe7baf19ffda7163932130b33fe23853369db81b4777
6,famous_le_100m,9,1.0,1.0,2,srnet,a42ad9b305ef44520868fe7baf19ffda7163932130b33fe23853369db81b4777
6,famous_le_100m,10,1.0,1.0,2,srnet,a42ad9b305ef44520868fe7baf19ffda7163932130b33fe23853369db81b4777
6,famous_le_100m,11,1.0,1.0,2,srnet,a42ad9b305ef44520868fe7baf19ffda7163932130b33fe23853369db81b4777
6,famous_le_100m,12,1.0,1.0,2,srnet,a42ad9b305ef44520868fe7baf19ffda7163932130b33fe23853369db81b4777
6,famous_le_100m,13,1.0,1.0,2,srnet,a42ad9b305ef44520868fe7baf19ffda7163932130b33fe23853369db81b4777
6,famous_le_100m,14,1.0,1.0,2,srnet,a42ad9b305ef44520868fe7baf19ffda7163932130b33fe23853369db81b4777
6,famous_le_100m,15,1.0,1.0,2,srnet,a42ad9b305ef44520868fe7baf19ffda7163932130b33fe23853369db81b4777
6,famous_le_100m,16,1.0,1.0,2,srnet,a42ad9b305ef44520868fe7baf19ffda7163932130b33fe23853369db81b4777
6,famous_le_100m,17,1.0,1.0,2,srnet,a42ad9b305ef44520868fe7baf19ffda7163932130b33fe23853369db81b4777
6,famous_le_100m,18,1.0,1.0,2,srnet,a42ad9b305ef44520868fe7baf19ffda7163932130b33fe23853369db81b4777
6,famous_le_100m,19,1.0,1.0,2,srnet,a42ad9b305ef44520868fe7baf19ffda7163932130b33fe23853369db81b4777
6,famous_le_100m,20,1.0,1.0,2,srnet,a42ad9b305ef44520868fe7baf19ffda7163932130b33fe23853369db81b4777
6,famous_le_100m,21,1.0,1.0,2,srnet,a42ad9b305ef44520868fe7baf19ffda7163932130b33fe23853369db81b4777
6,famous_le_100m,22,1.0,1.0,2,srnet,a42ad9b305ef44520868fe7baf19ffda7163932130b33fe23853369db81b4777
6,famous_le_100m,23,1.0,1.0,2,srnet,a42ad9b305ef44520868fe7baf19ffda7163932130b33fe23853369db81b4777
7,torch_pretrained_classification,0,0.2875,0.6125,2,srnet,76bcee72bc1776977aa6ccbfa78ec279734162c9cb0eaf01bda5e291d0af93a8
7,famous_le_10m,0,0.2,0.6,2,srnet,76bcee72bc1776977aa6ccbfa78ec279734162c9cb0eaf01bda5e291d0af93a8
7,famous_le_10m,1,0.8,0.4,2,srnet,76bcee72bc1776977aa6ccbfa78ec279734162c9cb0eaf01bda5e291d0af93a8
7,famous_le_10m,2,1.0,0.4,2,srnet,76bcee72bc1776977aa6ccbfa78ec279734162c9cb0eaf01bda5e291d0af93a8
7,famous_le_10m,3,1.0,0.2,2,srnet,76bcee72bc1776977aa6ccbfa78ec279734162c9cb0eaf01bda5e291d0af93a8
7,famous_le_10m,4,1.0,0.0,2,srnet,76bcee72bc1776977aa6ccbfa78ec279734162c9cb0eaf01bda5e291d0af93a8
7,famous_le_10m,5,1.0,0.0,2,srnet,76bcee72bc1776977aa6ccbfa78ec279734162c9cb0eaf01bda5e291d0af93a8
7,famous_le_10m,6,1.0,0.0,2,srnet,76bcee72bc1776977aa6ccbfa78ec279734162c9cb0eaf01bda5e291d0af93a8
7,famous_le_10m,7,1.0,0.0,2,srnet,76bcee72bc1776977aa6ccbfa78ec279734162c9cb0eaf01bda5e291d0af93a8
7,famous_le_10m,8,1.0,0.0,2,srnet,76bcee72bc1776977aa6ccbfa78ec279734162c9cb0eaf01bda5e291d0af93a8
7,famous_le_10m,9,1.0,0.0,2,srnet,76bcee72bc1776977aa6ccbfa78ec279734162c9cb0eaf01bda5e291d0af93a8
7,famous_le_10m,10,1.0,0.0,2,srnet,76bcee72bc1776977aa6ccbfa78ec279734162c9cb0eaf01bda5e291d0af93a8
7,famous_le_10m,11,1.0,0.0,2,srnet,76bcee72bc1776977aa6ccbfa78ec279734162c9cb0eaf01bda5e291d0af93a8
7,famous_le_10m,12,1.0,0.0,2,srnet,76bcee72bc1776977aa6ccbfa78ec279734162c9cb0eaf01bda5e291d0af93a8
7,famous_le_10m,13,1.0,0.0,2,srnet,76bcee72bc1776977aa6ccbfa78ec279734162c9cb0eaf01bda5e291d0af93a8
7,famous_le_10m,14,1.0,0.0,2,srnet,76bcee72bc1776977aa6ccbfa78ec279734162c9cb0eaf01bda5e291d0af93a8
7,famous_le_10m,15,1.0,0.0,2,srnet,76bcee72bc1776977aa6ccbfa78ec279734162c9cb0eaf01bda5e291d0af93a8
7,famous_le_10m,16,1.0,0.0,2,srnet,76bcee72bc1776977aa6ccbfa78ec279734162c9cb0eaf01bda5e291d0af93a8
7,famous_le_10m,17,1.0,0.0,2,srnet,76bcee72bc1776977aa6ccbfa78ec279734162c9cb0eaf01bda5e291d0af93a8
7,famous_le_10m,18,1.0,0.0,2,srnet,76bcee72bc1776977aa6ccbfa78ec279734162c9cb0eaf01bda5e291d0af93a8
7,famous_le_10m,19,1.0,0.0,2,srnet,76bcee72bc1776977aa6ccbfa78ec279734162c9cb0eaf01bda5e291d0af93a8
7,famous_le_10m,20,1.0,0.0,2,srnet,76bcee72bc1776977aa6ccbfa78ec279734162c9cb0eaf01bda5e291d0af93a8
7,famous_le_10m,21,1.0,0.0,2,srnet,76bcee72bc1776977aa6ccbfa78ec279734162c9cb0eaf01bda5e291d0af93a8
7,famous_le_10m,22,1.0,0.0,2,srnet,76bcee72bc1776977aa6ccbfa78ec279734162c9cb0eaf01bda5e291d0af93a8
7,famous_le_10m,23,1.0,0.0,2,srnet,76bcee72bc1776977aa6ccbfa78ec279734162c9cb0eaf01bda5e291d0af93a8
7,famous_le_100m,0,0.5,0.7142857142857143,2,srnet,76bcee72bc1776977aa6ccbfa78ec279734162c9cb0eaf01bda5e291d0af93a8
7,famous_le_100m,1,0.5,0.2857142857142857,2,srnet,76bcee72bc1776977aa6ccbfa78ec279734162c9cb0eaf01bda5e291d0af93a8
7,famous_le_100m,2,0.5,0.2857142857142857,2,srnet,76bcee72bc1776977aa6ccbfa78ec279734162c9cb0eaf01bda5e291d0af93a8
7,famous_le_100m,3,0.5714285714285714,0.42857142857142855,2,srnet,76bcee72bc1776977aa6ccbfa78ec279734162c9cb0eaf01bda5e291d0af93a8
7,famous_le_100m,4,0.7142857142857143,0.35714285714285715,2,srnet,76bcee72bc1776977aa6ccbfa78ec279734162c9cb0eaf01bda5e291d0af93a8
7,famous_le_100m,5,0.7857142857142857,0.21428571428571427,2,srnet,76bcee72bc1776977aa6ccbfa78ec279734162c9cb0eaf01bda5e291d0af93a8
7,famous_le_100m,6,1.0,0.2857142857142857,2,srnet,76bcee72bc1776977aa6ccbfa78ec279734162c9cb0eaf01bda5e291d0af93a8
7,famous_le_100m,7,1.0,0.07142857142857142,2,srnet,76bcee72bc1776977aa6ccbfa78ec279734162c9cb0eaf01bda5e291d0af93a8
7,famous_le_100m,8,1.0,0.14285714285714285,2,srnet,76bcee72bc1776977aa6ccbfa78ec279734162c9cb0eaf01bda5e291d0af93a8
7,famous_le_100m,9,1.0,0.14285714285714285,2,srnet,76bcee72bc1776977aa6ccbfa78ec279734162c9cb0eaf01bda5e291d0af93a8
7,famous_le_100m,10,1.0,0.07142857142857142,2,srnet,76bcee72bc1776977aa6ccbfa78ec279734162c9cb0eaf01bda5e291d0af93a8
7,famous_le_100m,11,1.0,0.07142857142857142,2,srnet,76bcee72bc1776977aa6ccbfa78ec279734162c9cb0eaf01bda5e291d0af93a8
7,famous_le_100m,12,1.0,0.07142857142857142,2,srnet,76bcee72bc1776977aa6ccbfa78ec279734162c9cb0eaf01bda5e291d0af93a8
7,famous_le_100m,13,1.0,0.07142857142857142,2,srnet,76bcee72bc1776977aa6ccbfa78ec279734162c9cb0eaf01bda5e291d0af93a8
7,famous_le_100m,14,1.0,0.0,2,srnet,76bcee72bc1776977aa6ccbfa78ec279734162c9cb0eaf01bda5e291d0af93a8
7,famous_le_100m,15,1.0,0.0,2,srnet,76bcee72bc1776977aa6ccbfa78ec279734162c9cb0eaf01bda5e291d0af93a8
7,famous_le_100m,16,1.0,0.0,2,srnet,76bcee72bc1776977aa6ccbfa78ec279734162c9cb0eaf01bda5e291d0af93a8
7,famous_le_100m,17,1.0,0.0,2,srnet,76bcee72bc1776977aa6ccbfa78ec279734162c9cb0eaf01bda5e291d0af93a8
7,famous_le_100m,18,1.0,0.0,2,srnet,76bcee72bc1776977aa6ccbfa78ec279734162c9cb0eaf01bda5e291d0af93a8
7,famous_le_100m,19,1.0,0.0,2,srnet,76bcee72bc1776977aa6ccbfa78ec279734162c9cb0eaf01bda5e291d0af93a8
7,famous_le_100m,20,1.0,0.0,2,srnet,76bcee72bc1776977aa6ccbfa78ec279734162c9cb0eaf01bda5e291d0af93a8
7,famous_le_100m,21,1.0,0.0,2,srnet,76bcee72bc1776977aa6ccbfa78ec279734162c9cb0eaf01bda5e291d0af93a8
7,famous_le_100m,22,1.0,0.0,2,srnet,76bcee72bc1776977aa6ccbfa78ec279734162c9cb0eaf01bda5e291d0af93a8
7,famous_le_100m,23,1.0,0.0,2,srnet,76bcee72bc1776977aa6ccbfa78ec279734162c9cb0eaf01bda5e291d0af93a8
8,torch_pretrained_classification,0,0.4125,0.4125,2,srnet,ad117fb3b6c9963df8f986b3ff6f2ac351ed882cb308c5fed3c330d83f26e87b
8,famous_le_10m,0,0.2,0.4,2,srnet,ad117fb3b6c9963df8f986b3ff6f2ac351ed882cb308c5fed3c330d83f26e87b
8,famous_le_10m,1,0.8,0.6,2,srnet,ad117fb3b6c9963df8f986b3ff6f2ac351ed882cb308c5fed3c330d83f26e87b
8,famous_le_10m,2,0.8,0.8,2,srnet,ad117fb3b6c9963df8f986b3ff6f2ac351ed882cb308c5fed3c330d83f26e87b
8,famous_le_10m,3,0.8,1.0,2,srnet,ad117fb3b6c9963df8f986b3ff6f2ac351ed882cb308c5fed3c330d83f26e87b
8,famous_le_10m,4,1.0,1.0,2,srnet,ad117fb3b6c9963df8f986b3ff6f2ac351ed882cb308c5fed3c330d83f26e87b
8,famous_le_10m,5,1.0,1.0,2,srnet,ad117fb3b6c9963df8f986b3ff6f2ac351ed882cb308c5fed3c330d83f26e87b
8,famous_le_10m,6,1.0,1.0,2,srnet,ad117fb3b6c9963df8f986b3ff6f2ac351ed882cb308c5fed3c330d83f26e87b
8,famous_le_10m,7,1.0,1.0,2,srnet,ad117fb3b6c9963df8f986b3ff6f2ac351ed882cb308c5fed3c330d83f26e87b
8,famous_le_10m,8,1.0,1.0,2,srnet,ad117fb3b6c9963df8f986b3ff6f2ac351ed882cb308c5fed3c330d83f26e87b
8,famous_le_10m,9,1.0,1.0,2,srnet,ad117fb3b6c9963df8f986b3ff6f2ac351ed882cb308c5fed3c330d83f26e87b
8,famous_le_10m,10,1.0,1.0,2,srnet,ad117fb3b6c9963df8f986b3ff6f2ac351ed882cb308c5fed3c330d83f26e87b
8,famous_le_10m,11,1.0,1.0,2,srnet,ad117fb3b6c9963df8f986b3ff6f2ac351ed882cb308c5fed3c330d83f26e87b
8,famous_le_10m,12,1.0,1.0,2,srnet,ad117fb3b6c9963df8f986b3ff6f2ac351ed882cb308c5fed3c330d83f26e87b
8,famous_le_10m,13,1.0,1.0,2,srnet,ad117fb3b6c9963df8f986b3ff6f2ac351ed882cb308c5fed3c330d83f26e87b
8,famous_le_10m,14,1.0,1.0,2,srnet,ad117fb3b6c9963df8f986b3ff6f2ac351ed882cb308c5fed3c330d83f26e87b
8,famous_le_10m,15,1.0,1.0,2,srnet,ad117fb3b6c9963df8f986b3ff6f2ac351ed882cb308c5fed3c330d83f26e87b
8,famous_le_10m,16,1.0,1.0,2,srnet,ad117fb3b6c9963df8f986b3ff6f2ac351ed882cb308c5fed3c330d83f26e87b
8,famous_le_10m,17,1.0,1.0,2,srnet,ad117fb3b6c9963df8f986b3ff6f2ac351ed882cb308c5fed3c330d83f26e87b
8,famous_le_10m,18,1.0,1.0,2,srnet,ad117fb3b6c9963df8f986b3ff6f2ac351ed882cb308c5fed3c330d83f26e87b
8,famous_le_10m,19,1.0,1.0,2,srnet,ad117fb3b6c9963df8f986b3ff6f2ac351ed882cb308c5fed3c330d83f26e87b
8,famous_le_10m,20,1.0,1.0,2,srnet,ad117fb3b6c9963df8f986b3ff6f2ac351ed882cb308c5fed3c330d83f26e87b
8,famous_le_10m,21,1.0,1.0,2,srnet,ad117fb3b6c9963df8f986b3ff6f2ac351ed882cb308c5fed3c330d83f26e87b
8,famous_le_10m,22,1.0,1.0,2,srnet,ad117fb3b6c9963df8f986b3ff6f2ac351ed882cb308c5fed3c330d83f26e87b
8,famous_le_10m,23,1.0,1.0,2,srnet,ad117fb3b6c9963df8f986b3ff6f2ac351ed882cb308c5fed3c330d83f26e87b
8,famous_le_100m,0,0.5,0.35714285714285715,2,srnet,ad117fb3b6c9963df8f986b3ff6f2ac351ed882cb308c5fed3c330d83f26e87b
8,famous_le_100m,1,0.5,0.5714285714285714,2,srnet,ad117fb3b6c9963df8f986b3ff6f2ac351ed882cb308c5fed3c330d83f26e87b
8,famous_le_100m,2,0.5,0.5714285714285714,2,srnet,ad117fb3b6c9963df8f986b3ff6f2ac351ed882cb308c5fed3c330d83f26e87b
8,famous_le_100m,3,0.5714285714285714,0.7142857142857143,2,srnet,ad117fb3b6c9963df8f986b3ff6f2ac351ed882cb308c5fed3c330d83f26e87b
8,famous_le_100m,4,0.7142857142857143,0.7857142857142857,2,srnet,ad117fb3b6c9963df8f986b3ff6f2ac351ed882cb308c5fed3c330d83f26e87b
8,famous_le_100m,5,0.7857142857142857,0.9285714285714286,2,srnet,ad117fb3b6c9963df8f986b3ff6f2ac351ed882cb308c5fed3c330d83f26e87b
8,famous_le_100m,6,1.0,1.0,2,srnet,ad117fb3b6c9963df8f986b3ff6f2ac351ed882cb308c5fed3c330d83f26e87b
8,famous_le_100m,7,1.0,1.0,2,srnet,ad117fb3b6c9963df8f986b3ff6f2ac351ed882cb308c5fed3c330d83f26e87b
8,famous_le_100m,8,1.0,1.0,2,srnet,ad117fb3b6c9963df8f986b3ff6f2ac351ed882cb308c5fed3c330d83f26e87b
8,famous_le_100m,9,1.0,1.0,2,srnet,ad117fb3b6c9963df8f986b3ff6f2ac351ed882cb308c5fed3c330d83f26e87b
8,famous_le_100m,10,1.0,1.0,2,srnet,ad117fb3b6c9963df8f986b3ff6f2ac351ed882cb308c5fed3c330d83f26e87b
8,famous_le_100m,11,1.0,1.0,2,srnet,ad117fb3b6c9963df8f986b3ff6f2ac351ed882cb308c5fed3c330d83f26e87b
8,famous_le_100m,12,1.0,1.0,2,srnet,ad117fb3b6c9963df8f986b3ff6f2ac351ed882cb308c5fed3c330d83f26e87b
8,famous_le_100m,13,1.0,1.0,2,srnet,ad117fb3b6c9963df8f986b3ff6f2ac351ed882cb308c5fed3c330d83f26e87b
8,famous_le_100m,14,1.0,1.0,2,srnet,ad117fb3b6c9963df8f986b3ff6f2ac351ed882cb308c5fed3c330d83f26e87b
8,famous_le_100m,15,1.0,1.0,2,srnet,ad117fb3b6c9963df8f986b3ff6f2ac351ed882cb308c5fed3c330d83f26e87b
8,famous_le_100m,16,1.0,1.0,2,srnet,ad117fb3b6c9963df8f986b3ff6f2ac351ed882cb308c5fed3c330d83f26e87b
8,famous_le_100m,17,1.0,1.0,2,srnet,ad117fb3b6c9963df8f986b3ff6f2ac351ed882cb308c5fed3c330d83f26e87b
8,famous_le_100m,18,1.0,1.0,2,srnet,ad117fb3b6c9963df8f986b3ff6f2ac351ed882cb308c5fed3c330d83f26e87b
8,famous_le_100m,19,1.0,1.0,2,srnet,ad117fb3b6c9963df8f986b3ff6f2ac351ed882cb308c5fed3c330d83f26e87b
8,famous_le_100m,20,1.0,1.0,2,srnet,ad117fb3b6c9963df8f986b3ff6f2ac351ed882cb308c5fed3c330d83f26e87b
8,famous_le_100m,21,1.0,1.0,2,srnet,ad117fb3b6c9963df8f986b3ff6f2ac351ed882cb308c5fed3c330d83f26e87b
8,famous_le_100m,22,1.0,1.0,2,srnet,ad117fb3b6c9963df8f986b3ff6f2ac351ed882cb308c5fed3c330d83f26e87b
8,famous_le_100m,23,1.0,1.0,2,srnet,ad117fb3b6c9963df8f986b3ff6f2ac351ed882cb308c5fed3c330d83f26e87b
9,torch_pretrained_classification,0,0.325,0.5125,2,srnet,d931397933e20b4c4f93a318537fbf7154bd37023513d8e20f6a035fdfeb7c28
9,famous_le_10m,0,0.2,0.2,2,srnet,d931397933e20b4c4f93a318537fbf7154bd37023513d8e20f6a035fdfeb7c28
9,famous_le_10m,1,0.8,0.8,2,srnet,d931397933e20b4c4f93a318537fbf7154bd37023513d8e20f6a035fdfeb7c28
9,famous_le_10m,2,0.8,0.8,2,srnet,d931397933e20b4c4f93a318537fbf7154bd37023513d8e20f6a035fdfeb7c28
9,famous_le_10m,3,1.0,0.8,2,srnet,d931397933e20b4c4f93a318537fbf7154bd37023513d8e20f6a035fdfeb7c28
9,famous_le_10m,4,1.0,0.6,2,srnet,d931397933e20b4c4f93a318537fbf7154bd37023513d8e20f6a035fdfeb7c28
9,famous_le_10m,5,1.0,0.2,2,srnet,d931397933e20b4c4f93a318537fbf7154bd37023513d8e20f6a035fdfeb7c28
9,famous_le_10m,6,1.0,0.0,2,srnet,d931397933e20b4c4f93a318537fbf7154bd37023513d8e20f6a035fdfeb7c28
9,famous_le_10m,7,1.0,0.0,2,srnet,d931397933e20b4c4f93a318537fbf7154bd37023513d8e20f6a035fdfeb7c28
9,famous_le_10m,8,1.0,0.0,2,srnet,d931397933e20b4c4f93a318537fbf7154bd37023513d8e20f6a035fdfeb7c28
9,famous_le_10m,9,1.0,0.0,2,srnet,d931397933e20b4c4f93a318537fbf7154bd37023513d8e20f6a035fdfeb7c28
9,famous_le_10m,10,1.0,0.0,2,srnet,d931397933e20b4c4f93a318537fbf7154bd37023513d8e20f6a035fdfeb7c28
9,famous_le_10m,11,1.0,0.0,2,srnet,d931397933e20b4c4f93a318537fbf7154bd37023513d8e20f6a035fdfeb7c28
9,famous_le_10m,12,1.0,0.0,2,srnet,d931397933e20b4c4f93a318537fbf7154bd37023513d8e20f6a035fdfeb7c28
9,famous_le_10m,13,1.0,0.0,2,srnet,d931397933e20b4c4f93a318537fbf7154bd37023513d8e20f6a035fdfeb7c28
9,famous_le_10m,14,1.0,0.0,2,srnet,d931397933e20b4c4f93a318537fbf7154bd37023513d8e20f6a035fdfeb7c28
9,famous_le_10m,15,1.0,0.0,2,srnet,d931397933e20b4c4f93a318537fbf7154bd37023513d8e20f6a035fdfeb7c28
9,famous_le_10m,16,1.0,0.0,2,srnet,d931397933e20b4c4f93a318537fbf7154bd37023513d8e20f6a035fdfeb7c28
9,famous_le_10m,17,1.0,0.0,2,srnet,d931397933e20b4c4f93a318537fbf7154bd37023513d8e20f6a035fdfeb7c28
9,famous_le_10m,18,1.0,0.0,2,srnet,d931397933e20b4c4f93a318537fbf7154bd37023513d8e20f6a035fdfeb7c28
9,famous_le_10m,19,1.0,0.0,2,srnet,d931397933e20b4c4f93a318537fbf7154bd37023513d8e20f6a035fdfeb7c28
9,famous_le_10m,20,1.0,0.0,2,srnet,d931397933e20b4c4f93a318537fbf7154bd37023513d8e20f6a035fdfeb7c28
9,famous_le_10m,21,1.0,0.0,2,srnet,d931397933e20b4c4f93a318537fbf7154bd37023513d8e20f6a035fdfeb7c28
9,famous_le_10m,22,1.0,0.0,2,srnet,d931397933e20b4c4f93a318537fbf7154bd37023513d8e20f6a035fdfeb7c28
9,famous_le_10m,23,1.0,0.0,2,srnet,d931397933e20b4c4f93a318537fbf7154bd37023513d8e20f6a035fdfeb7c28
9,famous_le_100m,0,0.5,0.5714285714285714,2,srnet,d931397933e20b4c4f93a318537fbf7154bd37023513d8e20f6a035fdfeb7c28
9,famous_le_100m,1,0.5,0.42857142857142855,2,srnet,d931397933e20b4c4f93a318537fbf7154bd37023513d8e20f6a035fdfeb7c28
9,famous_le_100m,2,0.5,0.42857142857142855,2,srnet,d931397933e20b4c4f93a318537fbf7154bd37023513d8e20f6a035fdfeb7c28
9,famous_le_100m,3,0.5714285714285714,0.5,2,srnet,d931397933e20b4c4f93a318537fbf7154bd37023513d8e20f6a035fdfeb7c28
9,famous_le_100m,4,0.7142857142857143,0.5714285714285714,2,srnet,d931397933e20b4c4f93a318537fbf7154bd37023513d8e20f6a035fdfeb7c28
9,famous_le_100m,5,0.7857142857142857,0.42857142857142855,2,srnet,d931397933e20b4c4f93a318537fbf7154bd37023513d8e20f6a035fdfeb7c28
9,famous_le_100m,6,1.0,0.35714285714285715,2,srnet,d931397933e20b4c4f93a318537fbf7154bd37023513d8e20f6a035fdfeb7c28
9,famous_le_100m,7,0.9285714285714286,0.07142857142857142,2,srnet,d931397933e20b4c4f93a318537fbf7154bd37023513d8e20f6a035fdfeb7c28
9,famous_le_100m,8,0.9285714285714286,0.14285714285714285,2,srnet,d931397933e20b4c4f93a318537fbf7154bd37023513d8e20f6a035fdfeb7c28
9,famous_le_100m,9,0.9285714285714286,0.07142857142857142,2,srnet,d931397933e20b4c4f93a318537fbf7154bd37023513d8e20f6a035fdfeb7c28
9,famous_le_100m,10,0.9285714285714286,0.07142857142857142,2,srnet,d931397933e20b4c4f93a318537fbf7154bd37023513d8e20f6a035fdfeb7c28
9,famous_le_100m,11,0.9285714285714286,0.07142857142857142,2,srnet,d931397933e20b4c4f93a318537fbf7154bd37023513d8e20f6a035fdfeb7c28
9,famous_le_100m,12,0.9285714285714286,0.07142857142857142,2,srnet,d931397933e20b4c4f93a318537fbf7154bd37023513d8e20f6a035fdfeb7c28
9,famous_le_100m,13,1.0,0.07142857142857142,2,srnet,d931397933e20b4c4f93a318537fbf7154bd37023513d8e20f6a035fdfeb7c28
9,famous_le_100m,14,1.0,0.0,2,srnet,d931397933e20b4c4f93a318537fbf7154bd37023513d8e20f6a035fdfeb7c28
9,famous_le_100m,15,1.0,0.0,2,srnet,d931397933e20b4c4f93a318537fbf7154bd37023513d8e20f6a035fdfeb7c28
9,famous_le_100m,16,1.0,0.0,2,srnet,d931397933e20b4c4f93a318537fbf7154bd37023513d8e20f6a035fdfeb7c28
9,famous_le_100m,17,1.0,0.0,2,srnet,d931397933e20b4c4f93a318537fbf7154bd37023513d8e20f6a035fdfeb7c28
9,famous_le_100m,18,1.0,0.0,2,srnet,d931397933e20b4c4f93a318537fbf7154bd37023513d8e20f6a035fdfeb7c28
9,famous_le_100m,19,1.0,0.0,2,srnet,d931397933e20b4c4f93a318537fbf7154bd37023513d8e20f6a035fdfeb7c28
9,famous_le_100m,20,1.0,0.0,2,srnet,d931397933e20b4c4f93a318537fbf7154bd37023513d8e20f6a035fdfeb7c28
9,famous_le_100m,21,1.0,0.0,2,srnet,d931397933e20b4c4f93a318537fbf7154bd37023513d8e20f6a035fdfeb7c28
9,famous_le_100m,22,1.0,0.0,2,srnet,d931397933e20b4c4f93a318537fbf7154bd37023513d8e20f6a035fdfeb7c28
9,famous_le_100m,23,1.0,0.0,2,srnet,d931397933e20b4c4f93a318537fbf7154bd37023513d8e20f6a035fdfeb7c28
5,torch_pretrained_classification,0,0.35,0.3,3,srnet,2991a361521bf1e6ee2e752657ad1643e0840c35d0d28059417342bf215efa58
5,famous_le_10m,0,0.0,0.2,3,srnet,2991a361521bf1e6ee2e752657ad1643e0840c35d0d28059417342bf215efa58
5,famous_le_10m,1,1.0,1.0,3,srnet,2991a361521bf1e6ee2e752657ad1643e0840c35d0d28059417342bf215efa58
5,famous_le_10m,2,1.0,1.0,3,srnet,2991a361521bf1e6ee2e752657ad1643e0840c35d0d28059417342bf215efa58
5,famous_le_10m,3,1.0,1.0,3,srnet,2991a361521bf1e6ee2e752657ad1643e0840c35d0d28059417342bf215efa58
5,famous_le_10m,4,1.0,1.0,3,srnet,2991a361521bf1e6ee2e752657ad1643e0840c35d0d28059417342bf215efa58
5,famous_le_10m,5,1.0,1.0,3,srnet,2991a361521bf1e6ee2e752657ad1643e0840c35d0d28059417342bf215efa58
5,famous_le_10m,6,1.0,1.0,3,srnet,2991a361521bf1e6ee2e752657ad1643e0840c35d0d28059417342bf215efa58
5,famous_le_10m,7,1.0,1.0,3,srnet,2991a361521bf1e6ee2e752657ad1643e0840c35d0d28059417342bf215efa58
5,famous_le_10m,8,1.0,1.0,3,srnet,2991a361521bf1e6ee2e752657ad1643e0840c35d0d28059417342bf215efa58
5,famous_le_10m,9,1.0,1.0,3,srnet,2991a361521bf1e6ee2e752657ad1643e0840c35d0d28059417342bf215efa58
5,famous_le_10m,10,1.0,1.0,3,srnet,2991a361521bf1e6ee2e752657ad1643e0840c35d0d28059417342bf215efa58
5,famous_le_10m,11,1.0,1.0,3,srnet,2991a361521bf1e6ee2e752657ad1643e0840c35d0d28059417342bf215efa58
5,famous_le_10m,12,1.0,1.0,3,srnet,2991a361521bf1e6ee2e752657ad1643e0840c35d0d28059417342bf215efa58
5,famous_le_10m,13,1.0,1.0,3,srnet,2991a361521bf1e6ee2e752657ad1643e0840c35d0d28059417342bf215efa58
5,famous_le_10m,14,1.0,1.0,3,srnet,2991a361521bf1e6ee2e752657ad1643e0840c35d0d28059417342bf215efa58
5,famous_le_10m,15,1.0,1.0,3,srnet,2991a361521bf1e6ee2e752657ad1643e0840c35d0d28059417342bf215efa58
5,famous_le_10m,16,1.0,1.0,3,srnet,2991a361521bf1e6ee2e752657ad1643e0840c35d0d28059417342bf215efa58
5,famous_le_10m,17,1.0,1.0,3,srnet,2991a361521bf1e6ee2e752657ad1643e0840c35d0d28059417342bf215efa58
5,famous_le_10m,18,1.0,1.0,3,srnet,2991a361521bf1e6ee2e752657ad1643e0840c35d0d28059417342bf215efa58
5,famous_le_10m,19,1.0,1.0,3,srnet,2991a361521bf1e6ee2e752657ad1643e0840c35d0d28059417342bf215efa58
5,famous_le_10m,20,1.0,1.0,3,srnet,2991a361521bf1e6ee2e752657ad1643e0840c35d0d28059417342bf215efa58
5,famous_le_10m,21,1.0,1.0,3,srnet,2991a361521bf1e6ee2e752657ad1643e0840c35d0d28059417342bf215efa58
5,famous_le_10m,22,1.0,1.0,3,srnet,2991a361521bf1e6ee2e752657ad1643e0840c35d0d28059417342bf215efa58
5,famous_le_10m,23,1.0,1.0,3,srnet,2991a361521bf1e6ee2e752657ad1643e0840c35d0d28059417342bf215efa58
5,famous_le_100m,0,0.5,0.5,3,srnet,2991a361521bf1e6ee2e752657ad1643e0840c35d0d28059417342bf215efa58
5,famous_le_100m,1,0.5,0.5,3,srnet,2991a361521bf1e6ee2e752657ad1643e0840c35d0d28059417342bf215efa58
5,famous_le_100m,2,0.5,0.5,3,srnet,2991a361521bf1e6ee2e752657ad1643e0840c35d0d28059417342bf215efa58
5,famous_le_100m,3,0.5,0.5714285714285714,3,srnet,2991a361521bf1e6ee2e752657ad1643e0840c35d0d28059417342bf215efa58
5,famous_le_100m,4,0.7142857142857143,0.7142857142857143,3,srnet,2991a361521bf1e6ee2e752657ad1643e0840c35d0d28059417342bf215efa58
5,famous_le_100m,5,0.7857142857142857,0.7857142857142857,3,srnet,2991a361521bf1e6ee2e752657ad1643e0840c35d0d28059417342bf215efa58
5,famous_le_100m,6,0.9285714285714286,1.0,3,srnet,2991a361521bf1e6ee2e752657ad1643e0840c35d0d28059417342bf215efa58
5,famous_le_100m,7,1.0,1.0,3,srnet,2991a361521bf1e6ee2e752657ad1643e0840c35d0d28059417342bf215efa58
5,famous_le_100m,8,1.0,1.0,3,srnet,2991a361521bf1e6ee2e752657ad1643e0840c35d0d28059417342bf215efa58
5,famous_le_100m,9,1.0,1.0,3,srnet,2991a361521bf1e6ee2e752657ad1643e0840c35d0d28059417342bf215efa58
5,famous_le_100m,10,1.0,1.0,3,srnet,2991a361521bf1e6ee2e752657ad1643e0840c35d0d28059417342bf215efa58
5,famous_le_100m,11,1.0,1.0,3,srnet,2991a361521bf1e6ee2e752657ad1643e0840c35d0d28059417342bf215efa58
5,famous_le_100m,12,1.0,1.0,3,srnet,2991a361521bf1e6ee2e752657ad1643e0840c35d0d28059417342bf215efa58
5,famous_le_100m,13,1.0,0.9285714285714286,3,srnet,2991a361521bf1e6ee2e752657ad1643e0840c35d0d28059417342bf215efa58
5,famous_le_100m,14,1.0,1.0,3,srnet,2991a361521bf1e6ee2e752657ad1643e0840c35d0d28059417342bf215efa58
5,famous_le_100m,15,1.0,1.0,3,srnet,2991a361521bf1e6ee2e752657ad1643e0840c35d0d28059417342bf215efa58
5,famous_le_100m,16,1.0,1.0,3,srnet,2991a361521bf1e6ee2e752657ad1643e0840c35d0d28059417342bf215efa58
5,famous_le_100m,17,1.0,1.0,3,srnet,2991a361521bf1e6ee2e752657ad1643e0840c35d0d28059417342bf215efa58
5,famous_le_100m,18,1.0,1.0,3,srnet,2991a361521bf1e6ee2e752657ad1643e0840c35d0d28059417342bf215efa58
5,famous_le_100m,19,1.0,1.0,3,srnet,2991a361521bf1e6ee2e752657ad1643e0840c35d0d28059417342bf215efa58
5,famous_le_100m,20,1.0,1.0,3,srnet,2991a361521bf1e6ee2e752657ad1643e0840c35d0d28059417342bf215efa58
5,famous_le_100m,21,1.0,1.0,3,srnet,2991a361521bf1e6ee2e752657ad1643e0840c35d0d28059417342bf215efa58
5,famous_le_100m,22,1.0,1.0,3,srnet,2991a361521bf1e6ee2e752657ad1643e0840c35d0d28059417342bf215efa58
5,famous_le_100m,23,1.0,1.0,3,srnet,2991a361521bf1e6ee2e752657ad1643e0840c35d0d28059417342bf215efa58
6,torch_pretrained_classification,0,0.35,0.5,3,srnet,789e856d4f2ad644fc0bfd9804d01e09a40f9ffe76a0d08242cbaef957ac2267
6,famous_le_10m,0,0.2,0.4,3,srnet,789e856d4f2ad644fc0bfd9804d01e09a40f9ffe76a0d08242cbaef957ac2267
6,famous_le_10m,1,0.8,0.6,3,srnet,789e856d4f2ad644fc0bfd9804d01e09a40f9ffe76a0d08242cbaef957ac2267
6,famous_le_10m,2,0.8,0.6,3,srnet,789e856d4f2ad644fc0bfd9804d01e09a40f9ffe76a0d08242cbaef957ac2267
6,famous_le_10m,3,1.0,1.0,3,srnet,789e856d4f2ad644fc0bfd9804d01e09a40f9ffe76a0d08242cbaef957ac2267
6,famous_le_10m,4,1.0,1.0,3,srnet,789e856d4f2ad644fc0bfd9804d01e09a40f9ffe76a0d08242cbaef957ac2267
6,famous_le_10m,5,1.0,1.0,3,srnet,789e856d4f2ad644fc0bfd9804d01e09a40f9ffe76a0d08242cbaef957ac2267
6,famous_le_10m,6,1.0,1.0,3,srnet,789e856d4f2ad644fc0bfd9804d01e09a40f9ffe76a0d08242cbaef957ac2267
6,famous_le_10m,7,1.0,1.0,3,srnet,789e856d4f2ad644fc0bfd9804d01e09a40f9ffe76a0d08242cbaef957ac2267
6,famous_le_10m,8,1.0,1.0,3,srnet,789e856d4f2ad644fc0bfd9804d01e09a40f9ffe76a0d08242cbaef957ac2267
6,famous_le_10m,9,1.0,1.0,3,srnet,789e856d4f2ad644fc0bfd9804d01e09a40f9ffe76a0d08242cbaef957ac2267
6,famous_le_10m,10,1.0,1.0,3,srnet,789e856d4f2ad644fc0bfd9804d01e09a40f9ffe76a0d08242cbaef957ac2267
6,famous_le_10m,11,1.0,1.0,3,srnet,789e856d4f2ad644fc0bfd9804d01e09a40f9ffe76a0d08242cbaef957ac2267
6,famous_le_10m,12,1.0,1.0,3,srnet,789e856d4f2ad644fc0bfd9804d01e09a40f9ffe76a0d08242cbaef957ac2267
6,famous_le_10m,13,1.0,1.0,3,srnet,789e856d4f2ad644fc0bfd9804d01e09a40f9ffe76a0d08242cbaef957ac2267
6,famous_le_10m,14,1.0,1.0,3,srnet,789e856d4f2ad644fc0bfd9804d01e09a40f9ffe76a0d08242cbaef957ac2267
6,famous_le_10m,15,1.0,1.0,3,srnet,789e856d4f2ad644fc0bfd9804d01e09a40f9ffe76a0d08242cbaef957ac2267
6,famous_le_10m,16,1.0,1.0,3,srnet,789e856d4f2ad644fc0bfd9804d01e09a40f9ffe76a0d08242cbaef957ac2267
6,famous_le_10m,17,1.0,1.0,3,srnet,789e856d4f2ad644fc0bfd9804d01e09a40f9ffe76a0d08242cbaef957ac2267
6,famous_le_10m,18,1.0,1.0,3,srnet,789e856d4f2ad644fc0bfd9804d01e09a40f9ffe76a0d08242cbaef957ac2267
6,famous_le_10m,19,1.0,1.0,3,srnet,789e856d4f2ad644fc0bfd9804d01e09a40f9ffe76a0d08242cbaef957ac2267
6,famous_le_10m,20,1.0,1.0,3,srnet,789e856d4f2ad644fc0bfd9804d01e09a40f9ffe76a0d08242cbaef957ac2267
6,famous_le_10m,21,1.0,1.0,3,srnet,789e856d4f2ad644fc0bfd9804d01e09a40f9ffe76a0d08242cbaef957ac2267
6,famous_le_10m,22,1.0,1.0,3,srnet,789e856d4f2ad644fc0bfd9804d01e09a40f9ffe76a0d08242cbaef957ac2267
6,famous_le_10m,23,1.0,1.0,3,srnet,789e856d4f2ad644fc0bfd9804d01e09a40f9ffe76a0d08242cbaef957ac2267
6,famous_le_100m,0,0.42857142857142855,0.5714285714285714,3,srnet,789e856d4f2ad644fc0bfd9804d01e09a40f9ffe76a0d08242cbaef957ac2267
6,famous_le_100m,1,0.5714285714285714,0.42857142857142855,3,srnet,789e856d4f2ad644fc0bfd9804d01e09a40f9ffe76a0d08242cbaef957ac2267
6,famous_le_100m,2,0.5714285714285714,0.42857142857142855,3,srnet,789e856d4f2ad644fc0bfd9804d01e09a40f9ffe76a0d08242cbaef957ac2267
6,famous_le_100m,3,0.5714285714285714,0.5714285714285714,3,srnet,789e856d4f2ad644fc0bfd9804d01e09a40f9ffe76a0d08242cbaef957ac2267
6,famous_le_100m,4,0.7142857142857143,0.7142857142857143,3,srnet,789e856d4f2ad644fc0bfd9804d01e09a40f9ffe76a0d08242cbaef957ac2267
6,famous_le_100m,5,0.7857142857142857,0.7857142857142857,3,srnet,789e856d4f2ad644fc0bfd9804d01e09a40f9ffe76a0d08242cbaef957ac2267
6,famous_le_100m,6,1.0,1.0,3,srnet,789e856d4f2ad644fc0bfd9804d01e09a40f9ffe76a0d08242cbaef957ac2267
6,famous_le_100m,7,1.0,1.0,3,srnet,789e856d4f2ad644fc0bfd9804d01e09a40f9ffe76a0d08242cbaef957ac2267
6,famous_le_100m,8,1.0,1.0,3,srnet,789e856d4f2ad644fc0bfd9804d01e09a40f9ffe76a0d08242cbaef957ac2267
6,famous_le_100m,9,1.0,1.0,3,srnet,789e856d4f2ad644fc0bfd9804d01e09a40f9ffe76a0d08242cbaef957ac2267
6,famous_le_100m,10,1.0,1.0,3,srnet,789e856d4f2ad644fc0bfd9804d01e09a40f9ffe76a0d08242cbaef957ac2267
6,famous_le_100m,11,1.0,1.0,3,srnet,789e856d4f2ad644fc0bfd9804d01e09a40f9ffe76a0d08242cbaef957ac2267
6,famous_le_100m,12,1.0,1.0,3,srnet,789e856d4f2ad644fc0bfd9804d01e09a40f9ffe76a0d08242cbaef957ac2267
6,famous_le_100m,13,1.0,1.0,3,srnet,789e856d4f2ad644fc0bfd9804d01e09a40f9ffe76a0d08242cbaef957ac2267
6,famous_le_100m,14,1.0,1.0,3,srnet,789e856d4f2ad644fc0bfd9804d01e09a40f9ffe76a0d08242cbaef957ac2267
6,famous_le_100m,15,1.0,1.0,3,srnet,789e856d4f2ad644fc0bfd9804d01e09a40f9ffe76a0d08242cbaef957ac2267
6,famous_le_100m,16,1.0,1.0,3,srnet,789e856d4f2ad644fc0bfd9804d01e09a40f9ffe76a0d08242cbaef957ac2267
6,famous_le_100m,17,1.0,1.0,3,srnet,789e856d4f2ad644fc0bfd9804d01e09a40f9ffe76a0d08242cbaef957ac2267
6,famous_le_100m,18,1.0,1.0,3,srnet,789e856d4f2ad644fc0bfd9804d01e09a40f9ffe76a0d08242cbaef957ac2267
6,famous_le_100m,19,1.0,1.0,3,srnet,789e856d4f2ad644fc0bfd9804d01e09a40f9ffe76a0d08242cbaef957ac2267
6,famous_le_100m,20,1.0,1.0,3,srnet,789e856d4f2ad644fc0bfd9804d01e09a40f9ffe76a0d08242cbaef957ac2267
6,famous_le_100m,21,1.0,1.0,3,srnet,789e856d4f2ad644fc0bfd9804d01e09a40f9ffe76a0d08242cbaef957ac2267
6,famous_le_100m,22,1.0,1.0,3,srnet,789e856d4f2ad644fc0bfd9804d01e09a40f9ffe76a0d08242cbaef957ac2267
6,famous_le_100m,23,1.0,1.0,3,srnet,789e856d4f2ad644fc0bfd9804d01e09a40f9ffe76a0d08242cbaef957ac2267
7,torch_pretrained_classification,0,0.4375,0.475,3,srnet,9a60eb5772893b1e06a9472ff33215b22e0cb7309cdb6b676a19fd78baafff7e
7,famous_le_10m,0,0.2,0.2,3,srnet,9a60eb5772893b1e06a9472ff33215b22e0cb7309cdb6b676a19fd78baafff7e
7,famous_le_10m,1,0.8,0.8,3,srnet,9a60eb5772893b1e06a9472ff33215b22e0cb7309cdb6b676a19fd78baafff7e
7,famous_le_10m,2,0.8,0.8,3,srnet,9a60eb5772893b1e06a9472ff33215b22e0cb7309cdb6b676a19fd78baafff7e
7,famous_le_10m,3,1.0,1.0,3,srnet,9a60eb5772893b1e06a9472ff33215b22e0cb7309cdb6b676a19fd78baafff7e
7,famous_le_10m,4,1.0,1.0,3,srnet,9a60eb5772893b1e06a9472ff33215b22e0cb7309cdb6b676a19fd78baafff7e
7,famous_le_10m,5,1.0,1.0,3,srnet,9a60eb5772893b1e06a9472ff33215b22e0cb7309cdb6b676a19fd78baafff7e
7,famous_le_10m,6,1.0,1.0,3,srnet,9a60eb5772893b1e06a9472ff33215b22e0cb7309cdb6b676a19fd78baafff7e
7,famous_le_10m,7,1.0,1.0,3,srnet,9a60eb5772893b1e06a9472ff33215b22e0cb7309cdb6b676a19fd78baafff7e
7,famous_le_10m,8,1.0,1.0,3,srnet,9a60eb5772893b1e06a9472ff33215b22e0cb7309cdb6b676a19fd78baafff7e
7,famous_le_10m,9,1.0,1.0,3,srnet,9a60eb5772893b1e06a9472ff33215b22e0cb7309cdb6b676a19fd78baafff7e
7,famous_le_10m,10,1.0,1.0,3,srnet,9a60eb5772893b1e06a9472ff33215b22e0cb7309cdb6b676a19fd78baafff7e
7,famous_le_10m,11,1.0,1.0,3,srnet,9a60eb5772893b1e06a9472ff33215b22e0cb7309cdb6b676a19fd78baafff7e
7,famous_le_10m,12,1.0,1.0,3,srnet,9a60eb5772893b1e06a9472ff33215b22e0cb7309cdb6b676a19fd78baafff7e
7,famous_le_10m,13,1.0,1.0,3,srnet,9a60eb5772893b1e06a9472ff33215b22e0cb7309cdb6b676a19fd78baafff7e
7,famous_le_10m,14,1.0,1.0,3,srnet,9a60eb5772893b1e06a9472ff33215b22e0cb7309cdb6b676a19fd78baafff7e
7,famous_le_10m,15,1.0,1.0,3,srnet,9a60eb5772893b1e06a9472ff33215b22e0cb7309cdb6b676a19fd78baafff7e
7,famous_le_10m,16,1.0,1.0,3,srnet,9a60eb5772893b1e06a9472ff33215b22e0cb7309cdb6b676a19fd78baafff7e
7,famous_le_10m,17,1.0,1.0,3,srnet,9a60eb5772893b1e06a9472ff33215b22e0cb7309cdb6b676a19fd78baafff7e
7,famous_le_10m,18,1.0,1.0,3,srnet,9a60eb5772893b1e06a9472ff33215b22e0cb7309cdb6b676a19fd78baafff7e
7,famous_le_10m,19,1.0,1.0,3,srnet,9a60eb5772893b1e06a9472ff33215b22e0cb7309cdb6b676a19fd78baafff7e
7,famous_le_10m,20,1.0,1.0,3,srnet,9a60eb5772893b1e06a9472ff33215b22e0cb7309cdb6b676a19fd78baafff7e
7,famous_le_10m,21,1.0,1.0,3,srnet,9a60eb5772893b1e06a9472ff33215b22e0cb7309cdb6b676a19fd78baafff7e
7,famous_le_10m,22,1.0,1.0,3,srnet,9a60eb5772893b1e06a9472ff33215b22e0cb7309cdb6b676a19fd78baafff7e
7,famous_le_10m,23,1.0,1.0,3,srnet,9a60eb5772893b1e06a9472ff33215b22e0cb7309cdb6b676a19fd78baafff7e
7,famous_le_100m,0,0.5,0.5,3,srnet,9a60eb5772893b1e06a9472ff33215b22e0cb7309cdb6b676a19fd78baafff7e
7,famous_le_100m,1,0.5,0.5,3,srnet,9a60eb5772893b1e06a9472ff33215b22e0cb7309cdb6b676a19fd78baafff7e
7,famous_le_100m,2,0.5,0.5,3,srnet,9a60eb5772893b1e06a9472ff33215b22e0cb7309cdb6b676a19fd78baafff7e
7,famous_le_100m,3,0.5,0.5714285714285714,3,srnet,9a60eb5772893b1e06a9472ff33215b22e0cb7309cdb6b676a19fd78baafff7e
7,famous_le_100m,4,0.7142857142857143,0.7142857142857143,3,srnet,9a60eb5772893b1e06a9472ff33215b22e0cb7309cdb6b676a19fd78baafff7e
7,famous_le_100m,5,0.7857142857142857,0.7857142857142857,3,srnet,9a60eb5772893b1e06a9472ff33215b22e0cb7309cdb6b676a19fd78baafff7e
7,famous_le_100m,6,1.0,1.0,3,srnet,9a60eb5772893b1e06a9472ff33215b22e0cb7309cdb6b676a19fd78baafff7e
7,famous_le_100m,7,1.0,1.0,3,srnet,9a60eb5772893b1e06a9472ff33215b22e0cb7309cdb6b676a19fd78baafff7e
7,famous_le_100m,8,1.0,1.0,3,srnet,9a60eb5772893b1e06a9472ff33215b22e0cb7309cdb6b676a19fd78baafff7e
7,famous_le_100m,9,1.0,1.0,3,srnet,9a60eb5772893b1e06a9472ff33215b22e0cb7309cdb6b676a19fd78baafff7e
7,famous_le_100m,10,1.0,1.0,3,srnet,9a60eb5772893b1e06a9472ff33215b22e0cb7309cdb6b676a19fd78baafff7e
7,famous_le_100m,11,1.0,1.0,3,srnet,9a60eb5772893b1e06a9472ff33215b22e0cb7309cdb6b676a19fd78baafff7e
7,famous_le_100m,12,1.0,1.0,3,srnet,9a60eb5772893b1e06a9472ff33215b22e0cb7309cdb6b676a19fd78baafff7e
7,famous_le_100m,13,1.0,1.0,3,srnet,9a60eb5772893b1e06a9472ff33215b22e0cb7309cdb6b676a19fd78baafff7e
7,famous_le_100m,14,1.0,1.0,3,srnet,9a60eb5772893b1e06a9472ff33215b22e0cb7309cdb6b676a19fd78baafff7e
7,famous_le_100m,15,1.0,1.0,3,srnet,9a60eb5772893b1e06a9472ff33215b22e0cb7309cdb6b676a19fd78baafff7e
7,famous_le_100m,16,1.0,1.0,3,srnet,9a60eb5772893b1e06a9472ff33215b22e0cb7309cdb6b676a19fd78baafff7e
7,famous_le_100m,17,1.0,1.0,3,srnet,9a60eb5772893b1e06a9472ff33215b22e0cb7309cdb6b676a19fd78baafff7e
7,famous_le_100m,18,1.0,1.0,3,srnet,9a60eb5772893b1e06a9472ff33215b22e0cb7309cdb6b676a19fd78baafff7e
7,famous_le_100m,19,1.0,1.0,3,srnet,9a60eb5772893b1e06a9472ff33215b22e0cb7309cdb6b676a19fd78baafff7e
7,famous_le_100m,20,1.0,1.0,3,srnet,9a60eb5772893b1e06a9472ff33215b22e0cb7309cdb6b676a19fd78baafff7e
7,famous_le_100m,21,1.0,1.0,3,srnet,9a60eb5772893b1e06a9472ff33215b22e0cb7309cdb6b676a19fd78baafff7e
7,famous_le_100m,22,1.0,1.0,3,srnet,9a60eb5772893b1e06a9472ff33215b22e0cb7309cdb6b676a19fd78baafff7e
7,famous_le_100m,23,1.0,1.0,3,srnet,9a60eb5772893b1e06a9472ff33215b22e0cb7309cdb6b676a19fd78baafff7e
8,torch_pretrained_classification,0,0.4625,0.7125,3,srnet,d845f9d02456c50061978a445c9904892d98d59670e3e873bb8772b07ebdd204
8,famous_le_10m,0,0.2,0.8,3,srnet,d845f9d02456c50061978a445c9904892d98d59670e3e873bb8772b07ebdd204
8,famous_le_10m,1,0.8,0.2,3,srnet,d845f9d02456c50061978a445c9904892d98d59670e3e873bb8772b07ebdd204
8,famous_le_10m,2,0.8,0.4,3,srnet,d845f9d02456c50061978a445c9904892d98d59670e3e873bb8772b07ebdd204
8,famous_le_10m,3,1.0,0.4,3,srnet,d845f9d02456c50061978a445c9904892d98d59670e3e873bb8772b07ebdd204
8,famous_le_10m,4,1.0,0.2,3,srnet,d845f9d02456c50061978a445c9904892d98d59670e3e873bb8772b07ebdd204
8,famous_le_10m,5,1.0,0.0,3,srnet,d845f9d02456c50061978a445c9904892d98d59670e3e873bb8772b07ebdd204
8,famous_le_10m,6,1.0,0.0,3,srnet,d845f9d02456c50061978a445c9904892d98d59670e3e873bb8772b07ebdd204
8,famous_le_10m,7,1.0,0.0,3,srnet,d845f9d02456c50061978a445c9904892d98d59670e3e873bb8772b07ebdd204
8,famous_le_10m,8,1.0,0.0,3,srnet,d845f9d02456c50061978a445c9904892d98d59670e3e873bb8772b07ebdd204
8,famous_le_10m,9,1.0,0.0,3,srnet,d845f9d02456c50061978a445c9904892d98d59670e3e873bb8772b07ebdd204
8,famous_le_10m,10,1.0,0.0,3,srnet,d845f9d02456c50061978a445c9904892d98d59670e3e873bb8772b07ebdd204
8,famous_le_10m,11,1.0,0.0,3,srnet,d845f9d02456c50061978a445c9904892d98d59670e3e873bb8772b07ebdd204
8,famous_le_10m,12,1.0,0.0,3,srnet,d845f9d02456c50061978a445c9904892d98d59670e3e873bb8772b07ebdd204
8,famous_le_10m,13,1.0,0.0,3,srnet,d845f9d02456c50061978a445c9904892d98d59670e3e873bb8772b07ebdd204
8,famous_le_10m,14,1.0,0.0,3,srnet,d845f9d02456c50061978a445c9904892d98d59670e3e873bb8772b07ebdd204
8,famous_le_10m,15,1.0,0.0,3,srnet,d845f9d02456c50061978a445c9904892d98d59670e3e873bb8772b07ebdd204
8,famous_le_10m,16,1.0,0.0,3,srnet,d845f9d02456c50061978a445c9904892d98d59670e3e873bb8772b07ebdd204
8,famous_le_10m,17,1.0,0.0,3,srnet,d845f9d02456c50061978a445c9904892d98d59670e3e873bb8772b07ebdd204
8,famous_le_10m,18,1.0,0.0,3,srnet,d845f9d02456c50061978a445c9904892d98d59670e3e873bb8772b07ebdd204
8,famous_le_10m,19,1.0,0.0,3,srnet,d845f9d02456c50061978a445c9904892d98d59670e3e873bb8772b07ebdd204
8,famous_le_10m,20,1.0,0.0,3,srnet,d845f9d02456c50061978a445c9904892d98d59670e3e873bb8772b07ebdd204
8,famous_le_10m,21,1.0,0.0,3,srnet,d845f9d02456c50061978a445c9904892d98d59670e3e873bb8772b07ebdd204
8,famous_le_10m,22,1.0,0.0,3,srnet,d845f9d02456c50061978a445c9904892d98d59670e3e873bb8772b07ebdd204
8,famous_le_10m,23,1.0,0.0,3,srnet,d845f9d02456c50061978a445c9904892d98d59670e3e873bb8772b07ebdd204
8,famous_le_100m,0,0.5714285714285714,0.9285714285714286,3,srnet,d845f9d02456c50061978a445c9904892d98d59670e3e873bb8772b07ebdd204
8,famous_le_100m,1,0.42857142857142855,0.07142857142857142,3,srnet,d845f9d02456c50061978a445c9904892d98d59670e3e873bb8772b07ebdd204
8,famous_le_100m,2,0.42857142857142855,0.14285714285714285,3,srnet,d845f9d02456c50061978a445c9904892d98d59670e3e873bb8772b07ebdd204
8,famous_le_100m,3,0.5,0.14285714285714285,3,srnet,d845f9d02456c50061978a445c9904892d98d59670e3e873bb8772b07ebdd204
8,famous_le_100m,4,0.7142857142857143,0.2857142857142857,3,srnet,d845f9d02456c50061978a445c9904892d98d59670e3e873bb8772b07ebdd204
8,famous_le_100m,5,0.7857142857142857,0.35714285714285715,3,srnet,d845f9d02456c50061978a445c9904892d98d59670e3e873bb8772b07ebdd204
8,famous_le_100m,6,0.9285714285714286,0.42857142857142855,3,srnet,d845f9d02456c50061978a445c9904892d98d59670e3e873bb8772b07ebdd204
8,famous_le_100m,7,1.0,0.42857142857142855,3,srnet,d845f9d02456c50061978a445c9904892d98d59670e3e873bb8772b07ebdd204
8,famous_le_100m,8,0.9285714285714286,0.42857142857142855,3,srnet,d845f9d02456c50061978a445c9904892d98d59670e3e873bb8772b07ebdd204
8,famous_le_100m,9,0.9285714285714286,0.21428571428571427,3,srnet,d845f9d02456c50061978a445c9904892d98d59670e3e873bb8772b07ebdd204
8,famous_le_100m,10,0.9285714285714286,0.14285714285714285,3,srnet,d845f9d02456c50061978a445c9904892d98d59670e3e873bb8772b07ebdd204
8,famous_le_100m,11,0.9285714285714286,0.14285714285714285,3,srnet,d845f9d02456c50061978a445c9904892d98d59670e3e873bb8772b07ebdd204
8,famous_le_100m,12,0.9285714285714286,0.14285714285714285,3,srnet,d845f9d02456c50061978a445c9904892d98d59670e3e873bb8772b07ebdd204
8,famous_le_100m,13,1.0,0.14285714285714285,3,srnet,d845f9d02456c50061978a445c9904892d98d59670e3e873bb8772b07ebdd204
8,famous_le_100m,14,1.0,0.07142857142857142,3,srnet,d845f9d02456c50061978a445c9904892d98d59670e3e873bb8772b07ebdd204
8,famous_le_100m,15,1.0,0.07142857142857142,3,srnet,d845f9d02456c50061978a445c9904892d98d59670e3e873bb8772b07ebdd204
8,famous_le_100m,16,1.0,0.0,3,srnet,d845f9d02456c50061978a445c9904892d98d59670e3e873bb8772b07ebdd204
8,famous_le_100m,17,1.0,0.07142857142857142,3,srnet,d845f9d02456c50061978a445c9904892d98d59670e3e873bb8772b07ebdd204
8,famous_le_100m,18,1.0,0.0,3,srnet,d845f9d02456c50061978a445c9904892d98d59670e3e873bb8772b07ebdd204
8,famous_le_100m,19,1.0,0.0,3,srnet,d845f9d02456c50061978a445c9904892d98d59670e3e873bb8772b07ebdd204
8,famous_le_100m,20,1.0,0.0,3,srnet,d845f9d02456c50061978a445c9904892d98d59670e3e873bb8772b07ebdd204
8,famous_le_100m,21,1.0,0.0,3,srnet,d845f9d02456c50061978a445c9904892d98d59670e3e873bb8772b07ebdd204
8,famous_le_100m,22,1.0,0.0,3,srnet,d845f9d02456c50061978a445c9904892d98d59670e3e873bb8772b07ebdd204
8,famous_le_100m,23,1.0,0.0,3,srnet,d845f9d02456c50061978a445c9904892d98d59670e3e873bb8772b07ebdd204
9,torch_pretrained_classification,0,0.425,0.5,3,srnet,9271d594b853d718db38b038340d8177e9e6417d5884133c1b3ed1147bac4489
9,famous_le_10m,0,0.2,0.8,3,srnet,9271d594b853d718db38b038340d8177e9e6417d5884133c1b3ed1147bac4489
9,famous_le_10m,1,0.8,0.4,3,srnet,9271d594b853d718db38b038340d8177e9e6417d5884133c1b3ed1147bac4489
9,famous_le_10m,2,0.8,0.6,3,srnet,9271d594b853d718db38b038340d8177e9e6417d5884133c1b3ed1147bac4489
9,famous_le_10m,3,1.0,0.6,3,srnet,9271d594b853d718db38b038340d8177e9e6417d5884133c1b3ed1147bac4489
9,famous_le_10m,4,1.0,1.0,3,srnet,9271d594b853d718db38b038340d8177e9e6417d5884133c1b3ed1147bac4489
9,famous_le_10m,5,1.0,1.0,3,srnet,9271d594b853d718db38b038340d8177e9e6417d5884133c1b3ed1147bac4489
9,famous_le_10m,6,1.0,1.0,3,srnet,9271d594b853d718db38b038340d8177e9e6417d5884133c1b3ed1147bac4489
9,famous_le_10m,7,1.0,1.0,3,srnet,9271d594b853d718db38b038340d8177e9e6417d5884133c1b3ed1147bac4489
9,famous_le_10m,8,1.0,1.0,3,srnet,9271d594b853d718db38b038340d8177e9e6417d5884133c1b3ed1147bac4489
9,famous_le_10m,9,1.0,1.0,3,srnet,9271d594b853d718db38b038340d8177e9e6417d5884133c1b3ed1147bac4489
9,famous_le_10m,10,1.0,1.0,3,srnet,9271d594b853d718db38b038340d8177e9e6417d5884133c1b3ed1147bac4489
9,famous_le_10m,11,1.0,1.0,3,srnet,9271d594b853d718db38b038340d8177e9e6417d5884133c1b3ed1147bac4489
9,famous_le_10m,12,1.0,1.0,3,srnet,9271d594b853d718db38b038340d8177e9e6417d5884133c1b3ed1147bac4489
9,famous_le_10m,13,1.0,1.0,3,srnet,9271d594b853d718db38b038340d8177e9e6417d5884133c1b3ed1147bac4489
9,famous_le_10m,14,1.0,1.0,3,srnet,9271d594b853d718db38b038340d8177e9e6417d5884133c1b3ed1147bac4489
9,famous_le_10m,15,1.0,1.0,3,srnet,9271d594b853d718db38b038340d8177e9e6417d5884133c1b3ed1147bac4489
9,famous_le_10m,16,1.0,1.0,3,srnet,9271d594b853d718db38b038340d8177e9e6417d5884133c1b3ed1147bac4489
9,famous_le_10m,17,1.0,1.0,3,srnet,9271d594b853d718db38b038340d8177e9e6417d5884133c1b3ed1147bac4489
9,famous_le_10m,18,1.0,1.0,3,srnet,9271d594b853d718db38b038340d8177e9e6417d5884133c1b3ed1147bac4489
9,famous_le_10m,19,1.0,1.0,3,srnet,9271d594b853d718db38b038340d8177e9e6417d5884133c1b3ed1147bac4489
9,famous_le_10m,20,1.0,1.0,3,srnet,9271d594b853d718db38b038340d8177e9e6417d5884133c1b3ed1147bac4489
9,famous_le_10m,21,1.0,1.0,3,srnet,9271d594b853d718db38b038340d8177e9e6417d5884133c1b3ed1147bac4489
9,famous_le_10m,22,1.0,1.0,3,srnet,9271d594b853d718db38b038340d8177e9e6417d5884133c1b3ed1147bac4489
9,famous_le_10m,23,1.0,1.0,3,srnet,9271d594b853d718db38b038340d8177e9e6417d5884133c1b3ed1147bac4489
9,famous_le_100m,0,0.5,0.5,3,srnet,9271d594b853d718db38b038340d8177e9e6417d5884133c1b3ed1147bac4489
9,famous_le_100m,1,0.5,0.5,3,srnet,9271d594b853d718db38b038340d8177e9e6417d5884133c1b3ed1147bac4489
9,famous_le_100m,2,0.5,0.5,3,srnet,9271d594b853d718db38b038340d8177e9e6417d5884133c1b3ed1147bac4489
9,famous_le_100m,3,0.5714285714285714,0.5714285714285714,3,srnet,9271d594b853d718db38b038340d8177e9e6417d5884133c1b3ed1147bac4489
9,famous_le_100m,4,0.7142857142857143,0.7142857142857143,3,srnet,9271d594b853d718db38b038340d8177e9e6417d5884133c1b3ed1147bac4489
9,famous_le_100m,5,0.7857142857142857,0.7142857142857143,3,srnet,9271d594b853d718db38b038340d8177e9e6417d5884133c1b3ed1147bac4489
9,famous_le_100m,6,1.0,0.9285714285714286,3,srnet,9271d594b853d718db38b038340d8177e9e6417d5884133c1b3ed1147bac4489
9,famous_le_100m,7,1.0,1.0,3,srnet,9271d594b853d718db38b038340d8177e9e6417d5884133c1b3ed1147bac4489
9,famous_le_100m,8,1.0,1.0,3,srnet,9271d594b853d718db38b038340d8177e9e6417d5884133c1b3ed1147bac4489
9,famous_le_100m,9,1.0,1.0,3,srnet,9271d594b853d718db38b038340d8177e9e6417d5884133c1b3ed1147bac4489
9,famous_le_100m,10,1.0,1.0,3,srnet,9271d594b853d718db38b038340d8177e9e6417d5884133c1b3ed1147bac4489
9,famous_le_100m,11,1.0,1.0,3,srnet,9271d594b853d718db38b038340d8177e9e6417d5884133c1b3ed1147bac4489
9,famous_le_100m,12,1.0,1.0,3,srnet,9271d594b853d718db38b038340d8177e9e6417d5884133c1b3ed1147bac4489
9,famous_le_100m,13,1.0,1.0,3,srnet,9271d594b853d718db38b038340d8177e9e6417d5884133c1b3ed1147bac4489
9,famous_le_100m,14,1.0,1.0,3,srnet,9271d594b853d718db38b038340d8177e9e6417d5884133c1b3ed1147bac4489
9,famous_le_100m,15,1.0,1.0,3,srnet,9271d594b853d718db38b038340d8177e9e6417d5884133c1b3ed1147bac4489
9,famous_le_100m,16,1.0,1.0,3,srnet,9271d594b853d718db38b038340d8177e9e6417d5884133c1b3ed1147bac4489
9,famous_le_100m,17,1.0,1.0,3,srnet,9271d594b853d718db38b038340d8177e9e6417d5884133c1b3ed1147bac4489
9,famous_le_100m,18,1.0,1.0,3,srnet,9271d594b853d718db38b038340d8177e9e6417d5884133c1b3ed1147bac4489
9,famous_le_100m,19,1.0,1.0,3,srnet,9271d594b853d718db38b038340d8177e9e6417d5884133c1b3ed1147bac4489
9,famous_le_100m,20,1.0,1.0,3,srnet,9271d594b853d718db38b038340d8177e9e6417d5884133c1b3ed1147bac4489
9,famous_le_100m,21,1.0,1.0,3,srnet,9271d594b853d718db38b038340d8177e9e6417d5884133c1b3ed1147bac4489
9,famous_le_100m,22,1.0,1.0,3,srnet,9271d594b853d718db38b038340d8177e9e6417d5884133c1b3ed1147bac4489
9,famous_le_100m,23,1.0,1.0,3,srnet,9271d594b853d718db38b038340d8177e9e6417d5884133c1b3ed1147bac4489
5,torch_pretrained_classification,0,0.525,0.5375,4,srnet,ed1584a9a9545ae986cac7b14f776078716ff845881d3563da41a1fb4f5504d7
5,famous_le_10m,0,0.4,0.4,4,srnet,ed1584a9a9545ae986cac7b14f776078716ff845881d3563da41a1fb4f5504d7
5,famous_le_10m,1,0.8,0.8,4,srnet,ed1584a9a9545ae986cac7b14f776078716ff845881d3563da41a1fb4f5504d7
5,famous_le_10m,2,0.8,0.8,4,srnet,ed1584a9a9545ae986cac7b14f776078716ff845881d3563da41a1fb4f5504d7
5,famous_le_10m,3,0.8,1.0,4,srnet,ed1584a9a9545ae986cac7b14f776078716ff845881d3563da41a1fb4f5504d7
5,famous_le_10m,4,1.0,1.0,4,srnet,ed1584a9a9545ae986cac7b14f776078716ff845881d3563da41a1fb4f5504d7
5,famous_le_10m,5,1.0,1.0,4,srnet,ed1584a9a9545ae986cac7b14f776078716ff845881d3563da41a1fb4f5504d7
5,famous_le_10m,6,1.0,1.0,4,srnet,ed1584a9a9545ae986cac7b14f776078716ff845881d3563da41a1fb4f5504d7
5,famous_le_10m,7,1.0,1.0,4,srnet,ed1584a9a9545ae986cac7b14f776078716ff845881d3563da41a1fb4f5504d7
5,famous_le_10m,8,1.0,1.0,4,srnet,ed1584a9a9545ae986cac7b14f776078716ff845881d3563da41a1fb4f5504d7
5,famous_le_10m,9,1.0,1.0,4,srnet,ed1584a9a9545ae986cac7b14f776078716ff845881d3563da41a1fb4f5504d7
5,famous_le_10m,10,1.0,1.0,4,srnet,ed1584a9a9545ae986cac7b14f776078716ff845881d3563da41a1fb4f5504d7
5,famous_le_10m,11,1.0,1.0,4,srnet,ed1584a9a9545ae986cac7b14f776078716ff845881d3563da41a1fb4f5504d7
5,famous_le_10m,12,1.0,1.0,4,srnet,ed1584a9a9545ae986cac7b14f776078716ff845881d3563da41a1fb4f5504d7
5,famous_le_10m,13,1.0,1.0,4,srnet,ed1584a9a9545ae986cac7b14f776078716ff845881d3563da41a1fb4f5504d7
5,famous_le_10m,14,1.0,1.0,4,srnet,ed1584a9a9545ae986cac7b14f776078716ff845881d3563da41a1fb4f5504d7
5,famous_le_10m,15,1.0,1.0,4,srnet,ed1584a9a9545ae986cac7b14f776078716ff845881d3563da41a1fb4f5504d7
5,famous_le_10m,16,1.0,1.0,4,srnet,ed1584a9a9545ae986cac7b14f776078716ff845881d3563da41a1fb4f5504d7
5,famous_le_10m,17,1.0,1.0,4,srnet,ed1584a9a9545ae986cac7b14f776078716ff845881d3563da41a1fb4f5504d7
5,famous_le_10m,18,1.0,1.0,4,srnet,ed1584a9a9545ae986cac7b14f776078716ff845881d3563da41a1fb4f5504d7
5,famous_le_10m,19,1.0,1.0,4,srnet,ed1584a9a9545ae986cac7b14f776078716ff845881d3563da41a1fb4f5504d7
5,famous_le_10m,20,1.0,1.0,4,srnet,ed1584a9a9545ae986cac7b14f776078716ff845881d3563da41a1fb4f5504d7
5,famous_le_10m,21,1.0,1.0,4,srnet,ed1584a9a9545ae986cac7b14f776078716ff845881d3563da41a1fb4f5504d7
5,famous_le_10m,22,1.0,1.0,4,srnet,ed1584a9a9545ae986cac7b14f776078716ff845881d3563da41a1fb4f5504d7
5,famous_le_10m,23,1.0,1.0,4,srnet,ed1584a9a9545ae986cac7b14f776078716ff845881d3563da41a1fb4f5504d7
5,famous_le_100m,0,0.5714285714285714,0.5714285714285714,4,srnet,ed1584a9a9545ae986cac7b14f776078716ff845881d3563da41a1fb4f5504d7
5,famous_le_100m,1,0.42857142857142855,0.42857142857142855,4,srnet,ed1584a9a9545ae986cac7b14f776078716ff845881d3563da41a1fb4f5504d7
5,famous_le_100m,2,0.42857142857142855,0.42857142857142855,4,srnet,ed1584a9a9545ae986cac7b14f776078716ff845881d3563da41a1fb4f5504d7
5,famous_le_100m,3,0.5,0.5,4,srnet,ed1584a9a9545ae986cac7b14f776078716ff845881d3563da41a1fb4f5504d7
5,famous_le_100m,4,0.7142857142857143,0.6428571428571429,4,srnet,ed1584a9a9545ae986cac7b14f776078716ff845881d3563da41a1fb4f5504d7
5,famous_le_100m,5,0.7857142857142857,0.7857142857142857,4,srnet,ed1584a9a9545ae986cac7b14f776078716ff845881d3563da41a1fb4f5504d7
5,famous_le_100m,6,0.9285714285714286,0.9285714285714286,4,srnet,ed1584a9a9545ae986cac7b14f776078716ff845881d3563da41a1fb4f5504d7
5,famous_le_100m,7,0.9285714285714286,1.0,4,srnet,ed1584a9a9545ae986cac7b14f776078716ff845881d3563da41a1fb4f5504d7
5,famous_le_100m,8,0.9285714285714286,1.0,4,srnet,ed1584a9a9545ae986cac7b14f776078716ff845881d3563da41a1fb4f5504d7
5,famous_le_100m,9,0.9285714285714286,1.0,4,srnet,ed1584a9a9545ae986cac7b14f776078716ff845881d3563da41a1fb4f5504d7
5,famous_le_100m,10,0.9285714285714286,1.0,4,srnet,ed1584a9a9545ae986cac7b14f776078716ff845881d3563da41a1fb4f5504d7
5,famous_le_100m,11,0.9285714285714286,1.0,4,srnet,ed1584a9a9545ae986cac7b14f776078716ff845881d3563da41a1fb4f5504d7
5,famous_le_100m,12,0.9285714285714286,1.0,4,srnet,ed1584a9a9545ae986cac7b14f776078716ff845881d3563da41a1fb4f5504d7
5,famous_le_100m,13,1.0,1.0,4,srnet,ed1584a9a9545ae986cac7b14f776078716ff845881d3563da41a1fb4f5504d7
5,famous_le_100m,14,1.0,1.0,4,srnet,ed1584a9a9545ae986cac7b14f776078716ff845881d3563da41a1fb4f5504d7
5,famous_le_100m,15,1.0,1.0,4,srnet,ed1584a9a9545ae986cac7b14f776078716ff845881d3563da41a1fb4f5504d7
5,famous_le_100m,16,1.0,1.0,4,srnet,ed1584a9a9545ae986cac7b14f776078716ff845881d3563da41a1fb4f5504d7
5,famous_le_100m,17,1.0,1.0,4,srnet,ed1584a9a9545ae986cac7b14f776078716ff845881d3563da41a1fb4f5504d7
5,famous_le_100m,18,1.0,1.0,4,srnet,ed1584a9a9545ae986cac7b14f776078716ff845881d3563da41a1fb4f5504d7
5,famous_le_100m,19,1.0,1.0,4,srnet,ed1584a9a9545ae986cac7b14f776078716ff845881d3563da41a1fb4f5504d7
5,famous_le_100m,20,1.0,1.0,4,srnet,ed1584a9a9545ae986cac7b14f776078716ff845881d3563da41a1fb4f5504d7
5,famous_le_100m,21,1.0,1.0,4,srnet,ed1584a9a9545ae986cac7b14f776078716ff845881d3563da41a1fb4f5504d7
5,famous_le_100m,22,1.0,1.0,4,srnet,ed1584a9a9545ae986cac7b14f776078716ff845881d3563da41a1fb4f5504d7
5,famous_le_100m,23,1.0,1.0,4,srnet,ed1584a9a9545ae986cac7b14f776078716ff845881d3563da41a1fb4f5504d7
6,torch_pretrained_classification,0,0.525,0.525,4,srnet,dbc1e176e1990863073a0c22c03b97385723c5088d3179607abf6a50e1339d51
6,famous_le_10m,0,0.4,0.4,4,srnet,dbc1e176e1990863073a0c22c03b97385723c5088d3179607abf6a50e1339d51
6,famous_le_10m,1,0.8,0.8,4,srnet,dbc1e176e1990863073a0c22c03b97385723c5088d3179607abf6a50e1339d51
6,famous_le_10m,2,0.8,0.8,4,srnet,dbc1e176e1990863073a0c22c03b97385723c5088d3179607abf6a50e1339d51
6,famous_le_10m,3,1.0,1.0,4,srnet,dbc1e176e1990863073a0c22c03b97385723c5088d3179607abf6a50e1339d51
6,famous_le_10m,4,1.0,1.0,4,srnet,dbc1e176e1990863073a0c22c03b97385723c5088d3179607abf6a50e1339d51
6,famous_le_10m,5,1.0,1.0,4,srnet,dbc1e176e1990863073a0c22c03b97385723c5088d3179607abf6a50e1339d51
6,famous_le_10m,6,1.0,1.0,4,srnet,dbc1e176e1990863073a0c22c03b97385723c5088d3179607abf6a50e1339d51
6,famous_le_10m,7,1.0,1.0,4,srnet,dbc1e176e1990863073a0c22c03b97385723c5088d3179607abf6a50e1339d51
6,famous_le_10m,8,1.0,1.0,4,srnet,dbc1e176e1990863073a0c22c03b97385723c5088d3179607abf6a50e1339d51
6,famous_le_10m,9,1.0,1.0,4,srnet,dbc1e176e1990863073a0c22c03b97385723c5088d3179607abf6a50e1339d51
6,famous_le_10m,10,1.0,1.0,4,srnet,dbc1e176e1990863073a0c22c03b97385723c5088d3179607abf6a50e1339d51
6,famous_le_10m,11,1.0,1.0,4,srnet,dbc1e176e1990863073a0c22c03b97385723c5088d3179607abf6a50e1339d51
6,famous_le_10m,12,1.0,1.0,4,srnet,dbc1e176e1990863073a0c22c03b97385723c5088d3179607abf6a50e1339d51
6,famous_le_10m,13,1.0,1.0,4,srnet,dbc1e176e1990863073a0c22c03b97385723c5088d3179607abf6a50e1339d51
6,famous_le_10m,14,1.0,1.0,4,srnet,dbc1e176e1990863073a0c22c03b97385723c5088d3179607abf6a50e1339d51
6,famous_le_10m,15,1.0,1.0,4,srnet,dbc1e176e1990863073a0c22c03b97385723c5088d3179607abf6a50e1339d51
6,famous_le_10m,16,1.0,1.0,4,srnet,dbc1e176e1990863073a0c22c03b97385723c5088d3179607abf6a50e1339d51
6,famous_le_10m,17,1.0,1.0,4,srnet,dbc1e176e1990863073a0c22c03b97385723c5088d3179607abf6a50e1339d51
6,famous_le_10m,18,1.0,1.0,4,srnet,dbc1e176e1990863073a0c22c03b97385723c5088d3179607abf6a50e1339d51
6,famous_le_10m,19,1.0,1.0,4,srnet,dbc1e176e1990863073a0c22c03b97385723c5088d3179607abf6a50e1339d51
6,famous_le_10m,20,1.0,1.0,4,srnet,dbc1e176e1990863073a0c22c03b97385723c5088d3179607abf6a50e1339d51
6,famous_le_10m,21,1.0,1.0,4,srnet,dbc1e176e1990863073a0c22c03b97385723c5088d3179607abf6a50e1339d51
6,famous_le_10m,22,1.0,1.0,4,srnet,dbc1e176e1990863073a0c22c03b97385723c5088d3179607abf6a50e1339d51
6,famous_le_10m,23,1.0,1.0,4,srnet,dbc1e176e1990863073a0c22c03b97385723c5088d3179607abf6a50e1339d51
6,famous_le_100m,0,0.5714285714285714,0.5,4,srnet,dbc1e176e1990863073a0c22c03b97385723c5088d3179607abf6a50e1339d51
6,famous_le_100m,1,0.42857142857142855,0.5,4,srnet,dbc1e176e1990863073a0c22c03b97385723c5088d3179607abf6a50e1339d51
6,famous_le_100m,2,0.42857142857142855,0.5,4,srnet,dbc1e176e1990863073a0c22c03b97385723c5088d3179607abf6a50e1339d51
6,famous_le_100m,3,0.5,0.5,4,srnet,dbc1e176e1990863073a0c22c03b97385723c5088d3179607abf6a50e1339d51
6,famous_le_100m,4,0.6428571428571429,0.6428571428571429,4,srnet,dbc1e176e1990863073a0c22c03b97385723c5088d3179607abf6a50e1339d51
6,famous_le_100m,5,0.7857142857142857,0.7857142857142857,4,srnet,dbc1e176e1990863073a0c22c03b97385723c5088d3179607abf6a50e1339d51
6,famous_le_100m,6,1.0,1.0,4,srnet,dbc1e176e1990863073a0c22c03b97385723c5088d3179607abf6a50e1339d51
6,famous_le_100m,7,1.0,1.0,4,srnet,dbc1e176e1990863073a0c22c03b97385723c5088d3179607abf6a50e1339d51
6,famous_le_100m,8,1.0,1.0,4,srnet,dbc1e176e1990863073a0c22c03b97385723c5088d3179607abf6a50e1339d51
6,famous_le_100m,9,1.0,1.0,4,srnet,dbc1e176e1990863073a0c22c03b97385723c5088d3179607abf6a50e1339d51
6,famous_le_100m,10,1.0,1.0,4,srnet,dbc1e176e1990863073a0c22c03b97385723c5088d3179607abf6a50e1339d51
6,famous_le_100m,11,1.0,1.0,4,srnet,dbc1e176e1990863073a0c22c03b97385723c5088d3179607abf6a50e1339d51
6,famous_le_100m,12,1.0,1.0,4,srnet,dbc1e176e1990863073a0c22c03b97385723c5088d3179607abf6a50e1339d51
6,famous_le_100m,13,1.0,1.0,4,srnet,dbc1e176e1990863073a0c22c03b97385723c5088d3179607abf6a50e1339d51
6,famous_le_100m,14,1.0,1.0,4,srnet,dbc1e176e1990863073a0c22c03b97385723c5088d3179607abf6a50e1339d51
6,famous_le_100m,15,1.0,1.0,4,srnet,dbc1e176e1990863073a0c22c03b97385723c5088d3179607abf6a50e1339d51
6,famous_le_100m,16,1.0,1.0,4,srnet,dbc1e176e1990863073a0c22c03b97385723c5088d3179607abf6a50e1339d51
6,famous_le_100m,17,1.0,1.0,4,srnet,dbc1e176e1990863073a0c22c03b97385723c5088d3179607abf6a50e1339d51
6,famous_le_100m,18,1.0,1.0,4,srnet,dbc1e176e1990863073a0c22c03b97385723c5088d3179607abf6a50e1339d51
6,famous_le_100m,19,1.0,1.0,4,srnet,dbc1e176e1990863073a0c22c03b97385723c5088d3179607abf6a50e1339d51
6,famous_le_100m,20,1.0,1.0,4,srnet,dbc1e176e1990863073a0c22c03b97385723c5088d3179607abf6a50e1339d51
6,famous_le_100m,21,1.0,1.0,4,srnet,dbc1e176e1990863073a0c22c03b97385723c5088d3179607abf6a50e1339d51
6,famous_le_100m,22,1.0,1.0,4,srnet,dbc1e176e1990863073a0c22c03b97385723c5088d3179607abf6a50e1339d51
6,famous_le_100m,23,1.0,1.0,4,srnet,dbc1e176e1990863073a0c22c03b97385723c5088d3179607abf6a50e1339d51
7,torch_pretrained_classification,0,0.5,0.375,4,srnet,012b40033ba4b8fbc0c1da885ad6df1abcc0899a04cd940181bec779da1b8308
7,famous_le_10m,0,0.4,0.0,4,srnet,012b40033ba4b8fbc0c1da885ad6df1abcc0899a04cd940181bec779da1b8308
7,famous_le_10m,1,0.8,1.0,4,srnet,012b40033ba4b8fbc0c1da885ad6df1abcc0899a04cd940181bec779da1b8308
7,famous_le_10m,2,0.8,1.0,4,srnet,012b40033ba4b8fbc0c1da885ad6df1abcc0899a04cd940181bec779da1b8308
7,famous_le_10m,3,1.0,1.0,4,srnet,012b40033ba4b8fbc0c1da885ad6df1abcc0899a04cd940181bec779da1b8308
7,famous_le_10m,4,1.0,1.0,4,srnet,012b40033ba4b8fbc0c1da885ad6df1abcc0899a04cd940181bec779da1b8308
7,famous_le_10m,5,1.0,1.0,4,srnet,012b40033ba4b8fbc0c1da885ad6df1abcc0899a04cd940181bec779da1b8308
7,famous_le_10m,6,1.0,1.0,4,srnet,012b40033ba4b8fbc0c1da885ad6df1abcc0899a04cd940181bec779da1b8308
7,famous_le_10m,7,1.0,1.0,4,srnet,012b40033ba4b8fbc0c1da885ad6df1abcc0899a04cd940181bec779da1b8308
7,famous_le_10m,8,1.0,1.0,4,srnet,012b40033ba4b8fbc0c1da885ad6df1abcc0899a04cd940181bec779da1b8308
7,famous_le_10m,9,1.0,1.0,4,srnet,012b40033ba4b8fbc0c1da885ad6df1abcc0899a04cd940181bec779da1b8308
7,famous_le_10m,10,1.0,1.0,4,srnet,012b40033ba4b8fbc0c1da885ad6df1abcc0899a04cd940181bec779da1b8308
7,famous_le_10m,11,1.0,1.0,4,srnet,012b40033ba4b8fbc0c1da885ad6df1abcc0899a04cd940181bec779da1b8308
7,famous_le_10m,12,1.0,1.0,4,srnet,012b40033ba4b8fbc0c1da885ad6df1abcc0899a04cd940181bec779da1b8308
7,famous_le_10m,13,1.0,1.0,4,srnet,012b40033ba4b8fbc0c1da885ad6df1abcc0899a04cd940181bec779da1b8308
7,famous_le_10m,14,1.0,1.0,4,srnet,012b40033ba4b8fbc0c1da885ad6df1abcc0899a04cd940181bec779da1b8308
7,famous_le_10m,15,1.0,1.0,4,srnet,012b40033ba4b8fbc0c1da885ad6df1abcc0899a04cd940181bec779da1b8308
7,famous_le_10m,16,1.0,1.0,4,srnet,012b40033ba4b8fbc0c1da885ad6df1abcc0899a04cd940181bec779da1b8308
7,famous_le_10m,17,1.0,1.0,4,srnet,012b40033ba4b8fbc0c1da885ad6df1abcc0899a04cd940181bec779da1b8308
7,famous_le_10m,18,1.0,1.0,4,srnet,012b40033ba4b8fbc0c1da885ad6df1abcc0899a04cd940181bec779da1b8308
7,famous_le_10m,19,1.0,1.0,4,srnet,012b40033ba4b8fbc0c1da885ad6df1abcc0899a04cd940181bec779da1b8308
7,famous_le_10m,20,1.0,1.0,4,srnet,012b40033ba4b8fbc0c1da885ad6df1abcc0899a04cd940181bec779da1b8308
7,famous_le_10m,21,1.0,1.0,4,srnet,012b40033ba4b8fbc0c1da885ad6df1abcc0899a04cd940181bec779da1b8308
7,famous_le_10m,22,1.0,1.0,4,srnet,012b40033ba4b8fbc0c1da885ad6df1abcc0899a04cd940181bec779da1b8308
7,famous_le_10m,23,1.0,1.0,4,srnet,012b40033ba4b8fbc0c1da885ad6df1abcc0899a04cd940181bec779da1b8308
7,famous_le_100m,0,0.5714285714285714,0.5714285714285714,4,srnet,012b40033ba4b8fbc0c1da885ad6df1abcc0899a04cd940181bec779da1b8308
7,famous_le_100m,1,0.42857142857142855,0.42857142857142855,4,srnet,012b40033ba4b8fbc0c1da885ad6df1abcc0899a04cd940181bec779da1b8308
7,famous_le_100m,2,0.42857142857142855,0.42857142857142855,4,srnet,012b40033ba4b8fbc0c1da885ad6df1abcc0899a04cd940181bec779da1b8308
7,famous_le_100m,3,0.42857142857142855,0.42857142857142855,4,srnet,012b40033ba4b8fbc0c1da885ad6df1abcc0899a04cd940181bec779da1b8308
7,famous_le_100m,4,0.6428571428571429,0.5714285714285714,4,srnet,012b40033ba4b8fbc0c1da885ad6df1abcc0899a04cd940181bec779da1b8308
7,famous_le_100m,5,0.7857142857142857,0.7857142857142857,4,srnet,012b40033ba4b8fbc0c1da885ad6df1abcc0899a04cd940181bec779da1b8308
7,famous_le_100m,6,0.9285714285714286,0.9285714285714286,4,srnet,012b40033ba4b8fbc0c1da885ad6df1abcc0899a04cd940181bec779da1b8308
7,famous_le_100m,7,0.9285714285714286,1.0,4,srnet,012b40033ba4b8fbc0c1da885ad6df1abcc0899a04cd940181bec779da1b8308
7,famous_le_100m,8,0.9285714285714286,1.0,4,srnet,012b40033ba4b8fbc0c1da885ad6df1abcc0899a04cd940181bec779da1b8308
7,famous_le_100m,9,0.9285714285714286,1.0,4,srnet,012b40033ba4b8fbc0c1da885ad6df1abcc0899a04cd940181bec779da1b8308
7,famous_le_100m,10,0.9285714285714286,1.0,4,srnet,012b40033ba4b8fbc0c1da885ad6df1abcc0899a04cd940181bec779da1b8308
7,famous_le_100m,11,0.9285714285714286,1.0,4,srnet,012b40033ba4b8fbc0c1da885ad6df1abcc0899a04cd940181bec779da1b8308
7,famous_le_100m,12,0.9285714285714286,1.0,4,srnet,012b40033ba4b8fbc0c1da885ad6df1abcc0899a04cd940181bec779da1b8308
7,famous_le_100m,13,1.0,1.0,4,srnet,012b40033ba4b8fbc0c1da885ad6df1abcc0899a04cd940181bec779da1b8308
7,famous_le_100m,14,1.0,1.0,4,srnet,012b40033ba4b8fbc0c1da885ad6df1abcc0899a04cd940181bec779da1b8308
7,famous_le_100m,15,1.0,1.0,4,srnet,012b40033ba4b8fbc0c1da885ad6df1abcc0899a04cd940181bec779da1b8308
7,famous_le_100m,16,1.0,1.0,4,srnet,012b40033ba4b8fbc0c1da885ad6df1abcc0899a04cd940181bec779da1b8308
7,famous_le_100m,17,1.0,1.0,4,srnet,012b40033ba4b8fbc0c1da885ad6df1abcc0899a04cd940181bec779da1b8308
7,famous_le_100m,18,1.0,1.0,4,srnet,012b40033ba4b8fbc0c1da885ad6df1abcc0899a04cd940181bec779da1b8308
7,famous_le_100m,19,1.0,1.0,4,srnet,012b40033ba4b8fbc0c1da885ad6df1abcc0899a04cd940181bec779da1b8308
7,famous_le_100m,20,1.0,1.0,4,srnet,012b40033ba4b8fbc0c1da885ad6df1abcc0899a04cd940181bec779da1b8308
7,famous_le_100m,21,1.0,1.0,4,srnet,012b40033ba4b8fbc0c1da885ad6df1abcc0899a04cd940181bec779da1b8308
7,famous_le_100m,22,1.0,1.0,4,srnet,012b40033ba4b8fbc0c1da885ad6df1abcc0899a04cd940181bec779da1b8308
7,famous_le_100m,23,1.0,1.0,4,srnet,012b40033ba4b8fbc0c1da885ad6df1abcc0899a04cd940181bec779da1b8308
8,torch_pretrained_classification,0,0.45,0.5375,4,srnet,25a911e3a52c26ea6187aba721c9021de560cfd4cec7d8543cd400e547db0f64
8,famous_le_10m,0,0.2,0.4,4,srnet,25a911e3a52c26ea6187aba721c9021de560cfd4cec7d8543cd400e547db0f64
8,famous_le_10m,1,0.8,0.6,4,srnet,25a911e3a52c26ea6187aba721c9021de560cfd4cec7d8543cd400e547db0f64
8,famous_le_10m,2,1.0,0.8,4,srnet,25a911e3a52c26ea6187aba721c9021de560cfd4cec7d8543cd400e547db0f64
8,famous_le_10m,3,1.0,0.8,4,srnet,25a911e3a52c26ea6187aba721c9021de560cfd4cec7d8543cd400e547db0f64
8,famous_le_10m,4,1.0,1.0,4,srnet,25a911e3a52c26ea6187aba721c9021de560cfd4cec7d8543cd400e547db0f64
8,famous_le_10m,5,1.0,1.0,4,srnet,25a911e3a52c26ea6187aba721c9021de560cfd4cec7d8543cd400e547db0f64
8,famous_le_10m,6,1.0,1.0,4,srnet,25a911e3a52c26ea6187aba721c9021de560cfd4cec7d8543cd400e547db0f64
8,famous_le_10m,7,1.0,1.0,4,srnet,25a911e3a52c26ea6187aba721c9021de560cfd4cec7d8543cd400e547db0f64
8,famous_le_10m,8,1.0,1.0,4,srnet,25a911e3a52c26ea6187aba721c9021de560cfd4cec7d8543cd400e547db0f64
8,famous_le_10m,9,1.0,1.0,4,srnet,25a911e3a52c26ea6187aba721c9021de560cfd4cec7d8543cd400e547db0f64
8,famous_le_10m,10,1.0,1.0,4,srnet,25a911e3a52c26ea6187aba721c9021de560cfd4cec7d8543cd400e547db0f64
8,famous_le_10m,11,1.0,1.0,4,srnet,25a911e3a52c26ea6187aba721c9021de560cfd4cec7d8543cd400e547db0f64
8,famous_le_10m,12,1.0,1.0,4,srnet,25a911e3a52c26ea6187aba721c9021de560cfd4cec7d8543cd400e547db0f64
8,famous_le_10m,13,1.0,1.0,4,srnet,25a911e3a52c26ea6187aba721c9021de560cfd4cec7d8543cd400e547db0f64
8,famous_le_10m,14,1.0,1.0,4,srnet,25a911e3a52c26ea6187aba721c9021de560cfd4cec7d8543cd400e547db0f64
8,famous_le_10m,15,1.0,1.0,4,srnet,25a911e3a52c26ea6187aba721c9021de560cfd4cec7d8543cd400e547db0f64
8,famous_le_10m,16,1.0,1.0,4,srnet,25a911e3a52c26ea6187aba721c9021de560cfd4cec7d8543cd400e547db0f64
8,famous_le_10m,17,1.0,1.0,4,srnet,25a911e3a52c26ea6187aba721c9021de560cfd4cec7d8543cd400e547db0f64
8,famous_le_10m,18,1.0,1.0,4,srnet,25a911e3a52c26ea6187aba721c9021de560cfd4cec7d8543cd400e547db0f64
8,famous_le_10m,19,1.0,1.0,4,srnet,25a911e3a52c26ea6187aba721c9021de560cfd4cec7d8543cd400e547db0f64
8,famous_le_10m,20,1.0,1.0,4,srnet,25a911e3a52c26ea6187aba721c9021de560cfd4cec7d8543cd400e547db0f64
8,famous_le_10m,21,1.0,1.0,4,srnet,25a911e3a52c26ea6187aba721c9021de560cfd4cec7d8543cd400e547db0f64
8,famous_le_10m,22,1.0,1.0,4,srnet,25a911e3a52c26ea6187aba721c9021de560cfd4cec7d8543cd400e547db0f64
8,famous_le_10m,23,1.0,1.0,4,srnet,25a911e3a52c26ea6187aba721c9021de560cfd4cec7d8543cd400e547db0f64
8,famous_le_100m,0,0.5714285714285714,0.5714285714285714,4,srnet,25a911e3a52c26ea6187aba721c9021de560cfd4cec7d8543cd400e547db0f64
8,famous_le_100m,1,0.42857142857142855,0.42857142857142855,4,srnet,25a911e3a52c26ea6187aba721c9021de560cfd4cec7d8543cd400e547db0f64
8,famous_le_100m,2,0.42857142857142855,0.42857142857142855,4,srnet,25a911e3a52c26ea6187aba721c9021de560cfd4cec7d8543cd400e547db0f64
8,famous_le_100m,3,0.5,0.42857142857142855,4,srnet,25a911e3a52c26ea6187aba721c9021de560cfd4cec7d8543cd400e547db0f64
8,famous_le_100m,4,0.6428571428571429,0.6428571428571429,4,srnet,25a911e3a52c26ea6187aba721c9021de560cfd4cec7d8543cd400e547db0f64
8,famous_le_100m,5,0.7857142857142857,0.7857142857142857,4,srnet,25a911e3a52c26ea6187aba721c9021de560cfd4cec7d8543cd400e547db0f64
8,famous_le_100m,6,0.9285714285714286,0.8571428571428571,4,srnet,25a911e3a52c26ea6187aba721c9021de560cfd4cec7d8543cd400e547db0f64
8,famous_le_100m,7,0.9285714285714286,0.9285714285714286,4,srnet,25a911e3a52c26ea6187aba721c9021de560cfd4cec7d8543cd400e547db0f64
8,famous_le_100m,8,0.9285714285714286,0.9285714285714286,4,srnet,25a911e3a52c26ea6187aba721c9021de560cfd4cec7d8543cd400e547db0f64
8,famous_le_100m,9,0.9285714285714286,0.9285714285714286,4,srnet,25a911e3a52c26ea6187aba721c9021de560cfd4cec7d8543cd400e547db0f64
8,famous_le_100m,10,0.9285714285714286,0.9285714285714286,4,srnet,25a911e3a52c26ea6187aba721c9021de560cfd4cec7d8543cd400e547db0f64
8,famous_le_100m,11,0.9285714285714286,0.9285714285714286,4,srnet,25a911e3a52c26ea6187aba721c9021de560cfd4cec7d8543cd400e547db0f64
8,famous_le_100m,12,0.9285714285714286,0.9285714285714286,4,srnet,25a911e3a52c26ea6187aba721c9021de560cfd4cec7d8543cd400e547db0f64
8,famous_le_100m,13,1.0,1.0,4,srnet,25a911e3a52c26ea6187aba721c9021de560cfd4cec7d8543cd400e547db0f64
8,famous_le_100m,14,1.0,1.0,4,srnet,25a911e3a52c26ea6187aba721c9021de560cfd4cec7d8543cd400e547db0f64
8,famous_le_100m,15,1.0,1.0,4,srnet,25a911e3a52c26ea6187aba721c9021de560cfd4cec7d8543cd400e547db0f64
8,famous_le_100m,16,1.0,1.0,4,srnet,25a911e3a52c26ea6187aba721c9021de560cfd4cec7d8543cd400e547db0f64
8,famous_le_100m,17,1.0,1.0,4,srnet,25a911e3a52c26ea6187aba721c9021de560cfd4cec7d8543cd400e547db0f64
8,famous_le_100m,18,1.0,1.0,4,srnet,25a911e3a52c26ea6187aba721c9021de560cfd4cec7d8543cd400e547db0f64
8,famous_le_100m,19,1.0,1.0,4,srnet,25a911e3a52c26ea6187aba721c9021de560cfd4cec7d8543cd400e547db0f64
8,famous_le_100m,20,1.0,1.0,4,srnet,25a911e3a52c26ea6187aba721c9021de560cfd4cec7d8543cd400e547db0f64
8,famous_le_100m,21,1.0,1.0,4,srnet,25a911e3a52c26ea6187aba721c9021de560cfd4cec7d8543cd400e547db0f64
8,famous_le_100m,22,1.0,1.0,4,srnet,25a911e3a52c26ea6187aba721c9021de560cfd4cec7d8543cd400e547db0f64
8,famous_le_100m,23,1.0,1.0,4,srnet,25a911e3a52c26ea6187aba721c9021de560cfd4cec7d8543cd400e547db0f64
9,torch_pretrained_classification,0,0.525,0.5125,4,srnet,ac362f8b6946c3e06934e9a97260b7b4033ad8721aebe4b57fbbe2c57c73530f
9,famous_le_10m,0,0.4,0.2,4,srnet,ac362f8b6946c3e06934e9a97260b7b4033ad8721aebe4b57fbbe2c57c73530f
9,famous_le_10m,1,0.6,0.8,4,srnet,ac362f8b6946c3e06934e9a97260b7b4033ad8721aebe4b57fbbe2c57c73530f
9,famous_le_10m,2,0.8,1.0,4,srnet,ac362f8b6946c3e06934e9a97260b7b4033ad8721aebe4b57fbbe2c57c73530f
9,famous_le_10m,3,0.8,1.0,4,srnet,ac362f8b6946c3e06934e9a97260b7b4033ad8721aebe4b57fbbe2c57c73530f
9,famous_le_10m,4,1.0,1.0,4,srnet,ac362f8b6946c3e06934e9a97260b7b4033ad8721aebe4b57fbbe2c57c73530f
9,famous_le_10m,5,1.0,1.0,4,srnet,ac362f8b6946c3e06934e9a97260b7b4033ad8721aebe4b57fbbe2c57c73530f
9,famous_le_10m,6,1.0,1.0,4,srnet,ac362f8b6946c3e06934e9a97260b7b4033ad8721aebe4b57fbbe2c57c73530f
9,famous_le_10m,7,1.0,1.0,4,srnet,ac362f8b6946c3e06934e9a97260b7b4033ad8721aebe4b57fbbe2c57c73530f
9,famous_le_10m,8,1.0,1.0,4,srnet,ac362f8b6946c3e06934e9a97260b7b4033ad8721aebe4b57fbbe2c57c73530f
9,famous_le_10m,9,1.0,1.0,4,srnet,ac362f8b6946c3e06934e9a97260b7b4033ad8721aebe4b57fbbe2c57c73530f
9,famous_le_10m,10,1.0,1.0,4,srnet,ac362f8b6946c3e06934e9a97260b7b4033ad8721aebe4b57fbbe2c57c73530f
9,famous_le_10m,11,1.0,1.0,4,srnet,ac362f8b6946c3e06934e9a97260b7b4033ad8721aebe4b57fbbe2c57c73530f
9,famous_le_10m,12,1.0,1.0,4,srnet,ac362f8b6946c3e06934e9a97260b7b4033ad8721aebe4b57fbbe2c57c73530f
9,famous_le_10m,13,1.0,1.0,4,srnet,ac362f8b6946c3e06934e9a97260b7b4033ad8721aebe4b57fbbe2c57c73530f
9,famous_le_10m,14,1.0,1.0,4,srnet,ac362f8b6946c3e06934e9a97260b7b4033ad8721aebe4b57fbbe2c57c73530f
9,famous_le_10m,15,1.0,1.0,4,srnet,ac362f8b6946c3e06934e9a97260b7b4033ad8721aebe4b57fbbe2c57c73530f
9,famous_le_10m,16,1.0,1.0,4,srnet,ac362f8b6946c3e06934e9a97260b7b4033ad8721aebe4b57fbbe2c57c73530f
9,famous_le_10m,17,1.0,1.0,4,srnet,ac362f8b6946c3e06934e9a97260b7b4033ad8721aebe4b57fbbe2c57c73530f
9,famous_le_10m,18,1.0,1.0,4,srnet,ac362f8b6946c3e06934e9a97260b7b4033ad8721aebe4b57fbbe2c57c73530f
9,famous_le_10m,19,1.0,1.0,4,srnet,ac362f8b6946c3e06934e9a97260b7b4033ad8721aebe4b57fbbe2c57c73530f
9,famous_le_10m,20,1.0,1.0,4,srnet,ac362f8b6946c3e06934e9a97260b7b4033ad8721aebe4b57fbbe2c57c73530f
9,famous_le_10m,21,1.0,1.0,4,srnet,ac362f8b6946c3e06934e9a97260b7b4033ad8721aebe4b57fbbe2c57c73530f
9,famous_le_10m,22,1.0,1.0,4,srnet,ac362f8b6946c3e06934e9a97260b7b4033ad8721aebe4b57fbbe2c57c73530f
9,famous_le_10m,23,1.0,1.0,4,srnet,ac362f8b6946c3e06934e9a97260b7b4033ad8721aebe4b57fbbe2c57c73530f
9,famous_le_100m,0,0.5714285714285714,0.5714285714285714,4,srnet,ac362f8b6946c3e06934e9a97260b7b4033ad8721aebe4b57fbbe2c57c73530f
9,famous_le_100m,1,0.42857142857142855,0.42857142857142855,4,srnet,ac362f8b6946c3e06934e9a97260b7b4033ad8721aebe4b57fbbe2c57c73530f
9,famous_le_100m,2,0.42857142857142855,0.42857142857142855,4,srnet,ac362f8b6946c3e06934e9a97260b7b4033ad8721aebe4b57fbbe2c57c73530f
9,famous_le_100m,3,0.5,0.5,4,srnet,ac362f8b6946c3e06934e9a97260b7b4033ad8721aebe4b57fbbe2c57c73530f
9,famous_le_100m,4,0.6428571428571429,0.6428571428571429,4,srnet,ac362f8b6946c3e06934e9a97260b7b4033ad8721aebe4b57fbbe2c57c73530f
9,famous_le_100m,5,0.7857142857142857,0.7857142857142857,4,srnet,ac362f8b6946c3e06934e9a97260b7b4033ad8721aebe4b57fbbe2c57c73530f
9,famous_le_100m,6,0.8571428571428571,0.9285714285714286,4,srnet,ac362f8b6946c3e06934e9a97260b7b4033ad8721aebe4b57fbbe2c57c73530f
9,famous_le_100m,7,0.9285714285714286,1.0,4,srnet,ac362f8b6946c3e06934e9a97260b7b4033ad8721aebe4b57fbbe2c57c73530f
9,famous_le_100m,8,0.9285714285714286,1.0,4,srnet,ac362f8b6946c3e06934e9a97260b7b4033ad8721aebe4b57fbbe2c57c73530f
9,famous_le_100m,9,0.9285714285714286,1.0,4,srnet,ac362f8b6946c3e06934e9a97260b7b4033ad8721aebe4b57fbbe2c57c73530f
9,famous_le_100m,10,0.9285714285714286,1.0,4,srnet,ac362f8b6946c3e06934e9a97260b7b4033ad8721aebe4b57fbbe2c57c73530f
9,famous_le_100m,11,0.9285714285714286,1.0,4,srnet,ac362f8b6946c3e06934e9a97260b7b4033ad8721aebe4b57fbbe2c57c73530f
9,famous_le_100m,12,0.9285714285714286,1.0,4,srnet,ac362f8b6946c3e06934e9a97260b7b4033ad8721aebe4b57fbbe2c57c73530f
9,famous_le_100m,13,1.0,1.0,4,srnet,ac362f8b6946c3e06934e9a97260b7b4033ad8721aebe4b57fbbe2c57c73530f
9,famous_le_100m,14,1.0,1.0,4,srnet,ac362f8b6946c3e06934e9a97260b7b4033ad8721aebe4b57fbbe2c57c73530f
9,famous_le_100m,15,1.0,1.0,4,srnet,ac362f8b6946c3e06934e9a97260b7b4033ad8721aebe4b57fbbe2c57c73530f
9,famous_le_100m,16,1.0,1.0,4,srnet,ac362f8b6946c3e06934e9a97260b7b4033ad8721aebe4b57fbbe2c57c73530f
9,famous_le_100m,17,1.0,1.0,4,srnet,ac362f8b6946c3e06934e9a97260b7b4033ad8721aebe4b57fbbe2c57c73530f
9,famous_le_100m,18,1.0,1.0,4,srnet,ac362f8b6946c3e06934e9a97260b7b4033ad8721aebe4b57fbbe2c57c73530f
9,famous_le_100m,19,1.0,1.0,4,srnet,ac362f8b6946c3e06934e9a97260b7b4033ad8721aebe4b57fbbe2c57c73530f
9,famous_le_100m,20,1.0,1.0,4,srnet,ac362f8b6946c3e06934e9a97260b7b4033ad8721aebe4b57fbbe2c57c73530f
9,famous_le_100m,21,1.0,1.0,4,srnet,ac362f8b6946c3e06934e9a97260b7b4033ad8721aebe4b57fbbe2c57c73530f
9,famous_le_100m,22,1.0,1.0,4,srnet,ac362f8b6946c3e06934e9a97260b7b4033ad8721aebe4b57fbbe2c57c73530f
9,famous_le_100m,23,1.0,1.0,4,srnet,ac362f8b6946c3e06934e9a97260b7b4033ad8721aebe4b57fbbe2c57c73530f
5,torch_pretrained_classification,0,0.6375,0.475,5,srnet,472abe20ea68bc3f2188b5707cd7df9014387135b0cd81cebdade43a54769e23
5,famous_le_10m,0,0.4,0.2,5,srnet,472abe20ea68bc3f2188b5707cd7df9014387135b0cd81cebdade43a54769e23
5,famous_le_10m,1,0.6,1.0,5,srnet,472abe20ea68bc3f2188b5707cd7df9014387135b0cd81cebdade43a54769e23
5,famous_le_10m,2,0.6,1.0,5,srnet,472abe20ea68bc3f2188b5707cd7df9014387135b0cd81cebdade43a54769e23
5,famous_le_10m,3,0.8,1.0,5,srnet,472abe20ea68bc3f2188b5707cd7df9014387135b0cd81cebdade43a54769e23
5,famous_le_10m,4,1.0,1.0,5,srnet,472abe20ea68bc3f2188b5707cd7df9014387135b0cd81cebdade43a54769e23
5,famous_le_10m,5,1.0,1.0,5,srnet,472abe20ea68bc3f2188b5707cd7df9014387135b0cd81cebdade43a54769e23
5,famous_le_10m,6,1.0,1.0,5,srnet,472abe20ea68bc3f2188b5707cd7df9014387135b0cd81cebdade43a54769e23
5,famous_le_10m,7,1.0,1.0,5,srnet,472abe20ea68bc3f2188b5707cd7df9014387135b0cd81cebdade43a54769e23
5,famous_le_10m,8,1.0,1.0,5,srnet,472abe20ea68bc3f2188b5707cd7df9014387135b0cd81cebdade43a54769e23
5,famous_le_10m,9,1.0,1.0,5,srnet,472abe20ea68bc3f2188b5707cd7df9014387135b0cd81cebdade43a54769e23
5,famous_le_10m,10,1.0,1.0,5,srnet,472abe20ea68bc3f2188b5707cd7df9014387135b0cd81cebdade43a54769e23
5,famous_le_10m,11,1.0,1.0,5,srnet,472abe20ea68bc3f2188b5707cd7df9014387135b0cd81cebdade43a54769e23
5,famous_le_10m,12,1.0,1.0,5,srnet,472abe20ea68bc3f2188b5707cd7df9014387135b0cd81cebdade43a54769e23
5,famous_le_10m,13,1.0,1.0,5,srnet,472abe20ea68bc3f2188b5707cd7df9014387135b0cd81cebdade43a54769e23
5,famous_le_10m,14,1.0,1.0,5,srnet,472abe20ea68bc3f2188b5707cd7df9014387135b0cd81cebdade43a54769e23
5,famous_le_10m,15,1.0,1.0,5,srnet,472abe20ea68bc3f2188b5707cd7df9014387135b0cd81cebdade43a54769e23
5,famous_le_10m,16,1.0,1.0,5,srnet,472abe20ea68bc3f2188b5707cd7df9014387135b0cd81cebdade43a54769e23
5,famous_le_10m,17,1.0,1.0,5,srnet,472abe20ea68bc3f2188b5707cd7df9014387135b0cd81cebdade43a54769e23
5,famous_le_10m,18,1.0,1.0,5,srnet,472abe20ea68bc3f2188b5707cd7df9014387135b0cd81cebdade43a54769e23
5,famous_le_10m,19,1.0,1.0,5,srnet,472abe20ea68bc3f2188b5707cd7df9014387135b0cd81cebdade43a54769e23
5,famous_le_10m,20,1.0,1.0,5,srnet,472abe20ea68bc3f2188b5707cd7df9014387135b0cd81cebdade43a54769e23
5,famous_le_10m,21,1.0,1.0,5,srnet,472abe20ea68bc3f2188b5707cd7df9014387135b0cd81cebdade43a54769e23
5,famous_le_10m,22,1.0,1.0,5,srnet,472abe20ea68bc3f2188b5707cd7df9014387135b0cd81cebdade43a54769e23
5,famous_le_10m,23,1.0,1.0,5,srnet,472abe20ea68bc3f2188b5707cd7df9014387135b0cd81cebdade43a54769e23
5,famous_le_100m,0,0.6428571428571429,0.5714285714285714,5,srnet,472abe20ea68bc3f2188b5707cd7df9014387135b0cd81cebdade43a54769e23
5,famous_le_100m,1,0.35714285714285715,0.42857142857142855,5,srnet,472abe20ea68bc3f2188b5707cd7df9014387135b0cd81cebdade43a54769e23
5,famous_le_100m,2,0.35714285714285715,0.42857142857142855,5,srnet,472abe20ea68bc3f2188b5707cd7df9014387135b0cd81cebdade43a54769e23
5,famous_le_100m,3,0.35714285714285715,0.42857142857142855,5,srnet,472abe20ea68bc3f2188b5707cd7df9014387135b0cd81cebdade43a54769e23
5,famous_le_100m,4,0.35714285714285715,0.5714285714285714,5,srnet,472abe20ea68bc3f2188b5707cd7df9014387135b0cd81cebdade43a54769e23
5,famous_le_100m,5,0.6428571428571429,0.7857142857142857,5,srnet,472abe20ea68bc3f2188b5707cd7df9014387135b0cd81cebdade43a54769e23
5,famous_le_100m,6,0.7857142857142857,0.9285714285714286,5,srnet,472abe20ea68bc3f2188b5707cd7df9014387135b0cd81cebdade43a54769e23
5,famous_le_100m,7,0.8571428571428571,1.0,5,srnet,472abe20ea68bc3f2188b5707cd7df9014387135b0cd81cebdade43a54769e23
5,famous_le_100m,8,0.8571428571428571,1.0,5,srnet,472abe20ea68bc3f2188b5707cd7df9014387135b0cd81cebdade43a54769e23
5,famous_le_100m,9,0.9285714285714286,1.0,5,srnet,472abe20ea68bc3f2188b5707cd7df9014387135b0cd81cebdade43a54769e23
5,famous_le_100m,10,0.9285714285714286,1.0,5,srnet,472abe20ea68bc3f2188b5707cd7df9014387135b0cd81cebdade43a54769e23
5,famous_le_100m,11,0.9285714285714286,1.0,5,srnet,472abe20ea68bc3f2188b5707cd7df9014387135b0cd81cebdade43a54769e23
5,famous_le_100m,12,0.9285714285714286,1.0,5,srnet,472abe20ea68bc3f2188b5707cd7df9014387135b0cd81cebdade43a54769e23
5,famous_le_100m,13,1.0,1.0,5,srnet,472abe20ea68bc3f2188b5707cd7df9014387135b0cd81cebdade43a54769e23
5,famous_le_100m,14,1.0,1.0,5,srnet,472abe20ea68bc3f2188b5707cd7df9014387135b0cd81cebdade43a54769e23
5,famous_le_100m,15,1.0,1.0,5,srnet,472abe20ea68bc3f2188b5707cd7df9014387135b0cd81cebdade43a54769e23
5,famous_le_100m,16,1.0,1.0,5,srnet,472abe20ea68bc3f2188b5707cd7df9014387135b0cd81cebdade43a54769e23
5,famous_le_100m,17,1.0,1.0,5,srnet,472abe20ea68bc3f2188b5707cd7df9014387135b0cd81cebdade43a54769e23
5,famous_le_100m,18,1.0,1.0,5,srnet,472abe20ea68bc3f2188b5707cd7df9014387135b0cd81cebdade43a54769e23
5,famous_le_100m,19,1.0,1.0,5,srnet,472abe20ea68bc3f2188b5707cd7df9014387135b0cd81cebdade43a54769e23
5,famous_le_100m,20,1.0,1.0,5,srnet,472abe20ea68bc3f2188b5707cd7df9014387135b0cd81cebdade43a54769e23
5,famous_le_100m,21,1.0,1.0,5,srnet,472abe20ea68bc3f2188b5707cd7df9014387135b0cd81cebdade43a54769e23
5,famous_le_100m,22,1.0,1.0,5,srnet,472abe20ea68bc3f2188b5707cd7df9014387135b0cd81cebdade43a54769e23
5,famous_le_100m,23,1.0,1.0,5,srnet,472abe20ea68bc3f2188b5707cd7df9014387135b0cd81cebdade43a54769e23
6,torch_pretrained_classification,0,0.6875,0.45,5,srnet,5bf857f84c9bc7ffca359897ee111209d3ad66534e4a31821fb0d5685059bfd5
6,famous_le_10m,0,0.8,0.2,5,srnet,5bf857f84c9bc7ffca359897ee111209d3ad66534e4a31821fb0d5685059bfd5
6,famous_le_10m,1,0.2,0.8,5,srnet,5bf857f84c9bc7ffca359897ee111209d3ad66534e4a31821fb0d5685059bfd5
6,famous_le_10m,2,0.2,1.0,5,srnet,5bf857f84c9bc7ffca359897ee111209d3ad66534e4a31821fb0d5685059bfd5
6,famous_le_10m,3,0.6,1.0,5,srnet,5bf857f84c9bc7ffca359897ee111209d3ad66534e4a31821fb0d5685059bfd5
6,famous_le_10m,4,1.0,1.0,5,srnet,5bf857f84c9bc7ffca359897ee111209d3ad66534e4a31821fb0d5685059bfd5
6,famous_le_10m,5,1.0,1.0,5,srnet,5bf857f84c9bc7ffca359897ee111209d3ad66534e4a31821fb0d5685059bfd5
6,famous_le_10m,6,1.0,1.0,5,srnet,5bf857f84c9bc7ffca359897ee111209d3ad66534e4a31821fb0d5685059bfd5
6,famous_le_10m,7,1.0,1.0,5,srnet,5bf857f84c9bc7ffca359897ee111209d3ad66534e4a31821fb0d5685059bfd5
6,famous_le_10m,8,1.0,1.0,5,srnet,5bf857f84c9bc7ffca359897ee111209d3ad66534e4a31821fb0d5685059bfd5
6,famous_le_10m,9,1.0,1.0,5,srnet,5bf857f84c9bc7ffca359897ee111209d3ad66534e4a31821fb0d5685059bfd5
6,famous_le_10m,10,1.0,1.0,5,srnet,5bf857f84c9bc7ffca359897ee111209d3ad66534e4a31821fb0d5685059bfd5
6,famous_le_10m,11,1.0,1.0,5,srnet,5bf857f84c9bc7ffca359897ee111209d3ad66534e4a31821fb0d5685059bfd5
6,famous_le_10m,12,1.0,1.0,5,srnet,5bf857f84c9bc7ffca359897ee111209d3ad66534e4a31821fb0d5685059bfd5
6,famous_le_10m,13,1.0,1.0,5,srnet,5bf857f84c9bc7ffca359897ee111209d3ad66534e4a31821fb0d5685059bfd5
6,famous_le_10m,14,1.0,1.0,5,srnet,5bf857f84c9bc7ffca359897ee111209d3ad66534e4a31821fb0d5685059bfd5
6,famous_le_10m,15,1.0,1.0,5,srnet,5bf857f84c9bc7ffca359897ee111209d3ad66534e4a31821fb0d5685059bfd5
6,famous_le_10m,16,1.0,1.0,5,srnet,5bf857f84c9bc7ffca359897ee111209d3ad66534e4a31821fb0d5685059bfd5
6,famous_le_10m,17,1.0,1.0,5,srnet,5bf857f84c9bc7ffca359897ee111209d3ad66534e4a31821fb0d5685059bfd5
6,famous_le_10m,18,1.0,1.0,5,srnet,5bf857f84c9bc7ffca359897ee111209d3ad66534e4a31821fb0d5685059bfd5
6,famous_le_10m,19,1.0,1.0,5,srnet,5bf857f84c9bc7ffca359897ee111209d3ad66534e4a31821fb0d5685059bfd5
6,famous_le_10m,20,1.0,1.0,5,srnet,5bf857f84c9bc7ffca359897ee111209d3ad66534e4a31821fb0d5685059bfd5
6,famous_le_10m,21,1.0,1.0,5,srnet,5bf857f84c9bc7ffca359897ee111209d3ad66534e4a31821fb0d5685059bfd5
6,famous_le_10m,22,1.0,1.0,5,srnet,5bf857f84c9bc7ffca359897ee111209d3ad66534e4a31821fb0d5685059bfd5
6,famous_le_10m,23,1.0,1.0,5,srnet,5bf857f84c9bc7ffca359897ee111209d3ad66534e4a31821fb0d5685059bfd5
6,famous_le_100m,0,0.6428571428571429,0.5714285714285714,5,srnet,5bf857f84c9bc7ffca359897ee111209d3ad66534e4a31821fb0d5685059bfd5
6,famous_le_100m,1,0.2857142857142857,0.42857142857142855,5,srnet,5bf857f84c9bc7ffca359897ee111209d3ad66534e4a31821fb0d5685059bfd5
6,famous_le_100m,2,0.2857142857142857,0.42857142857142855,5,srnet,5bf857f84c9bc7ffca359897ee111209d3ad66534e4a31821fb0d5685059bfd5
6,famous_le_100m,3,0.2857142857142857,0.5,5,srnet,5bf857f84c9bc7ffca359897ee111209d3ad66534e4a31821fb0d5685059bfd5
6,famous_le_100m,4,0.35714285714285715,0.6428571428571429,5,srnet,5bf857f84c9bc7ffca359897ee111209d3ad66534e4a31821fb0d5685059bfd5
6,famous_le_100m,5,0.5714285714285714,0.7857142857142857,5,srnet,5bf857f84c9bc7ffca359897ee111209d3ad66534e4a31821fb0d5685059bfd5
6,famous_le_100m,6,0.7142857142857143,0.9285714285714286,5,srnet,5bf857f84c9bc7ffca359897ee111209d3ad66534e4a31821fb0d5685059bfd5
6,famous_le_100m,7,0.8571428571428571,1.0,5,srnet,5bf857f84c9bc7ffca359897ee111209d3ad66534e4a31821fb0d5685059bfd5
6,famous_le_100m,8,0.8571428571428571,1.0,5,srnet,5bf857f84c9bc7ffca359897ee111209d3ad66534e4a31821fb0d5685059bfd5
6,famous_le_100m,9,0.9285714285714286,1.0,5,srnet,5bf857f84c9bc7ffca359897ee111209d3ad66534e4a31821fb0d5685059bfd5
6,famous_le_100m,10,0.9285714285714286,0.9285714285714286,5,srnet,5bf857f84c9bc7ffca359897ee111209d3ad66534e4a31821fb0d5685059bfd5
6,famous_le_100m,11,0.9285714285714286,1.0,5,srnet,5bf857f84c9bc7ffca359897ee111209d3ad66534e4a31821fb0d5685059bfd5
6,famous_le_100m,12,0.9285714285714286,1.0,5,srnet,5bf857f84c9bc7ffca359897ee111209d3ad66534e4a31821fb0d5685059bfd5
6,famous_le_100m,13,1.0,1.0,5,srnet,5bf857f84c9bc7ffca359897ee111209d3ad66534e4a31821fb0d5685059bfd5
6,famous_le_100m,14,1.0,1.0,5,srnet,5bf857f84c9bc7ffca359897ee111209d3ad66534e4a31821fb0d5685059bfd5
6,famous_le_100m,15,1.0,1.0,5,srnet,5bf857f84c9bc7ffca359897ee111209d3ad66534e4a31821fb0d5685059bfd5
6,famous_le_100m,16,1.0,1.0,5,srnet,5bf857f84c9bc7ffca359897ee111209d3ad66534e4a31821fb0d5685059bfd5
6,famous_le_100m,17,1.0,1.0,5,srnet,5bf857f84c9bc7ffca359897ee111209d3ad66534e4a31821fb0d5685059bfd5
6,famous_le_100m,18,1.0,1.0,5,srnet,5bf857f84c9bc7ffca359897ee111209d3ad66534e4a31821fb0d5685059bfd5
6,famous_le_100m,19,1.0,1.0,5,srnet,5bf857f84c9bc7ffca359897ee111209d3ad66534e4a31821fb0d5685059bfd5
6,famous_le_100m,20,1.0,1.0,5,srnet,5bf857f84c9bc7ffca359897ee111209d3ad66534e4a31821fb0d5685059bfd5
6,famous_le_100m,21,1.0,1.0,5,srnet,5bf857f84c9bc7ffca359897ee111209d3ad66534e4a31821fb0d5685059bfd5
6,famous_le_100m,22,1.0,1.0,5,srnet,5bf857f84c9bc7ffca359897ee111209d3ad66534e4a31821fb0d5685059bfd5
6,famous_le_100m,23,1.0,1.0,5,srnet,5bf857f84c9bc7ffca359897ee111209d3ad66534e4a31821fb0d5685059bfd5
7,torch_pretrained_classification,0,0.65,0.525,5,srnet,6aef565e5e4b8b1e974d7413f3c0f6564ddb859e28873e07ab6b185a6b51007e
7,famous_le_10m,0,0.4,0.4,5,srnet,6aef565e5e4b8b1e974d7413f3c0f6564ddb859e28873e07ab6b185a6b51007e
7,famous_le_10m,1,0.6,0.6,5,srnet,6aef565e5e4b8b1e974d7413f3c0f6564ddb859e28873e07ab6b185a6b51007e
7,famous_le_10m,2,0.8,0.6,5,srnet,6aef565e5e4b8b1e974d7413f3c0f6564ddb859e28873e07ab6b185a6b51007e
7,famous_le_10m,3,0.8,0.8,5,srnet,6aef565e5e4b8b1e974d7413f3c0f6564ddb859e28873e07ab6b185a6b51007e
7,famous_le_10m,4,1.0,1.0,5,srnet,6aef565e5e4b8b1e974d7413f3c0f6564ddb859e28873e07ab6b185a6b51007e
7,famous_le_10m,5,1.0,1.0,5,srnet,6aef565e5e4b8b1e974d7413f3c0f6564ddb859e28873e07ab6b185a6b51007e
7,famous_le_10m,6,1.0,1.0,5,srnet,6aef565e5e4b8b1e974d7413f3c0f6564ddb859e28873e07ab6b185a6b51007e
7,famous_le_10m,7,1.0,1.0,5,srnet,6aef565e5e4b8b1e974d7413f3c0f6564ddb859e28873e07ab6b185a6b51007e
7,famous_le_10m,8,1.0,1.0,5,srnet,6aef565e5e4b8b1e974d7413f3c0f6564ddb859e28873e07ab6b185a6b51007e
7,famous_le_10m,9,1.0,1.0,5,srnet,6aef565e5e4b8b1e974d7413f3c0f6564ddb859e28873e07ab6b185a6b51007e
7,famous_le_10m,10,1.0,1.0,5,srnet,6aef565e5e4b8b1e974d7413f3c0f6564ddb859e28873e07ab6b185a6b51007e
7,famous_le_10m,11,1.0,1.0,5,srnet,6aef565e5e4b8b1e974d7413f3c0f6564ddb859e28873e07ab6b185a6b51007e
7,famous_le_10m,12,1.0,1.0,5,srnet,6aef565e5e4b8b1e974d7413f3c0f6564ddb859e28873e07ab6b185a6b51007e
7,famous_le_10m,13,1.0,1.0,5,srnet,6aef565e5e4b8b1e974d7413f3c0f6564ddb859e28873e07ab6b185a6b51007e
7,famous_le_10m,14,1.0,1.0,5,srnet,6aef565e5e4b8b1e974d7413f3c0f6564ddb859e28873e07ab6b185a6b51007e
7,famous_le_10m,15,1.0,1.0,5,srnet,6aef565e5e4b8b1e974d7413f3c0f6564ddb859e28873e07ab6b185a6b51007e
7,famous_le_10m,16,1.0,1.0,5,srnet,6aef565e5e4b8b1e974d7413f3c0f6564ddb859e28873e07ab6b185a6b51007e
7,famous_le_10m,17,1.0,1.0,5,srnet,6aef565e5e4b8b1e974d7413f3c0f6564ddb859e28873e07ab6b185a6b51007e
7,famous_le_10m,18,1.0,1.0,5,srnet,6aef565e5e4b8b1e974d7413f3c0f6564ddb859e28873e07ab6b185a6b51007e
7,famous_le_10m,19,1.0,1.0,5,srnet,6aef565e5e4b8b1e974d7413f3c0f6564ddb859e28873e07ab6b185a6b51007e
7,famous_le_10m,20,1.0,1.0,5,srnet,6aef565e5e4b8b1e974d7413f3c0f6564ddb859e28873e07ab6b185a6b51007e
7,famous_le_10m,21,1.0,1.0,5,srnet,6aef565e5e4b8b1e974d7413f3c0f6564ddb859e28873e07ab6b185a6b51007e
7,famous_le_10m,22,1.0,1.0,5,srnet,6aef565e5e4b8b1e974d7413f3c0f6564ddb859e28873e07ab6b185a6b51007e
7,famous_le_10m,23,1.0,1.0,5,srnet,6aef565e5e4b8b1e974d7413f3c0f6564ddb859e28873e07ab6b185a6b51007e
7,famous_le_100m,0,0.6428571428571429,0.6428571428571429,5,srnet,6aef565e5e4b8b1e974d7413f3c0f6564ddb859e28873e07ab6b185a6b51007e
7,famous_le_100m,1,0.35714285714285715,0.35714285714285715,5,srnet,6aef565e5e4b8b1e974d7413f3c0f6564ddb859e28873e07ab6b185a6b51007e
7,famous_le_100m,2,0.2857142857142857,0.35714285714285715,5,srnet,6aef565e5e4b8b1e974d7413f3c0f6564ddb859e28873e07ab6b185a6b51007e
7,famous_le_100m,3,0.2857142857142857,0.2857142857142857,5,srnet,6aef565e5e4b8b1e974d7413f3c0f6564ddb859e28873e07ab6b185a6b51007e
7,famous_le_100m,4,0.35714285714285715,0.35714285714285715,5,srnet,6aef565e5e4b8b1e974d7413f3c0f6564ddb859e28873e07ab6b185a6b51007e
7,famous_le_100m,5,0.6428571428571429,0.6428571428571429,5,srnet,6aef565e5e4b8b1e974d7413f3c0f6564ddb859e28873e07ab6b185a6b51007e
7,famous_le_100m,6,0.7857142857142857,0.7857142857142857,5,srnet,6aef565e5e4b8b1e974d7413f3c0f6564ddb859e28873e07ab6b185a6b51007e
7,famous_le_100m,7,0.8571428571428571,0.9285714285714286,5,srnet,6aef565e5e4b8b1e974d7413f3c0f6564ddb859e28873e07ab6b185a6b51007e
7,famous_le_100m,8,0.8571428571428571,0.9285714285714286,5,srnet,6aef565e5e4b8b1e974d7413f3c0f6564ddb859e28873e07ab6b185a6b51007e
7,famous_le_100m,9,0.9285714285714286,0.9285714285714286,5,srnet,6aef565e5e4b8b1e974d7413f3c0f6564ddb859e28873e07ab6b185a6b51007e
7,famous_le_100m,10,0.9285714285714286,0.9285714285714286,5,srnet,6aef565e5e4b8b1e974d7413f3c0f6564ddb859e28873e07ab6b185a6b51007e
7,famous_le_100m,11,0.9285714285714286,0.9285714285714286,5,srnet,6aef565e5e4b8b1e974d7413f3c0f6564ddb859e28873e07ab6b185a6b51007e
7,famous_le_100m,12,0.9285714285714286,0.9285714285714286,5,srnet,6aef565e5e4b8b1e974d7413f3c0f6564ddb859e28873e07ab6b185a6b51007e
7,famous_le_100m,13,1.0,1.0,5,srnet,6aef565e5e4b8b1e974d7413f3c0f6564ddb859e28873e07ab6b185a6b51007e
7,famous_le_100m,14,1.0,1.0,5,srnet,6aef565e5e4b8b1e974d7413f3c0f6564ddb859e28873e07ab6b185a6b51007e
7,famous_le_100m,15,1.0,1.0,5,srnet,6aef565e5e4b8b1e974d7413f3c0f6564ddb859e28873e07ab6b185a6b51007e
7,famous_le_100m,16,1.0,1.0,5,srnet,6aef565e5e4b8b1e974d7413f3c0f6564ddb859e28873e07ab6b185a6b51007e
7,famous_le_100m,17,1.0,1.0,5,srnet,6aef565e5e4b8b1e974d7413f3c0f6564ddb859e28873e07ab6b185a6b51007e
7,famous_le_100m,18,1.0,1.0,5,srnet,6aef565e5e4b8b1e974d7413f3c0f6564ddb859e28873e07ab6b185a6b51007e
7,famous_le_100m,19,1.0,1.0,5,srnet,6aef565e5e4b8b1e974d7413f3c0f6564ddb859e28873e07ab6b185a6b51007e
7,famous_le_100m,20,1.0,1.0,5,srnet,6aef565e5e4b8b1e974d7413f3c0f6564ddb859e28873e07ab6b185a6b51007e
7,famous_le_100m,21,1.0,1.0,5,srnet,6aef565e5e4b8b1e974d7413f3c0f6564ddb859e28873e07ab6b185a6b51007e
7,famous_le_100m,22,1.0,1.0,5,srnet,6aef565e5e4b8b1e974d7413f3c0f6564ddb859e28873e07ab6b185a6b51007e
7,famous_le_100m,23,1.0,1.0,5,srnet,6aef565e5e4b8b1e974d7413f3c0f6564ddb859e28873e07ab6b185a6b51007e
8,torch_pretrained_classification,0,0.675,0.4875,5,srnet,83fc8cb45b30520a6da0b6ce1022db5c88ff7c16ce48cd50e2e9d2baa8d906d4
8,famous_le_10m,0,0.4,0.2,5,srnet,83fc8cb45b30520a6da0b6ce1022db5c88ff7c16ce48cd50e2e9d2baa8d906d4
8,famous_le_10m,1,0.6,0.8,5,srnet,83fc8cb45b30520a6da0b6ce1022db5c88ff7c16ce48cd50e2e9d2baa8d906d4
8,famous_le_10m,2,0.6,0.8,5,srnet,83fc8cb45b30520a6da0b6ce1022db5c88ff7c16ce48cd50e2e9d2baa8d906d4
8,famous_le_10m,3,0.6,0.8,5,srnet,83fc8cb45b30520a6da0b6ce1022db5c88ff7c16ce48cd50e2e9d2baa8d906d4
8,famous_le_10m,4,1.0,0.4,5,srnet,83fc8cb45b30520a6da0b6ce1022db5c88ff7c16ce48cd50e2e9d2baa8d906d4
8,famous_le_10m,5,1.0,0.6,5,srnet,83fc8cb45b30520a6da0b6ce1022db5c88ff7c16ce48cd50e2e9d2baa8d906d4
8,famous_le_10m,6,1.0,1.0,5,srnet,83fc8cb45b30520a6da0b6ce1022db5c88ff7c16ce48cd50e2e9d2baa8d906d4
8,famous_le_10m,7,1.0,1.0,5,srnet,83fc8cb45b30520a6da0b6ce1022db5c88ff7c16ce48cd50e2e9d2baa8d906d4
8,famous_le_10m,8,1.0,1.0,5,srnet,83fc8cb45b30520a6da0b6ce1022db5c88ff7c16ce48cd50e2e9d2baa8d906d4
8,famous_le_10m,9,1.0,1.0,5,srnet,83fc8cb45b30520a6da0b6ce1022db5c88ff7c16ce48cd50e2e9d2baa8d906d4
8,famous_le_10m,10,1.0,1.0,5,srnet,83fc8cb45b30520a6da0b6ce1022db5c88ff7c16ce48cd50e2e9d2baa8d906d4
8,famous_le_10m,11,1.0,1.0,5,srnet,83fc8cb45b30520a6da0b6ce1022db5c88ff7c16ce48cd50e2e9d2baa8d906d4
8,famous_le_10m,12,1.0,1.0,5,srnet,83fc8cb45b30520a6da0b6ce1022db5c88ff7c16ce48cd50e2e9d2baa8d906d4
8,famous_le_10m,13,1.0,1.0,5,srnet,83fc8cb45b30520a6da0b6ce1022db5c88ff7c16ce48cd50e2e9d2baa8d906d4
8,famous_le_10m,14,1.0,1.0,5,srnet,83fc8cb45b30520a6da0b6ce1022db5c88ff7c16ce48cd50e2e9d2baa8d906d4
8,famous_le_10m,15,1.0,1.0,5,srnet,83fc8cb45b30520a6da0b6ce1022db5c88ff7c16ce48cd50e2e9d2baa8d906d4
8,famous_le_10m,16,1.0,1.0,5,srnet,83fc8cb45b30520a6da0b6ce1022db5c88ff7c16ce48cd50e2e9d2baa8d906d4
8,famous_le_10m,17,1.0,1.0,5,srnet,83fc8cb45b30520a6da0b6ce1022db5c88ff7c16ce48cd50e2e9d2baa8d906d4
8,famous_le_10m,18,1.0,1.0,5,srnet,83fc8cb45b30520a6da0b6ce1022db5c88ff7c16ce48cd50e2e9d2baa8d906d4
8,famous_le_10m,19,1.0,1.0,5,srnet,83fc8cb45b30520a6da0b6ce1022db5c88ff7c16ce48cd50e2e9d2baa8d906d4
8,famous_le_10m,20,1.0,1.0,5,srnet,83fc8cb45b30520a6da0b6ce1022db5c88ff7c16ce48cd50e2e9d2baa8d906d4
8,famous_le_10m,21,1.0,1.0,5,srnet,83fc8cb45b30520a6da0b6ce1022db5c88ff7c16ce48cd50e2e9d2baa8d906d4
8,famous_le_10m,22,1.0,1.0,5,srnet,83fc8cb45b30520a6da0b6ce1022db5c88ff7c16ce48cd50e2e9d2baa8d906d4
8,famous_le_10m,23,1.0,1.0,5,srnet,83fc8cb45b30520a6da0b6ce1022db5c88ff7c16ce48cd50e2e9d2baa8d906d4
8,famous_le_100m,0,0.6428571428571429,0.6428571428571429,5,srnet,83fc8cb45b30520a6da0b6ce1022db5c88ff7c16ce48cd50e2e9d2baa8d906d4
8,famous_le_100m,1,0.35714285714285715,0.2857142857142857,5,srnet,83fc8cb45b30520a6da0b6ce1022db5c88ff7c16ce48cd50e2e9d2baa8d906d4
8,famous_le_100m,2,0.2857142857142857,0.2857142857142857,5,srnet,83fc8cb45b30520a6da0b6ce1022db5c88ff7c16ce48cd50e2e9d2baa8d906d4
8,famous_le_100m,3,0.2857142857142857,0.2857142857142857,5,srnet,83fc8cb45b30520a6da0b6ce1022db5c88ff7c16ce48cd50e2e9d2baa8d906d4
8,famous_le_100m,4,0.35714285714285715,0.35714285714285715,5,srnet,83fc8cb45b30520a6da0b6ce1022db5c88ff7c16ce48cd50e2e9d2baa8d906d4
8,famous_le_100m,5,0.6428571428571429,0.5,5,srnet,83fc8cb45b30520a6da0b6ce1022db5c88ff7c16ce48cd50e2e9d2baa8d906d4
8,famous_le_100m,6,0.7142857142857143,0.7857142857142857,5,srnet,83fc8cb45b30520a6da0b6ce1022db5c88ff7c16ce48cd50e2e9d2baa8d906d4
8,famous_le_100m,7,0.8571428571428571,1.0,5,srnet,83fc8cb45b30520a6da0b6ce1022db5c88ff7c16ce48cd50e2e9d2baa8d906d4
8,famous_le_100m,8,0.8571428571428571,1.0,5,srnet,83fc8cb45b30520a6da0b6ce1022db5c88ff7c16ce48cd50e2e9d2baa8d906d4
8,famous_le_100m,9,0.9285714285714286,0.9285714285714286,5,srnet,83fc8cb45b30520a6da0b6ce1022db5c88ff7c16ce48cd50e2e9d2baa8d906d4
8,famous_le_100m,10,0.9285714285714286,1.0,5,srnet,83fc8cb45b30520a6da0b6ce1022db5c88ff7c16ce48cd50e2e9d2baa8d906d4
8,famous_le_100m,11,0.9285714285714286,1.0,5,srnet,83fc8cb45b30520a6da0b6ce1022db5c88ff7c16ce48cd50e2e9d2baa8d906d4
8,famous_le_100m,12,0.9285714285714286,1.0,5,srnet,83fc8cb45b30520a6da0b6ce1022db5c88ff7c16ce48cd50e2e9d2baa8d906d4
8,famous_le_100m,13,1.0,1.0,5,srnet,83fc8cb45b30520a6da0b6ce1022db5c88ff7c16ce48cd50e2e9d2baa8d906d4
8,famous_le_100m,14,1.0,1.0,5,srnet,83fc8cb45b30520a6da0b6ce1022db5c88ff7c16ce48cd50e2e9d2baa8d906d4
8,famous_le_100m,15,1.0,1.0,5,srnet,83fc8cb45b30520a6da0b6ce1022db5c88ff7c16ce48cd50e2e9d2baa8d906d4
8,famous_le_100m,16,1.0,1.0,5,srnet,83fc8cb45b30520a6da0b6ce1022db5c88ff7c16ce48cd50e2e9d2baa8d906d4
8,famous_le_100m,17,1.0,1.0,5,srnet,83fc8cb45b30520a6da0b6ce1022db5c88ff7c16ce48cd50e2e9d2baa8d906d4
8,famous_le_100m,18,1.0,1.0,5,srnet,83fc8cb45b30520a6da0b6ce1022db5c88ff7c16ce48cd50e2e9d2baa8d906d4
8,famous_le_100m,19,1.0,1.0,5,srnet,83fc8cb45b30520a6da0b6ce1022db5c88ff7c16ce48cd50e2e9d2baa8d906d4
8,famous_le_100m,20,1.0,1.0,5,srnet,83fc8cb45b30520a6da0b6ce1022db5c88ff7c16ce48cd50e2e9d2baa8d906d4
8,famous_le_100m,21,1.0,1.0,5,srnet,83fc8cb45b30520a6da0b6ce1022db5c88ff7c16ce48cd50e2e9d2baa8d906d4
8,famous_le_100m,22,1.0,1.0,5,srnet,83fc8cb45b30520a6da0b6ce1022db5c88ff7c16ce48cd50e2e9d2baa8d906d4
8,famous_le_100m,23,1.0,1.0,5,srnet,83fc8cb45b30520a6da0b6ce1022db5c88ff7c16ce48cd50e2e9d2baa8d906d4
9,torch_pretrained_classification,0,0.6625,0.4625,5,srnet,ff764dc6a446bcbd5e78a99b0030288cb33c552d881092cadc214a3921d3013b
9,famous_le_10m,0,0.4,0.2,5,srnet,ff764dc6a446bcbd5e78a99b0030288cb33c552d881092cadc214a3921d3013b
9,famous_le_10m,1,0.6,0.8,5,srnet,ff764dc6a446bcbd5e78a99b0030288cb33c552d881092cadc214a3921d3013b
9,famous_le_10m,2,0.6,1.0,5,srnet,ff764dc6a446bcbd5e78a99b0030288cb33c552d881092cadc214a3921d3013b
9,famous_le_10m,3,0.6,1.0,5,srnet,ff764dc6a446bcbd5e78a99b0030288cb33c552d881092cadc214a3921d3013b
9,famous_le_10m,4,1.0,1.0,5,srnet,ff764dc6a446bcbd5e78a99b0030288cb33c552d881092cadc214a3921d3013b
9,famous_le_10m,5,1.0,1.0,5,srnet,ff764dc6a446bcbd5e78a99b0030288cb33c552d881092cadc214a3921d3013b
9,famous_le_10m,6,1.0,1.0,5,srnet,ff764dc6a446bcbd5e78a99b0030288cb33c552d881092cadc214a3921d3013b
9,famous_le_10m,7,1.0,1.0,5,srnet,ff764dc6a446bcbd5e78a99b0030288cb33c552d881092cadc214a3921d3013b
9,famous_le_10m,8,1.0,1.0,5,srnet,ff764dc6a446bcbd5e78a99b0030288cb33c552d881092cadc214a3921d3013b
9,famous_le_10m,9,1.0,1.0,5,srnet,ff764dc6a446bcbd5e78a99b0030288cb33c552d881092cadc214a3921d3013b
9,famous_le_10m,10,1.0,1.0,5,srnet,ff764dc6a446bcbd5e78a99b0030288cb33c552d881092cadc214a3921d3013b
9,famous_le_10m,11,1.0,1.0,5,srnet,ff764dc6a446bcbd5e78a99b0030288cb33c552d881092cadc214a3921d3013b
9,famous_le_10m,12,1.0,1.0,5,srnet,ff764dc6a446bcbd5e78a99b0030288cb33c552d881092cadc214a3921d3013b
9,famous_le_10m,13,1.0,1.0,5,srnet,ff764dc6a446bcbd5e78a99b0030288cb33c552d881092cadc214a3921d3013b
9,famous_le_10m,14,1.0,1.0,5,srnet,ff764dc6a446bcbd5e78a99b0030288cb33c552d881092cadc214a3921d3013b
9,famous_le_10m,15,1.0,1.0,5,srnet,ff764dc6a446bcbd5e78a99b0030288cb33c552d881092cadc214a3921d3013b
9,famous_le_10m,16,1.0,1.0,5,srnet,ff764dc6a446bcbd5e78a99b0030288cb33c552d881092cadc214a3921d3013b
9,famous_le_10m,17,1.0,1.0,5,srnet,ff764dc6a446bcbd5e78a99b0030288cb33c552d881092cadc214a3921d3013b
9,famous_le_10m,18,1.0,1.0,5,srnet,ff764dc6a446bcbd5e78a99b0030288cb33c552d881092cadc214a3921d3013b
9,famous_le_10m,19,1.0,1.0,5,srnet,ff764dc6a446bcbd5e78a99b0030288cb33c552d881092cadc214a3921d3013b
9,famous_le_10m,20,1.0,1.0,5,srnet,ff764dc6a446bcbd5e78a99b0030288cb33c552d881092cadc214a3921d3013b
9,famous_le_10m,21,1.0,1.0,5,srnet,ff764dc6a446bcbd5e78a99b0030288cb33c552d881092cadc214a3921d3013b
9,famous_le_10m,22,1.0,1.0,5,srnet,ff764dc6a446bcbd5e78a99b0030288cb33c552d881092cadc214a3921d3013b
9,famous_le_10m,23,1.0,1.0,5,srnet,ff764dc6a446bcbd5e78a99b0030288cb33c552d881092cadc214a3921d3013b
9,famous_le_100m,0,0.6428571428571429,0.5714285714285714,5,srnet,ff764dc6a446bcbd5e78a99b0030288cb33c552d881092cadc214a3921d3013b
9,famous_le_100m,1,0.35714285714285715,0.42857142857142855,5,srnet,ff764dc6a446bcbd5e78a99b0030288cb33c552d881092cadc214a3921d3013b
9,famous_le_100m,2,0.2857142857142857,0.42857142857142855,5,srnet,ff764dc6a446bcbd5e78a99b0030288cb33c552d881092cadc214a3921d3013b
9,famous_le_100m,3,0.2857142857142857,0.5,5,srnet,ff764dc6a446bcbd5e78a99b0030288cb33c552d881092cadc214a3921d3013b
9,famous_le_100m,4,0.35714285714285715,0.6428571428571429,5,srnet,ff764dc6a446bcbd5e78a99b0030288cb33c552d881092cadc214a3921d3013b
9,famous_le_100m,5,0.6428571428571429,0.7857142857142857,5,srnet,ff764dc6a446bcbd5e78a99b0030288cb33c552d881092cadc214a3921d3013b
9,famous_le_100m,6,0.7142857142857143,0.9285714285714286,5,srnet,ff764dc6a446bcbd5e78a99b0030288cb33c552d881092cadc214a3921d3013b
9,famous_le_100m,7,0.8571428571428571,0.9285714285714286,5,srnet,ff764dc6a446bcbd5e78a99b0030288cb33c552d881092cadc214a3921d3013b
9,famous_le_100m,8,0.8571428571428571,0.9285714285714286,5,srnet,ff764dc6a446bcbd5e78a99b0030288cb33c552d881092cadc214a3921d3013b
9,famous_le_100m,9,0.9285714285714286,0.9285714285714286,5,srnet,ff764dc6a446bcbd5e78a99b0030288cb33c552d881092cadc214a3921d3013b
9,famous_le_100m,10,0.9285714285714286,0.9285714285714286,5,srnet,ff764dc6a446bcbd5e78a99b0030288cb33c552d881092cadc214a3921d3013b
9,famous_le_100m,11,0.9285714285714286,0.9285714285714286,5,srnet,ff764dc6a446bcbd5e78a99b0030288cb33c552d881092cadc214a3921d3013b
9,famous_le_100m,12,0.9285714285714286,0.9285714285714286,5,srnet,ff764dc6a446bcbd5e78a99b0030288cb33c552d881092cadc214a3921d3013b
9,famous_le_100m,13,1.0,1.0,5,srnet,ff764dc6a446bcbd5e78a99b0030288cb33c552d881092cadc214a3921d3013b
9,famous_le_100m,14,1.0,1.0,5,srnet,ff764dc6a446bcbd5e78a99b0030288cb33c552d881092cadc214a3921d3013b
9,famous_le_100m,15,1.0,1.0,5,srnet,ff764dc6a446bcbd5e78a99b0030288cb33c552d881092cadc214a3921d3013b
9,famous_le_100m,16,1.0,1.0,5,srnet,ff764dc6a446bcbd5e78a99b0030288cb33c552d881092cadc214a3921d3013b
9,famous_le_100m,17,1.0,1.0,5,srnet,ff764dc6a446bcbd5e78a99b0030288cb33c552d881092cadc214a3921d3013b
9,famous_le_100m,18,1.0,1.0,5,srnet,ff764dc6a446bcbd5e78a99b0030288cb33c552d881092cadc214a3921d3013b
9,famous_le_100m,19,1.0,1.0,5,srnet,ff764dc6a446bcbd5e78a99b0030288cb33c552d881092cadc214a3921d3013b
9,famous_le_100m,20,1.0,1.0,5,srnet,ff764dc6a446bcbd5e78a99b0030288cb33c552d881092cadc214a3921d3013b
9,famous_le_100m,21,1.0,1.0,5,srnet,ff764dc6a446bcbd5e78a99b0030288cb33c552d881092cadc214a3921d3013b
9,famous_le_100m,22,1.0,1.0,5,srnet,ff764dc6a446bcbd5e78a99b0030288cb33c552d881092cadc214a3921d3013b
9,famous_le_100m,23,1.0,1.0,5,srnet,ff764dc6a446bcbd5e78a99b0030288cb33c552d881092cadc214a3921d3013b
5,torch_pretrained_classification,0,0.9125,0.55,6,srnet,801a4f8e0ccce75f8d316a296d059dcb3db7d4486bba6642c4dbee33f2c3c015
5,famous_le_10m,0,1.0,0.4,6,srnet,801a4f8e0ccce75f8d316a296d059dcb3db7d4486bba6642c4dbee33f2c3c015
5,famous_le_10m,1,0.0,0.8,6,srnet,801a4f8e0ccce75f8d316a296d059dcb3db7d4486bba6642c4dbee33f2c3c015
5,famous_le_10m,2,0.0,0.8,6,srnet,801a4f8e0ccce75f8d316a296d059dcb3db7d4486bba6642c4dbee33f2c3c015
5,famous_le_10m,3,0.2,1.0,6,srnet,801a4f8e0ccce75f8d316a296d059dcb3db7d4486bba6642c4dbee33f2c3c015
5,famous_le_10m,4,0.2,1.0,6,srnet,801a4f8e0ccce75f8d316a296d059dcb3db7d4486bba6642c4dbee33f2c3c015
5,famous_le_10m,5,0.4,1.0,6,srnet,801a4f8e0ccce75f8d316a296d059dcb3db7d4486bba6642c4dbee33f2c3c015
5,famous_le_10m,6,1.0,1.0,6,srnet,801a4f8e0ccce75f8d316a296d059dcb3db7d4486bba6642c4dbee33f2c3c015
5,famous_le_10m,7,1.0,1.0,6,srnet,801a4f8e0ccce75f8d316a296d059dcb3db7d4486bba6642c4dbee33f2c3c015
5,famous_le_10m,8,1.0,1.0,6,srnet,801a4f8e0ccce75f8d316a296d059dcb3db7d4486bba6642c4dbee33f2c3c015
5,famous_le_10m,9,1.0,1.0,6,srnet,801a4f8e0ccce75f8d316a296d059dcb3db7d4486bba6642c4dbee33f2c3c015
5,famous_le_10m,10,1.0,1.0,6,srnet,801a4f8e0ccce75f8d316a296d059dcb3db7d4486bba6642c4dbee33f2c3c015
5,famous_le_10m,11,1.0,1.0,6,srnet,801a4f8e0ccce75f8d316a296d059dcb3db7d4486bba6642c4dbee33f2c3c015
5,famous_le_10m,12,1.0,1.0,6,srnet,801a4f8e0ccce75f8d316a296d059dcb3db7d4486bba6642c4dbee33f2c3c015
5,famous_le_10m,13,1.0,1.0,6,srnet,801a4f8e0ccce75f8d316a296d059dcb3db7d4486bba6642c4dbee33f2c3c015
5,famous_le_10m,14,1.0,1.0,6,srnet,801a4f8e0ccce75f8d316a296d059dcb3db7d4486bba6642c4dbee33f2c3c015
5,famous_le_10m,15,1.0,1.0,6,srnet,801a4f8e0ccce75f8d316a296d059dcb3db7d4486bba6642c4dbee33f2c3c015
5,famous_le_10m,16,1.0,1.0,6,srnet,801a4f8e0ccce75f8d316a296d059dcb3db7d4486bba6642c4dbee33f2c3c015
5,famous_le_10m,17,1.0,1.0,6,srnet,801a4f8e0ccce75f8d316a296d059dcb3db7d4486bba6642c4dbee33f2c3c015
5,famous_le_10m,18,1.0,1.0,6,srnet,801a4f8e0ccce75f8d316a296d059dcb3db7d4486bba6642c4dbee33f2c3c015
5,famous_le_10m,19,1.0,1.0,6,srnet,801a4f8e0ccce75f8d316a296d059dcb3db7d4486bba6642c4dbee33f2c3c015
5,famous_le_10m,20,1.0,1.0,6,srnet,801a4f8e0ccce75f8d316a296d059dcb3db7d4486bba6642c4dbee33f2c3c015
5,famous_le_10m,21,1.0,1.0,6,srnet,801a4f8e0ccce75f8d316a296d059dcb3db7d4486bba6642c4dbee33f2c3c015
5,famous_le_10m,22,1.0,1.0,6,srnet,801a4f8e0ccce75f8d316a296d059dcb3db7d4486bba6642c4dbee33f2c3c015
5,famous_le_10m,23,1.0,1.0,6,srnet,801a4f8e0ccce75f8d316a296d059dcb3db7d4486bba6642c4dbee33f2c3c015
5,famous_le_100m,0,0.8571428571428571,0.5714285714285714,6,srnet,801a4f8e0ccce75f8d316a296d059dcb3db7d4486bba6642c4dbee33f2c3c015
5,famous_le_100m,1,0.14285714285714285,0.42857142857142855,6,srnet,801a4f8e0ccce75f8d316a296d059dcb3db7d4486bba6642c4dbee33f2c3c015
5,famous_le_100m,2,0.07142857142857142,0.42857142857142855,6,srnet,801a4f8e0ccce75f8d316a296d059dcb3db7d4486bba6642c4dbee33f2c3c015
5,famous_le_100m,3,0.07142857142857142,0.42857142857142855,6,srnet,801a4f8e0ccce75f8d316a296d059dcb3db7d4486bba6642c4dbee33f2c3c015
5,famous_le_100m,4,0.07142857142857142,0.5,6,srnet,801a4f8e0ccce75f8d316a296d059dcb3db7d4486bba6642c4dbee33f2c3c015
5,famous_le_100m,5,0.2857142857142857,0.7857142857142857,6,srnet,801a4f8e0ccce75f8d316a296d059dcb3db7d4486bba6642c4dbee33f2c3c015
5,famous_le_100m,6,0.5,0.9285714285714286,6,srnet,801a4f8e0ccce75f8d316a296d059dcb3db7d4486bba6642c4dbee33f2c3c015
5,famous_le_100m,7,0.8571428571428571,1.0,6,srnet,801a4f8e0ccce75f8d316a296d059dcb3db7d4486bba6642c4dbee33f2c3c015
5,famous_le_100m,8,0.8571428571428571,1.0,6,srnet,801a4f8e0ccce75f8d316a296d059dcb3db7d4486bba6642c4dbee33f2c3c015
5,famous_le_100m,9,0.8571428571428571,1.0,6,srnet,801a4f8e0ccce75f8d316a296d059dcb3db7d4486bba6642c4dbee33f2c3c015
5,famous_le_100m,10,0.9285714285714286,1.0,6,srnet,801a4f8e0ccce75f8d316a296d059dcb3db7d4486bba6642c4dbee33f2c3c015
5,famous_le_100m,11,0.9285714285714286,1.0,6,srnet,801a4f8e0ccce75f8d316a296d059dcb3db7d4486bba6642c4dbee33f2c3c015
5,famous_le_100m,12,0.9285714285714286,1.0,6,srnet,801a4f8e0ccce75f8d316a296d059dcb3db7d4486bba6642c4dbee33f2c3c015
5,famous_le_100m,13,0.9285714285714286,1.0,6,srnet,801a4f8e0ccce75f8d316a296d059dcb3db7d4486bba6642c4dbee33f2c3c015
5,famous_le_100m,14,1.0,1.0,6,srnet,801a4f8e0ccce75f8d316a296d059dcb3db7d4486bba6642c4dbee33f2c3c015
5,famous_le_100m,15,1.0,1.0,6,srnet,801a4f8e0ccce75f8d316a296d059dcb3db7d4486bba6642c4dbee33f2c3c015
5,famous_le_100m,16,1.0,1.0,6,srnet,801a4f8e0ccce75f8d316a296d059dcb3db7d4486bba6642c4dbee33f2c3c015
5,famous_le_100m,17,1.0,1.0,6,srnet,801a4f8e0ccce75f8d316a296d059dcb3db7d4486bba6642c4dbee33f2c3c015
5,famous_le_100m,18,1.0,1.0,6,srnet,801a4f8e0ccce75f8d316a296d059dcb3db7d4486bba6642c4dbee33f2c3c015
5,famous_le_100m,19,1.0,1.0,6,srnet,801a4f8e0ccce75f8d316a296d059dcb3db7d4486bba6642c4dbee33f2c3c015
5,famous_le_100m,20,1.0,1.0,6,srnet,801a4f8e0ccce75f8d316a296d059dcb3db7d4486bba6642c4dbee33f2c3c015
5,famous_le_100m,21,1.0,1.0,6,srnet,801a4f8e0ccce75f8d316a296d059dcb3db7d4486bba6642c4dbee33f2c3c015
5,famous_le_100m,22,1.0,1.0,6,srnet,801a4f8e0ccce75f8d316a296d059dcb3db7d4486bba6642c4dbee33f2c3c015
5,famous_le_100m,23,1.0,1.0,6,srnet,801a4f8e0ccce75f8d316a296d059dcb3db7d4486bba6642c4dbee33f2c3c015
6,torch_pretrained_classification,0,0.9,0.625,6,srnet,b1ab7309b7ddee2830e4fb3e06a74b7c11ed7c56d9941838b7b004a0e425e9e1
6,famous_le_10m,0,1.0,0.4,6,srnet,b1ab7309b7ddee2830e4fb3e06a74b7c11ed7c56d9941838b7b004a0e425e9e1
6,famous_le_10m,1,0.0,0.6,6,srnet,b1ab7309b7ddee2830e4fb3e06a74b7c11ed7c56d9941838b7b004a0e425e9e1
6,famous_le_10m,2,0.0,0.6,6,srnet,b1ab7309b7ddee2830e4fb3e06a74b7c11ed7c56d9941838b7b004a0e425e9e1
6,famous_le_10m,3,0.0,0.8,6,srnet,b1ab7309b7ddee2830e4fb3e06a74b7c11ed7c56d9941838b7b004a0e425e9e1
6,famous_le_10m,4,0.2,1.0,6,srnet,b1ab7309b7ddee2830e4fb3e06a74b7c11ed7c56d9941838b7b004a0e425e9e1
6,famous_le_10m,5,0.4,1.0,6,srnet,b1ab7309b7ddee2830e4fb3e06a74b7c11ed7c56d9941838b7b004a0e425e9e1
6,famous_le_10m,6,1.0,1.0,6,srnet,b1ab7309b7ddee2830e4fb3e06a74b7c11ed7c56d9941838b7b004a0e425e9e1
6,famous_le_10m,7,1.0,1.0,6,srnet,b1ab7309b7ddee2830e4fb3e06a74b7c11ed7c56d9941838b7b004a0e425e9e1
6,famous_le_10m,8,1.0,1.0,6,srnet,b1ab7309b7ddee2830e4fb3e06a74b7c11ed7c56d9941838b7b004a0e425e9e1
6,famous_le_10m,9,1.0,1.0,6,srnet,b1ab7309b7ddee2830e4fb3e06a74b7c11ed7c56d9941838b7b004a0e425e9e1
6,famous_le_10m,10,1.0,1.0,6,srnet,b1ab7309b7ddee2830e4fb3e06a74b7c11ed7c56d9941838b7b004a0e425e9e1
6,famous_le_10m,11,1.0,1.0,6,srnet,b1ab7309b7ddee2830e4fb3e06a74b7c11ed7c56d9941838b7b004a0e425e9e1
6,famous_le_10m,12,1.0,1.0,6,srnet,b1ab7309b7ddee2830e4fb3e06a74b7c11ed7c56d9941838b7b004a0e425e9e1
6,famous_le_10m,13,1.0,1.0,6,srnet,b1ab7309b7ddee2830e4fb3e06a74b7c11ed7c56d9941838b7b004a0e425e9e1
6,famous_le_10m,14,1.0,1.0,6,srnet,b1ab7309b7ddee2830e4fb3e06a74b7c11ed7c56d9941838b7b004a0e425e9e1
6,famous_le_10m,15,1.0,1.0,6,srnet,b1ab7309b7ddee2830e4fb3e06a74b7c11ed7c56d9941838b7b004a0e425e9e1
6,famous_le_10m,16,1.0,1.0,6,srnet,b1ab7309b7ddee2830e4fb3e06a74b7c11ed7c56d9941838b7b004a0e425e9e1
6,famous_le_10m,17,1.0,1.0,6,srnet,b1ab7309b7ddee2830e4fb3e06a74b7c11ed7c56d9941838b7b004a0e425e9e1
6,famous_le_10m,18,1.0,1.0,6,srnet,b1ab7309b7ddee2830e4fb3e06a74b7c11ed7c56d9941838b7b004a0e425e9e1
6,famous_le_10m,19,1.0,1.0,6,srnet,b1ab7309b7ddee2830e4fb3e06a74b7c11ed7c56d9941838b7b004a0e425e9e1
6,famous_le_10m,20,1.0,1.0,6,srnet,b1ab7309b7ddee2830e4fb3e06a74b7c11ed7c56d9941838b7b004a0e425e9e1
6,famous_le_10m,21,1.0,1.0,6,srnet,b1ab7309b7ddee2830e4fb3e06a74b7c11ed7c56d9941838b7b004a0e425e9e1
6,famous_le_10m,22,1.0,1.0,6,srnet,b1ab7309b7ddee2830e4fb3e06a74b7c11ed7c56d9941838b7b004a0e425e9e1
6,famous_le_10m,23,1.0,1.0,6,srnet,b1ab7309b7ddee2830e4fb3e06a74b7c11ed7c56d9941838b7b004a0e425e9e1
6,famous_le_100m,0,0.9285714285714286,0.6428571428571429,6,srnet,b1ab7309b7ddee2830e4fb3e06a74b7c11ed7c56d9941838b7b004a0e425e9e1
6,famous_le_100m,1,0.07142857142857142,0.35714285714285715,6,srnet,b1ab7309b7ddee2830e4fb3e06a74b7c11ed7c56d9941838b7b004a0e425e9e1
6,famous_le_100m,2,0.07142857142857142,0.35714285714285715,6,srnet,b1ab7309b7ddee2830e4fb3e06a74b7c11ed7c56d9941838b7b004a0e425e9e1
6,famous_le_100m,3,0.07142857142857142,0.35714285714285715,6,srnet,b1ab7309b7ddee2830e4fb3e06a74b7c11ed7c56d9941838b7b004a0e425e9e1
6,famous_le_100m,4,0.07142857142857142,0.42857142857142855,6,srnet,b1ab7309b7ddee2830e4fb3e06a74b7c11ed7c56d9941838b7b004a0e425e9e1
6,famous_le_100m,5,0.21428571428571427,0.5714285714285714,6,srnet,b1ab7309b7ddee2830e4fb3e06a74b7c11ed7c56d9941838b7b004a0e425e9e1
6,famous_le_100m,6,0.5,0.7857142857142857,6,srnet,b1ab7309b7ddee2830e4fb3e06a74b7c11ed7c56d9941838b7b004a0e425e9e1
6,famous_le_100m,7,0.8571428571428571,1.0,6,srnet,b1ab7309b7ddee2830e4fb3e06a74b7c11ed7c56d9941838b7b004a0e425e9e1
6,famous_le_100m,8,0.8571428571428571,1.0,6,srnet,b1ab7309b7ddee2830e4fb3e06a74b7c11ed7c56d9941838b7b004a0e425e9e1
6,famous_le_100m,9,0.8571428571428571,1.0,6,srnet,b1ab7309b7ddee2830e4fb3e06a74b7c11ed7c56d9941838b7b004a0e425e9e1
6,famous_le_100m,10,0.9285714285714286,1.0,6,srnet,b1ab7309b7ddee2830e4fb3e06a74b7c11ed7c56d9941838b7b004a0e425e9e1
6,famous_le_100m,11,0.9285714285714286,1.0,6,srnet,b1ab7309b7ddee2830e4fb3e06a74b7c11ed7c56d9941838b7b004a0e425e9e1
6,famous_le_100m,12,0.9285714285714286,1.0,6,srnet,b1ab7309b7ddee2830e4fb3e06a74b7c11ed7c56d9941838b7b004a0e425e9e1
6,famous_le_100m,13,0.9285714285714286,1.0,6,srnet,b1ab7309b7ddee2830e4fb3e06a74b7c11ed7c56d9941838b7b004a0e425e9e1
6,famous_le_100m,14,1.0,1.0,6,srnet,b1ab7309b7ddee2830e4fb3e06a74b7c11ed7c56d9941838b7b004a0e425e9e1
6,famous_le_100m,15,1.0,1.0,6,srnet,b1ab7309b7ddee2830e4fb3e06a74b7c11ed7c56d9941838b7b004a0e425e9e1
6,famous_le_100m,16,1.0,1.0,6,srnet,b1ab7309b7ddee2830e4fb3e06a74b7c11ed7c56d9941838b7b004a0e425e9e1
6,famous_le_100m,17,1.0,1.0,6,srnet,b1ab7309b7ddee2830e4fb3e06a74b7c11ed7c56d9941838b7b004a0e425e9e1
6,famous_le_100m,18,1.0,1.0,6,srnet,b1ab7309b7ddee2830e4fb3e06a74b7c11ed7c56d9941838b7b004a0e425e9e1
6,famous_le_100m,19,1.0,1.0,6,srnet,b1ab7309b7ddee2830e4fb3e06a74b7c11ed7c56d9941838b7b004a0e425e9e1
6,famous_le_100m,20,1.0,1.0,6,srnet,b1ab7309b7ddee2830e4fb3e06a74b7c11ed7c56d9941838b7b004a0e425e9e1
6,famous_le_100m,21,1.0,1.0,6,srnet,b1ab7309b7ddee2830e4fb3e06a74b7c11ed7c56d9941838b7b004a0e425e9e1
6,famous_le_100m,22,1.0,1.0,6,srnet,b1ab7309b7ddee2830e4fb3e06a74b7c11ed7c56d9941838b7b004a0e425e9e1
6,famous_le_100m,23,1.0,1.0,6,srnet,b1ab7309b7ddee2830e4fb3e06a74b7c11ed7c56d9941838b7b004a0e425e9e1
7,torch_pretrained_classification,0,0.9125,0.475,6,srnet,a2dba906bc3842e41beab05dba91b7fa180fcdc326d1d36bc02c3c651c6c8caf
7,famous_le_10m,0,1.0,0.2,6,srnet,a2dba906bc3842e41beab05dba91b7fa180fcdc326d1d36bc02c3c651c6c8caf
7,famous_le_10m,1,0.0,0.8,6,srnet,a2dba906bc3842e41beab05dba91b7fa180fcdc326d1d36bc02c3c651c6c8caf
7,famous_le_10m,2,0.0,1.0,6,srnet,a2dba906bc3842e41beab05dba91b7fa180fcdc326d1d36bc02c3c651c6c8caf
7,famous_le_10m,3,0.2,1.0,6,srnet,a2dba906bc3842e41beab05dba91b7fa180fcdc326d1d36bc02c3c651c6c8caf
7,famous_le_10m,4,0.2,1.0,6,srnet,a2dba906bc3842e41beab05dba91b7fa180fcdc326d1d36bc02c3c651c6c8caf
7,famous_le_10m,5,0.4,1.0,6,srnet,a2dba906bc3842e41beab05dba91b7fa180fcdc326d1d36bc02c3c651c6c8caf
7,famous_le_10m,6,1.0,1.0,6,srnet,a2dba906bc3842e41beab05dba91b7fa180fcdc326d1d36bc02c3c651c6c8caf
7,famous_le_10m,7,1.0,1.0,6,srnet,a2dba906bc3842e41beab05dba91b7fa180fcdc326d1d36bc02c3c651c6c8caf
7,famous_le_10m,8,1.0,1.0,6,srnet,a2dba906bc3842e41beab05dba91b7fa180fcdc326d1d36bc02c3c651c6c8caf
7,famous_le_10m,9,1.0,1.0,6,srnet,a2dba906bc3842e41beab05dba91b7fa180fcdc326d1d36bc02c3c651c6c8caf
7,famous_le_10m,10,1.0,1.0,6,srnet,a2dba906bc3842e41beab05dba91b7fa180fcdc326d1d36bc02c3c651c6c8caf
7,famous_le_10m,11,1.0,1.0,6,srnet,a2dba906bc3842e41beab05dba91b7fa180fcdc326d1d36bc02c3c651c6c8caf
7,famous_le_10m,12,1.0,1.0,6,srnet,a2dba906bc3842e41beab05dba91b7fa180fcdc326d1d36bc02c3c651c6c8caf
7,famous_le_10m,13,1.0,1.0,6,srnet,a2dba906bc3842e41beab05dba91b7fa180fcdc326d1d36bc02c3c651c6c8caf
7,famous_le_10m,14,1.0,1.0,6,srnet,a2dba906bc3842e41beab05dba91b7fa180fcdc326d1d36bc02c3c651c6c8caf
7,famous_le_10m,15,1.0,1.0,6,srnet,a2dba906bc3842e41beab05dba91b7fa180fcdc326d1d36bc02c3c651c6c8caf
7,famous_le_10m,16,1.0,1.0,6,srnet,a2dba906bc3842e41beab05dba91b7fa180fcdc326d1d36bc02c3c651c6c8caf
7,famous_le_10m,17,1.0,1.0,6,srnet,a2dba906bc3842e41beab05dba91b7fa180fcdc326d1d36bc02c3c651c6c8caf
7,famous_le_10m,18,1.0,1.0,6,srnet,a2dba906bc3842e41beab05dba91b7fa180fcdc326d1d36bc02c3c651c6c8caf
7,famous_le_10m,19,1.0,1.0,6,srnet,a2dba906bc3842e41beab05dba91b7fa180fcdc326d1d36bc02c3c651c6c8caf
7,famous_le_10m,20,1.0,1.0,6,srnet,a2dba906bc3842e41beab05dba91b7fa180fcdc326d1d36bc02c3c651c6c8caf
7,famous_le_10m,21,1.0,1.0,6,srnet,a2dba906bc3842e41beab05dba91b7fa180fcdc326d1d36bc02c3c651c6c8caf
7,famous_le_10m,22,1.0,1.0,6,srnet,a2dba906bc3842e41beab05dba91b7fa180fcdc326d1d36bc02c3c651c6c8caf
7,famous_le_10m,23,1.0,1.0,6,srnet,a2dba906bc3842e41beab05dba91b7fa180fcdc326d1d36bc02c3c651c6c8caf
7,famous_le_100m,0,0.9285714285714286,0.5714285714285714,6,srnet,a2dba906bc3842e41beab05dba91b7fa180fcdc326d1d36bc02c3c651c6c8caf
7,famous_le_100m,1,0.07142857142857142,0.42857142857142855,6,srnet,a2dba906bc3842e41beab05dba91b7fa180fcdc326d1d36bc02c3c651c6c8caf
7,famous_le_100m,2,0.07142857142857142,0.42857142857142855,6,srnet,a2dba906bc3842e41beab05dba91b7fa180fcdc326d1d36bc02c3c651c6c8caf
7,famous_le_100m,3,0.07142857142857142,0.42857142857142855,6,srnet,a2dba906bc3842e41beab05dba91b7fa180fcdc326d1d36bc02c3c651c6c8caf
7,famous_le_100m,4,0.07142857142857142,0.5714285714285714,6,srnet,a2dba906bc3842e41beab05dba91b7fa180fcdc326d1d36bc02c3c651c6c8caf
7,famous_le_100m,5,0.2857142857142857,0.7857142857142857,6,srnet,a2dba906bc3842e41beab05dba91b7fa180fcdc326d1d36bc02c3c651c6c8caf
7,famous_le_100m,6,0.5,0.9285714285714286,6,srnet,a2dba906bc3842e41beab05dba91b7fa180fcdc326d1d36bc02c3c651c6c8caf
7,famous_le_100m,7,0.8571428571428571,1.0,6,srnet,a2dba906bc3842e41beab05dba91b7fa180fcdc326d1d36bc02c3c651c6c8caf
7,famous_le_100m,8,0.8571428571428571,1.0,6,srnet,a2dba906bc3842e41beab05dba91b7fa180fcdc326d1d36bc02c3c651c6c8caf
7,famous_le_100m,9,0.8571428571428571,1.0,6,srnet,a2dba906bc3842e41beab05dba91b7fa180fcdc326d1d36bc02c3c651c6c8caf
7,famous_le_100m,10,0.9285714285714286,1.0,6,srnet,a2dba906bc3842e41beab05dba91b7fa180fcdc326d1d36bc02c3c651c6c8caf
7,famous_le_100m,11,0.9285714285714286,1.0,6,srnet,a2dba906bc3842e41beab05dba91b7fa180fcdc326d1d36bc02c3c651c6c8caf
7,famous_le_100m,12,0.9285714285714286,1.0,6,srnet,a2dba906bc3842e41beab05dba91b7fa180fcdc326d1d36bc02c3c651c6c8caf
7,famous_le_100m,13,0.9285714285714286,1.0,6,srnet,a2dba906bc3842e41beab05dba91b7fa180fcdc326d1d36bc02c3c651c6c8caf
7,famous_le_100m,14,1.0,1.0,6,srnet,a2dba906bc3842e41beab05dba91b7fa180fcdc326d1d36bc02c3c651c6c8caf
7,famous_le_100m,15,1.0,1.0,6,srnet,a2dba906bc3842e41beab05dba91b7fa180fcdc326d1d36bc02c3c651c6c8caf
7,famous_le_100m,16,1.0,1.0,6,srnet,a2dba906bc3842e41beab05dba91b7fa180fcdc326d1d36bc02c3c651c6c8caf
7,famous_le_100m,17,1.0,1.0,6,srnet,a2dba906bc3842e41beab05dba91b7fa180fcdc326d1d36bc02c3c651c6c8caf
7,famous_le_100m,18,1.0,1.0,6,srnet,a2dba906bc3842e41beab05dba91b7fa180fcdc326d1d36bc02c3c651c6c8caf
7,famous_le_100m,19,1.0,1.0,6,srnet,a2dba906bc3842e41beab05dba91b7fa180fcdc326d1d36bc02c3c651c6c8caf
7,famous_le_100m,20,1.0,1.0,6,srnet,a2dba906bc3842e41beab05dba91b7fa180fcdc326d1d36bc02c3c651c6c8caf
7,famous_le_100m,21,1.0,1.0,6,srnet,a2dba906bc3842e41beab05dba91b7fa180fcdc326d1d36bc02c3c651c6c8caf
7,famous_le_100m,22,1.0,1.0,6,srnet,a2dba906bc3842e41beab05dba91b7fa180fcdc326d1d36bc02c3c651c6c8caf
7,famous_le_100m,23,1.0,1.0,6,srnet,a2dba906bc3842e41beab05dba91b7fa180fcdc326d1d36bc02c3c651c6c8caf
8,torch_pretrained_classification,0,0.85,0.7,6,srnet,38cdd057d4e994b8dec8173a35b11fc9e2555d4035ae2887ae8aff48843dbfe0
8,famous_le_10m,0,1.0,0.6,6,srnet,38cdd057d4e994b8dec8173a35b11fc9e2555d4035ae2887ae8aff48843dbfe0
8,famous_le_10m,1,0.0,0.4,6,srnet,38cdd057d4e994b8dec8173a35b11fc9e2555d4035ae2887ae8aff48843dbfe0
8,famous_le_10m,2,0.0,0.4,6,srnet,38cdd057d4e994b8dec8173a35b11fc9e2555d4035ae2887ae8aff48843dbfe0
8,famous_le_10m,3,0.2,0.4,6,srnet,38cdd057d4e994b8dec8173a35b11fc9e2555d4035ae2887ae8aff48843dbfe0
8,famous_le_10m,4,0.2,0.4,6,srnet,38cdd057d4e994b8dec8173a35b11fc9e2555d4035ae2887ae8aff48843dbfe0
8,famous_le_10m,5,1.0,0.0,6,srnet,38cdd057d4e994b8dec8173a35b11fc9e2555d4035ae2887ae8aff48843dbfe0
8,famous_le_10m,6,1.0,0.4,6,srnet,38cdd057d4e994b8dec8173a35b11fc9e2555d4035ae2887ae8aff48843dbfe0
8,famous_le_10m,7,1.0,1.0,6,srnet,38cdd057d4e994b8dec8173a35b11fc9e2555d4035ae2887ae8aff48843dbfe0
8,famous_le_10m,8,1.0,1.0,6,srnet,38cdd057d4e994b8dec8173a35b11fc9e2555d4035ae2887ae8aff48843dbfe0
8,famous_le_10m,9,1.0,1.0,6,srnet,38cdd057d4e994b8dec8173a35b11fc9e2555d4035ae2887ae8aff48843dbfe0
8,famous_le_10m,10,1.0,1.0,6,srnet,38cdd057d4e994b8dec8173a35b11fc9e2555d4035ae2887ae8aff48843dbfe0
8,famous_le_10m,11,1.0,1.0,6,srnet,38cdd057d4e994b8dec8173a35b11fc9e2555d4035ae2887ae8aff48843dbfe0
8,famous_le_10m,12,1.0,1.0,6,srnet,38cdd057d4e994b8dec8173a35b11fc9e2555d4035ae2887ae8aff48843dbfe0
8,famous_le_10m,13,1.0,1.0,6,srnet,38cdd057d4e994b8dec8173a35b11fc9e2555d4035ae2887ae8aff48843dbfe0
8,famous_le_10m,14,1.0,1.0,6,srnet,38cdd057d4e994b8dec8173a35b11fc9e2555d4035ae2887ae8aff48843dbfe0
8,famous_le_10m,15,1.0,1.0,6,srnet,38cdd057d4e994b8dec8173a35b11fc9e2555d4035ae2887ae8aff48843dbfe0
8,famous_le_10m,16,1.0,1.0,6,srnet,38cdd057d4e994b8dec8173a35b11fc9e2555d4035ae2887ae8aff48843dbfe0
8,famous_le_10m,17,1.0,1.0,6,srnet,38cdd057d4e994b8dec8173a35b11fc9e2555d4035ae2887ae8aff48843dbfe0
8,famous_le_10m,18,1.0,1.0,6,srnet,38cdd057d4e994b8dec8173a35b11fc9e2555d4035ae2887ae8aff48843dbfe0
8,famous_le_10m,19,1.0,1.0,6,srnet,38cdd057d4e994b8dec8173a35b11fc9e2555d4035ae2887ae8aff48843dbfe0
8,famous_le_10m,20,1.0,1.0,6,srnet,38cdd057d4e994b8dec8173a35b11fc9e2555d4035ae2887ae8aff48843dbfe0
8,famous_le_10m,21,1.0,1.0,6,srnet,38cdd057d4e994b8dec8173a35b11fc9e2555d4035ae2887ae8aff48843dbfe0
8,famous_le_10m,22,1.0,1.0,6,srnet,38cdd057d4e994b8dec8173a35b11fc9e2555d4035ae2887ae8aff48843dbfe0
8,famous_le_10m,23,1.0,1.0,6,srnet,38cdd057d4e994b8dec8173a35b11fc9e2555d4035ae2887ae8aff48843dbfe0
8,famous_le_100m,0,0.7857142857142857,0.7142857142857143,6,srnet,38cdd057d4e994b8dec8173a35b11fc9e2555d4035ae2887ae8aff48843dbfe0
8,famous_le_100m,1,0.21428571428571427,0.2857142857142857,6,srnet,38cdd057d4e994b8dec8173a35b11fc9e2555d4035ae2887ae8aff48843dbfe0
8,famous_le_100m,2,0.21428571428571427,0.35714285714285715,6,srnet,38cdd057d4e994b8dec8173a35b11fc9e2555d4035ae2887ae8aff48843dbfe0
8,famous_le_100m,3,0.14285714285714285,0.35714285714285715,6,srnet,38cdd057d4e994b8dec8173a35b11fc9e2555d4035ae2887ae8aff48843dbfe0
8,famous_le_100m,4,0.14285714285714285,0.35714285714285715,6,srnet,38cdd057d4e994b8dec8173a35b11fc9e2555d4035ae2887ae8aff48843dbfe0
8,famous_le_100m,5,0.2857142857142857,0.2857142857142857,6,srnet,38cdd057d4e994b8dec8173a35b11fc9e2555d4035ae2887ae8aff48843dbfe0
8,famous_le_100m,6,0.5,0.6428571428571429,6,srnet,38cdd057d4e994b8dec8173a35b11fc9e2555d4035ae2887ae8aff48843dbfe0
8,famous_le_100m,7,0.8571428571428571,0.7142857142857143,6,srnet,38cdd057d4e994b8dec8173a35b11fc9e2555d4035ae2887ae8aff48843dbfe0
8,famous_le_100m,8,0.8571428571428571,1.0,6,srnet,38cdd057d4e994b8dec8173a35b11fc9e2555d4035ae2887ae8aff48843dbfe0
8,famous_le_100m,9,0.8571428571428571,1.0,6,srnet,38cdd057d4e994b8dec8173a35b11fc9e2555d4035ae2887ae8aff48843dbfe0
8,famous_le_100m,10,0.9285714285714286,1.0,6,srnet,38cdd057d4e994b8dec8173a35b11fc9e2555d4035ae2887ae8aff48843dbfe0
8,famous_le_100m,11,0.9285714285714286,1.0,6,srnet,38cdd057d4e994b8dec8173a35b11fc9e2555d4035ae2887ae8aff48843dbfe0
8,famous_le_100m,12,0.9285714285714286,1.0,6,srnet,38cdd057d4e994b8dec8173a35b11fc9e2555d4035ae2887ae8aff48843dbfe0
8,famous_le_100m,13,0.9285714285714286,1.0,6,srnet,38cdd057d4e994b8dec8173a35b11fc9e2555d4035ae2887ae8aff48843dbfe0
8,famous_le_100m,14,1.0,1.0,6,srnet,38cdd057d4e994b8dec8173a35b11fc9e2555d4035ae2887ae8aff48843dbfe0
8,famous_le_100m,15,1.0,1.0,6,srnet,38cdd057d4e994b8dec8173a35b11fc9e2555d4035ae2887ae8aff48843dbfe0
8,famous_le_100m,16,1.0,1.0,6,srnet,38cdd057d4e994b8dec8173a35b11fc9e2555d4035ae2887ae8aff48843dbfe0
8,famous_le_100m,17,1.0,1.0,6,srnet,38cdd057d4e994b8dec8173a35b11fc9e2555d4035ae2887ae8aff48843dbfe0
8,famous_le_100m,18,1.0,1.0,6,srnet,38cdd057d4e994b8dec8173a35b11fc9e2555d4035ae2887ae8aff48843dbfe0
8,famous_le_100m,19,1.0,1.0,6,srnet,38cdd057d4e994b8dec8173a35b11fc9e2555d4035ae2887ae8aff48843dbfe0
8,famous_le_100m,20,1.0,1.0,6,srnet,38cdd057d4e994b8dec8173a35b11fc9e2555d4035ae2887ae8aff48843dbfe0
8,famous_le_100m,21,1.0,1.0,6,srnet,38cdd057d4e994b8dec8173a35b11fc9e2555d4035ae2887ae8aff48843dbfe0
8,famous_le_100m,22,1.0,1.0,6,srnet,38cdd057d4e994b8dec8173a35b11fc9e2555d4035ae2887ae8aff48843dbfe0
8,famous_le_100m,23,1.0,1.0,6,srnet,38cdd057d4e994b8dec8173a35b11fc9e2555d4035ae2887ae8aff48843dbfe0
9,torch_pretrained_classification,0,0.9,0.5625,6,srnet,2f88374dbb138748b9aa7dac365f8365381545ddb1be45a386589439125ec923
9,famous_le_10m,0,1.0,0.2,6,srnet,2f88374dbb138748b9aa7dac365f8365381545ddb1be45a386589439125ec923
9,famous_le_10m,1,0.0,0.8,6,srnet,2f88374dbb138748b9aa7dac365f8365381545ddb1be45a386589439125ec923
9,famous_le_10m,2,0.0,1.0,6,srnet,2f88374dbb138748b9aa7dac365f8365381545ddb1be45a386589439125ec923
9,famous_le_10m,3,0.2,1.0,6,srnet,2f88374dbb138748b9aa7dac365f8365381545ddb1be45a386589439125ec923
9,famous_le_10m,4,0.2,1.0,6,srnet,2f88374dbb138748b9aa7dac365f8365381545ddb1be45a386589439125ec923
9,famous_le_10m,5,0.6,1.0,6,srnet,2f88374dbb138748b9aa7dac365f8365381545ddb1be45a386589439125ec923
9,famous_le_10m,6,1.0,1.0,6,srnet,2f88374dbb138748b9aa7dac365f8365381545ddb1be45a386589439125ec923
9,famous_le_10m,7,1.0,1.0,6,srnet,2f88374dbb138748b9aa7dac365f8365381545ddb1be45a386589439125ec923
9,famous_le_10m,8,1.0,1.0,6,srnet,2f88374dbb138748b9aa7dac365f8365381545ddb1be45a386589439125ec923
9,famous_le_10m,9,1.0,1.0,6,srnet,2f88374dbb138748b9aa7dac365f8365381545ddb1be45a386589439125ec923
9,famous_le_10m,10,1.0,1.0,6,srnet,2f88374dbb138748b9aa7dac365f8365381545ddb1be45a386589439125ec923
9,famous_le_10m,11,1.0,1.0,6,srnet,2f88374dbb138748b9aa7dac365f8365381545ddb1be45a386589439125ec923
9,famous_le_10m,12,1.0,1.0,6,srnet,2f88374dbb138748b9aa7dac365f8365381545ddb1be45a386589439125ec923
9,famous_le_10m,13,1.0,1.0,6,srnet,2f88374dbb138748b9aa7dac365f8365381545ddb1be45a386589439125ec923
9,famous_le_10m,14,1.0,1.0,6,srnet,2f88374dbb138748b9aa7dac365f8365381545ddb1be45a386589439125ec923
9,famous_le_10m,15,1.0,1.0,6,srnet,2f88374dbb138748b9aa7dac365f8365381545ddb1be45a386589439125ec923
9,famous_le_10m,16,1.0,1.0,6,srnet,2f88374dbb138748b9aa7dac365f8365381545ddb1be45a386589439125ec923
9,famous_le_10m,17,1.0,1.0,6,srnet,2f88374dbb138748b9aa7dac365f8365381545ddb1be45a386589439125ec923
9,famous_le_10m,18,1.0,1.0,6,srnet,2f88374dbb138748b9aa7dac365f8365381545ddb1be45a386589439125ec923
9,famous_le_10m,19,1.0,1.0,6,srnet,2f88374dbb138748b9aa7dac365f8365381545ddb1be45a386589439125ec923
9,famous_le_10m,20,1.0,1.0,6,srnet,2f88374dbb138748b9aa7dac365f8365381545ddb1be45a386589439125ec923
9,famous_le_10m,21,1.0,1.0,6,srnet,2f88374dbb138748b9aa7dac365f8365381545ddb1be45a386589439125ec923
9,famous_le_10m,22,1.0,1.0,6,srnet,2f88374dbb138748b9aa7dac365f8365381545ddb1be45a386589439125ec923
9,famous_le_10m,23,1.0,1.0,6,srnet,2f88374dbb138748b9aa7dac365f8365381545ddb1be45a386589439125ec923
9,famous_le_100m,0,0.8571428571428571,0.6428571428571429,6,srnet,2f88374dbb138748b9aa7dac365f8365381545ddb1be45a386589439125ec923
9,famous_le_100m,1,0.14285714285714285,0.35714285714285715,6,srnet,2f88374dbb138748b9aa7dac365f8365381545ddb1be45a386589439125ec923
9,famous_le_100m,2,0.07142857142857142,0.35714285714285715,6,srnet,2f88374dbb138748b9aa7dac365f8365381545ddb1be45a386589439125ec923
9,famous_le_100m,3,0.07142857142857142,0.35714285714285715,6,srnet,2f88374dbb138748b9aa7dac365f8365381545ddb1be45a386589439125ec923
9,famous_le_100m,4,0.07142857142857142,0.42857142857142855,6,srnet,2f88374dbb138748b9aa7dac365f8365381545ddb1be45a386589439125ec923
9,famous_le_100m,5,0.2857142857142857,0.7142857142857143,6,srnet,2f88374dbb138748b9aa7dac365f8365381545ddb1be45a386589439125ec923
9,famous_le_100m,6,0.5,0.8571428571428571,6,srnet,2f88374dbb138748b9aa7dac365f8365381545ddb1be45a386589439125ec923
9,famous_le_100m,7,0.8571428571428571,1.0,6,srnet,2f88374dbb138748b9aa7dac365f8365381545ddb1be45a386589439125ec923
9,famous_le_100m,8,0.8571428571428571,1.0,6,srnet,2f88374dbb138748b9aa7dac365f8365381545ddb1be45a386589439125ec923
9,famous_le_100m,9,0.8571428571428571,1.0,6,srnet,2f88374dbb138748b9aa7dac365f8365381545ddb1be45a386589439125ec923
9,famous_le_100m,10,0.9285714285714286,0.9285714285714286,6,srnet,2f88374dbb138748b9aa7dac365f8365381545ddb1be45a386589439125ec923
9,famous_le_100m,11,0.9285714285714286,1.0,6,srnet,2f88374dbb138748b9aa7dac365f8365381545ddb1be45a386589439125ec923
9,famous_le_100m,12,0.9285714285714286,1.0,6,srnet,2f88374dbb138748b9aa7dac365f8365381545ddb1be45a386589439125ec923
9,famous_le_100m,13,0.9285714285714286,1.0,6,srnet,2f88374dbb138748b9aa7dac365f8365381545ddb1be45a386589439125ec923
9,famous_le_100m,14,1.0,1.0,6,srnet,2f88374dbb138748b9aa7dac365f8365381545ddb1be45a386589439125ec923
9,famous_le_100m,15,1.0,1.0,6,srnet,2f88374dbb138748b9aa7dac365f8365381545ddb1be45a386589439125ec923
9,famous_le_100m,16,1.0,1.0,6,srnet,2f88374dbb138748b9aa7dac365f8365381545ddb1be45a386589439125ec923
9,famous_le_100m,17,1.0,1.0,6,srnet,2f88374dbb138748b9aa7dac365f8365381545ddb1be45a386589439125ec923
9,famous_le_100m,18,1.0,1.0,6,srnet,2f88374dbb138748b9aa7dac365f8365381545ddb1be45a386589439125ec923
9,famous_le_100m,19,1.0,1.0,6,srnet,2f88374dbb138748b9aa7dac365f8365381545ddb1be45a386589439125ec923
9,famous_le_100m,20,1.0,1.0,6,srnet,2f88374dbb138748b9aa7dac365f8365381545ddb1be45a386589439125ec923
9,famous_le_100m,21,1.0,1.0,6,srnet,2f88374dbb138748b9aa7dac365f8365381545ddb1be45a386589439125ec923
9,famous_le_100m,22,1.0,1.0,6,srnet,2f88374dbb138748b9aa7dac365f8365381545ddb1be45a386589439125ec923
9,famous_le_100m,23,1.0,1.0,6,srnet,2f88374dbb138748b9aa7dac365f8365381545ddb1be45a386589439125ec923
5,torch_pretrained_classification,0,0.95,0.475,7,srnet,ef921cbd264b15075bd8111b2ddec10172013840d69c77172c7526b287948550
5,famous_le_10m,0,1.0,0.4,7,srnet,ef921cbd264b15075bd8111b2ddec10172013840d69c77172c7526b287948550
5,famous_le_10m,1,0.0,0.8,7,srnet,ef921cbd264b15075bd8111b2ddec10172013840d69c77172c7526b287948550
5,famous_le_10m,2,0.0,0.8,7,srnet,ef921cbd264b15075bd8111b2ddec10172013840d69c77172c7526b287948550
5,famous_le_10m,3,0.0,1.0,7,srnet,ef921cbd264b15075bd8111b2ddec10172013840d69c77172c7526b287948550
5,famous_le_10m,4,0.0,1.0,7,srnet,ef921cbd264b15075bd8111b2ddec10172013840d69c77172c7526b287948550
5,famous_le_10m,5,0.0,1.0,7,srnet,ef921cbd264b15075bd8111b2ddec10172013840d69c77172c7526b287948550
5,famous_le_10m,6,0.4,1.0,7,srnet,ef921cbd264b15075bd8111b2ddec10172013840d69c77172c7526b287948550
5,famous_le_10m,7,1.0,1.0,7,srnet,ef921cbd264b15075bd8111b2ddec10172013840d69c77172c7526b287948550
5,famous_le_10m,8,1.0,1.0,7,srnet,ef921cbd264b15075bd8111b2ddec10172013840d69c77172c7526b287948550
5,famous_le_10m,9,1.0,1.0,7,srnet,ef921cbd264b15075bd8111b2ddec10172013840d69c77172c7526b287948550
5,famous_le_10m,10,1.0,1.0,7,srnet,ef921cbd264b15075bd8111b2ddec10172013840d69c77172c7526b287948550
5,famous_le_10m,11,1.0,1.0,7,srnet,ef921cbd264b15075bd8111b2ddec10172013840d69c77172c7526b287948550
5,famous_le_10m,12,1.0,1.0,7,srnet,ef921cbd264b15075bd8111b2ddec10172013840d69c77172c7526b287948550
5,famous_le_10m,13,1.0,1.0,7,srnet,ef921cbd264b15075bd8111b2ddec10172013840d69c77172c7526b287948550
5,famous_le_10m,14,1.0,1.0,7,srnet,ef921cbd264b15075bd8111b2ddec10172013840d69c77172c7526b287948550
5,famous_le_10m,15,1.0,1.0,7,srnet,ef921cbd264b15075bd8111b2ddec10172013840d69c77172c7526b287948550
5,famous_le_10m,16,1.0,1.0,7,srnet,ef921cbd264b15075bd8111b2ddec10172013840d69c77172c7526b287948550
5,famous_le_10m,17,1.0,1.0,7,srnet,ef921cbd264b15075bd8111b2ddec10172013840d69c77172c7526b287948550
5,famous_le_10m,18,1.0,1.0,7,srnet,ef921cbd264b15075bd8111b2ddec10172013840d69c77172c7526b287948550
5,famous_le_10m,19,1.0,1.0,7,srnet,ef921cbd264b15075bd8111b2ddec10172013840d69c77172c7526b287948550
5,famous_le_10m,20,1.0,1.0,7,srnet,ef921cbd264b15075bd8111b2ddec10172013840d69c77172c7526b287948550
5,famous_le_10m,21,1.0,1.0,7,srnet,ef921cbd264b15075bd8111b2ddec10172013840d69c77172c7526b287948550
5,famous_le_10m,22,1.0,1.0,7,srnet,ef921cbd264b15075bd8111b2ddec10172013840d69c77172c7526b287948550
5,famous_le_10m,23,1.0,1.0,7,srnet,ef921cbd264b15075bd8111b2ddec10172013840d69c77172c7526b287948550
5,famous_le_100m,0,0.9285714285714286,0.5714285714285714,7,srnet,ef921cbd264b15075bd8111b2ddec10172013840d69c77172c7526b287948550
5,famous_le_100m,1,0.07142857142857142,0.42857142857142855,7,srnet,ef921cbd264b15075bd8111b2ddec10172013840d69c77172c7526b287948550
5,famous_le_100m,2,0.07142857142857142,0.42857142857142855,7,srnet,ef921cbd264b15075bd8111b2ddec10172013840d69c77172c7526b287948550
5,famous_le_100m,3,0.07142857142857142,0.5,7,srnet,ef921cbd264b15075bd8111b2ddec10172013840d69c77172c7526b287948550
5,famous_le_100m,4,0.07142857142857142,0.6428571428571429,7,srnet,ef921cbd264b15075bd8111b2ddec10172013840d69c77172c7526b287948550
5,famous_le_100m,5,0.07142857142857142,0.7857142857142857,7,srnet,ef921cbd264b15075bd8111b2ddec10172013840d69c77172c7526b287948550
5,famous_le_100m,6,0.42857142857142855,0.9285714285714286,7,srnet,ef921cbd264b15075bd8111b2ddec10172013840d69c77172c7526b287948550
5,famous_le_100m,7,0.6428571428571429,1.0,7,srnet,ef921cbd264b15075bd8111b2ddec10172013840d69c77172c7526b287948550
5,famous_le_100m,8,0.8571428571428571,1.0,7,srnet,ef921cbd264b15075bd8111b2ddec10172013840d69c77172c7526b287948550
5,famous_le_100m,9,0.8571428571428571,0.9285714285714286,7,srnet,ef921cbd264b15075bd8111b2ddec10172013840d69c77172c7526b287948550
5,famous_le_100m,10,0.9285714285714286,0.9285714285714286,7,srnet,ef921cbd264b15075bd8111b2ddec10172013840d69c77172c7526b287948550
5,famous_le_100m,11,0.9285714285714286,0.9285714285714286,7,srnet,ef921cbd264b15075bd8111b2ddec10172013840d69c77172c7526b287948550
5,famous_le_100m,12,0.9285714285714286,0.9285714285714286,7,srnet,ef921cbd264b15075bd8111b2ddec10172013840d69c77172c7526b287948550
5,famous_le_100m,13,0.9285714285714286,1.0,7,srnet,ef921cbd264b15075bd8111b2ddec10172013840d69c77172c7526b287948550
5,famous_le_100m,14,1.0,1.0,7,srnet,ef921cbd264b15075bd8111b2ddec10172013840d69c77172c7526b287948550
5,famous_le_100m,15,1.0,1.0,7,srnet,ef921cbd264b15075bd8111b2ddec10172013840d69c77172c7526b287948550
5,famous_le_100m,16,1.0,1.0,7,srnet,ef921cbd264b15075bd8111b2ddec10172013840d69c77172c7526b287948550
5,famous_le_100m,17,1.0,1.0,7,srnet,ef921cbd264b15075bd8111b2ddec10172013840d69c77172c7526b287948550
5,famous_le_100m,18,1.0,1.0,7,srnet,ef921cbd264b15075bd8111b2ddec10172013840d69c77172c7526b287948550
5,famous_le_100m,19,1.0,1.0,7,srnet,ef921cbd264b15075bd8111b2ddec10172013840d69c77172c7526b287948550
5,famous_le_100m,20,1.0,1.0,7,srnet,ef921cbd264b15075bd8111b2ddec10172013840d69c77172c7526b287948550
5,famous_le_100m,21,1.0,1.0,7,srnet,ef921cbd264b15075bd8111b2ddec10172013840d69c77172c7526b287948550
5,famous_le_100m,22,1.0,1.0,7,srnet,ef921cbd264b15075bd8111b2ddec10172013840d69c77172c7526b287948550
5,famous_le_100m,23,1.0,1.0,7,srnet,ef921cbd264b15075bd8111b2ddec10172013840d69c77172c7526b287948550
6,torch_pretrained_classification,0,0.95,0.5375,7,srnet,06c81a547ce6330fb8b0064410ef517a2c1552e1d4c50b0a5e999058b708f7a7
6,famous_le_10m,0,1.0,0.4,7,srnet,06c81a547ce6330fb8b0064410ef517a2c1552e1d4c50b0a5e999058b708f7a7
6,famous_le_10m,1,0.0,0.8,7,srnet,06c81a547ce6330fb8b0064410ef517a2c1552e1d4c50b0a5e999058b708f7a7
6,famous_le_10m,2,0.0,0.8,7,srnet,06c81a547ce6330fb8b0064410ef517a2c1552e1d4c50b0a5e999058b708f7a7
6,famous_le_10m,3,0.0,1.0,7,srnet,06c81a547ce6330fb8b0064410ef517a2c1552e1d4c50b0a5e999058b708f7a7
6,famous_le_10m,4,0.0,1.0,7,srnet,06c81a547ce6330fb8b0064410ef517a2c1552e1d4c50b0a5e999058b708f7a7
6,famous_le_10m,5,0.0,1.0,7,srnet,06c81a547ce6330fb8b0064410ef517a2c1552e1d4c50b0a5e999058b708f7a7
6,famous_le_10m,6,0.4,1.0,7,srnet,06c81a547ce6330fb8b0064410ef517a2c1552e1d4c50b0a5e999058b708f7a7
6,famous_le_10m,7,1.0,1.0,7,srnet,06c81a547ce6330fb8b0064410ef517a2c1552e1d4c50b0a5e999058b708f7a7
6,famous_le_10m,8,1.0,1.0,7,srnet,06c81a547ce6330fb8b0064410ef517a2c1552e1d4c50b0a5e999058b708f7a7
6,famous_le_10m,9,1.0,1.0,7,srnet,06c81a547ce6330fb8b0064410ef517a2c1552e1d4c50b0a5e999058b708f7a7
6,famous_le_10m,10,1.0,1.0,7,srnet,06c81a547ce6330fb8b0064410ef517a2c1552e1d4c50b0a5e999058b708f7a7
6,famous_le_10m,11,1.0,1.0,7,srnet,06c81a547ce6330fb8b0064410ef517a2c1552e1d4c50b0a5e999058b708f7a7
6,famous_le_10m,12,1.0,1.0,7,srnet,06c81a547ce6330fb8b0064410ef517a2c1552e1d4c50b0a5e999058b708f7a7
6,famous_le_10m,13,1.0,1.0,7,srnet,06c81a547ce6330fb8b0064410ef517a2c1552e1d4c50b0a5e999058b708f7a7
6,famous_le_10m,14,1.0,1.0,7,srnet,06c81a547ce6330fb8b0064410ef517a2c1552e1d4c50b0a5e999058b708f7a7
6,famous_le_10m,15,1.0,1.0,7,srnet,06c81a547ce6330fb8b0064410ef517a2c1552e1d4c50b0a5e999058b708f7a7
6,famous_le_10m,16,1.0,1.0,7,srnet,06c81a547ce6330fb8b0064410ef517a2c1552e1d4c50b0a5e999058b708f7a7
6,famous_le_10m,17,1.0,1.0,7,srnet,06c81a547ce6330fb8b0064410ef517a2c1552e1d4c50b0a5e999058b708f7a7
6,famous_le_10m,18,1.0,1.0,7,srnet,06c81a547ce6330fb8b0064410ef517a2c1552e1d4c50b0a5e999058b708f7a7
6,famous_le_10m,19,1.0,1.0,7,srnet,06c81a547ce6330fb8b0064410ef517a2c1552e1d4c50b0a5e999058b708f7a7
6,famous_le_10m,20,1.0,1.0,7,srnet,06c81a547ce6330fb8b0064410ef517a2c1552e1d4c50b0a5e999058b708f7a7
6,famous_le_10m,21,1.0,1.0,7,srnet,06c81a547ce6330fb8b0064410ef517a2c1552e1d4c50b0a5e999058b708f7a7
6,famous_le_10m,22,1.0,1.0,7,srnet,06c81a547ce6330fb8b0064410ef517a2c1552e1d4c50b0a5e999058b708f7a7
6,famous_le_10m,23,1.0,1.0,7,srnet,06c81a547ce6330fb8b0064410ef517a2c1552e1d4c50b0a5e999058b708f7a7
6,famous_le_100m,0,0.9285714285714286,0.5714285714285714,7,srnet,06c81a547ce6330fb8b0064410ef517a2c1552e1d4c50b0a5e999058b708f7a7
6,famous_le_100m,1,0.07142857142857142,0.42857142857142855,7,srnet,06c81a547ce6330fb8b0064410ef517a2c1552e1d4c50b0a5e999058b708f7a7
6,famous_le_100m,2,0.07142857142857142,0.42857142857142855,7,srnet,06c81a547ce6330fb8b0064410ef517a2c1552e1d4c50b0a5e999058b708f7a7
6,famous_le_100m,3,0.07142857142857142,0.42857142857142855,7,srnet,06c81a547ce6330fb8b0064410ef517a2c1552e1d4c50b0a5e999058b708f7a7
6,famous_le_100m,4,0.07142857142857142,0.6428571428571429,7,srnet,06c81a547ce6330fb8b0064410ef517a2c1552e1d4c50b0a5e999058b708f7a7
6,famous_le_100m,5,0.07142857142857142,0.7857142857142857,7,srnet,06c81a547ce6330fb8b0064410ef517a2c1552e1d4c50b0a5e999058b708f7a7
6,famous_le_100m,6,0.42857142857142855,0.9285714285714286,7,srnet,06c81a547ce6330fb8b0064410ef517a2c1552e1d4c50b0a5e999058b708f7a7
6,famous_le_100m,7,0.6428571428571429,1.0,7,srnet,06c81a547ce6330fb8b0064410ef517a2c1552e1d4c50b0a5e999058b708f7a7
6,famous_le_100m,8,0.8571428571428571,1.0,7,srnet,06c81a547ce6330fb8b0064410ef517a2c1552e1d4c50b0a5e999058b708f7a7
6,famous_le_100m,9,0.8571428571428571,0.9285714285714286,7,srnet,06c81a547ce6330fb8b0064410ef517a2c1552e1d4c50b0a5e999058b708f7a7
6,famous_le_100m,10,0.9285714285714286,0.9285714285714286,7,srnet,06c81a547ce6330fb8b0064410ef517a2c1552e1d4c50b0a5e999058b708f7a7
6,famous_le_100m,11,0.9285714285714286,0.9285714285714286,7,srnet,06c81a547ce6330fb8b0064410ef517a2c1552e1d4c50b0a5e999058b708f7a7
6,famous_le_100m,12,0.9285714285714286,1.0,7,srnet,06c81a547ce6330fb8b0064410ef517a2c1552e1d4c50b0a5e999058b708f7a7
6,famous_le_100m,13,0.9285714285714286,1.0,7,srnet,06c81a547ce6330fb8b0064410ef517a2c1552e1d4c50b0a5e999058b708f7a7
6,famous_le_100m,14,1.0,1.0,7,srnet,06c81a547ce6330fb8b0064410ef517a2c1552e1d4c50b0a5e999058b708f7a7
6,famous_le_100m,15,1.0,1.0,7,srnet,06c81a547ce6330fb8b0064410ef517a2c1552e1d4c50b0a5e999058b708f7a7
6,famous_le_100m,16,1.0,1.0,7,srnet,06c81a547ce6330fb8b0064410ef517a2c1552e1d4c50b0a5e999058b708f7a7
6,famous_le_100m,17,1.0,1.0,7,srnet,06c81a547ce6330fb8b0064410ef517a2c1552e1d4c50b0a5e999058b708f7a7
6,famous_le_100m,18,1.0,1.0,7,srnet,06c81a547ce6330fb8b0064410ef517a2c1552e1d4c50b0a5e999058b708f7a7
6,famous_le_100m,19,1.0,1.0,7,srnet,06c81a547ce6330fb8b0064410ef517a2c1552e1d4c50b0a5e999058b708f7a7
6,famous_le_100m,20,1.0,1.0,7,srnet,06c81a547ce6330fb8b0064410ef517a2c1552e1d4c50b0a5e999058b708f7a7
6,famous_le_100m,21,1.0,1.0,7,srnet,06c81a547ce6330fb8b0064410ef517a2c1552e1d4c50b0a5e999058b708f7a7
6,famous_le_100m,22,1.0,1.0,7,srnet,06c81a547ce6330fb8b0064410ef517a2c1552e1d4c50b0a5e999058b708f7a7
6,famous_le_100m,23,1.0,1.0,7,srnet,06c81a547ce6330fb8b0064410ef517a2c1552e1d4c50b0a5e999058b708f7a7
7,torch_pretrained_classification,0,0.95,0.4625,7,srnet,40942742d95954b9c63f59dfef6876963428c8f67cb82b902cd51e78d5c62079
7,famous_le_10m,0,1.0,0.4,7,srnet,40942742d95954b9c63f59dfef6876963428c8f67cb82b902cd51e78d5c62079
7,famous_le_10m,1,0.0,1.0,7,srnet,40942742d95954b9c63f59dfef6876963428c8f67cb82b902cd51e78d5c62079
7,famous_le_10m,2,0.0,1.0,7,srnet,40942742d95954b9c63f59dfef6876963428c8f67cb82b902cd51e78d5c62079
7,famous_le_10m,3,0.0,1.0,7,srnet,40942742d95954b9c63f59dfef6876963428c8f67cb82b902cd51e78d5c62079
7,famous_le_10m,4,0.0,1.0,7,srnet,40942742d95954b9c63f59dfef6876963428c8f67cb82b902cd51e78d5c62079
7,famous_le_10m,5,0.0,1.0,7,srnet,40942742d95954b9c63f59dfef6876963428c8f67cb82b902cd51e78d5c62079
7,famous_le_10m,6,0.4,1.0,7,srnet,40942742d95954b9c63f59dfef6876963428c8f67cb82b902cd51e78d5c62079
7,famous_le_10m,7,1.0,1.0,7,srnet,40942742d95954b9c63f59dfef6876963428c8f67cb82b902cd51e78d5c62079
7,famous_le_10m,8,1.0,1.0,7,srnet,40942742d95954b9c63f59dfef6876963428c8f67cb82b902cd51e78d5c62079
7,famous_le_10m,9,1.0,1.0,7,srnet,40942742d95954b9c63f59dfef6876963428c8f67cb82b902cd51e78d5c62079
7,famous_le_10m,10,1.0,1.0,7,srnet,40942742d95954b9c63f59dfef6876963428c8f67cb82b902cd51e78d5c62079
7,famous_le_10m,11,1.0,1.0,7,srnet,40942742d95954b9c63f59dfef6876963428c8f67cb82b902cd51e78d5c62079
7,famous_le_10m,12,1.0,1.0,7,srnet,40942742d95954b9c63f59dfef6876963428c8f67cb82b902cd51e78d5c62079
7,famous_le_10m,13,1.0,1.0,7,srnet,40942742d95954b9c63f59dfef6876963428c8f67cb82b902cd51e78d5c62079
7,famous_le_10m,14,1.0,1.0,7,srnet,40942742d95954b9c63f59dfef6876963428c8f67cb82b902cd51e78d5c62079
7,famous_le_10m,15,1.0,1.0,7,srnet,40942742d95954b9c63f59dfef6876963428c8f67cb82b902cd51e78d5c62079
7,famous_le_10m,16,1.0,1.0,7,srnet,40942742d95954b9c63f59dfef6876963428c8f67cb82b902cd51e78d5c62079
7,famous_le_10m,17,1.0,1.0,7,srnet,40942742d95954b9c63f59dfef6876963428c8f67cb82b902cd51e78d5c62079
7,famous_le_10m,18,1.0,1.0,7,srnet,40942742d95954b9c63f59dfef6876963428c8f67cb82b902cd51e78d5c62079
7,famous_le_10m,19,1.0,1.0,7,srnet,40942742d95954b9c63f59dfef6876963428c8f67cb82b902cd51e78d5c62079
7,famous_le_10m,20,1.0,1.0,7,srnet,40942742d95954b9c63f59dfef6876963428c8f67cb82b902cd51e78d5c62079
7,famous_le_10m,21,1.0,1.0,7,srnet,40942742d95954b9c63f59dfef6876963428c8f67cb82b902cd51e78d5c62079
7,famous_le_10m,22,1.0,1.0,7,srnet,40942742d95954b9c63f59dfef6876963428c8f67cb82b902cd51e78d5c62079
7,famous_le_10m,23,1.0,1.0,7,srnet,40942742d95954b9c63f59dfef6876963428c8f67cb82b902cd51e78d5c62079
7,famous_le_100m,0,0.9285714285714286,0.5714285714285714,7,srnet,40942742d95954b9c63f59dfef6876963428c8f67cb82b902cd51e78d5c62079
7,famous_le_100m,1,0.07142857142857142,0.42857142857142855,7,srnet,40942742d95954b9c63f59dfef6876963428c8f67cb82b902cd51e78d5c62079
7,famous_le_100m,2,0.07142857142857142,0.42857142857142855,7,srnet,40942742d95954b9c63f59dfef6876963428c8f67cb82b902cd51e78d5c62079
7,famous_le_100m,3,0.07142857142857142,0.5,7,srnet,40942742d95954b9c63f59dfef6876963428c8f67cb82b902cd51e78d5c62079
7,famous_le_100m,4,0.07142857142857142,0.6428571428571429,7,srnet,40942742d95954b9c63f59dfef6876963428c8f67cb82b902cd51e78d5c62079
7,famous_le_100m,5,0.07142857142857142,0.7857142857142857,7,srnet,40942742d95954b9c63f59dfef6876963428c8f67cb82b902cd51e78d5c62079
7,famous_le_100m,6,0.42857142857142855,0.9285714285714286,7,srnet,40942742d95954b9c63f59dfef6876963428c8f67cb82b902cd51e78d5c62079
7,famous_le_100m,7,0.6428571428571429,1.0,7,srnet,40942742d95954b9c63f59dfef6876963428c8f67cb82b902cd51e78d5c62079
7,famous_le_100m,8,0.8571428571428571,1.0,7,srnet,40942742d95954b9c63f59dfef6876963428c8f67cb82b902cd51e78d5c62079
7,famous_le_100m,9,0.8571428571428571,1.0,7,srnet,40942742d95954b9c63f59dfef6876963428c8f67cb82b902cd51e78d5c62079
7,famous_le_100m,10,0.9285714285714286,1.0,7,srnet,40942742d95954b9c63f59dfef6876963428c8f67cb82b902cd51e78d5c62079
7,famous_le_100m,11,0.9285714285714286,1.0,7,srnet,40942742d95954b9c63f59dfef6876963428c8f67cb82b902cd51e78d5c62079
7,famous_le_100m,12,0.9285714285714286,1.0,7,srnet,40942742d95954b9c63f59dfef6876963428c8f67cb82b902cd51e78d5c62079
7,famous_le_100m,13,0.9285714285714286,1.0,7,srnet,40942742d95954b9c63f59dfef6876963428c8f67cb82b902cd51e78d5c62079
7,famous_le_100m,14,1.0,1.0,7,srnet,40942742d95954b9c63f59dfef6876963428c8f67cb82b902cd51e78d5c62079
7,famous_le_100m,15,1.0,1.0,7,srnet,40942742d95954b9c63f59dfef6876963428c8f67cb82b902cd51e78d5c62079
7,famous_le_100m,16,1.0,1.0,7,srnet,40942742d95954b9c63f59dfef6876963428c8f67cb82b902cd51e78d5c62079
7,famous_le_100m,17,1.0,1.0,7,srnet,40942742d95954b9c63f59dfef6876963428c8f67cb82b902cd51e78d5c62079
7,famous_le_100m,18,1.0,1.0,7,srnet,40942742d95954b9c63f59dfef6876963428c8f67cb82b902cd51e78d5c62079
7,famous_le_100m,19,1.0,1.0,7,srnet,40942742d95954b9c63f59dfef6876963428c8f67cb82b902cd51e78d5c62079
7,famous_le_100m,20,1.0,1.0,7,srnet,40942742d95954b9c63f59dfef6876963428c8f67cb82b902cd51e78d5c62079
7,famous_le_100m,21,1.0,1.0,7,srnet,40942742d95954b9c63f59dfef6876963428c8f67cb82b902cd51e78d5c62079
7,famous_le_100m,22,1.0,1.0,7,srnet,40942742d95954b9c63f59dfef6876963428c8f67cb82b902cd51e78d5c62079
7,famous_le_100m,23,1.0,1.0,7,srnet,40942742d95954b9c63f59dfef6876963428c8f67cb82b902cd51e78d5c62079
8,torch_pretrained_classification,0,0.95,0.575,7,srnet,75d407862f15219260d4783b2ae73f8c3ff78da275c2e9963f7384ea95be7201
8,famous_le_10m,0,1.0,0.2,7,srnet,75d407862f15219260d4783b2ae73f8c3ff78da275c2e9963f7384ea95be7201
8,famous_le_10m,1,0.0,1.0,7,srnet,75d407862f15219260d4783b2ae73f8c3ff78da275c2e9963f7384ea95be7201
8,famous_le_10m,2,0.0,1.0,7,srnet,75d407862f15219260d4783b2ae73f8c3ff78da275c2e9963f7384ea95be7201
8,famous_le_10m,3,0.0,1.0,7,srnet,75d407862f15219260d4783b2ae73f8c3ff78da275c2e9963f7384ea95be7201
8,famous_le_10m,4,0.0,1.0,7,srnet,75d407862f15219260d4783b2ae73f8c3ff78da275c2e9963f7384ea95be7201
8,famous_le_10m,5,0.0,1.0,7,srnet,75d407862f15219260d4783b2ae73f8c3ff78da275c2e9963f7384ea95be7201
8,famous_le_10m,6,0.4,1.0,7,srnet,75d407862f15219260d4783b2ae73f8c3ff78da275c2e9963f7384ea95be7201
8,famous_le_10m,7,1.0,1.0,7,srnet,75d407862f15219260d4783b2ae73f8c3ff78da275c2e9963f7384ea95be7201
8,famous_le_10m,8,1.0,1.0,7,srnet,75d407862f15219260d4783b2ae73f8c3ff78da275c2e9963f7384ea95be7201
8,famous_le_10m,9,1.0,1.0,7,srnet,75d407862f15219260d4783b2ae73f8c3ff78da275c2e9963f7384ea95be7201
8,famous_le_10m,10,1.0,1.0,7,srnet,75d407862f15219260d4783b2ae73f8c3ff78da275c2e9963f7384ea95be7201
8,famous_le_10m,11,1.0,1.0,7,srnet,75d407862f15219260d4783b2ae73f8c3ff78da275c2e9963f7384ea95be7201
8,famous_le_10m,12,1.0,1.0,7,srnet,75d407862f15219260d4783b2ae73f8c3ff78da275c2e9963f7384ea95be7201
8,famous_le_10m,13,1.0,1.0,7,srnet,75d407862f15219260d4783b2ae73f8c3ff78da275c2e9963f7384ea95be7201
8,famous_le_10m,14,1.0,1.0,7,srnet,75d407862f15219260d4783b2ae73f8c3ff78da275c2e9963f7384ea95be7201
8,famous_le_10m,15,1.0,1.0,7,srnet,75d407862f15219260d4783b2ae73f8c3ff78da275c2e9963f7384ea95be7201
8,famous_le_10m,16,1.0,1.0,7,srnet,75d407862f15219260d4783b2ae73f8c3ff78da275c2e9963f7384ea95be7201
8,famous_le_10m,17,1.0,1.0,7,srnet,75d407862f15219260d4783b2ae73f8c3ff78da275c2e9963f7384ea95be7201
8,famous_le_10m,18,1.0,1.0,7,srnet,75d407862f15219260d4783b2ae73f8c3ff78da275c2e9963f7384ea95be7201
8,famous_le_10m,19,1.0,1.0,7,srnet,75d407862f15219260d4783b2ae73f8c3ff78da275c2e9963f7384ea95be7201
8,famous_le_10m,20,1.0,1.0,7,srnet,75d407862f15219260d4783b2ae73f8c3ff78da275c2e9963f7384ea95be7201
8,famous_le_10m,21,1.0,1.0,7,srnet,75d407862f15219260d4783b2ae73f8c3ff78da275c2e9963f7384ea95be7201
8,famous_le_10m,22,1.0,1.0,7,srnet,75d407862f15219260d4783b2ae73f8c3ff78da275c2e9963f7384ea95be7201
8,famous_le_10m,23,1.0,1.0,7,srnet,75d407862f15219260d4783b2ae73f8c3ff78da275c2e9963f7384ea95be7201
8,famous_le_100m,0,0.9285714285714286,0.6428571428571429,7,srnet,75d407862f15219260d4783b2ae73f8c3ff78da275c2e9963f7384ea95be7201
8,famous_le_100m,1,0.07142857142857142,0.35714285714285715,7,srnet,75d407862f15219260d4783b2ae73f8c3ff78da275c2e9963f7384ea95be7201
8,famous_le_100m,2,0.07142857142857142,0.35714285714285715,7,srnet,75d407862f15219260d4783b2ae73f8c3ff78da275c2e9963f7384ea95be7201
8,famous_le_100m,3,0.07142857142857142,0.35714285714285715,7,srnet,75d407862f15219260d4783b2ae73f8c3ff78da275c2e9963f7384ea95be7201
8,famous_le_100m,4,0.07142857142857142,0.42857142857142855,7,srnet,75d407862f15219260d4783b2ae73f8c3ff78da275c2e9963f7384ea95be7201
8,famous_le_100m,5,0.07142857142857142,0.6428571428571429,7,srnet,75d407862f15219260d4783b2ae73f8c3ff78da275c2e9963f7384ea95be7201
8,famous_le_100m,6,0.42857142857142855,0.7857142857142857,7,srnet,75d407862f15219260d4783b2ae73f8c3ff78da275c2e9963f7384ea95be7201
8,famous_le_100m,7,0.6428571428571429,0.9285714285714286,7,srnet,75d407862f15219260d4783b2ae73f8c3ff78da275c2e9963f7384ea95be7201
8,famous_le_100m,8,0.8571428571428571,0.9285714285714286,7,srnet,75d407862f15219260d4783b2ae73f8c3ff78da275c2e9963f7384ea95be7201
8,famous_le_100m,9,0.8571428571428571,0.9285714285714286,7,srnet,75d407862f15219260d4783b2ae73f8c3ff78da275c2e9963f7384ea95be7201
8,famous_le_100m,10,0.9285714285714286,0.9285714285714286,7,srnet,75d407862f15219260d4783b2ae73f8c3ff78da275c2e9963f7384ea95be7201
8,famous_le_100m,11,0.9285714285714286,0.9285714285714286,7,srnet,75d407862f15219260d4783b2ae73f8c3ff78da275c2e9963f7384ea95be7201
8,famous_le_100m,12,0.9285714285714286,0.9285714285714286,7,srnet,75d407862f15219260d4783b2ae73f8c3ff78da275c2e9963f7384ea95be7201
8,famous_le_100m,13,0.9285714285714286,1.0,7,srnet,75d407862f15219260d4783b2ae73f8c3ff78da275c2e9963f7384ea95be7201
8,famous_le_100m,14,1.0,1.0,7,srnet,75d407862f15219260d4783b2ae73f8c3ff78da275c2e9963f7384ea95be7201
8,famous_le_100m,15,1.0,1.0,7,srnet,75d407862f15219260d4783b2ae73f8c3ff78da275c2e9963f7384ea95be7201
8,famous_le_100m,16,1.0,1.0,7,srnet,75d407862f15219260d4783b2ae73f8c3ff78da275c2e9963f7384ea95be7201
8,famous_le_100m,17,1.0,1.0,7,srnet,75d407862f15219260d4783b2ae73f8c3ff78da275c2e9963f7384ea95be7201
8,famous_le_100m,18,1.0,1.0,7,srnet,75d407862f15219260d4783b2ae73f8c3ff78da275c2e9963f7384ea95be7201
8,famous_le_100m,19,1.0,1.0,7,srnet,75d407862f15219260d4783b2ae73f8c3ff78da275c2e9963f7384ea95be7201
8,famous_le_100m,20,1.0,1.0,7,srnet,75d407862f15219260d4783b2ae73f8c3ff78da275c2e9963f7384ea95be7201
8,famous_le_100m,21,1.0,1.0,7,srnet,75d407862f15219260d4783b2ae73f8c3ff78da275c2e9963f7384ea95be7201
8,famous_le_100m,22,1.0,1.0,7,srnet,75d407862f15219260d4783b2ae73f8c3ff78da275c2e9963f7384ea95be7201
8,famous_le_100m,23,1.0,1.0,7,srnet,75d407862f15219260d4783b2ae73f8c3ff78da275c2e9963f7384ea95be7201
9,torch_pretrained_classification,0,0.95,0.925,7,srnet,69075b62bcfd00bb8d52b5575ded0dbd007ed872bdd188d6380f344b4f9d0512
9,famous_le_10m,0,1.0,0.8,7,srnet,69075b62bcfd00bb8d52b5575ded0dbd007ed872bdd188d6380f344b4f9d0512
9,famous_le_10m,1,0.0,0.2,7,srnet,69075b62bcfd00bb8d52b5575ded0dbd007ed872bdd188d6380f344b4f9d0512
9,famous_le_10m,2,0.0,0.2,7,srnet,69075b62bcfd00bb8d52b5575ded0dbd007ed872bdd188d6380f344b4f9d0512
9,famous_le_10m,3,0.0,0.2,7,srnet,69075b62bcfd00bb8d52b5575ded0dbd007ed872bdd188d6380f344b4f9d0512
9,famous_le_10m,4,0.0,0.0,7,srnet,69075b62bcfd00bb8d52b5575ded0dbd007ed872bdd188d6380f344b4f9d0512
9,famous_le_10m,5,0.0,0.0,7,srnet,69075b62bcfd00bb8d52b5575ded0dbd007ed872bdd188d6380f344b4f9d0512
9,famous_le_10m,6,0.4,0.0,7,srnet,69075b62bcfd00bb8d52b5575ded0dbd007ed872bdd188d6380f344b4f9d0512
9,famous_le_10m,7,1.0,0.2,7,srnet,69075b62bcfd00bb8d52b5575ded0dbd007ed872bdd188d6380f344b4f9d0512
9,famous_le_10m,8,1.0,1.0,7,srnet,69075b62bcfd00bb8d52b5575ded0dbd007ed872bdd188d6380f344b4f9d0512
9,famous_le_10m,9,1.0,1.0,7,srnet,69075b62bcfd00bb8d52b5575ded0dbd007ed872bdd188d6380f344b4f9d0512
9,famous_le_10m,10,1.0,1.0,7,srnet,69075b62bcfd00bb8d52b5575ded0dbd007ed872bdd188d6380f344b4f9d0512
9,famous_le_10m,11,1.0,1.0,7,srnet,69075b62bcfd00bb8d52b5575ded0dbd007ed872bdd188d6380f344b4f9d0512
9,famous_le_10m,12,1.0,1.0,7,srnet,69075b62bcfd00bb8d52b5575ded0dbd007ed872bdd188d6380f344b4f9d0512
9,famous_le_10m,13,1.0,1.0,7,srnet,69075b62bcfd00bb8d52b5575ded0dbd007ed872bdd188d6380f344b4f9d0512
9,famous_le_10m,14,1.0,1.0,7,srnet,69075b62bcfd00bb8d52b5575ded0dbd007ed872bdd188d6380f344b4f9d0512
9,famous_le_10m,15,1.0,1.0,7,srnet,69075b62bcfd00bb8d52b5575ded0dbd007ed872bdd188d6380f344b4f9d0512
9,famous_le_10m,16,1.0,1.0,7,srnet,69075b62bcfd00bb8d52b5575ded0dbd007ed872bdd188d6380f344b4f9d0512
9,famous_le_10m,17,1.0,1.0,7,srnet,69075b62bcfd00bb8d52b5575ded0dbd007ed872bdd188d6380f344b4f9d0512
9,famous_le_10m,18,1.0,1.0,7,srnet,69075b62bcfd00bb8d52b5575ded0dbd007ed872bdd188d6380f344b4f9d0512
9,famous_le_10m,19,1.0,1.0,7,srnet,69075b62bcfd00bb8d52b5575ded0dbd007ed872bdd188d6380f344b4f9d0512
9,famous_le_10m,20,1.0,1.0,7,srnet,69075b62bcfd00bb8d52b5575ded0dbd007ed872bdd188d6380f344b4f9d0512
9,famous_le_10m,21,1.0,1.0,7,srnet,69075b62bcfd00bb8d52b5575ded0dbd007ed872bdd188d6380f344b4f9d0512
9,famous_le_10m,22,1.0,1.0,7,srnet,69075b62bcfd00bb8d52b5575ded0dbd007ed872bdd188d6380f344b4f9d0512
9,famous_le_10m,23,1.0,1.0,7,srnet,69075b62bcfd00bb8d52b5575ded0dbd007ed872bdd188d6380f344b4f9d0512
9,famous_le_100m,0,0.9285714285714286,0.7857142857142857,7,srnet,69075b62bcfd00bb8d52b5575ded0dbd007ed872bdd188d6380f344b4f9d0512
9,famous_le_100m,1,0.07142857142857142,0.21428571428571427,7,srnet,69075b62bcfd00bb8d52b5575ded0dbd007ed872bdd188d6380f344b4f9d0512
9,famous_le_100m,2,0.07142857142857142,0.21428571428571427,7,srnet,69075b62bcfd00bb8d52b5575ded0dbd007ed872bdd188d6380f344b4f9d0512
9,famous_le_100m,3,0.07142857142857142,0.14285714285714285,7,srnet,69075b62bcfd00bb8d52b5575ded0dbd007ed872bdd188d6380f344b4f9d0512
9,famous_le_100m,4,0.07142857142857142,0.07142857142857142,7,srnet,69075b62bcfd00bb8d52b5575ded0dbd007ed872bdd188d6380f344b4f9d0512
9,famous_le_100m,5,0.07142857142857142,0.14285714285714285,7,srnet,69075b62bcfd00bb8d52b5575ded0dbd007ed872bdd188d6380f344b4f9d0512
9,famous_le_100m,6,0.42857142857142855,0.14285714285714285,7,srnet,69075b62bcfd00bb8d52b5575ded0dbd007ed872bdd188d6380f344b4f9d0512
9,famous_le_100m,7,0.6428571428571429,0.5,7,srnet,69075b62bcfd00bb8d52b5575ded0dbd007ed872bdd188d6380f344b4f9d0512
9,famous_le_100m,8,0.8571428571428571,0.8571428571428571,7,srnet,69075b62bcfd00bb8d52b5575ded0dbd007ed872bdd188d6380f344b4f9d0512
9,famous_le_100m,9,0.8571428571428571,0.9285714285714286,7,srnet,69075b62bcfd00bb8d52b5575ded0dbd007ed872bdd188d6380f344b4f9d0512
9,famous_le_100m,10,0.9285714285714286,0.9285714285714286,7,srnet,69075b62bcfd00bb8d52b5575ded0dbd007ed872bdd188d6380f344b4f9d0512
9,famous_le_100m,11,0.9285714285714286,0.9285714285714286,7,srnet,69075b62bcfd00bb8d52b5575ded0dbd007ed872bdd188d6380f344b4f9d0512
9,famous_le_100m,12,0.9285714285714286,1.0,7,srnet,69075b62bcfd00bb8d52b5575ded0dbd007ed872bdd188d6380f344b4f9d0512
9,famous_le_100m,13,0.9285714285714286,0.9285714285714286,7,srnet,69075b62bcfd00bb8d52b5575ded0dbd007ed872bdd188d6380f344b4f9d0512
9,famous_le_100m,14,1.0,0.9285714285714286,7,srnet,69075b62bcfd00bb8d52b5575ded0dbd007ed872bdd188d6380f344b4f9d0512
9,famous_le_100m,15,1.0,1.0,7,srnet,69075b62bcfd00bb8d52b5575ded0dbd007ed872bdd188d6380f344b4f9d0512
9,famous_le_100m,16,1.0,1.0,7,srnet,69075b62bcfd00bb8d52b5575ded0dbd007ed872bdd188d6380f344b4f9d0512
9,famous_le_100m,17,1.0,1.0,7,srnet,69075b62bcfd00bb8d52b5575ded0dbd007ed872bdd188d6380f344b4f9d0512
9,famous_le_100m,18,1.0,1.0,7,srnet,69075b62bcfd00bb8d52b5575ded0dbd007ed872bdd188d6380f344b4f9d0512
9,famous_le_100m,19,1.0,1.0,7,srnet,69075b62bcfd00bb8d52b5575ded0dbd007ed872bdd188d6380f344b4f9d0512
9,famous_le_100m,20,1.0,1.0,7,srnet,69075b62bcfd00bb8d52b5575ded0dbd007ed872bdd188d6380f344b4f9d0512
9,famous_le_100m,21,1.0,1.0,7,srnet,69075b62bcfd00bb8d52b5575ded0dbd007ed872bdd188d6380f344b4f9d0512
9,famous_le_100m,22,1.0,1.0,7,srnet,69075b62bcfd00bb8d52b5575ded0dbd007ed872bdd188d6380f344b4f9d0512
9,famous_le_100m,23,1.0,1.0,7,srnet,69075b62bcfd00bb8d52b5575ded0dbd007ed872bdd188d6380f344b4f9d0512
5,torch_pretrained_classification,0,0.975,0.475,8,srnet,617b5e999308e6be29744b45255a4e05b75d0f01dd2676c4b228be54434e3468
5,famous_le_10m,0,1.0,0.4,8,srnet,617b5e999308e6be29744b45255a4e05b75d0f01dd2676c4b228be54434e3468
5,famous_le_10m,1,0.0,0.8,8,srnet,617b5e999308e6be29744b45255a4e05b75d0f01dd2676c4b228be54434e3468
5,famous_le_10m,2,0.0,0.8,8,srnet,617b5e999308e6be29744b45255a4e05b75d0f01dd2676c4b228be54434e3468
5,famous_le_10m,3,0.0,1.0,8,srnet,617b5e999308e6be29744b45255a4e05b75d0f01dd2676c4b228be54434e3468
5,famous_le_10m,4,0.0,1.0,8,srnet,617b5e999308e6be29744b45255a4e05b75d0f01dd2676c4b228be54434e3468
5,famous_le_10m,5,0.0,1.0,8,srnet,617b5e999308e6be29744b45255a4e05b75d0f01dd2676c4b228be54434e3468
5,famous_le_10m,6,0.0,1.0,8,srnet,617b5e999308e6be29744b45255a4e05b75d0f01dd2676c4b228be54434e3468
5,famous_le_10m,7,0.4,1.0,8,srnet,617b5e999308e6be29744b45255a4e05b75d0f01dd2676c4b228be54434e3468
5,famous_le_10m,8,1.0,1.0,8,srnet,617b5e999308e6be29744b45255a4e05b75d0f01dd2676c4b228be54434e3468
5,famous_le_10m,9,1.0,1.0,8,srnet,617b5e999308e6be29744b45255a4e05b75d0f01dd2676c4b228be54434e3468
5,famous_le_10m,10,1.0,1.0,8,srnet,617b5e999308e6be29744b45255a4e05b75d0f01dd2676c4b228be54434e3468
5,famous_le_10m,11,1.0,1.0,8,srnet,617b5e999308e6be29744b45255a4e05b75d0f01dd2676c4b228be54434e3468
5,famous_le_10m,12,1.0,1.0,8,srnet,617b5e999308e6be29744b45255a4e05b75d0f01dd2676c4b228be54434e3468
5,famous_le_10m,13,1.0,1.0,8,srnet,617b5e999308e6be29744b45255a4e05b75d0f01dd2676c4b228be54434e3468
5,famous_le_10m,14,1.0,1.0,8,srnet,617b5e999308e6be29744b45255a4e05b75d0f01dd2676c4b228be54434e3468
5,famous_le_10m,15,1.0,1.0,8,srnet,617b5e999308e6be29744b45255a4e05b75d0f01dd2676c4b228be54434e3468
5,famous_le_10m,16,1.0,1.0,8,srnet,617b5e999308e6be29744b45255a4e05b75d0f01dd2676c4b228be54434e3468
5,famous_le_10m,17,1.0,1.0,8,srnet,617b5e999308e6be29744b45255a4e05b75d0f01dd2676c4b228be54434e3468
5,famous_le_10m,18,1.0,1.0,8,srnet,617b5e999308e6be29744b45255a4e05b75d0f01dd2676c4b228be54434e3468
5,famous_le_10m,19,1.0,1.0,8,srnet,617b5e999308e6be29744b45255a4e05b75d0f01dd2676c4b228be54434e3468
5,famous_le_10m,20,1.0,1.0,8,srnet,617b5e999308e6be29744b45255a4e05b75d0f01dd2676c4b228be54434e3468
5,famous_le_10m,21,1.0,1.0,8,srnet,617b5e999308e6be29744b45255a4e05b75d0f01dd2676c4b228be54434e3468
5,famous_le_10m,22,1.0,1.0,8,srnet,617b5e999308e6be29744b45255a4e05b75d0f01dd2676c4b228be54434e3468
5,famous_le_10m,23,1.0,1.0,8,srnet,617b5e999308e6be29744b45255a4e05b75d0f01dd2676c4b228be54434e3468
5,famous_le_100m,0,1.0,0.5714285714285714,8,srnet,617b5e999308e6be29744b45255a4e05b75d0f01dd2676c4b228be54434e3468
5,famous_le_100m,1,0.0,0.42857142857142855,8,srnet,617b5e999308e6be29744b45255a4e05b75d0f01dd2676c4b228be54434e3468
5,famous_le_100m,2,0.0,0.42857142857142855,8,srnet,617b5e999308e6be29744b45255a4e05b75d0f01dd2676c4b228be54434e3468
5,famous_le_100m,3,0.0,0.42857142857142855,8,srnet,617b5e999308e6be29744b45255a4e05b75d0f01dd2676c4b228be54434e3468
5,famous_le_100m,4,0.0,0.6428571428571429,8,srnet,617b5e999308e6be29744b45255a4e05b75d0f01dd2676c4b228be54434e3468
5,famous_le_100m,5,0.07142857142857142,0.7857142857142857,8,srnet,617b5e999308e6be29744b45255a4e05b75d0f01dd2676c4b228be54434e3468
5,famous_le_100m,6,0.07142857142857142,0.9285714285714286,8,srnet,617b5e999308e6be29744b45255a4e05b75d0f01dd2676c4b228be54434e3468
5,famous_le_100m,7,0.42857142857142855,1.0,8,srnet,617b5e999308e6be29744b45255a4e05b75d0f01dd2676c4b228be54434e3468
5,famous_le_100m,8,0.8571428571428571,1.0,8,srnet,617b5e999308e6be29744b45255a4e05b75d0f01dd2676c4b228be54434e3468
5,famous_le_100m,9,0.8571428571428571,0.9285714285714286,8,srnet,617b5e999308e6be29744b45255a4e05b75d0f01dd2676c4b228be54434e3468
5,famous_le_100m,10,0.8571428571428571,0.9285714285714286,8,srnet,617b5e999308e6be29744b45255a4e05b75d0f01dd2676c4b228be54434e3468
5,famous_le_100m,11,0.8571428571428571,0.9285714285714286,8,srnet,617b5e999308e6be29744b45255a4e05b75d0f01dd2676c4b228be54434e3468
5,famous_le_100m,12,0.9285714285714286,1.0,8,srnet,617b5e999308e6be29744b45255a4e05b75d0f01dd2676c4b228be54434e3468
5,famous_le_100m,13,0.9285714285714286,1.0,8,srnet,617b5e999308e6be29744b45255a4e05b75d0f01dd2676c4b228be54434e3468
5,famous_le_100m,14,0.9285714285714286,1.0,8,srnet,617b5e999308e6be29744b45255a4e05b75d0f01dd2676c4b228be54434e3468
5,famous_le_100m,15,0.9285714285714286,1.0,8,srnet,617b5e999308e6be29744b45255a4e05b75d0f01dd2676c4b228be54434e3468
5,famous_le_100m,16,1.0,1.0,8,srnet,617b5e999308e6be29744b45255a4e05b75d0f01dd2676c4b228be54434e3468
5,famous_le_100m,17,1.0,1.0,8,srnet,617b5e999308e6be29744b45255a4e05b75d0f01dd2676c4b228be54434e3468
5,famous_le_100m,18,1.0,1.0,8,srnet,617b5e999308e6be29744b45255a4e05b75d0f01dd2676c4b228be54434e3468
5,famous_le_100m,19,1.0,1.0,8,srnet,617b5e999308e6be29744b45255a4e05b75d0f01dd2676c4b228be54434e3468
5,famous_le_100m,20,1.0,1.0,8,srnet,617b5e999308e6be29744b45255a4e05b75d0f01dd2676c4b228be54434e3468
5,famous_le_100m,21,1.0,1.0,8,srnet,617b5e999308e6be29744b45255a4e05b75d0f01dd2676c4b228be54434e3468
5,famous_le_100m,22,1.0,1.0,8,srnet,617b5e999308e6be29744b45255a4e05b75d0f01dd2676c4b228be54434e3468
5,famous_le_100m,23,1.0,1.0,8,srnet,617b5e999308e6be29744b45255a4e05b75d0f01dd2676c4b228be54434e3468
6,torch_pretrained_classification,0,0.975,0.55,8,srnet,ad7d4fb786b875ebe0caaffb764486d1757b16726c821981cf3ab1f7626449ad
6,famous_le_10m,0,1.0,0.4,8,srnet,ad7d4fb786b875ebe0caaffb764486d1757b16726c821981cf3ab1f7626449ad
6,famous_le_10m,1,0.0,0.6,8,srnet,ad7d4fb786b875ebe0caaffb764486d1757b16726c821981cf3ab1f7626449ad
6,famous_le_10m,2,0.0,0.8,8,srnet,ad7d4fb786b875ebe0caaffb764486d1757b16726c821981cf3ab1f7626449ad
6,famous_le_10m,3,0.0,0.8,8,srnet,ad7d4fb786b875ebe0caaffb764486d1757b16726c821981cf3ab1f7626449ad
6,famous_le_10m,4,0.0,1.0,8,srnet,ad7d4fb786b875ebe0caaffb764486d1757b16726c821981cf3ab1f7626449ad
6,famous_le_10m,5,0.0,1.0,8,srnet,ad7d4fb786b875ebe0caaffb764486d1757b16726c821981cf3ab1f7626449ad
6,famous_le_10m,6,0.0,1.0,8,srnet,ad7d4fb786b875ebe0caaffb764486d1757b16726c821981cf3ab1f7626449ad
6,famous_le_10m,7,0.2,1.0,8,srnet,ad7d4fb786b875ebe0caaffb764486d1757b16726c821981cf3ab1f7626449ad
6,famous_le_10m,8,1.0,1.0,8,srnet,ad7d4fb786b875ebe0caaffb764486d1757b16726c821981cf3ab1f7626449ad
6,famous_le_10m,9,1.0,1.0,8,srnet,ad7d4fb786b875ebe0caaffb764486d1757b16726c821981cf3ab1f7626449ad
6,famous_le_10m,10,1.0,1.0,8,srnet,ad7d4fb786b875ebe0caaffb764486d1757b16726c821981cf3ab1f7626449ad
6,famous_le_10m,11,1.0,1.0,8,srnet,ad7d4fb786b875ebe0caaffb764486d1757b16726c821981cf3ab1f7626449ad
6,famous_le_10m,12,1.0,1.0,8,srnet,ad7d4fb786b875ebe0caaffb764486d1757b16726c821981cf3ab1f7626449ad
6,famous_le_10m,13,1.0,1.0,8,srnet,ad7d4fb786b875ebe0caaffb764486d1757b16726c821981cf3ab1f7626449ad
6,famous_le_10m,14,1.0,1.0,8,srnet,ad7d4fb786b875ebe0caaffb764486d1757b16726c821981cf3ab1f7626449ad
6,famous_le_10m,15,1.0,1.0,8,srnet,ad7d4fb786b875ebe0caaffb764486d1757b16726c821981cf3ab1f7626449ad
6,famous_le_10m,16,1.0,1.0,8,srnet,ad7d4fb786b875ebe0caaffb764486d1757b16726c821981cf3ab1f7626449ad
6,famous_le_10m,17,1.0,1.0,8,srnet,ad7d4fb786b875ebe0caaffb764486d1757b16726c821981cf3ab1f7626449ad
6,famous_le_10m,18,1.0,1.0,8,srnet,ad7d4fb786b875ebe0caaffb764486d1757b16726c821981cf3ab1f7626449ad
6,famous_le_10m,19,1.0,1.0,8,srnet,ad7d4fb786b875ebe0caaffb764486d1757b16726c821981cf3ab1f7626449ad
6,famous_le_10m,20,1.0,1.0,8,srnet,ad7d4fb786b875ebe0caaffb764486d1757b16726c821981cf3ab1f7626449ad
6,famous_le_10m,21,1.0,1.0,8,srnet,ad7d4fb786b875ebe0caaffb764486d1757b16726c821981cf3ab1f7626449ad
6,famous_le_10m,22,1.0,1.0,8,srnet,ad7d4fb786b875ebe0caaffb764486d1757b16726c821981cf3ab1f7626449ad
6,famous_le_10m,23,1.0,1.0,8,srnet,ad7d4fb786b875ebe0caaffb764486d1757b16726c821981cf3ab1f7626449ad
6,famous_le_100m,0,1.0,0.5714285714285714,8,srnet,ad7d4fb786b875ebe0caaffb764486d1757b16726c821981cf3ab1f7626449ad
6,famous_le_100m,1,0.0,0.42857142857142855,8,srnet,ad7d4fb786b875ebe0caaffb764486d1757b16726c821981cf3ab1f7626449ad
6,famous_le_100m,2,0.0,0.42857142857142855,8,srnet,ad7d4fb786b875ebe0caaffb764486d1757b16726c821981cf3ab1f7626449ad
6,famous_le_100m,3,0.0,0.42857142857142855,8,srnet,ad7d4fb786b875ebe0caaffb764486d1757b16726c821981cf3ab1f7626449ad
6,famous_le_100m,4,0.0,0.6428571428571429,8,srnet,ad7d4fb786b875ebe0caaffb764486d1757b16726c821981cf3ab1f7626449ad
6,famous_le_100m,5,0.0,0.7857142857142857,8,srnet,ad7d4fb786b875ebe0caaffb764486d1757b16726c821981cf3ab1f7626449ad
6,famous_le_100m,6,0.07142857142857142,0.8571428571428571,8,srnet,ad7d4fb786b875ebe0caaffb764486d1757b16726c821981cf3ab1f7626449ad
6,famous_le_100m,7,0.42857142857142855,0.9285714285714286,8,srnet,ad7d4fb786b875ebe0caaffb764486d1757b16726c821981cf3ab1f7626449ad
6,famous_le_100m,8,0.8571428571428571,0.9285714285714286,8,srnet,ad7d4fb786b875ebe0caaffb764486d1757b16726c821981cf3ab1f7626449ad
6,famous_le_100m,9,0.8571428571428571,0.9285714285714286,8,srnet,ad7d4fb786b875ebe0caaffb764486d1757b16726c821981cf3ab1f7626449ad
6,famous_le_100m,10,0.8571428571428571,0.9285714285714286,8,srnet,ad7d4fb786b875ebe0caaffb764486d1757b16726c821981cf3ab1f7626449ad
6,famous_le_100m,11,0.9285714285714286,0.9285714285714286,8,srnet,ad7d4fb786b875ebe0caaffb764486d1757b16726c821981cf3ab1f7626449ad
6,famous_le_100m,12,0.9285714285714286,0.9285714285714286,8,srnet,ad7d4fb786b875ebe0caaffb764486d1757b16726c821981cf3ab1f7626449ad
6,famous_le_100m,13,0.9285714285714286,1.0,8,srnet,ad7d4fb786b875ebe0caaffb764486d1757b16726c821981cf3ab1f7626449ad
6,famous_le_100m,14,0.9285714285714286,1.0,8,srnet,ad7d4fb786b875ebe0caaffb764486d1757b16726c821981cf3ab1f7626449ad
6,famous_le_100m,15,1.0,1.0,8,srnet,ad7d4fb786b875ebe0caaffb764486d1757b16726c821981cf3ab1f7626449ad
6,famous_le_100m,16,1.0,1.0,8,srnet,ad7d4fb786b875ebe0caaffb764486d1757b16726c821981cf3ab1f7626449ad
6,famous_le_100m,17,1.0,1.0,8,srnet,ad7d4fb786b875ebe0caaffb764486d1757b16726c821981cf3ab1f7626449ad
6,famous_le_100m,18,1.0,1.0,8,srnet,ad7d4fb786b875ebe0caaffb764486d1757b16726c821981cf3ab1f7626449ad
6,famous_le_100m,19,1.0,1.0,8,srnet,ad7d4fb786b875ebe0caaffb764486d1757b16726c821981cf3ab1f7626449ad
6,famous_le_100m,20,1.0,1.0,8,srnet,ad7d4fb786b875ebe0caaffb764486d1757b16726c821981cf3ab1f7626449ad
6,famous_le_100m,21,1.0,1.0,8,srnet,ad7d4fb786b875ebe0caaffb764486d1757b16726c821981cf3ab1f7626449ad
6,famous_le_100m,22,1.0,1.0,8,srnet,ad7d4fb786b875ebe0caaffb764486d1757b16726c821981cf3ab1f7626449ad
6,famous_le_100m,23,1.0,1.0,8,srnet,ad7d4fb786b875ebe0caaffb764486d1757b16726c821981cf3ab1f7626449ad
7,torch_pretrained_classification,0,0.975,0.5,8,srnet,cd49a01e56b798797da80701fbb2c143f9c9b793acafd594e62b223294d00ea3
7,famous_le_10m,0,1.0,0.2,8,srnet,cd49a01e56b798797da80701fbb2c143f9c9b793acafd594e62b223294d00ea3
7,famous_le_10m,1,0.0,1.0,8,srnet,cd49a01e56b798797da80701fbb2c143f9c9b793acafd594e62b223294d00ea3
7,famous_le_10m,2,0.0,1.0,8,srnet,cd49a01e56b798797da80701fbb2c143f9c9b793acafd594e62b223294d00ea3
7,famous_le_10m,3,0.0,1.0,8,srnet,cd49a01e56b798797da80701fbb2c143f9c9b793acafd594e62b223294d00ea3
7,famous_le_10m,4,0.0,1.0,8,srnet,cd49a01e56b798797da80701fbb2c143f9c9b793acafd594e62b223294d00ea3
7,famous_le_10m,5,0.0,1.0,8,srnet,cd49a01e56b798797da80701fbb2c143f9c9b793acafd594e62b223294d00ea3
7,famous_le_10m,6,0.0,1.0,8,srnet,cd49a01e56b798797da80701fbb2c143f9c9b793acafd594e62b223294d00ea3
7,famous_le_10m,7,0.4,1.0,8,srnet,cd49a01e56b798797da80701fbb2c143f9c9b793acafd594e62b223294d00ea3
7,famous_le_10m,8,1.0,1.0,8,srnet,cd49a01e56b798797da80701fbb2c143f9c9b793acafd594e62b223294d00ea3
7,famous_le_10m,9,1.0,1.0,8,srnet,cd49a01e56b798797da80701fbb2c143f9c9b793acafd594e62b223294d00ea3
7,famous_le_10m,10,1.0,1.0,8,srnet,cd49a01e56b798797da80701fbb2c143f9c9b793acafd594e62b223294d00ea3
7,famous_le_10m,11,1.0,1.0,8,srnet,cd49a01e56b798797da80701fbb2c143f9c9b793acafd594e62b223294d00ea3
7,famous_le_10m,12,1.0,1.0,8,srnet,cd49a01e56b798797da80701fbb2c143f9c9b793acafd594e62b223294d00ea3
7,famous_le_10m,13,1.0,1.0,8,srnet,cd49a01e56b798797da80701fbb2c143f9c9b793acafd594e62b223294d00ea3
7,famous_le_10m,14,1.0,1.0,8,srnet,cd49a01e56b798797da80701fbb2c143f9c9b793acafd594e62b223294d00ea3
7,famous_le_10m,15,1.0,1.0,8,srnet,cd49a01e56b798797da80701fbb2c143f9c9b793acafd594e62b223294d00ea3
7,famous_le_10m,16,1.0,1.0,8,srnet,cd49a01e56b798797da80701fbb2c143f9c9b793acafd594e62b223294d00ea3
7,famous_le_10m,17,1.0,1.0,8,srnet,cd49a01e56b798797da80701fbb2c143f9c9b793acafd594e62b223294d00ea3
7,famous_le_10m,18,1.0,1.0,8,srnet,cd49a01e56b798797da80701fbb2c143f9c9b793acafd594e62b223294d00ea3
7,famous_le_10m,19,1.0,1.0,8,srnet,cd49a01e56b798797da80701fbb2c143f9c9b793acafd594e62b223294d00ea3
7,famous_le_10m,20,1.0,1.0,8,srnet,cd49a01e56b798797da80701fbb2c143f9c9b793acafd594e62b223294d00ea3
7,famous_le_10m,21,1.0,1.0,8,srnet,cd49a01e56b798797da80701fbb2c143f9c9b793acafd594e62b223294d00ea3
7,famous_le_10m,22,1.0,1.0,8,srnet,cd49a01e56b798797da80701fbb2c143f9c9b793acafd594e62b223294d00ea3
7,famous_le_10m,23,1.0,1.0,8,srnet,cd49a01e56b798797da80701fbb2c143f9c9b793acafd594e62b223294d00ea3
7,famous_le_100m,0,1.0,0.5714285714285714,8,srnet,cd49a01e56b798797da80701fbb2c143f9c9b793acafd594e62b223294d00ea3
7,famous_le_100m,1,0.0,0.42857142857142855,8,srnet,cd49a01e56b798797da80701fbb2c143f9c9b793acafd594e62b223294d00ea3
7,famous_le_100m,2,0.0,0.42857142857142855,8,srnet,cd49a01e56b798797da80701fbb2c143f9c9b793acafd594e62b223294d00ea3
7,famous_le_100m,3,0.0,0.42857142857142855,8,srnet,cd49a01e56b798797da80701fbb2c143f9c9b793acafd594e62b223294d00ea3
7,famous_le_100m,4,0.0,0.6428571428571429,8,srnet,cd49a01e56b798797da80701fbb2c143f9c9b793acafd594e62b223294d00ea3
7,famous_le_100m,5,0.07142857142857142,0.7857142857142857,8,srnet,cd49a01e56b798797da80701fbb2c143f9c9b793acafd594e62b223294d00ea3
7,famous_le_100m,6,0.07142857142857142,0.9285714285714286,8,srnet,cd49a01e56b798797da80701fbb2c143f9c9b793acafd594e62b223294d00ea3
7,famous_le_100m,7,0.42857142857142855,1.0,8,srnet,cd49a01e56b798797da80701fbb2c143f9c9b793acafd594e62b223294d00ea3
7,famous_le_100m,8,0.8571428571428571,1.0,8,srnet,cd49a01e56b798797da80701fbb2c143f9c9b793acafd594e62b223294d00ea3
7,famous_le_100m,9,0.8571428571428571,1.0,8,srnet,cd49a01e56b798797da80701fbb2c143f9c9b793acafd594e62b223294d00ea3
7,famous_le_100m,10,0.8571428571428571,1.0,8,srnet,cd49a01e56b798797da80701fbb2c143f9c9b793acafd594e62b223294d00ea3
7,famous_le_100m,11,0.8571428571428571,1.0,8,srnet,cd49a01e56b798797da80701fbb2c143f9c9b793acafd594e62b223294d00ea3
7,famous_le_100m,12,0.9285714285714286,1.0,8,srnet,cd49a01e56b798797da80701fbb2c143f9c9b793acafd594e62b223294d00ea3
7,famous_le_100m,13,0.9285714285714286,1.0,8,srnet,cd49a01e56b798797da80701fbb2c143f9c9b793acafd594e62b223294d00ea3
7,famous_le_100m,14,0.9285714285714286,1.0,8,srnet,cd49a01e56b798797da80701fbb2c143f9c9b793acafd594e62b223294d00ea3
7,famous_le_100m,15,1.0,1.0,8,srnet,cd49a01e56b798797da80701fbb2c143f9c9b793acafd594e62b223294d00ea3
7,famous_le_100m,16,1.0,1.0,8,srnet,cd49a01e56b798797da80701fbb2c143f9c9b793acafd594e62b223294d00ea3
7,famous_le_100m,17,1.0,1.0,8,srnet,cd49a01e56b798797da80701fbb2c143f9c9b793acafd594e62b223294d00ea3
7,famous_le_100m,18,1.0,1.0,8,srnet,cd49a01e56b798797da80701fbb2c143f9c9b793acafd594e62b223294d00ea3
7,famous_le_100m,19,1.0,1.0,8,srnet,cd49a01e56b798797da80701fbb2c143f9c9b793acafd594e62b223294d00ea3
7,famous_le_100m,20,1.0,1.0,8,srnet,cd49a01e56b798797da80701fbb2c143f9c9b793acafd594e62b223294d00ea3
7,famous_le_100m,21,1.0,1.0,8,srnet,cd49a01e56b798797da80701fbb2c143f9c9b793acafd594e62b223294d00ea3
7,famous_le_100m,22,1.0,1.0,8,srnet,cd49a01e56b798797da80701fbb2c143f9c9b793acafd594e62b223294d00ea3
7,famous_le_100m,23,1.0,1.0,8,srnet,cd49a01e56b798797da80701fbb2c143f9c9b793acafd594e62b223294d00ea3
8,torch_pretrained_classification,0,0.975,0.5,8,srnet,6f3c6e0ef9311be8e4964249d5388c06a31eeb24b7b6b01bd44cbaa8dae5119c
8,famous_le_10m,0,1.0,0.4,8,srnet,6f3c6e0ef9311be8e4964249d5388c06a31eeb24b7b6b01bd44cbaa8dae5119c
8,famous_le_10m,1,0.0,1.0,8,srnet,6f3c6e0ef9311be8e4964249d5388c06a31eeb24b7b6b01bd44cbaa8dae5119c
8,famous_le_10m,2,0.0,1.0,8,srnet,6f3c6e0ef9311be8e4964249d5388c06a31eeb24b7b6b01bd44cbaa8dae5119c
8,famous_le_10m,3,0.0,1.0,8,srnet,6f3c6e0ef9311be8e4964249d5388c06a31eeb24b7b6b01bd44cbaa8dae5119c
8,famous_le_10m,4,0.0,1.0,8,srnet,6f3c6e0ef9311be8e4964249d5388c06a31eeb24b7b6b01bd44cbaa8dae5119c
8,famous_le_10m,5,0.0,1.0,8,srnet,6f3c6e0ef9311be8e4964249d5388c06a31eeb24b7b6b01bd44cbaa8dae5119c
8,famous_le_10m,6,0.0,1.0,8,srnet,6f3c6e0ef9311be8e4964249d5388c06a31eeb24b7b6b01bd44cbaa8dae5119c
8,famous_le_10m,7,0.4,1.0,8,srnet,6f3c6e0ef9311be8e4964249d5388c06a31eeb24b7b6b01bd44cbaa8dae5119c
8,famous_le_10m,8,1.0,1.0,8,srnet,6f3c6e0ef9311be8e4964249d5388c06a31eeb24b7b6b01bd44cbaa8dae5119c
8,famous_le_10m,9,1.0,1.0,8,srnet,6f3c6e0ef9311be8e4964249d5388c06a31eeb24b7b6b01bd44cbaa8dae5119c
8,famous_le_10m,10,1.0,1.0,8,srnet,6f3c6e0ef9311be8e4964249d5388c06a31eeb24b7b6b01bd44cbaa8dae5119c
8,famous_le_10m,11,1.0,1.0,8,srnet,6f3c6e0ef9311be8e4964249d5388c06a31eeb24b7b6b01bd44cbaa8dae5119c
8,famous_le_10m,12,1.0,1.0,8,srnet,6f3c6e0ef9311be8e4964249d5388c06a31eeb24b7b6b01bd44cbaa8dae5119c
8,famous_le_10m,13,1.0,1.0,8,srnet,6f3c6e0ef9311be8e4964249d5388c06a31eeb24b7b6b01bd44cbaa8dae5119c
8,famous_le_10m,14,1.0,1.0,8,srnet,6f3c6e0ef9311be8e4964249d5388c06a31eeb24b7b6b01bd44cbaa8dae5119c
8,famous_le_10m,15,1.0,1.0,8,srnet,6f3c6e0ef9311be8e4964249d5388c06a31eeb24b7b6b01bd44cbaa8dae5119c
8,famous_le_10m,16,1.0,1.0,8,srnet,6f3c6e0ef9311be8e4964249d5388c06a31eeb24b7b6b01bd44cbaa8dae5119c
8,famous_le_10m,17,1.0,1.0,8,srnet,6f3c6e0ef9311be8e4964249d5388c06a31eeb24b7b6b01bd44cbaa8dae5119c
8,famous_le_10m,18,1.0,1.0,8,srnet,6f3c6e0ef9311be8e4964249d5388c06a31eeb24b7b6b01bd44cbaa8dae5119c
8,famous_le_10m,19,1.0,1.0,8,srnet,6f3c6e0ef9311be8e4964249d5388c06a31eeb24b7b6b01bd44cbaa8dae5119c
8,famous_le_10m,20,1.0,1.0,8,srnet,6f3c6e0ef9311be8e4964249d5388c06a31eeb24b7b6b01bd44cbaa8dae5119c
8,famous_le_10m,21,1.0,1.0,8,srnet,6f3c6e0ef9311be8e4964249d5388c06a31eeb24b7b6b01bd44cbaa8dae5119c
8,famous_le_10m,22,1.0,1.0,8,srnet,6f3c6e0ef9311be8e4964249d5388c06a31eeb24b7b6b01bd44cbaa8dae5119c
8,famous_le_10m,23,1.0,1.0,8,srnet,6f3c6e0ef9311be8e4964249d5388c06a31eeb24b7b6b01bd44cbaa8dae5119c
8,famous_le_100m,0,1.0,0.5714285714285714,8,srnet,6f3c6e0ef9311be8e4964249d5388c06a31eeb24b7b6b01bd44cbaa8dae5119c
8,famous_le_100m,1,0.0,0.42857142857142855,8,srnet,6f3c6e0ef9311be8e4964249d5388c06a31eeb24b7b6b01bd44cbaa8dae5119c
8,famous_le_100m,2,0.0,0.42857142857142855,8,srnet,6f3c6e0ef9311be8e4964249d5388c06a31eeb24b7b6b01bd44cbaa8dae5119c
8,famous_le_100m,3,0.0,0.42857142857142855,8,srnet,6f3c6e0ef9311be8e4964249d5388c06a31eeb24b7b6b01bd44cbaa8dae5119c
8,famous_le_100m,4,0.0,0.6428571428571429,8,srnet,6f3c6e0ef9311be8e4964249d5388c06a31eeb24b7b6b01bd44cbaa8dae5119c
8,famous_le_100m,5,0.07142857142857142,0.7857142857142857,8,srnet,6f3c6e0ef9311be8e4964249d5388c06a31eeb24b7b6b01bd44cbaa8dae5119c
8,famous_le_100m,6,0.07142857142857142,0.9285714285714286,8,srnet,6f3c6e0ef9311be8e4964249d5388c06a31eeb24b7b6b01bd44cbaa8dae5119c
8,famous_le_100m,7,0.42857142857142855,0.9285714285714286,8,srnet,6f3c6e0ef9311be8e4964249d5388c06a31eeb24b7b6b01bd44cbaa8dae5119c
8,famous_le_100m,8,0.7857142857142857,1.0,8,srnet,6f3c6e0ef9311be8e4964249d5388c06a31eeb24b7b6b01bd44cbaa8dae5119c
8,famous_le_100m,9,0.8571428571428571,0.9285714285714286,8,srnet,6f3c6e0ef9311be8e4964249d5388c06a31eeb24b7b6b01bd44cbaa8dae5119c
8,famous_le_100m,10,0.8571428571428571,0.9285714285714286,8,srnet,6f3c6e0ef9311be8e4964249d5388c06a31eeb24b7b6b01bd44cbaa8dae5119c
8,famous_le_100m,11,0.8571428571428571,0.9285714285714286,8,srnet,6f3c6e0ef9311be8e4964249d5388c06a31eeb24b7b6b01bd44cbaa8dae5119c
8,famous_le_100m,12,0.9285714285714286,0.9285714285714286,8,srnet,6f3c6e0ef9311be8e4964249d5388c06a31eeb24b7b6b01bd44cbaa8dae5119c
8,famous_le_100m,13,0.9285714285714286,1.0,8,srnet,6f3c6e0ef9311be8e4964249d5388c06a31eeb24b7b6b01bd44cbaa8dae5119c
8,famous_le_100m,14,0.9285714285714286,1.0,8,srnet,6f3c6e0ef9311be8e4964249d5388c06a31eeb24b7b6b01bd44cbaa8dae5119c
8,famous_le_100m,15,1.0,1.0,8,srnet,6f3c6e0ef9311be8e4964249d5388c06a31eeb24b7b6b01bd44cbaa8dae5119c
8,famous_le_100m,16,1.0,1.0,8,srnet,6f3c6e0ef9311be8e4964249d5388c06a31eeb24b7b6b01bd44cbaa8dae5119c
8,famous_le_100m,17,1.0,1.0,8,srnet,6f3c6e0ef9311be8e4964249d5388c06a31eeb24b7b6b01bd44cbaa8dae5119c
8,famous_le_100m,18,1.0,1.0,8,srnet,6f3c6e0ef9311be8e4964249d5388c06a31eeb24b7b6b01bd44cbaa8dae5119c
8,famous_le_100m,19,1.0,1.0,8,srnet,6f3c6e0ef9311be8e4964249d5388c06a31eeb24b7b6b01bd44cbaa8dae5119c
8,famous_le_100m,20,1.0,1.0,8,srnet,6f3c6e0ef9311be8e4964249d5388c06a31eeb24b7b6b01bd44cbaa8dae5119c
8,famous_le_100m,21,1.0,1.0,8,srnet,6f3c6e0ef9311be8e4964249d5388c06a31eeb24b7b6b01bd44cbaa8dae5119c
8,famous_le_100m,22,1.0,1.0,8,srnet,6f3c6e0ef9311be8e4964249d5388c06a31eeb24b7b6b01bd44cbaa8dae5119c
8,famous_le_100m,23,1.0,1.0,8,srnet,6f3c6e0ef9311be8e4964249d5388c06a31eeb24b7b6b01bd44cbaa8dae5119c
9,torch_pretrained_classification,0,0.975,0.625,8,srnet,89c805fc9545af561b6c89eb3fd4ec8ce0e23d71d5489c5e559949e7c34c2e9c
9,famous_le_10m,0,1.0,0.2,8,srnet,89c805fc9545af561b6c89eb3fd4ec8ce0e23d71d5489c5e559949e7c34c2e9c
9,famous_le_10m,1,0.0,0.8,8,srnet,89c805fc9545af561b6c89eb3fd4ec8ce0e23d71d5489c5e559949e7c34c2e9c
9,famous_le_10m,2,0.0,0.8,8,srnet,89c805fc9545af561b6c89eb3fd4ec8ce0e23d71d5489c5e559949e7c34c2e9c
9,famous_le_10m,3,0.0,1.0,8,srnet,89c805fc9545af561b6c89eb3fd4ec8ce0e23d71d5489c5e559949e7c34c2e9c
9,famous_le_10m,4,0.0,1.0,8,srnet,89c805fc9545af561b6c89eb3fd4ec8ce0e23d71d5489c5e559949e7c34c2e9c
9,famous_le_10m,5,0.0,1.0,8,srnet,89c805fc9545af561b6c89eb3fd4ec8ce0e23d71d5489c5e559949e7c34c2e9c
9,famous_le_10m,6,0.0,1.0,8,srnet,89c805fc9545af561b6c89eb3fd4ec8ce0e23d71d5489c5e559949e7c34c2e9c
9,famous_le_10m,7,0.4,1.0,8,srnet,89c805fc9545af561b6c89eb3fd4ec8ce0e23d71d5489c5e559949e7c34c2e9c
9,famous_le_10m,8,1.0,1.0,8,srnet,89c805fc9545af561b6c89eb3fd4ec8ce0e23d71d5489c5e559949e7c34c2e9c
9,famous_le_10m,9,1.0,1.0,8,srnet,89c805fc9545af561b6c89eb3fd4ec8ce0e23d71d5489c5e559949e7c34c2e9c
9,famous_le_10m,10,1.0,1.0,8,srnet,89c805fc9545af561b6c89eb3fd4ec8ce0e23d71d5489c5e559949e7c34c2e9c
9,famous_le_10m,11,1.0,1.0,8,srnet,89c805fc9545af561b6c89eb3fd4ec8ce0e23d71d5489c5e559949e7c34c2e9c
9,famous_le_10m,12,1.0,1.0,8,srnet,89c805fc9545af561b6c89eb3fd4ec8ce0e23d71d5489c5e559949e7c34c2e9c
9,famous_le_10m,13,1.0,1.0,8,srnet,89c805fc9545af561b6c89eb3fd4ec8ce0e23d71d5489c5e559949e7c34c2e9c
9,famous_le_10m,14,1.0,1.0,8,srnet,89c805fc9545af561b6c89eb3fd4ec8ce0e23d71d5489c5e559949e7c34c2e9c
9,famous_le_10m,15,1.0,1.0,8,srnet,89c805fc9545af561b6c89eb3fd4ec8ce0e23d71d5489c5e559949e7c34c2e9c
9,famous_le_10m,16,1.0,1.0,8,srnet,89c805fc9545af561b6c89eb3fd4ec8ce0e23d71d5489c5e559949e7c34c2e9c
9,famous_le_10m,17,1.0,1.0,8,srnet,89c805fc9545af561b6c89eb3fd4ec8ce0e23d71d5489c5e559949e7c34c2e9c
9,famous_le_10m,18,1.0,1.0,8,srnet,89c805fc9545af561b6c89eb3fd4ec8ce0e23d71d5489c5e559949e7c34c2e9c
9,famous_le_10m,19,1.0,1.0,8,srnet,89c805fc9545af561b6c89eb3fd4ec8ce0e23d71d5489c5e559949e7c34c2e9c
9,famous_le_10m,20,1.0,1.0,8,srnet,89c805fc9545af561b6c89eb3fd4ec8ce0e23d71d5489c5e559949e7c34c2e9c
9,famous_le_10m,21,1.0,1.0,8,srnet,89c805fc9545af561b6c89eb3fd4ec8ce0e23d71d5489c5e559949e7c34c2e9c
9,famous_le_10m,22,1.0,1.0,8,srnet,89c805fc9545af561b6c89eb3fd4ec8ce0e23d71d5489c5e559949e7c34c2e9c
9,famous_le_10m,23,1.0,1.0,8,srnet,89c805fc9545af561b6c89eb3fd4ec8ce0e23d71d5489c5e559949e7c34c2e9c
9,famous_le_100m,0,1.0,0.6428571428571429,8,srnet,89c805fc9545af561b6c89eb3fd4ec8ce0e23d71d5489c5e559949e7c34c2e9c
9,famous_le_100m,1,0.0,0.35714285714285715,8,srnet,89c805fc9545af561b6c89eb3fd4ec8ce0e23d71d5489c5e559949e7c34c2e9c
9,famous_le_100m,2,0.0,0.35714285714285715,8,srnet,89c805fc9545af561b6c89eb3fd4ec8ce0e23d71d5489c5e559949e7c34c2e9c
9,famous_le_100m,3,0.0,0.35714285714285715,8,srnet,89c805fc9545af561b6c89eb3fd4ec8ce0e23d71d5489c5e559949e7c34c2e9c
9,famous_le_100m,4,0.0,0.42857142857142855,8,srnet,89c805fc9545af561b6c89eb3fd4ec8ce0e23d71d5489c5e559949e7c34c2e9c
9,famous_le_100m,5,0.0,0.6428571428571429,8,srnet,89c805fc9545af561b6c89eb3fd4ec8ce0e23d71d5489c5e559949e7c34c2e9c
9,famous_le_100m,6,0.07142857142857142,0.7857142857142857,8,srnet,89c805fc9545af561b6c89eb3fd4ec8ce0e23d71d5489c5e559949e7c34c2e9c
9,famous_le_100m,7,0.42857142857142855,1.0,8,srnet,89c805fc9545af561b6c89eb3fd4ec8ce0e23d71d5489c5e559949e7c34c2e9c
9,famous_le_100m,8,0.7857142857142857,1.0,8,srnet,89c805fc9545af561b6c89eb3fd4ec8ce0e23d71d5489c5e559949e7c34c2e9c
9,famous_le_100m,9,0.8571428571428571,1.0,8,srnet,89c805fc9545af561b6c89eb3fd4ec8ce0e23d71d5489c5e559949e7c34c2e9c
9,famous_le_100m,10,0.8571428571428571,1.0,8,srnet,89c805fc9545af561b6c89eb3fd4ec8ce0e23d71d5489c5e559949e7c34c2e9c
9,famous_le_100m,11,0.8571428571428571,1.0,8,srnet,89c805fc9545af561b6c89eb3fd4ec8ce0e23d71d5489c5e559949e7c34c2e9c
9,famous_le_100m,12,0.9285714285714286,1.0,8,srnet,89c805fc9545af561b6c89eb3fd4ec8ce0e23d71d5489c5e559949e7c34c2e9c
9,famous_le_100m,13,0.9285714285714286,1.0,8,srnet,89c805fc9545af561b6c89eb3fd4ec8ce0e23d71d5489c5e559949e7c34c2e9c
9,famous_le_100m,14,0.9285714285714286,1.0,8,srnet,89c805fc9545af561b6c89eb3fd4ec8ce0e23d71d5489c5e559949e7c34c2e9c
9,famous_le_100m,15,0.9285714285714286,1.0,8,srnet,89c805fc9545af561b6c89eb3fd4ec8ce0e23d71d5489c5e559949e7c34c2e9c
9,famous_le_100m,16,1.0,1.0,8,srnet,89c805fc9545af561b6c89eb3fd4ec8ce0e23d71d5489c5e559949e7c34c2e9c
9,famous_le_100m,17,1.0,1.0,8,srnet,89c805fc9545af561b6c89eb3fd4ec8ce0e23d71d5489c5e559949e7c34c2e9c
9,famous_le_100m,18,1.0,1.0,8,srnet,89c805fc9545af561b6c89eb3fd4ec8ce0e23d71d5489c5e559949e7c34c2e9c
9,famous_le_100m,19,1.0,1.0,8,srnet,89c805fc9545af561b6c89eb3fd4ec8ce0e23d71d5489c5e559949e7c34c2e9c
9,famous_le_100m,20,1.0,1.0,8,srnet,89c805fc9545af561b6c89eb3fd4ec8ce0e23d71d5489c5e559949e7c34c2e9c
9,famous_le_100m,21,1.0,1.0,8,srnet,89c805fc9545af561b6c89eb3fd4ec8ce0e23d71d5489c5e559949e7c34c2e9c
9,famous_le_100m,22,1.0,1.0,8,srnet,89c805fc9545af561b6c89eb3fd4ec8ce0e23d71d5489c5e559949e7c34c2e9c
9,famous_le_100m,23,1.0,1.0,8,srnet,89c805fc9545af561b6c89eb3fd4ec8ce0e23d71d5489c5e559949e7c34c2e9c
