run num,mc,lsb,test_acc_centroid,test_acc_nn,model_lsb,model_arch,model_sha256
0,torch_pretrained_classification,0,0.5875,0.45,1,osl_siamese_cnn,00073b9360b2de6b0b58a702dab78311f603c4af42b63d69c4d05b7fc2abeb2d
0,famous_le_10m,0,0.6,0.4,1,osl_siamese_cnn,00073b9360b2de6b0b58a702dab78311f603c4af42b63d69c4d05b7fc2abeb2d
0,famous_le_10m,1,0.4,0.6,1,osl_siamese_cnn,00073b9360b2de6b0b58a702dab78311f603c4af42b63d69c4d05b7fc2abeb2d
0,famous_le_10m,2,0.4,0.6,1,osl_siamese_cnn,00073b9360b2de6b0b58a702dab78311f603c4af42b63d69c4d05b7fc2abeb2d
0,famous_le_10m,3,0.4,0.6,1,osl_siamese_cnn,00073b9360b2de6b0b58a702dab78311f603c4af42b63d69c4d05b7fc2abeb2d
0,famous_le_10m,4,0.4,0.6,1,osl_siamese_cnn,00073b9360b2de6b0b58a702dab78311f603c4af42b63d69c4d05b7fc2abeb2d
0,famous_le_10m,5,0.4,0.6,1,osl_siamese_cnn,00073b9360b2de6b0b58a702dab78311f603c4af42b63d69c4d05b7fc2abeb2d
0,famous_le_10m,6,0.8,0.4,1,osl_siamese_cnn,00073b9360b2de6b0b58a702dab78311f603c4af42b63d69c4d05b7fc2abeb2d
0,famous_le_10m,7,0.8,1.0,1,osl_siamese_cnn,00073b9360b2de6b0b58a702dab78311f603c4af42b63d69c4d05b7fc2abeb2d
0,famous_le_10m,8,0.8,0.8,1,osl_siamese_cnn,00073b9360b2de6b0b58a702dab78311f603c4af42b63d69c4d05b7fc2abeb2d
0,famous_le_10m,9,0.8,0.8,1,osl_siamese_cnn,00073b9360b2de6b0b58a702dab78311f603c4af42b63d69c4d05b7fc2abeb2d
0,famous_le_10m,10,1.0,0.8,1,osl_siamese_cnn,00073b9360b2de6b0b58a702dab78311f603c4af42b63d69c4d05b7fc2abeb2d
0,famous_le_10m,11,1.0,1.0,1,osl_siamese_cnn,00073b9360b2de6b0b58a702dab78311f603c4af42b63d69c4d05b7fc2abeb2d
0,famous_le_10m,12,0.8,1.0,1,osl_siamese_cnn,00073b9360b2de6b0b58a702dab78311f603c4af42b63d69c4d05b7fc2abeb2d
0,famous_le_10m,13,1.0,0.8,1,osl_siamese_cnn,00073b9360b2de6b0b58a702dab78311f603c4af42b63d69c4d05b7fc2abeb2d
0,famous_le_10m,14,0.8,0.6,1,osl_siamese_cnn,00073b9360b2de6b0b58a702dab78311f603c4af42b63d69c4d05b7fc2abeb2d
0,famous_le_10m,15,0.8,1.0,1,osl_siamese_cnn,00073b9360b2de6b0b58a702dab78311f603c4af42b63d69c4d05b7fc2abeb2d
0,famous_le_10m,16,0.0,0.0,1,osl_siamese_cnn,00073b9360b2de6b0b58a702dab78311f603c4af42b63d69c4d05b7fc2abeb2d
0,famous_le_10m,17,1.0,0.8,1,osl_siamese_cnn,00073b9360b2de6b0b58a702dab78311f603c4af42b63d69c4d05b7fc2abeb2d
0,famous_le_10m,18,0.6,0.6,1,osl_siamese_cnn,00073b9360b2de6b0b58a702dab78311f603c4af42b63d69c4d05b7fc2abeb2d
0,famous_le_10m,19,0.8,0.4,1,osl_siamese_cnn,00073b9360b2de6b0b58a702dab78311f603c4af42b63d69c4d05b7fc2abeb2d
0,famous_le_10m,20,0.0,0.6,1,osl_siamese_cnn,00073b9360b2de6b0b58a702dab78311f603c4af42b63d69c4d05b7fc2abeb2d
0,famous_le_10m,21,1.0,0.8,1,osl_siamese_cnn,00073b9360b2de6b0b58a702dab78311f603c4af42b63d69c4d05b7fc2abeb2d
0,famous_le_10m,22,0.8,0.8,1,osl_siamese_cnn,00073b9360b2de6b0b58a702dab78311f603c4af42b63d69c4d05b7fc2abeb2d
0,famous_le_10m,23,1.0,1.0,1,osl_siamese_cnn,00073b9360b2de6b0b58a702dab78311f603c4af42b63d69c4d05b7fc2abeb2d
0,famous_le_100m,0,0.6428571428571429,0.5,1,osl_siamese_cnn,00073b9360b2de6b0b58a702dab78311f603c4af42b63d69c4d05b7fc2abeb2d
0,famous_le_100m,1,0.35714285714285715,0.5,1,osl_siamese_cnn,00073b9360b2de6b0b58a702dab78311f603c4af42b63d69c4d05b7fc2abeb2d
0,famous_le_100m,2,0.35714285714285715,0.5,1,osl_siamese_cnn,00073b9360b2de6b0b58a702dab78311f603c4af42b63d69c4d05b7fc2abeb2d
0,famous_le_100m,3,0.35714285714285715,0.5,1,osl_siamese_cnn,00073b9360b2de6b0b58a702dab78311f603c4af42b63d69c4d05b7fc2abeb2d
0,famous_le_100m,4,0.35714285714285715,0.5,1,osl_siamese_cnn,00073b9360b2de6b0b58a702dab78311f603c4af42b63d69c4d05b7fc2abeb2d
0,famous_le_100m,5,0.35714285714285715,0.42857142857142855,1,osl_siamese_cnn,00073b9360b2de6b0b58a702dab78311f603c4af42b63d69c4d05b7fc2abeb2d
0,famous_le_100m,6,0.35714285714285715,0.2857142857142857,1,osl_siamese_cnn,00073b9360b2de6b0b58a702dab78311f603c4af42b63d69c4d05b7fc2abeb2d
0,famous_le_100m,7,0.35714285714285715,0.5,1,osl_siamese_cnn,00073b9360b2de6b0b58a702dab78311f603c4af42b63d69c4d05b7fc2abeb2d
0,famous_le_100m,8,0.5,0.21428571428571427,1,osl_siamese_cnn,00073b9360b2de6b0b58a702dab78311f603c4af42b63d69c4d05b7fc2abeb2d
0,famous_le_100m,9,0.5,0.35714285714285715,1,osl_siamese_cnn,00073b9360b2de6b0b58a702dab78311f603c4af42b63d69c4d05b7fc2abeb2d
0,famous_le_100m,10,0.42857142857142855,0.42857142857142855,1,osl_siamese_cnn,00073b9360b2de6b0b58a702dab78311f603c4af42b63d69c4d05b7fc2abeb2d
0,famous_le_100m,11,0.42857142857142855,0.42857142857142855,1,osl_siamese_cnn,00073b9360b2de6b0b58a702dab78311f603c4af42b63d69c4d05b7fc2abeb2d
0,famous_le_100m,12,0.42857142857142855,0.2857142857142857,1,osl_siamese_cnn,00073b9360b2de6b0b58a702dab78311f603c4af42b63d69c4d05b7fc2abeb2d
0,famous_le_100m,13,0.2857142857142857,0.21428571428571427,1,osl_siamese_cnn,00073b9360b2de6b0b58a702dab78311f603c4af42b63d69c4d05b7fc2abeb2d
0,famous_le_100m,14,0.42857142857142855,0.35714285714285715,1,osl_siamese_cnn,00073b9360b2de6b0b58a702dab78311f603c4af42b63d69c4d05b7fc2abeb2d
0,famous_le_100m,15,0.35714285714285715,0.21428571428571427,1,osl_siamese_cnn,00073b9360b2de6b0b58a702dab78311f603c4af42b63d69c4d05b7fc2abeb2d
0,famous_le_100m,16,0.35714285714285715,0.21428571428571427,1,osl_siamese_cnn,00073b9360b2de6b0b58a702dab78311f603c4af42b63d69c4d05b7fc2abeb2d
0,famous_le_100m,17,0.21428571428571427,0.14285714285714285,1,osl_siamese_cnn,00073b9360b2de6b0b58a702dab78311f603c4af42b63d69c4d05b7fc2abeb2d
0,famous_le_100m,18,0.21428571428571427,0.14285714285714285,1,osl_siamese_cnn,00073b9360b2de6b0b58a702dab78311f603c4af42b63d69c4d05b7fc2abeb2d
0,famous_le_100m,19,0.14285714285714285,0.14285714285714285,1,osl_siamese_cnn,00073b9360b2de6b0b58a702dab78311f603c4af42b63d69c4d05b7fc2abeb2d
0,famous_le_100m,20,0.14285714285714285,0.14285714285714285,1,osl_siamese_cnn,00073b9360b2de6b0b58a702dab78311f603c4af42b63d69c4d05b7fc2abeb2d
0,famous_le_100m,21,0.14285714285714285,0.14285714285714285,1,osl_siamese_cnn,00073b9360b2de6b0b58a702dab78311f603c4af42b63d69c4d05b7fc2abeb2d
0,famous_le_100m,22,0.21428571428571427,0.21428571428571427,1,osl_siamese_cnn,00073b9360b2de6b0b58a702dab78311f603c4af42b63d69c4d05b7fc2abeb2d
0,famous_le_100m,23,0.42857142857142855,0.35714285714285715,1,osl_siamese_cnn,00073b9360b2de6b0b58a702dab78311f603c4af42b63d69c4d05b7fc2abeb2d
1,torch_pretrained_classification,0,0.6125,0.45,1,osl_siamese_cnn,faf58eac48df41ccdec8d09c67dadaf759562941a54d2e9ba5e4617b1ee57245
1,famous_le_10m,0,1.0,0.2,1,osl_siamese_cnn,faf58eac48df41ccdec8d09c67dadaf759562941a54d2e9ba5e4617b1ee57245
1,famous_le_10m,1,0.0,0.6,1,osl_siamese_cnn,faf58eac48df41ccdec8d09c67dadaf759562941a54d2e9ba5e4617b1ee57245
1,famous_le_10m,2,0.0,0.6,1,osl_siamese_cnn,faf58eac48df41ccdec8d09c67dadaf759562941a54d2e9ba5e4617b1ee57245
1,famous_le_10m,3,0.0,0.2,1,osl_siamese_cnn,faf58eac48df41ccdec8d09c67dadaf759562941a54d2e9ba5e4617b1ee57245
1,famous_le_10m,4,0.6,0.0,1,osl_siamese_cnn,faf58eac48df41ccdec8d09c67dadaf759562941a54d2e9ba5e4617b1ee57245
1,famous_le_10m,5,1.0,0.4,1,osl_siamese_cnn,faf58eac48df41ccdec8d09c67dadaf759562941a54d2e9ba5e4617b1ee57245
1,famous_le_10m,6,1.0,0.8,1,osl_siamese_cnn,faf58eac48df41ccdec8d09c67dadaf759562941a54d2e9ba5e4617b1ee57245
1,famous_le_10m,7,1.0,1.0,1,osl_siamese_cnn,faf58eac48df41ccdec8d09c67dadaf759562941a54d2e9ba5e4617b1ee57245
1,famous_le_10m,8,1.0,1.0,1,osl_siamese_cnn,faf58eac48df41ccdec8d09c67dadaf759562941a54d2e9ba5e4617b1ee57245
1,famous_le_10m,9,1.0,1.0,1,osl_siamese_cnn,faf58eac48df41ccdec8d09c67dadaf759562941a54d2e9ba5e4617b1ee57245
1,famous_le_10m,10,1.0,1.0,1,osl_siamese_cnn,faf58eac48df41ccdec8d09c67dadaf759562941a54d2e9ba5e4617b1ee57245
1,famous_le_10m,11,1.0,1.0,1,osl_siamese_cnn,faf58eac48df41ccdec8d09c67dadaf759562941a54d2e9ba5e4617b1ee57245
1,famous_le_10m,12,1.0,1.0,1,osl_siamese_cnn,faf58eac48df41ccdec8d09c67dadaf759562941a54d2e9ba5e4617b1ee57245
1,famous_le_10m,13,1.0,1.0,1,osl_siamese_cnn,faf58eac48df41ccdec8d09c67dadaf759562941a54d2e9ba5e4617b1ee57245
1,famous_le_10m,14,1.0,1.0,1,osl_siamese_cnn,faf58eac48df41ccdec8d09c67dadaf759562941a54d2e9ba5e4617b1ee57245
1,famous_le_10m,15,1.0,1.0,1,osl_siamese_cnn,faf58eac48df41ccdec8d09c67dadaf759562941a54d2e9ba5e4617b1ee57245
1,famous_le_10m,16,1.0,1.0,1,osl_siamese_cnn,faf58eac48df41ccdec8d09c67dadaf759562941a54d2e9ba5e4617b1ee57245
1,famous_le_10m,17,1.0,1.0,1,osl_siamese_cnn,faf58eac48df41ccdec8d09c67dadaf759562941a54d2e9ba5e4617b1ee57245
1,famous_le_10m,18,1.0,1.0,1,osl_siamese_cnn,faf58eac48df41ccdec8d09c67dadaf759562941a54d2e9ba5e4617b1ee57245
1,famous_le_10m,19,1.0,1.0,1,osl_siamese_cnn,faf58eac48df41ccdec8d09c67dadaf759562941a54d2e9ba5e4617b1ee57245
1,famous_le_10m,20,1.0,1.0,1,osl_siamese_cnn,faf58eac48df41ccdec8d09c67dadaf759562941a54d2e9ba5e4617b1ee57245
1,famous_le_10m,21,1.0,1.0,1,osl_siamese_cnn,faf58eac48df41ccdec8d09c67dadaf759562941a54d2e9ba5e4617b1ee57245
1,famous_le_10m,22,1.0,1.0,1,osl_siamese_cnn,faf58eac48df41ccdec8d09c67dadaf759562941a54d2e9ba5e4617b1ee57245
1,famous_le_10m,23,1.0,1.0,1,osl_siamese_cnn,faf58eac48df41ccdec8d09c67dadaf759562941a54d2e9ba5e4617b1ee57245
1,famous_le_100m,0,0.7142857142857143,0.42857142857142855,1,osl_siamese_cnn,faf58eac48df41ccdec8d09c67dadaf759562941a54d2e9ba5e4617b1ee57245
1,famous_le_100m,1,0.2857142857142857,0.5,1,osl_siamese_cnn,faf58eac48df41ccdec8d09c67dadaf759562941a54d2e9ba5e4617b1ee57245
1,famous_le_100m,2,0.2857142857142857,0.5,1,osl_siamese_cnn,faf58eac48df41ccdec8d09c67dadaf759562941a54d2e9ba5e4617b1ee57245
1,famous_le_100m,3,0.2857142857142857,0.6428571428571429,1,osl_siamese_cnn,faf58eac48df41ccdec8d09c67dadaf759562941a54d2e9ba5e4617b1ee57245
1,famous_le_100m,4,0.21428571428571427,0.6428571428571429,1,osl_siamese_cnn,faf58eac48df41ccdec8d09c67dadaf759562941a54d2e9ba5e4617b1ee57245
1,famous_le_100m,5,0.21428571428571427,0.5714285714285714,1,osl_siamese_cnn,faf58eac48df41ccdec8d09c67dadaf759562941a54d2e9ba5e4617b1ee57245
1,famous_le_100m,6,0.35714285714285715,0.5714285714285714,1,osl_siamese_cnn,faf58eac48df41ccdec8d09c67dadaf759562941a54d2e9ba5e4617b1ee57245
1,famous_le_100m,7,0.35714285714285715,0.5,1,osl_siamese_cnn,faf58eac48df41ccdec8d09c67dadaf759562941a54d2e9ba5e4617b1ee57245
1,famous_le_100m,8,0.42857142857142855,0.7142857142857143,1,osl_siamese_cnn,faf58eac48df41ccdec8d09c67dadaf759562941a54d2e9ba5e4617b1ee57245
1,famous_le_100m,9,0.42857142857142855,0.5714285714285714,1,osl_siamese_cnn,faf58eac48df41ccdec8d09c67dadaf759562941a54d2e9ba5e4617b1ee57245
1,famous_le_100m,10,0.42857142857142855,0.6428571428571429,1,osl_siamese_cnn,faf58eac48df41ccdec8d09c67dadaf759562941a54d2e9ba5e4617b1ee57245
1,famous_le_100m,11,0.42857142857142855,0.6428571428571429,1,osl_siamese_cnn,faf58eac48df41ccdec8d09c67dadaf759562941a54d2e9ba5e4617b1ee57245
1,famous_le_100m,12,0.6428571428571429,0.9285714285714286,1,osl_siamese_cnn,faf58eac48df41ccdec8d09c67dadaf759562941a54d2e9ba5e4617b1ee57245
1,famous_le_100m,13,0.7857142857142857,0.8571428571428571,1,osl_siamese_cnn,faf58eac48df41ccdec8d09c67dadaf759562941a54d2e9ba5e4617b1ee57245
1,famous_le_100m,14,0.8571428571428571,0.9285714285714286,1,osl_siamese_cnn,faf58eac48df41ccdec8d09c67dadaf759562941a54d2e9ba5e4617b1ee57245
1,famous_le_100m,15,0.8571428571428571,0.9285714285714286,1,osl_siamese_cnn,faf58eac48df41ccdec8d09c67dadaf759562941a54d2e9ba5e4617b1ee57245
1,famous_le_100m,16,0.9285714285714286,0.8571428571428571,1,osl_siamese_cnn,faf58eac48df41ccdec8d09c67dadaf759562941a54d2e9ba5e4617b1ee57245
1,famous_le_100m,17,0.9285714285714286,0.9285714285714286,1,osl_siamese_cnn,faf58eac48df41ccdec8d09c67dadaf759562941a54d2e9ba5e4617b1ee57245
1,famous_le_100m,18,0.9285714285714286,0.9285714285714286,1,osl_siamese_cnn,faf58eac48df41ccdec8d09c67dadaf759562941a54d2e9ba5e4617b1ee57245
1,famous_le_100m,19,0.9285714285714286,0.9285714285714286,1,osl_siamese_cnn,faf58eac48df41ccdec8d09c67dadaf759562941a54d2e9ba5e4617b1ee57245
1,famous_le_100m,20,0.9285714285714286,1.0,1,osl_siamese_cnn,faf58eac48df41ccdec8d09c67dadaf759562941a54d2e9ba5e4617b1ee57245
1,famous_le_100m,21,1.0,1.0,1,osl_siamese_cnn,faf58eac48df41ccdec8d09c67dadaf759562941a54d2e9ba5e4617b1ee57245
1,famous_le_100m,22,1.0,1.0,1,osl_siamese_cnn,faf58eac48df41ccdec8d09c67dadaf759562941a54d2e9ba5e4617b1ee57245
1,famous_le_100m,23,1.0,1.0,1,osl_siamese_cnn,faf58eac48df41ccdec8d09c67dadaf759562941a54d2e9ba5e4617b1ee57245
2,torch_pretrained_classification,0,0.6875,0.4,1,osl_siamese_cnn,c9b0343ccb2a9c845ff3017a4c12fc7347ba5b437e6562186251544b8d7e42d0
2,famous_le_10m,0,1.0,0.6,1,osl_siamese_cnn,c9b0343ccb2a9c845ff3017a4c12fc7347ba5b437e6562186251544b8d7e42d0
2,famous_le_10m,1,0.0,0.6,1,osl_siamese_cnn,c9b0343ccb2a9c845ff3017a4c12fc7347ba5b437e6562186251544b8d7e42d0
2,famous_le_10m,2,0.0,0.2,1,osl_siamese_cnn,c9b0343ccb2a9c845ff3017a4c12fc7347ba5b437e6562186251544b8d7e42d0
2,famous_le_10m,3,0.0,0.2,1,osl_siamese_cnn,c9b0343ccb2a9c845ff3017a4c12fc7347ba5b437e6562186251544b8d7e42d0
2,famous_le_10m,4,0.8,0.2,1,osl_siamese_cnn,c9b0343ccb2a9c845ff3017a4c12fc7347ba5b437e6562186251544b8d7e42d0
2,famous_le_10m,5,1.0,0.6,1,osl_siamese_cnn,c9b0343ccb2a9c845ff3017a4c12fc7347ba5b437e6562186251544b8d7e42d0
2,famous_le_10m,6,1.0,1.0,1,osl_siamese_cnn,c9b0343ccb2a9c845ff3017a4c12fc7347ba5b437e6562186251544b8d7e42d0
2,famous_le_10m,7,1.0,1.0,1,osl_siamese_cnn,c9b0343ccb2a9c845ff3017a4c12fc7347ba5b437e6562186251544b8d7e42d0
2,famous_le_10m,8,1.0,1.0,1,osl_siamese_cnn,c9b0343ccb2a9c845ff3017a4c12fc7347ba5b437e6562186251544b8d7e42d0
2,famous_le_10m,9,1.0,1.0,1,osl_siamese_cnn,c9b0343ccb2a9c845ff3017a4c12fc7347ba5b437e6562186251544b8d7e42d0
2,famous_le_10m,10,1.0,1.0,1,osl_siamese_cnn,c9b0343ccb2a9c845ff3017a4c12fc7347ba5b437e6562186251544b8d7e42d0
2,famous_le_10m,11,1.0,1.0,1,osl_siamese_cnn,c9b0343ccb2a9c845ff3017a4c12fc7347ba5b437e6562186251544b8d7e42d0
2,famous_le_10m,12,1.0,1.0,1,osl_siamese_cnn,c9b0343ccb2a9c845ff3017a4c12fc7347ba5b437e6562186251544b8d7e42d0
2,famous_le_10m,13,1.0,1.0,1,osl_siamese_cnn,c9b0343ccb2a9c845ff3017a4c12fc7347ba5b437e6562186251544b8d7e42d0
2,famous_le_10m,14,1.0,1.0,1,osl_siamese_cnn,c9b0343ccb2a9c845ff3017a4c12fc7347ba5b437e6562186251544b8d7e42d0
2,famous_le_10m,15,1.0,1.0,1,osl_siamese_cnn,c9b0343ccb2a9c845ff3017a4c12fc7347ba5b437e6562186251544b8d7e42d0
2,famous_le_10m,16,1.0,1.0,1,osl_siamese_cnn,c9b0343ccb2a9c845ff3017a4c12fc7347ba5b437e6562186251544b8d7e42d0
2,famous_le_10m,17,1.0,1.0,1,osl_siamese_cnn,c9b0343ccb2a9c845ff3017a4c12fc7347ba5b437e6562186251544b8d7e42d0
2,famous_le_10m,18,1.0,1.0,1,osl_siamese_cnn,c9b0343ccb2a9c845ff3017a4c12fc7347ba5b437e6562186251544b8d7e42d0
2,famous_le_10m,19,1.0,1.0,1,osl_siamese_cnn,c9b0343ccb2a9c845ff3017a4c12fc7347ba5b437e6562186251544b8d7e42d0
2,famous_le_10m,20,1.0,1.0,1,osl_siamese_cnn,c9b0343ccb2a9c845ff3017a4c12fc7347ba5b437e6562186251544b8d7e42d0
2,famous_le_10m,21,1.0,1.0,1,osl_siamese_cnn,c9b0343ccb2a9c845ff3017a4c12fc7347ba5b437e6562186251544b8d7e42d0
2,famous_le_10m,22,1.0,1.0,1,osl_siamese_cnn,c9b0343ccb2a9c845ff3017a4c12fc7347ba5b437e6562186251544b8d7e42d0
2,famous_le_10m,23,1.0,1.0,1,osl_siamese_cnn,c9b0343ccb2a9c845ff3017a4c12fc7347ba5b437e6562186251544b8d7e42d0
2,famous_le_100m,0,0.7142857142857143,0.42857142857142855,1,osl_siamese_cnn,c9b0343ccb2a9c845ff3017a4c12fc7347ba5b437e6562186251544b8d7e42d0
2,famous_le_100m,1,0.2857142857142857,0.5714285714285714,1,osl_siamese_cnn,c9b0343ccb2a9c845ff3017a4c12fc7347ba5b437e6562186251544b8d7e42d0
2,famous_le_100m,2,0.2857142857142857,0.5714285714285714,1,osl_siamese_cnn,c9b0343ccb2a9c845ff3017a4c12fc7347ba5b437e6562186251544b8d7e42d0
2,famous_le_100m,3,0.21428571428571427,0.5714285714285714,1,osl_siamese_cnn,c9b0343ccb2a9c845ff3017a4c12fc7347ba5b437e6562186251544b8d7e42d0
2,famous_le_100m,4,0.21428571428571427,0.5,1,osl_siamese_cnn,c9b0343ccb2a9c845ff3017a4c12fc7347ba5b437e6562186251544b8d7e42d0
2,famous_le_100m,5,0.21428571428571427,0.5,1,osl_siamese_cnn,c9b0343ccb2a9c845ff3017a4c12fc7347ba5b437e6562186251544b8d7e42d0
2,famous_le_100m,6,0.35714285714285715,0.42857142857142855,1,osl_siamese_cnn,c9b0343ccb2a9c845ff3017a4c12fc7347ba5b437e6562186251544b8d7e42d0
2,famous_le_100m,7,0.5,0.5,1,osl_siamese_cnn,c9b0343ccb2a9c845ff3017a4c12fc7347ba5b437e6562186251544b8d7e42d0
2,famous_le_100m,8,0.5,0.7142857142857143,1,osl_siamese_cnn,c9b0343ccb2a9c845ff3017a4c12fc7347ba5b437e6562186251544b8d7e42d0
2,famous_le_100m,9,0.42857142857142855,0.6428571428571429,1,osl_siamese_cnn,c9b0343ccb2a9c845ff3017a4c12fc7347ba5b437e6562186251544b8d7e42d0
2,famous_le_100m,10,0.5714285714285714,0.7857142857142857,1,osl_siamese_cnn,c9b0343ccb2a9c845ff3017a4c12fc7347ba5b437e6562186251544b8d7e42d0
2,famous_le_100m,11,0.7142857142857143,0.8571428571428571,1,osl_siamese_cnn,c9b0343ccb2a9c845ff3017a4c12fc7347ba5b437e6562186251544b8d7e42d0
2,famous_le_100m,12,0.8571428571428571,0.9285714285714286,1,osl_siamese_cnn,c9b0343ccb2a9c845ff3017a4c12fc7347ba5b437e6562186251544b8d7e42d0
2,famous_le_100m,13,0.8571428571428571,1.0,1,osl_siamese_cnn,c9b0343ccb2a9c845ff3017a4c12fc7347ba5b437e6562186251544b8d7e42d0
2,famous_le_100m,14,0.8571428571428571,1.0,1,osl_siamese_cnn,c9b0343ccb2a9c845ff3017a4c12fc7347ba5b437e6562186251544b8d7e42d0
2,famous_le_100m,15,0.8571428571428571,1.0,1,osl_siamese_cnn,c9b0343ccb2a9c845ff3017a4c12fc7347ba5b437e6562186251544b8d7e42d0
2,famous_le_100m,16,0.8571428571428571,1.0,1,osl_siamese_cnn,c9b0343ccb2a9c845ff3017a4c12fc7347ba5b437e6562186251544b8d7e42d0
2,famous_le_100m,17,0.9285714285714286,1.0,1,osl_siamese_cnn,c9b0343ccb2a9c845ff3017a4c12fc7347ba5b437e6562186251544b8d7e42d0
2,famous_le_100m,18,0.9285714285714286,0.9285714285714286,1,osl_siamese_cnn,c9b0343ccb2a9c845ff3017a4c12fc7347ba5b437e6562186251544b8d7e42d0
2,famous_le_100m,19,0.9285714285714286,0.9285714285714286,1,osl_siamese_cnn,c9b0343ccb2a9c845ff3017a4c12fc7347ba5b437e6562186251544b8d7e42d0
2,famous_le_100m,20,0.9285714285714286,0.9285714285714286,1,osl_siamese_cnn,c9b0343ccb2a9c845ff3017a4c12fc7347ba5b437e6562186251544b8d7e42d0
2,famous_le_100m,21,1.0,1.0,1,osl_siamese_cnn,c9b0343ccb2a9c845ff3017a4c12fc7347ba5b437e6562186251544b8d7e42d0
2,famous_le_100m,22,1.0,1.0,1,osl_siamese_cnn,c9b0343ccb2a9c845ff3017a4c12fc7347ba5b437e6562186251544b8d7e42d0
2,famous_le_100m,23,1.0,1.0,1,osl_siamese_cnn,c9b0343ccb2a9c845ff3017a4c12fc7347ba5b437e6562186251544b8d7e42d0
3,torch_pretrained_classification,0,0.6625,0.525,1,osl_siamese_cnn,6b95f9413b7d36e8d4c2180068e7c97c3bdd7f490a505c5b60c7e7953f96a93f
3,famous_le_10m,0,1.0,0.8,1,osl_siamese_cnn,6b95f9413b7d36e8d4c2180068e7c97c3bdd7f490a505c5b60c7e7953f96a93f
3,famous_le_10m,1,0.0,0.4,1,osl_siamese_cnn,6b95f9413b7d36e8d4c2180068e7c97c3bdd7f490a505c5b60c7e7953f96a93f
3,famous_le_10m,2,0.0,0.4,1,osl_siamese_cnn,6b95f9413b7d36e8d4c2180068e7c97c3bdd7f490a505c5b60c7e7953f96a93f
3,famous_le_10m,3,0.2,0.2,1,osl_siamese_cnn,6b95f9413b7d36e8d4c2180068e7c97c3bdd7f490a505c5b60c7e7953f96a93f
3,famous_le_10m,4,0.6,0.4,1,osl_siamese_cnn,6b95f9413b7d36e8d4c2180068e7c97c3bdd7f490a505c5b60c7e7953f96a93f
3,famous_le_10m,5,1.0,0.8,1,osl_siamese_cnn,6b95f9413b7d36e8d4c2180068e7c97c3bdd7f490a505c5b60c7e7953f96a93f
3,famous_le_10m,6,1.0,1.0,1,osl_siamese_cnn,6b95f9413b7d36e8d4c2180068e7c97c3bdd7f490a505c5b60c7e7953f96a93f
3,famous_le_10m,7,1.0,1.0,1,osl_siamese_cnn,6b95f9413b7d36e8d4c2180068e7c97c3bdd7f490a505c5b60c7e7953f96a93f
3,famous_le_10m,8,1.0,1.0,1,osl_siamese_cnn,6b95f9413b7d36e8d4c2180068e7c97c3bdd7f490a505c5b60c7e7953f96a93f
3,famous_le_10m,9,1.0,1.0,1,osl_siamese_cnn,6b95f9413b7d36e8d4c2180068e7c97c3bdd7f490a505c5b60c7e7953f96a93f
3,famous_le_10m,10,1.0,1.0,1,osl_siamese_cnn,6b95f9413b7d36e8d4c2180068e7c97c3bdd7f490a505c5b60c7e7953f96a93f
3,famous_le_10m,11,1.0,1.0,1,osl_siamese_cnn,6b95f9413b7d36e8d4c2180068e7c97c3bdd7f490a505c5b60c7e7953f96a93f
3,famous_le_10m,12,1.0,1.0,1,osl_siamese_cnn,6b95f9413b7d36e8d4c2180068e7c97c3bdd7f490a505c5b60c7e7953f96a93f
3,famous_le_10m,13,1.0,1.0,1,osl_siamese_cnn,6b95f9413b7d36e8d4c2180068e7c97c3bdd7f490a505c5b60c7e7953f96a93f
3,famous_le_10m,14,1.0,1.0,1,osl_siamese_cnn,6b95f9413b7d36e8d4c2180068e7c97c3bdd7f490a505c5b60c7e7953f96a93f
3,famous_le_10m,15,1.0,1.0,1,osl_siamese_cnn,6b95f9413b7d36e8d4c2180068e7c97c3bdd7f490a505c5b60c7e7953f96a93f
3,famous_le_10m,16,1.0,1.0,1,osl_siamese_cnn,6b95f9413b7d36e8d4c2180068e7c97c3bdd7f490a505c5b60c7e7953f96a93f
3,famous_le_10m,17,1.0,1.0,1,osl_siamese_cnn,6b95f9413b7d36e8d4c2180068e7c97c3bdd7f490a505c5b60c7e7953f96a93f
3,famous_le_10m,18,1.0,1.0,1,osl_siamese_cnn,6b95f9413b7d36e8d4c2180068e7c97c3bdd7f490a505c5b60c7e7953f96a93f
3,famous_le_10m,19,1.0,1.0,1,osl_siamese_cnn,6b95f9413b7d36e8d4c2180068e7c97c3bdd7f490a505c5b60c7e7953f96a93f
3,famous_le_10m,20,1.0,1.0,1,osl_siamese_cnn,6b95f9413b7d36e8d4c2180068e7c97c3bdd7f490a505c5b60c7e7953f96a93f
3,famous_le_10m,21,1.0,1.0,1,osl_siamese_cnn,6b95f9413b7d36e8d4c2180068e7c97c3bdd7f490a505c5b60c7e7953f96a93f
3,famous_le_10m,22,1.0,1.0,1,osl_siamese_cnn,6b95f9413b7d36e8d4c2180068e7c97c3bdd7f490a505c5b60c7e7953f96a93f
3,famous_le_10m,23,1.0,1.0,1,osl_siamese_cnn,6b95f9413b7d36e8d4c2180068e7c97c3bdd7f490a505c5b60c7e7953f96a93f
3,famous_le_100m,0,0.7857142857142857,0.35714285714285715,1,osl_siamese_cnn,6b95f9413b7d36e8d4c2180068e7c97c3bdd7f490a505c5b60c7e7953f96a93f
3,famous_le_100m,1,0.21428571428571427,0.6428571428571429,1,osl_siamese_cnn,6b95f9413b7d36e8d4c2180068e7c97c3bdd7f490a505c5b60c7e7953f96a93f
3,famous_le_100m,2,0.21428571428571427,0.6428571428571429,1,osl_siamese_cnn,6b95f9413b7d36e8d4c2180068e7c97c3bdd7f490a505c5b60c7e7953f96a93f
3,famous_le_100m,3,0.21428571428571427,0.7142857142857143,1,osl_siamese_cnn,6b95f9413b7d36e8d4c2180068e7c97c3bdd7f490a505c5b60c7e7953f96a93f
3,famous_le_100m,4,0.21428571428571427,0.6428571428571429,1,osl_siamese_cnn,6b95f9413b7d36e8d4c2180068e7c97c3bdd7f490a505c5b60c7e7953f96a93f
3,famous_le_100m,5,0.21428571428571427,0.5714285714285714,1,osl_siamese_cnn,6b95f9413b7d36e8d4c2180068e7c97c3bdd7f490a505c5b60c7e7953f96a93f
3,famous_le_100m,6,0.35714285714285715,0.35714285714285715,1,osl_siamese_cnn,6b95f9413b7d36e8d4c2180068e7c97c3bdd7f490a505c5b60c7e7953f96a93f
3,famous_le_100m,7,0.42857142857142855,0.5,1,osl_siamese_cnn,6b95f9413b7d36e8d4c2180068e7c97c3bdd7f490a505c5b60c7e7953f96a93f
3,famous_le_100m,8,0.42857142857142855,0.6428571428571429,1,osl_siamese_cnn,6b95f9413b7d36e8d4c2180068e7c97c3bdd7f490a505c5b60c7e7953f96a93f
3,famous_le_100m,9,0.42857142857142855,0.7142857142857143,1,osl_siamese_cnn,6b95f9413b7d36e8d4c2180068e7c97c3bdd7f490a505c5b60c7e7953f96a93f
3,famous_le_100m,10,0.5714285714285714,0.7857142857142857,1,osl_siamese_cnn,6b95f9413b7d36e8d4c2180068e7c97c3bdd7f490a505c5b60c7e7953f96a93f
3,famous_le_100m,11,0.6428571428571429,0.7857142857142857,1,osl_siamese_cnn,6b95f9413b7d36e8d4c2180068e7c97c3bdd7f490a505c5b60c7e7953f96a93f
3,famous_le_100m,12,0.8571428571428571,0.8571428571428571,1,osl_siamese_cnn,6b95f9413b7d36e8d4c2180068e7c97c3bdd7f490a505c5b60c7e7953f96a93f
3,famous_le_100m,13,0.8571428571428571,1.0,1,osl_siamese_cnn,6b95f9413b7d36e8d4c2180068e7c97c3bdd7f490a505c5b60c7e7953f96a93f
3,famous_le_100m,14,0.8571428571428571,1.0,1,osl_siamese_cnn,6b95f9413b7d36e8d4c2180068e7c97c3bdd7f490a505c5b60c7e7953f96a93f
3,famous_le_100m,15,0.8571428571428571,0.8571428571428571,1,osl_siamese_cnn,6b95f9413b7d36e8d4c2180068e7c97c3bdd7f490a505c5b60c7e7953f96a93f
3,famous_le_100m,16,0.9285714285714286,1.0,1,osl_siamese_cnn,6b95f9413b7d36e8d4c2180068e7c97c3bdd7f490a505c5b60c7e7953f96a93f
3,famous_le_100m,17,0.9285714285714286,1.0,1,osl_siamese_cnn,6b95f9413b7d36e8d4c2180068e7c97c3bdd7f490a505c5b60c7e7953f96a93f
3,famous_le_100m,18,0.9285714285714286,0.9285714285714286,1,osl_siamese_cnn,6b95f9413b7d36e8d4c2180068e7c97c3bdd7f490a505c5b60c7e7953f96a93f
3,famous_le_100m,19,1.0,1.0,1,osl_siamese_cnn,6b95f9413b7d36e8d4c2180068e7c97c3bdd7f490a505c5b60c7e7953f96a93f
3,famous_le_100m,20,1.0,1.0,1,osl_siamese_cnn,6b95f9413b7d36e8d4c2180068e7c97c3bdd7f490a505c5b60c7e7953f96a93f
3,famous_le_100m,21,1.0,1.0,1,osl_siamese_cnn,6b95f9413b7d36e8d4c2180068e7c97c3bdd7f490a505c5b60c7e7953f96a93f
3,famous_le_100m,22,1.0,1.0,1,osl_siamese_cnn,6b95f9413b7d36e8d4c2180068e7c97c3bdd7f490a505c5b60c7e7953f96a93f
3,famous_le_100m,23,1.0,1.0,1,osl_siamese_cnn,6b95f9413b7d36e8d4c2180068e7c97c3bdd7f490a505c5b60c7e7953f96a93f
4,torch_pretrained_classification,0,0.7125,0.5625,1,osl_siamese_cnn,68e216086daf0e57c171f861216c75bed22fa86b56e18cbae896ab15f8fade7f
4,famous_le_10m,0,1.0,0.4,1,osl_siamese_cnn,68e216086daf0e57c171f861216c75bed22fa86b56e18cbae896ab15f8fade7f
4,famous_le_10m,1,0.0,0.6,1,osl_siamese_cnn,68e216086daf0e57c171f861216c75bed22fa86b56e18cbae896ab15f8fade7f
4,famous_le_10m,2,0.0,0.4,1,osl_siamese_cnn,68e216086daf0e57c171f861216c75bed22fa86b56e18cbae896ab15f8fade7f
4,famous_le_10m,3,0.2,0.2,1,osl_siamese_cnn,68e216086daf0e57c171f861216c75bed22fa86b56e18cbae896ab15f8fade7f
4,famous_le_10m,4,0.4,0.6,1,osl_siamese_cnn,68e216086daf0e57c171f861216c75bed22fa86b56e18cbae896ab15f8fade7f
4,famous_le_10m,5,1.0,0.8,1,osl_siamese_cnn,68e216086daf0e57c171f861216c75bed22fa86b56e18cbae896ab15f8fade7f
4,famous_le_10m,6,1.0,0.8,1,osl_siamese_cnn,68e216086daf0e57c171f861216c75bed22fa86b56e18cbae896ab15f8fade7f
4,famous_le_10m,7,1.0,1.0,1,osl_siamese_cnn,68e216086daf0e57c171f861216c75bed22fa86b56e18cbae896ab15f8fade7f
4,famous_le_10m,8,1.0,1.0,1,osl_siamese_cnn,68e216086daf0e57c171f861216c75bed22fa86b56e18cbae896ab15f8fade7f
4,famous_le_10m,9,1.0,1.0,1,osl_siamese_cnn,68e216086daf0e57c171f861216c75bed22fa86b56e18cbae896ab15f8fade7f
4,famous_le_10m,10,1.0,1.0,1,osl_siamese_cnn,68e216086daf0e57c171f861216c75bed22fa86b56e18cbae896ab15f8fade7f
4,famous_le_10m,11,1.0,1.0,1,osl_siamese_cnn,68e216086daf0e57c171f861216c75bed22fa86b56e18cbae896ab15f8fade7f
4,famous_le_10m,12,1.0,1.0,1,osl_siamese_cnn,68e216086daf0e57c171f861216c75bed22fa86b56e18cbae896ab15f8fade7f
4,famous_le_10m,13,1.0,1.0,1,osl_siamese_cnn,68e216086daf0e57c171f861216c75bed22fa86b56e18cbae896ab15f8fade7f
4,famous_le_10m,14,1.0,1.0,1,osl_siamese_cnn,68e216086daf0e57c171f861216c75bed22fa86b56e18cbae896ab15f8fade7f
4,famous_le_10m,15,1.0,1.0,1,osl_siamese_cnn,68e216086daf0e57c171f861216c75bed22fa86b56e18cbae896ab15f8fade7f
4,famous_le_10m,16,1.0,1.0,1,osl_siamese_cnn,68e216086daf0e57c171f861216c75bed22fa86b56e18cbae896ab15f8fade7f
4,famous_le_10m,17,1.0,1.0,1,osl_siamese_cnn,68e216086daf0e57c171f861216c75bed22fa86b56e18cbae896ab15f8fade7f
4,famous_le_10m,18,1.0,1.0,1,osl_siamese_cnn,68e216086daf0e57c171f861216c75bed22fa86b56e18cbae896ab15f8fade7f
4,famous_le_10m,19,1.0,1.0,1,osl_siamese_cnn,68e216086daf0e57c171f861216c75bed22fa86b56e18cbae896ab15f8fade7f
4,famous_le_10m,20,1.0,1.0,1,osl_siamese_cnn,68e216086daf0e57c171f861216c75bed22fa86b56e18cbae896ab15f8fade7f
4,famous_le_10m,21,1.0,1.0,1,osl_siamese_cnn,68e216086daf0e57c171f861216c75bed22fa86b56e18cbae896ab15f8fade7f
4,famous_le_10m,22,1.0,1.0,1,osl_siamese_cnn,68e216086daf0e57c171f861216c75bed22fa86b56e18cbae896ab15f8fade7f
4,famous_le_10m,23,1.0,1.0,1,osl_siamese_cnn,68e216086daf0e57c171f861216c75bed22fa86b56e18cbae896ab15f8fade7f
4,famous_le_100m,0,0.7857142857142857,0.35714285714285715,1,osl_siamese_cnn,68e216086daf0e57c171f861216c75bed22fa86b56e18cbae896ab15f8fade7f
4,famous_le_100m,1,0.21428571428571427,0.6428571428571429,1,osl_siamese_cnn,68e216086daf0e57c171f861216c75bed22fa86b56e18cbae896ab15f8fade7f
4,famous_le_100m,2,0.21428571428571427,0.7142857142857143,1,osl_siamese_cnn,68e216086daf0e57c171f861216c75bed22fa86b56e18cbae896ab15f8fade7f
4,famous_le_100m,3,0.21428571428571427,0.6428571428571429,1,osl_siamese_cnn,68e216086daf0e57c171f861216c75bed22fa86b56e18cbae896ab15f8fade7f
4,famous_le_100m,4,0.21428571428571427,0.6428571428571429,1,osl_siamese_cnn,68e216086daf0e57c171f861216c75bed22fa86b56e18cbae896ab15f8fade7f
4,famous_le_100m,5,0.21428571428571427,0.5714285714285714,1,osl_siamese_cnn,68e216086daf0e57c171f861216c75bed22fa86b56e18cbae896ab15f8fade7f
4,famous_le_100m,6,0.2857142857142857,0.5714285714285714,1,osl_siamese_cnn,68e216086daf0e57c171f861216c75bed22fa86b56e18cbae896ab15f8fade7f
4,famous_le_100m,7,0.5,0.6428571428571429,1,osl_siamese_cnn,68e216086daf0e57c171f861216c75bed22fa86b56e18cbae896ab15f8fade7f
4,famous_le_100m,8,0.5,0.7142857142857143,1,osl_siamese_cnn,68e216086daf0e57c171f861216c75bed22fa86b56e18cbae896ab15f8fade7f
4,famous_le_100m,9,0.7142857142857143,0.9285714285714286,1,osl_siamese_cnn,68e216086daf0e57c171f861216c75bed22fa86b56e18cbae896ab15f8fade7f
4,famous_le_100m,10,0.7142857142857143,0.7857142857142857,1,osl_siamese_cnn,68e216086daf0e57c171f861216c75bed22fa86b56e18cbae896ab15f8fade7f
4,famous_le_100m,11,0.8571428571428571,0.8571428571428571,1,osl_siamese_cnn,68e216086daf0e57c171f861216c75bed22fa86b56e18cbae896ab15f8fade7f
4,famous_le_100m,12,0.8571428571428571,0.7857142857142857,1,osl_siamese_cnn,68e216086daf0e57c171f861216c75bed22fa86b56e18cbae896ab15f8fade7f
4,famous_le_100m,13,0.8571428571428571,0.9285714285714286,1,osl_siamese_cnn,68e216086daf0e57c171f861216c75bed22fa86b56e18cbae896ab15f8fade7f
4,famous_le_100m,14,0.8571428571428571,0.9285714285714286,1,osl_siamese_cnn,68e216086daf0e57c171f861216c75bed22fa86b56e18cbae896ab15f8fade7f
4,famous_le_100m,15,0.9285714285714286,1.0,1,osl_siamese_cnn,68e216086daf0e57c171f861216c75bed22fa86b56e18cbae896ab15f8fade7f
4,famous_le_100m,16,0.9285714285714286,1.0,1,osl_siamese_cnn,68e216086daf0e57c171f861216c75bed22fa86b56e18cbae896ab15f8fade7f
4,famous_le_100m,17,0.9285714285714286,1.0,1,osl_siamese_cnn,68e216086daf0e57c171f861216c75bed22fa86b56e18cbae896ab15f8fade7f
4,famous_le_100m,18,0.9285714285714286,0.9285714285714286,1,osl_siamese_cnn,68e216086daf0e57c171f861216c75bed22fa86b56e18cbae896ab15f8fade7f
4,famous_le_100m,19,1.0,1.0,1,osl_siamese_cnn,68e216086daf0e57c171f861216c75bed22fa86b56e18cbae896ab15f8fade7f
4,famous_le_100m,20,1.0,0.9285714285714286,1,osl_siamese_cnn,68e216086daf0e57c171f861216c75bed22fa86b56e18cbae896ab15f8fade7f
4,famous_le_100m,21,1.0,1.0,1,osl_siamese_cnn,68e216086daf0e57c171f861216c75bed22fa86b56e18cbae896ab15f8fade7f
4,famous_le_100m,22,1.0,1.0,1,osl_siamese_cnn,68e216086daf0e57c171f861216c75bed22fa86b56e18cbae896ab15f8fade7f
4,famous_le_100m,23,1.0,1.0,1,osl_siamese_cnn,68e216086daf0e57c171f861216c75bed22fa86b56e18cbae896ab15f8fade7f
0,torch_pretrained_classification,0,0.4875,0.45,2,osl_siamese_cnn,3232862cd970a3e7bca06d3f4b89449c89ee0f9180623787980f166e177b901b
0,famous_le_10m,0,0.8,0.8,2,osl_siamese_cnn,3232862cd970a3e7bca06d3f4b89449c89ee0f9180623787980f166e177b901b
0,famous_le_10m,1,0.2,0.2,2,osl_siamese_cnn,3232862cd970a3e7bca06d3f4b89449c89ee0f9180623787980f166e177b901b
0,famous_le_10m,2,0.2,0.4,2,osl_siamese_cnn,3232862cd970a3e7bca06d3f4b89449c89ee0f9180623787980f166e177b901b
0,famous_le_10m,3,0.6,0.8,2,osl_siamese_cnn,3232862cd970a3e7bca06d3f4b89449c89ee0f9180623787980f166e177b901b
0,famous_le_10m,4,0.8,0.6,2,osl_siamese_cnn,3232862cd970a3e7bca06d3f4b89449c89ee0f9180623787980f166e177b901b
0,famous_le_10m,5,1.0,0.4,2,osl_siamese_cnn,3232862cd970a3e7bca06d3f4b89449c89ee0f9180623787980f166e177b901b
0,famous_le_10m,6,1.0,1.0,2,osl_siamese_cnn,3232862cd970a3e7bca06d3f4b89449c89ee0f9180623787980f166e177b901b
0,famous_le_10m,7,1.0,1.0,2,osl_siamese_cnn,3232862cd970a3e7bca06d3f4b89449c89ee0f9180623787980f166e177b901b
0,famous_le_10m,8,1.0,1.0,2,osl_siamese_cnn,3232862cd970a3e7bca06d3f4b89449c89ee0f9180623787980f166e177b901b
0,famous_le_10m,9,1.0,1.0,2,osl_siamese_cnn,3232862cd970a3e7bca06d3f4b89449c89ee0f9180623787980f166e177b901b
0,famous_le_10m,10,1.0,1.0,2,osl_siamese_cnn,3232862cd970a3e7bca06d3f4b89449c89ee0f9180623787980f166e177b901b
0,famous_le_10m,11,1.0,1.0,2,osl_siamese_cnn,3232862cd970a3e7bca06d3f4b89449c89ee0f9180623787980f166e177b901b
0,famous_le_10m,12,1.0,1.0,2,osl_siamese_cnn,3232862cd970a3e7bca06d3f4b89449c89ee0f9180623787980f166e177b901b
0,famous_le_10m,13,1.0,1.0,2,osl_siamese_cnn,3232862cd970a3e7bca06d3f4b89449c89ee0f9180623787980f166e177b901b
0,famous_le_10m,14,1.0,1.0,2,osl_siamese_cnn,3232862cd970a3e7bca06d3f4b89449c89ee0f9180623787980f166e177b901b
0,famous_le_10m,15,1.0,1.0,2,osl_siamese_cnn,3232862cd970a3e7bca06d3f4b89449c89ee0f9180623787980f166e177b901b
0,famous_le_10m,16,1.0,1.0,2,osl_siamese_cnn,3232862cd970a3e7bca06d3f4b89449c89ee0f9180623787980f166e177b901b
0,famous_le_10m,17,1.0,1.0,2,osl_siamese_cnn,3232862cd970a3e7bca06d3f4b89449c89ee0f9180623787980f166e177b901b
0,famous_le_10m,18,1.0,1.0,2,osl_siamese_cnn,3232862cd970a3e7bca06d3f4b89449c89ee0f9180623787980f166e177b901b
0,famous_le_10m,19,1.0,1.0,2,osl_siamese_cnn,3232862cd970a3e7bca06d3f4b89449c89ee0f9180623787980f166e177b901b
0,famous_le_10m,20,1.0,1.0,2,osl_siamese_cnn,3232862cd970a3e7bca06d3f4b89449c89ee0f9180623787980f166e177b901b
0,famous_le_10m,21,1.0,1.0,2,osl_siamese_cnn,3232862cd970a3e7bca06d3f4b89449c89ee0f9180623787980f166e177b901b
0,famous_le_10m,22,1.0,1.0,2,osl_siamese_cnn,3232862cd970a3e7bca06d3f4b89449c89ee0f9180623787980f166e177b901b
0,famous_le_10m,23,1.0,1.0,2,osl_siamese_cnn,3232862cd970a3e7bca06d3f4b89449c89ee0f9180623787980f166e177b901b
0,famous_le_100m,0,0.5714285714285714,0.7142857142857143,2,osl_siamese_cnn,3232862cd970a3e7bca06d3f4b89449c89ee0f9180623787980f166e177b901b
0,famous_le_100m,1,0.42857142857142855,0.35714285714285715,2,osl_siamese_cnn,3232862cd970a3e7bca06d3f4b89449c89ee0f9180623787980f166e177b901b
0,famous_le_100m,2,0.35714285714285715,0.35714285714285715,2,osl_siamese_cnn,3232862cd970a3e7bca06d3f4b89449c89ee0f9180623787980f166e177b901b
0,famous_le_100m,3,0.35714285714285715,0.42857142857142855,2,osl_siamese_cnn,3232862cd970a3e7bca06d3f4b89449c89ee0f9180623787980f166e177b901b
0,famous_le_100m,4,0.35714285714285715,0.35714285714285715,2,osl_siamese_cnn,3232862cd970a3e7bca06d3f4b89449c89ee0f9180623787980f166e177b901b
0,famous_le_100m,5,0.42857142857142855,0.5714285714285714,2,osl_siamese_cnn,3232862cd970a3e7bca06d3f4b89449c89ee0f9180623787980f166e177b901b
0,famous_le_100m,6,0.7142857142857143,0.7857142857142857,2,osl_siamese_cnn,3232862cd970a3e7bca06d3f4b89449c89ee0f9180623787980f166e177b901b
0,famous_le_100m,7,0.7142857142857143,0.7142857142857143,2,osl_siamese_cnn,3232862cd970a3e7bca06d3f4b89449c89ee0f9180623787980f166e177b901b
0,famous_le_100m,8,0.5,0.6428571428571429,2,osl_siamese_cnn,3232862cd970a3e7bca06d3f4b89449c89ee0f9180623787980f166e177b901b
0,famous_le_100m,9,0.42857142857142855,0.5714285714285714,2,osl_siamese_cnn,3232862cd970a3e7bca06d3f4b89449c89ee0f9180623787980f166e177b901b
0,famous_le_100m,10,0.5714285714285714,0.5,2,osl_siamese_cnn,3232862cd970a3e7bca06d3f4b89449c89ee0f9180623787980f166e177b901b
0,famous_le_100m,11,0.7857142857142857,0.7142857142857143,2,osl_siamese_cnn,3232862cd970a3e7bca06d3f4b89449c89ee0f9180623787980f166e177b901b
0,famous_le_100m,12,0.8571428571428571,0.9285714285714286,2,osl_siamese_cnn,3232862cd970a3e7bca06d3f4b89449c89ee0f9180623787980f166e177b901b
0,famous_le_100m,13,0.8571428571428571,0.8571428571428571,2,osl_siamese_cnn,3232862cd970a3e7bca06d3f4b89449c89ee0f9180623787980f166e177b901b
0,famous_le_100m,14,0.8571428571428571,1.0,2,osl_siamese_cnn,3232862cd970a3e7bca06d3f4b89449c89ee0f9180623787980f166e177b901b
0,famous_le_100m,15,0.9285714285714286,1.0,2,osl_siamese_cnn,3232862cd970a3e7bca06d3f4b89449c89ee0f9180623787980f166e177b901b
0,famous_le_100m,16,0.9285714285714286,1.0,2,osl_siamese_cnn,3232862cd970a3e7bca06d3f4b89449c89ee0f9180623787980f166e177b901b
0,famous_le_100m,17,0.9285714285714286,1.0,2,osl_siamese_cnn,3232862cd970a3e7bca06d3f4b89449c89ee0f9180623787980f166e177b901b
0,famous_le_100m,18,0.9285714285714286,0.9285714285714286,2,osl_siamese_cnn,3232862cd970a3e7bca06d3f4b89449c89ee0f9180623787980f166e177b901b
0,famous_le_100m,19,1.0,1.0,2,osl_siamese_cnn,3232862cd970a3e7bca06d3f4b89449c89ee0f9180623787980f166e177b901b
0,famous_le_100m,20,1.0,1.0,2,osl_siamese_cnn,3232862cd970a3e7bca06d3f4b89449c89ee0f9180623787980f166e177b901b
0,famous_le_100m,21,1.0,1.0,2,osl_siamese_cnn,3232862cd970a3e7bca06d3f4b89449c89ee0f9180623787980f166e177b901b
0,famous_le_100m,22,1.0,1.0,2,osl_siamese_cnn,3232862cd970a3e7bca06d3f4b89449c89ee0f9180623787980f166e177b901b
0,famous_le_100m,23,1.0,1.0,2,osl_siamese_cnn,3232862cd970a3e7bca06d3f4b89449c89ee0f9180623787980f166e177b901b
1,torch_pretrained_classification,0,0.875,0.6,2,osl_siamese_cnn,72d38a0d019c5e097dca856ee1e9338dafbd61e011a914d9b314cd82ccf442c5
1,famous_le_10m,0,1.0,0.8,2,osl_siamese_cnn,72d38a0d019c5e097dca856ee1e9338dafbd61e011a914d9b314cd82ccf442c5
1,famous_le_10m,1,0.0,0.2,2,osl_siamese_cnn,72d38a0d019c5e097dca856ee1e9338dafbd61e011a914d9b314cd82ccf442c5
1,famous_le_10m,2,0.0,0.2,2,osl_siamese_cnn,72d38a0d019c5e097dca856ee1e9338dafbd61e011a914d9b314cd82ccf442c5
1,famous_le_10m,3,0.0,0.2,2,osl_siamese_cnn,72d38a0d019c5e097dca856ee1e9338dafbd61e011a914d9b314cd82ccf442c5
1,famous_le_10m,4,0.2,0.8,2,osl_siamese_cnn,72d38a0d019c5e097dca856ee1e9338dafbd61e011a914d9b314cd82ccf442c5
1,famous_le_10m,5,0.4,0.6,2,osl_siamese_cnn,72d38a0d019c5e097dca856ee1e9338dafbd61e011a914d9b314cd82ccf442c5
1,famous_le_10m,6,1.0,0.6,2,osl_siamese_cnn,72d38a0d019c5e097dca856ee1e9338dafbd61e011a914d9b314cd82ccf442c5
1,famous_le_10m,7,1.0,1.0,2,osl_siamese_cnn,72d38a0d019c5e097dca856ee1e9338dafbd61e011a914d9b314cd82ccf442c5
1,famous_le_10m,8,1.0,1.0,2,osl_siamese_cnn,72d38a0d019c5e097dca856ee1e9338dafbd61e011a914d9b314cd82ccf442c5
1,famous_le_10m,9,1.0,1.0,2,osl_siamese_cnn,72d38a0d019c5e097dca856ee1e9338dafbd61e011a914d9b314cd82ccf442c5
1,famous_le_10m,10,1.0,1.0,2,osl_siamese_cnn,72d38a0d019c5e097dca856ee1e9338dafbd61e011a914d9b314cd82ccf442c5
1,famous_le_10m,11,1.0,1.0,2,osl_siamese_cnn,72d38a0d019c5e097dca856ee1e9338dafbd61e011a914d9b314cd82ccf442c5
1,famous_le_10m,12,1.0,1.0,2,osl_siamese_cnn,72d38a0d019c5e097dca856ee1e9338dafbd61e011a914d9b314cd82ccf442c5
1,famous_le_10m,13,1.0,1.0,2,osl_siamese_cnn,72d38a0d019c5e097dca856ee1e9338dafbd61e011a914d9b314cd82ccf442c5
1,famous_le_10m,14,1.0,1.0,2,osl_siamese_cnn,72d38a0d019c5e097dca856ee1e9338dafbd61e011a914d9b314cd82ccf442c5
1,famous_le_10m,15,1.0,1.0,2,osl_siamese_cnn,72d38a0d019c5e097dca856ee1e9338dafbd61e011a914d9b314cd82ccf442c5
1,famous_le_10m,16,1.0,1.0,2,osl_siamese_cnn,72d38a0d019c5e097dca856ee1e9338dafbd61e011a914d9b314cd82ccf442c5
1,famous_le_10m,17,1.0,1.0,2,osl_siamese_cnn,72d38a0d019c5e097dca856ee1e9338dafbd61e011a914d9b314cd82ccf442c5
1,famous_le_10m,18,1.0,1.0,2,osl_siamese_cnn,72d38a0d019c5e097dca856ee1e9338dafbd61e011a914d9b314cd82ccf442c5
1,famous_le_10m,19,1.0,1.0,2,osl_siamese_cnn,72d38a0d019c5e097dca856ee1e9338dafbd61e011a914d9b314cd82ccf442c5
1,famous_le_10m,20,1.0,1.0,2,osl_siamese_cnn,72d38a0d019c5e097dca856ee1e9338dafbd61e011a914d9b314cd82ccf442c5
1,famous_le_10m,21,1.0,1.0,2,osl_siamese_cnn,72d38a0d019c5e097dca856ee1e9338dafbd61e011a914d9b314cd82ccf442c5
1,famous_le_10m,22,1.0,1.0,2,osl_siamese_cnn,72d38a0d019c5e097dca856ee1e9338dafbd61e011a914d9b314cd82ccf442c5
1,famous_le_10m,23,1.0,1.0,2,osl_siamese_cnn,72d38a0d019c5e097dca856ee1e9338dafbd61e011a914d9b314cd82ccf442c5
1,famous_le_100m,0,0.9285714285714286,0.7142857142857143,2,osl_siamese_cnn,72d38a0d019c5e097dca856ee1e9338dafbd61e011a914d9b314cd82ccf442c5
1,famous_le_100m,1,0.07142857142857142,0.35714285714285715,2,osl_siamese_cnn,72d38a0d019c5e097dca856ee1e9338dafbd61e011a914d9b314cd82ccf442c5
1,famous_le_100m,2,0.07142857142857142,0.35714285714285715,2,osl_siamese_cnn,72d38a0d019c5e097dca856ee1e9338dafbd61e011a914d9b314cd82ccf442c5
1,famous_le_100m,3,0.07142857142857142,0.35714285714285715,2,osl_siamese_cnn,72d38a0d019c5e097dca856ee1e9338dafbd61e011a914d9b314cd82ccf442c5
1,famous_le_100m,4,0.07142857142857142,0.5,2,osl_siamese_cnn,72d38a0d019c5e097dca856ee1e9338dafbd61e011a914d9b314cd82ccf442c5
1,famous_le_100m,5,0.07142857142857142,0.5,2,osl_siamese_cnn,72d38a0d019c5e097dca856ee1e9338dafbd61e011a914d9b314cd82ccf442c5
1,famous_le_100m,6,0.2857142857142857,0.6428571428571429,2,osl_siamese_cnn,72d38a0d019c5e097dca856ee1e9338dafbd61e011a914d9b314cd82ccf442c5
1,famous_le_100m,7,0.42857142857142855,0.6428571428571429,2,osl_siamese_cnn,72d38a0d019c5e097dca856ee1e9338dafbd61e011a914d9b314cd82ccf442c5
1,famous_le_100m,8,0.5714285714285714,0.7857142857142857,2,osl_siamese_cnn,72d38a0d019c5e097dca856ee1e9338dafbd61e011a914d9b314cd82ccf442c5
1,famous_le_100m,9,0.6428571428571429,0.7857142857142857,2,osl_siamese_cnn,72d38a0d019c5e097dca856ee1e9338dafbd61e011a914d9b314cd82ccf442c5
1,famous_le_100m,10,0.7857142857142857,0.7142857142857143,2,osl_siamese_cnn,72d38a0d019c5e097dca856ee1e9338dafbd61e011a914d9b314cd82ccf442c5
1,famous_le_100m,11,0.8571428571428571,0.7142857142857143,2,osl_siamese_cnn,72d38a0d019c5e097dca856ee1e9338dafbd61e011a914d9b314cd82ccf442c5
1,famous_le_100m,12,0.8571428571428571,0.7857142857142857,2,osl_siamese_cnn,72d38a0d019c5e097dca856ee1e9338dafbd61e011a914d9b314cd82ccf442c5
1,famous_le_100m,13,0.8571428571428571,0.8571428571428571,2,osl_siamese_cnn,72d38a0d019c5e097dca856ee1e9338dafbd61e011a914d9b314cd82ccf442c5
1,famous_le_100m,14,0.8571428571428571,0.8571428571428571,2,osl_siamese_cnn,72d38a0d019c5e097dca856ee1e9338dafbd61e011a914d9b314cd82ccf442c5
1,famous_le_100m,15,0.9285714285714286,1.0,2,osl_siamese_cnn,72d38a0d019c5e097dca856ee1e9338dafbd61e011a914d9b314cd82ccf442c5
1,famous_le_100m,16,1.0,1.0,2,osl_siamese_cnn,72d38a0d019c5e097dca856ee1e9338dafbd61e011a914d9b314cd82ccf442c5
1,famous_le_100m,17,1.0,1.0,2,osl_siamese_cnn,72d38a0d019c5e097dca856ee1e9338dafbd61e011a914d9b314cd82ccf442c5
1,famous_le_100m,18,1.0,1.0,2,osl_siamese_cnn,72d38a0d019c5e097dca856ee1e9338dafbd61e011a914d9b314cd82ccf442c5
1,famous_le_100m,19,1.0,1.0,2,osl_siamese_cnn,72d38a0d019c5e097dca856ee1e9338dafbd61e011a914d9b314cd82ccf442c5
1,famous_le_100m,20,1.0,1.0,2,osl_siamese_cnn,72d38a0d019c5e097dca856ee1e9338dafbd61e011a914d9b314cd82ccf442c5
1,famous_le_100m,21,1.0,1.0,2,osl_siamese_cnn,72d38a0d019c5e097dca856ee1e9338dafbd61e011a914d9b314cd82ccf442c5
1,famous_le_100m,22,1.0,1.0,2,osl_siamese_cnn,72d38a0d019c5e097dca856ee1e9338dafbd61e011a914d9b314cd82ccf442c5
1,famous_le_100m,23,1.0,1.0,2,osl_siamese_cnn,72d38a0d019c5e097dca856ee1e9338dafbd61e011a914d9b314cd82ccf442c5
2,torch_pretrained_classification,0,0.7125,0.4875,2,osl_siamese_cnn,6ab2bba8363e2d49e1b935b2855901aedefde2eafa6cb2401e83b1bb8369a002
2,famous_le_10m,0,1.0,0.8,2,osl_siamese_cnn,6ab2bba8363e2d49e1b935b2855901aedefde2eafa6cb2401e83b1bb8369a002
2,famous_le_10m,1,0.0,0.2,2,osl_siamese_cnn,6ab2bba8363e2d49e1b935b2855901aedefde2eafa6cb2401e83b1bb8369a002
2,famous_le_10m,2,0.0,0.2,2,osl_siamese_cnn,6ab2bba8363e2d49e1b935b2855901aedefde2eafa6cb2401e83b1bb8369a002
2,famous_le_10m,3,0.0,0.2,2,osl_siamese_cnn,6ab2bba8363e2d49e1b935b2855901aedefde2eafa6cb2401e83b1bb8369a002
2,famous_le_10m,4,0.4,0.2,2,osl_siamese_cnn,6ab2bba8363e2d49e1b935b2855901aedefde2eafa6cb2401e83b1bb8369a002
2,famous_le_10m,5,1.0,0.8,2,osl_siamese_cnn,6ab2bba8363e2d49e1b935b2855901aedefde2eafa6cb2401e83b1bb8369a002
2,famous_le_10m,6,1.0,0.8,2,osl_siamese_cnn,6ab2bba8363e2d49e1b935b2855901aedefde2eafa6cb2401e83b1bb8369a002
2,famous_le_10m,7,1.0,1.0,2,osl_siamese_cnn,6ab2bba8363e2d49e1b935b2855901aedefde2eafa6cb2401e83b1bb8369a002
2,famous_le_10m,8,1.0,1.0,2,osl_siamese_cnn,6ab2bba8363e2d49e1b935b2855901aedefde2eafa6cb2401e83b1bb8369a002
2,famous_le_10m,9,1.0,1.0,2,osl_siamese_cnn,6ab2bba8363e2d49e1b935b2855901aedefde2eafa6cb2401e83b1bb8369a002
2,famous_le_10m,10,1.0,1.0,2,osl_siamese_cnn,6ab2bba8363e2d49e1b935b2855901aedefde2eafa6cb2401e83b1bb8369a002
2,famous_le_10m,11,1.0,1.0,2,osl_siamese_cnn,6ab2bba8363e2d49e1b935b2855901aedefde2eafa6cb2401e83b1bb8369a002
2,famous_le_10m,12,1.0,1.0,2,osl_siamese_cnn,6ab2bba8363e2d49e1b935b2855901aedefde2eafa6cb2401e83b1bb8369a002
2,famous_le_10m,13,1.0,1.0,2,osl_siamese_cnn,6ab2bba8363e2d49e1b935b2855901aedefde2eafa6cb2401e83b1bb8369a002
2,famous_le_10m,14,1.0,1.0,2,osl_siamese_cnn,6ab2bba8363e2d49e1b935b2855901aedefde2eafa6cb2401e83b1bb8369a002
2,famous_le_10m,15,1.0,1.0,2,osl_siamese_cnn,6ab2bba8363e2d49e1b935b2855901aedefde2eafa6cb2401e83b1bb8369a002
2,famous_le_10m,16,1.0,1.0,2,osl_siamese_cnn,6ab2bba8363e2d49e1b935b2855901aedefde2eafa6cb2401e83b1bb8369a002
2,famous_le_10m,17,1.0,1.0,2,osl_siamese_cnn,6ab2bba8363e2d49e1b935b2855901aedefde2eafa6cb2401e83b1bb8369a002
2,famous_le_10m,18,1.0,1.0,2,osl_siamese_cnn,6ab2bba8363e2d49e1b935b2855901aedefde2eafa6cb2401e83b1bb8369a002
2,famous_le_10m,19,1.0,1.0,2,osl_siamese_cnn,6ab2bba8363e2d49e1b935b2855901aedefde2eafa6cb2401e83b1bb8369a002
2,famous_le_10m,20,1.0,1.0,2,osl_siamese_cnn,6ab2bba8363e2d49e1b935b2855901aedefde2eafa6cb2401e83b1bb8369a002
2,famous_le_10m,21,1.0,1.0,2,osl_siamese_cnn,6ab2bba8363e2d49e1b935b2855901aedefde2eafa6cb2401e83b1bb8369a002
2,famous_le_10m,22,1.0,1.0,2,osl_siamese_cnn,6ab2bba8363e2d49e1b935b2855901aedefde2eafa6cb2401e83b1bb8369a002
2,famous_le_10m,23,1.0,1.0,2,osl_siamese_cnn,6ab2bba8363e2d49e1b935b2855901aedefde2eafa6cb2401e83b1bb8369a002
2,famous_le_100m,0,0.7857142857142857,0.35714285714285715,2,osl_siamese_cnn,6ab2bba8363e2d49e1b935b2855901aedefde2eafa6cb2401e83b1bb8369a002
2,famous_le_100m,1,0.21428571428571427,0.6428571428571429,2,osl_siamese_cnn,6ab2bba8363e2d49e1b935b2855901aedefde2eafa6cb2401e83b1bb8369a002
2,famous_le_100m,2,0.21428571428571427,0.6428571428571429,2,osl_siamese_cnn,6ab2bba8363e2d49e1b935b2855901aedefde2eafa6cb2401e83b1bb8369a002
2,famous_le_100m,3,0.21428571428571427,0.6428571428571429,2,osl_siamese_cnn,6ab2bba8363e2d49e1b935b2855901aedefde2eafa6cb2401e83b1bb8369a002
2,famous_le_100m,4,0.21428571428571427,0.6428571428571429,2,osl_siamese_cnn,6ab2bba8363e2d49e1b935b2855901aedefde2eafa6cb2401e83b1bb8369a002
2,famous_le_100m,5,0.21428571428571427,0.5714285714285714,2,osl_siamese_cnn,6ab2bba8363e2d49e1b935b2855901aedefde2eafa6cb2401e83b1bb8369a002
2,famous_le_100m,6,0.21428571428571427,0.5714285714285714,2,osl_siamese_cnn,6ab2bba8363e2d49e1b935b2855901aedefde2eafa6cb2401e83b1bb8369a002
2,famous_le_100m,7,0.2857142857142857,0.42857142857142855,2,osl_siamese_cnn,6ab2bba8363e2d49e1b935b2855901aedefde2eafa6cb2401e83b1bb8369a002
2,famous_le_100m,8,0.42857142857142855,0.7142857142857143,2,osl_siamese_cnn,6ab2bba8363e2d49e1b935b2855901aedefde2eafa6cb2401e83b1bb8369a002
2,famous_le_100m,9,0.42857142857142855,0.5714285714285714,2,osl_siamese_cnn,6ab2bba8363e2d49e1b935b2855901aedefde2eafa6cb2401e83b1bb8369a002
2,famous_le_100m,10,0.42857142857142855,0.6428571428571429,2,osl_siamese_cnn,6ab2bba8363e2d49e1b935b2855901aedefde2eafa6cb2401e83b1bb8369a002
2,famous_le_100m,11,0.42857142857142855,0.7857142857142857,2,osl_siamese_cnn,6ab2bba8363e2d49e1b935b2855901aedefde2eafa6cb2401e83b1bb8369a002
2,famous_le_100m,12,0.5714285714285714,0.8571428571428571,2,osl_siamese_cnn,6ab2bba8363e2d49e1b935b2855901aedefde2eafa6cb2401e83b1bb8369a002
2,famous_le_100m,13,0.7857142857142857,0.7857142857142857,2,osl_siamese_cnn,6ab2bba8363e2d49e1b935b2855901aedefde2eafa6cb2401e83b1bb8369a002
2,famous_le_100m,14,0.8571428571428571,0.9285714285714286,2,osl_siamese_cnn,6ab2bba8363e2d49e1b935b2855901aedefde2eafa6cb2401e83b1bb8369a002
2,famous_le_100m,15,0.8571428571428571,0.9285714285714286,2,osl_siamese_cnn,6ab2bba8363e2d49e1b935b2855901aedefde2eafa6cb2401e83b1bb8369a002
2,famous_le_100m,16,0.8571428571428571,0.9285714285714286,2,osl_siamese_cnn,6ab2bba8363e2d49e1b935b2855901aedefde2eafa6cb2401e83b1bb8369a002
2,famous_le_100m,17,0.8571428571428571,0.8571428571428571,2,osl_siamese_cnn,6ab2bba8363e2d49e1b935b2855901aedefde2eafa6cb2401e83b1bb8369a002
2,famous_le_100m,18,0.9285714285714286,0.9285714285714286,2,osl_siamese_cnn,6ab2bba8363e2d49e1b935b2855901aedefde2eafa6cb2401e83b1bb8369a002
2,famous_le_100m,19,0.9285714285714286,0.9285714285714286,2,osl_siamese_cnn,6ab2bba8363e2d49e1b935b2855901aedefde2eafa6cb2401e83b1bb8369a002
2,famous_le_100m,20,0.9285714285714286,0.9285714285714286,2,osl_siamese_cnn,6ab2bba8363e2d49e1b935b2855901aedefde2eafa6cb2401e83b1bb8369a002
2,famous_le_100m,21,0.9285714285714286,0.9285714285714286,2,osl_siamese_cnn,6ab2bba8363e2d49e1b935b2855901aedefde2eafa6cb2401e83b1bb8369a002
2,famous_le_100m,22,1.0,1.0,2,osl_siamese_cnn,6ab2bba8363e2d49e1b935b2855901aedefde2eafa6cb2401e83b1bb8369a002
2,famous_le_100m,23,1.0,1.0,2,osl_siamese_cnn,6ab2bba8363e2d49e1b935b2855901aedefde2eafa6cb2401e83b1bb8369a002
3,torch_pretrained_classification,0,0.8625,0.475,2,osl_siamese_cnn,61adc7ad03116d6515a269c8546260b2d1318054e173fa873d946096312a0091
3,famous_le_10m,0,1.0,0.6,2,osl_siamese_cnn,61adc7ad03116d6515a269c8546260b2d1318054e173fa873d946096312a0091
3,famous_le_10m,1,0.0,0.4,2,osl_siamese_cnn,61adc7ad03116d6515a269c8546260b2d1318054e173fa873d946096312a0091
3,famous_le_10m,2,0.0,0.6,2,osl_siamese_cnn,61adc7ad03116d6515a269c8546260b2d1318054e173fa873d946096312a0091
3,famous_le_10m,3,0.4,0.8,2,osl_siamese_cnn,61adc7ad03116d6515a269c8546260b2d1318054e173fa873d946096312a0091
3,famous_le_10m,4,0.8,0.4,2,osl_siamese_cnn,61adc7ad03116d6515a269c8546260b2d1318054e173fa873d946096312a0091
3,famous_le_10m,5,1.0,0.2,2,osl_siamese_cnn,61adc7ad03116d6515a269c8546260b2d1318054e173fa873d946096312a0091
3,famous_le_10m,6,1.0,1.0,2,osl_siamese_cnn,61adc7ad03116d6515a269c8546260b2d1318054e173fa873d946096312a0091
3,famous_le_10m,7,1.0,1.0,2,osl_siamese_cnn,61adc7ad03116d6515a269c8546260b2d1318054e173fa873d946096312a0091
3,famous_le_10m,8,1.0,1.0,2,osl_siamese_cnn,61adc7ad03116d6515a269c8546260b2d1318054e173fa873d946096312a0091
3,famous_le_10m,9,1.0,1.0,2,osl_siamese_cnn,61adc7ad03116d6515a269c8546260b2d1318054e173fa873d946096312a0091
3,famous_le_10m,10,1.0,1.0,2,osl_siamese_cnn,61adc7ad03116d6515a269c8546260b2d1318054e173fa873d946096312a0091
3,famous_le_10m,11,1.0,1.0,2,osl_siamese_cnn,61adc7ad03116d6515a269c8546260b2d1318054e173fa873d946096312a0091
3,famous_le_10m,12,1.0,1.0,2,osl_siamese_cnn,61adc7ad03116d6515a269c8546260b2d1318054e173fa873d946096312a0091
3,famous_le_10m,13,1.0,1.0,2,osl_siamese_cnn,61adc7ad03116d6515a269c8546260b2d1318054e173fa873d946096312a0091
3,famous_le_10m,14,1.0,1.0,2,osl_siamese_cnn,61adc7ad03116d6515a269c8546260b2d1318054e173fa873d946096312a0091
3,famous_le_10m,15,1.0,1.0,2,osl_siamese_cnn,61adc7ad03116d6515a269c8546260b2d1318054e173fa873d946096312a0091
3,famous_le_10m,16,1.0,1.0,2,osl_siamese_cnn,61adc7ad03116d6515a269c8546260b2d1318054e173fa873d946096312a0091
3,famous_le_10m,17,1.0,1.0,2,osl_siamese_cnn,61adc7ad03116d6515a269c8546260b2d1318054e173fa873d946096312a0091
3,famous_le_10m,18,1.0,1.0,2,osl_siamese_cnn,61adc7ad03116d6515a269c8546260b2d1318054e173fa873d946096312a0091
3,famous_le_10m,19,1.0,1.0,2,osl_siamese_cnn,61adc7ad03116d6515a269c8546260b2d1318054e173fa873d946096312a0091
3,famous_le_10m,20,1.0,1.0,2,osl_siamese_cnn,61adc7ad03116d6515a269c8546260b2d1318054e173fa873d946096312a0091
3,famous_le_10m,21,1.0,1.0,2,osl_siamese_cnn,61adc7ad03116d6515a269c8546260b2d1318054e173fa873d946096312a0091
3,famous_le_10m,22,1.0,1.0,2,osl_siamese_cnn,61adc7ad03116d6515a269c8546260b2d1318054e173fa873d946096312a0091
3,famous_le_10m,23,1.0,1.0,2,osl_siamese_cnn,61adc7ad03116d6515a269c8546260b2d1318054e173fa873d946096312a0091
3,famous_le_100m,0,0.8571428571428571,0.5,2,osl_siamese_cnn,61adc7ad03116d6515a269c8546260b2d1318054e173fa873d946096312a0091
3,famous_le_100m,1,0.14285714285714285,0.5,2,osl_siamese_cnn,61adc7ad03116d6515a269c8546260b2d1318054e173fa873d946096312a0091
3,famous_le_100m,2,0.14285714285714285,0.5,2,osl_siamese_cnn,61adc7ad03116d6515a269c8546260b2d1318054e173fa873d946096312a0091
3,famous_le_100m,3,0.14285714285714285,0.42857142857142855,2,osl_siamese_cnn,61adc7ad03116d6515a269c8546260b2d1318054e173fa873d946096312a0091
3,famous_le_100m,4,0.07142857142857142,0.42857142857142855,2,osl_siamese_cnn,61adc7ad03116d6515a269c8546260b2d1318054e173fa873d946096312a0091
3,famous_le_100m,5,0.21428571428571427,0.42857142857142855,2,osl_siamese_cnn,61adc7ad03116d6515a269c8546260b2d1318054e173fa873d946096312a0091
3,famous_le_100m,6,0.42857142857142855,0.5714285714285714,2,osl_siamese_cnn,61adc7ad03116d6515a269c8546260b2d1318054e173fa873d946096312a0091
3,famous_le_100m,7,0.5714285714285714,0.9285714285714286,2,osl_siamese_cnn,61adc7ad03116d6515a269c8546260b2d1318054e173fa873d946096312a0091
3,famous_le_100m,8,0.8571428571428571,0.7857142857142857,2,osl_siamese_cnn,61adc7ad03116d6515a269c8546260b2d1318054e173fa873d946096312a0091
3,famous_le_100m,9,0.8571428571428571,0.9285714285714286,2,osl_siamese_cnn,61adc7ad03116d6515a269c8546260b2d1318054e173fa873d946096312a0091
3,famous_le_100m,10,0.8571428571428571,0.9285714285714286,2,osl_siamese_cnn,61adc7ad03116d6515a269c8546260b2d1318054e173fa873d946096312a0091
3,famous_le_100m,11,0.9285714285714286,1.0,2,osl_siamese_cnn,61adc7ad03116d6515a269c8546260b2d1318054e173fa873d946096312a0091
3,famous_le_100m,12,0.9285714285714286,1.0,2,osl_siamese_cnn,61adc7ad03116d6515a269c8546260b2d1318054e173fa873d946096312a0091
3,famous_le_100m,13,0.9285714285714286,1.0,2,osl_siamese_cnn,61adc7ad03116d6515a269c8546260b2d1318054e173fa873d946096312a0091
3,famous_le_100m,14,0.9285714285714286,0.9285714285714286,2,osl_siamese_cnn,61adc7ad03116d6515a269c8546260b2d1318054e173fa873d946096312a0091
3,famous_le_100m,15,1.0,1.0,2,osl_siamese_cnn,61adc7ad03116d6515a269c8546260b2d1318054e173fa873d946096312a0091
3,famous_le_100m,16,1.0,0.9285714285714286,2,osl_siamese_cnn,61adc7ad03116d6515a269c8546260b2d1318054e173fa873d946096312a0091
3,famous_le_100m,17,1.0,1.0,2,osl_siamese_cnn,61adc7ad03116d6515a269c8546260b2d1318054e173fa873d946096312a0091
3,famous_le_100m,18,1.0,1.0,2,osl_siamese_cnn,61adc7ad03116d6515a269c8546260b2d1318054e173fa873d946096312a0091
3,famous_le_100m,19,1.0,1.0,2,osl_siamese_cnn,61adc7ad03116d6515a269c8546260b2d1318054e173fa873d946096312a0091
3,famous_le_100m,20,1.0,1.0,2,osl_siamese_cnn,61adc7ad03116d6515a269c8546260b2d1318054e173fa873d946096312a0091
3,famous_le_100m,21,1.0,1.0,2,osl_siamese_cnn,61adc7ad03116d6515a269c8546260b2d1318054e173fa873d946096312a0091
3,famous_le_100m,22,1.0,1.0,2,osl_siamese_cnn,61adc7ad03116d6515a269c8546260b2d1318054e173fa873d946096312a0091
3,famous_le_100m,23,1.0,1.0,2,osl_siamese_cnn,61adc7ad03116d6515a269c8546260b2d1318054e173fa873d946096312a0091
4,torch_pretrained_classification,0,0.7875,0.5125,2,osl_siamese_cnn,0697b6e1ca3443f9bd9d8c4055fb116d5884b11ea5fd59746f73ad5136921205
4,famous_le_10m,0,1.0,0.2,2,osl_siamese_cnn,0697b6e1ca3443f9bd9d8c4055fb116d5884b11ea5fd59746f73ad5136921205
4,famous_le_10m,1,0.2,0.8,2,osl_siamese_cnn,0697b6e1ca3443f9bd9d8c4055fb116d5884b11ea5fd59746f73ad5136921205
4,famous_le_10m,2,0.2,0.8,2,osl_siamese_cnn,0697b6e1ca3443f9bd9d8c4055fb116d5884b11ea5fd59746f73ad5136921205
4,famous_le_10m,3,0.6,0.6,2,osl_siamese_cnn,0697b6e1ca3443f9bd9d8c4055fb116d5884b11ea5fd59746f73ad5136921205
4,famous_le_10m,4,0.8,0.2,2,osl_siamese_cnn,0697b6e1ca3443f9bd9d8c4055fb116d5884b11ea5fd59746f73ad5136921205
4,famous_le_10m,5,1.0,0.2,2,osl_siamese_cnn,0697b6e1ca3443f9bd9d8c4055fb116d5884b11ea5fd59746f73ad5136921205
4,famous_le_10m,6,1.0,1.0,2,osl_siamese_cnn,0697b6e1ca3443f9bd9d8c4055fb116d5884b11ea5fd59746f73ad5136921205
4,famous_le_10m,7,1.0,1.0,2,osl_siamese_cnn,0697b6e1ca3443f9bd9d8c4055fb116d5884b11ea5fd59746f73ad5136921205
4,famous_le_10m,8,1.0,1.0,2,osl_siamese_cnn,0697b6e1ca3443f9bd9d8c4055fb116d5884b11ea5fd59746f73ad5136921205
4,famous_le_10m,9,1.0,1.0,2,osl_siamese_cnn,0697b6e1ca3443f9bd9d8c4055fb116d5884b11ea5fd59746f73ad5136921205
4,famous_le_10m,10,1.0,1.0,2,osl_siamese_cnn,0697b6e1ca3443f9bd9d8c4055fb116d5884b11ea5fd59746f73ad5136921205
4,famous_le_10m,11,1.0,1.0,2,osl_siamese_cnn,0697b6e1ca3443f9bd9d8c4055fb116d5884b11ea5fd59746f73ad5136921205
4,famous_le_10m,12,1.0,1.0,2,osl_siamese_cnn,0697b6e1ca3443f9bd9d8c4055fb116d5884b11ea5fd59746f73ad5136921205
4,famous_le_10m,13,1.0,1.0,2,osl_siamese_cnn,0697b6e1ca3443f9bd9d8c4055fb116d5884b11ea5fd59746f73ad5136921205
4,famous_le_10m,14,1.0,1.0,2,osl_siamese_cnn,0697b6e1ca3443f9bd9d8c4055fb116d5884b11ea5fd59746f73ad5136921205
4,famous_le_10m,15,1.0,1.0,2,osl_siamese_cnn,0697b6e1ca3443f9bd9d8c4055fb116d5884b11ea5fd59746f73ad5136921205
4,famous_le_10m,16,1.0,1.0,2,osl_siamese_cnn,0697b6e1ca3443f9bd9d8c4055fb116d5884b11ea5fd59746f73ad5136921205
4,famous_le_10m,17,1.0,1.0,2,osl_siamese_cnn,0697b6e1ca3443f9bd9d8c4055fb116d5884b11ea5fd59746f73ad5136921205
4,famous_le_10m,18,1.0,1.0,2,osl_siamese_cnn,0697b6e1ca3443f9bd9d8c4055fb116d5884b11ea5fd59746f73ad5136921205
4,famous_le_10m,19,1.0,1.0,2,osl_siamese_cnn,0697b6e1ca3443f9bd9d8c4055fb116d5884b11ea5fd59746f73ad5136921205
4,famous_le_10m,20,1.0,1.0,2,osl_siamese_cnn,0697b6e1ca3443f9bd9d8c4055fb116d5884b11ea5fd59746f73ad5136921205
4,famous_le_10m,21,1.0,1.0,2,osl_siamese_cnn,0697b6e1ca3443f9bd9d8c4055fb116d5884b11ea5fd59746f73ad5136921205
4,famous_le_10m,22,1.0,1.0,2,osl_siamese_cnn,0697b6e1ca3443f9bd9d8c4055fb116d5884b11ea5fd59746f73ad5136921205
4,famous_le_10m,23,1.0,1.0,2,osl_siamese_cnn,0697b6e1ca3443f9bd9d8c4055fb116d5884b11ea5fd59746f73ad5136921205
4,famous_le_100m,0,0.7857142857142857,0.6428571428571429,2,osl_siamese_cnn,0697b6e1ca3443f9bd9d8c4055fb116d5884b11ea5fd59746f73ad5136921205
4,famous_le_100m,1,0.21428571428571427,0.35714285714285715,2,osl_siamese_cnn,0697b6e1ca3443f9bd9d8c4055fb116d5884b11ea5fd59746f73ad5136921205
4,famous_le_100m,2,0.21428571428571427,0.35714285714285715,2,osl_siamese_cnn,0697b6e1ca3443f9bd9d8c4055fb116d5884b11ea5fd59746f73ad5136921205
4,famous_le_100m,3,0.21428571428571427,0.5,2,osl_siamese_cnn,0697b6e1ca3443f9bd9d8c4055fb116d5884b11ea5fd59746f73ad5136921205
4,famous_le_100m,4,0.21428571428571427,0.5714285714285714,2,osl_siamese_cnn,0697b6e1ca3443f9bd9d8c4055fb116d5884b11ea5fd59746f73ad5136921205
4,famous_le_100m,5,0.2857142857142857,0.6428571428571429,2,osl_siamese_cnn,0697b6e1ca3443f9bd9d8c4055fb116d5884b11ea5fd59746f73ad5136921205
4,famous_le_100m,6,0.42857142857142855,0.5714285714285714,2,osl_siamese_cnn,0697b6e1ca3443f9bd9d8c4055fb116d5884b11ea5fd59746f73ad5136921205
4,famous_le_100m,7,0.42857142857142855,0.9285714285714286,2,osl_siamese_cnn,0697b6e1ca3443f9bd9d8c4055fb116d5884b11ea5fd59746f73ad5136921205
4,famous_le_100m,8,0.7857142857142857,0.7857142857142857,2,osl_siamese_cnn,0697b6e1ca3443f9bd9d8c4055fb116d5884b11ea5fd59746f73ad5136921205
4,famous_le_100m,9,0.8571428571428571,0.8571428571428571,2,osl_siamese_cnn,0697b6e1ca3443f9bd9d8c4055fb116d5884b11ea5fd59746f73ad5136921205
4,famous_le_100m,10,0.8571428571428571,0.9285714285714286,2,osl_siamese_cnn,0697b6e1ca3443f9bd9d8c4055fb116d5884b11ea5fd59746f73ad5136921205
4,famous_le_100m,11,0.8571428571428571,0.9285714285714286,2,osl_siamese_cnn,0697b6e1ca3443f9bd9d8c4055fb116d5884b11ea5fd59746f73ad5136921205
4,famous_le_100m,12,0.9285714285714286,0.9285714285714286,2,osl_siamese_cnn,0697b6e1ca3443f9bd9d8c4055fb116d5884b11ea5fd59746f73ad5136921205
4,famous_le_100m,13,0.9285714285714286,0.8571428571428571,2,osl_siamese_cnn,0697b6e1ca3443f9bd9d8c4055fb116d5884b11ea5fd59746f73ad5136921205
4,famous_le_100m,14,0.9285714285714286,1.0,2,osl_siamese_cnn,0697b6e1ca3443f9bd9d8c4055fb116d5884b11ea5fd59746f73ad5136921205
4,famous_le_100m,15,0.9285714285714286,1.0,2,osl_siamese_cnn,0697b6e1ca3443f9bd9d8c4055fb116d5884b11ea5fd59746f73ad5136921205
4,famous_le_100m,16,0.9285714285714286,0.9285714285714286,2,osl_siamese_cnn,0697b6e1ca3443f9bd9d8c4055fb116d5884b11ea5fd59746f73ad5136921205
4,famous_le_100m,17,0.9285714285714286,1.0,2,osl_siamese_cnn,0697b6e1ca3443f9bd9d8c4055fb116d5884b11ea5fd59746f73ad5136921205
4,famous_le_100m,18,1.0,1.0,2,osl_siamese_cnn,0697b6e1ca3443f9bd9d8c4055fb116d5884b11ea5fd59746f73ad5136921205
4,famous_le_100m,19,1.0,1.0,2,osl_siamese_cnn,0697b6e1ca3443f9bd9d8c4055fb116d5884b11ea5fd59746f73ad5136921205
4,famous_le_100m,20,1.0,1.0,2,osl_siamese_cnn,0697b6e1ca3443f9bd9d8c4055fb116d5884b11ea5fd59746f73ad5136921205
4,famous_le_100m,21,1.0,1.0,2,osl_siamese_cnn,0697b6e1ca3443f9bd9d8c4055fb116d5884b11ea5fd59746f73ad5136921205
4,famous_le_100m,22,1.0,1.0,2,osl_siamese_cnn,0697b6e1ca3443f9bd9d8c4055fb116d5884b11ea5fd59746f73ad5136921205
4,famous_le_100m,23,1.0,1.0,2,osl_siamese_cnn,0697b6e1ca3443f9bd9d8c4055fb116d5884b11ea5fd59746f73ad5136921205
0,torch_pretrained_classification,0,0.1375,0.6875,3,osl_siamese_cnn,fc4e09d14b5319e35fe82b3fde8c183715149ba6828cba5f695fe535a29df862
0,famous_le_10m,0,0.0,0.6,3,osl_siamese_cnn,fc4e09d14b5319e35fe82b3fde8c183715149ba6828cba5f695fe535a29df862
0,famous_le_10m,1,1.0,0.4,3,osl_siamese_cnn,fc4e09d14b5319e35fe82b3fde8c183715149ba6828cba5f695fe535a29df862
0,famous_le_10m,2,1.0,0.2,3,osl_siamese_cnn,fc4e09d14b5319e35fe82b3fde8c183715149ba6828cba5f695fe535a29df862
0,famous_le_10m,3,1.0,0.2,3,osl_siamese_cnn,fc4e09d14b5319e35fe82b3fde8c183715149ba6828cba5f695fe535a29df862
0,famous_le_10m,4,1.0,0.2,3,osl_siamese_cnn,fc4e09d14b5319e35fe82b3fde8c183715149ba6828cba5f695fe535a29df862
0,famous_le_10m,5,1.0,0.4,3,osl_siamese_cnn,fc4e09d14b5319e35fe82b3fde8c183715149ba6828cba5f695fe535a29df862
0,famous_le_10m,6,1.0,0.2,3,osl_siamese_cnn,fc4e09d14b5319e35fe82b3fde8c183715149ba6828cba5f695fe535a29df862
0,famous_le_10m,7,0.4,0.8,3,osl_siamese_cnn,fc4e09d14b5319e35fe82b3fde8c183715149ba6828cba5f695fe535a29df862
0,famous_le_10m,8,0.0,0.0,3,osl_siamese_cnn,fc4e09d14b5319e35fe82b3fde8c183715149ba6828cba5f695fe535a29df862
0,famous_le_10m,9,0.0,0.0,3,osl_siamese_cnn,fc4e09d14b5319e35fe82b3fde8c183715149ba6828cba5f695fe535a29df862
0,famous_le_10m,10,0.0,0.0,3,osl_siamese_cnn,fc4e09d14b5319e35fe82b3fde8c183715149ba6828cba5f695fe535a29df862
0,famous_le_10m,11,0.0,0.0,3,osl_siamese_cnn,fc4e09d14b5319e35fe82b3fde8c183715149ba6828cba5f695fe535a29df862
0,famous_le_10m,12,0.0,0.0,3,osl_siamese_cnn,fc4e09d14b5319e35fe82b3fde8c183715149ba6828cba5f695fe535a29df862
0,famous_le_10m,13,0.0,0.0,3,osl_siamese_cnn,fc4e09d14b5319e35fe82b3fde8c183715149ba6828cba5f695fe535a29df862
0,famous_le_10m,14,0.0,0.0,3,osl_siamese_cnn,fc4e09d14b5319e35fe82b3fde8c183715149ba6828cba5f695fe535a29df862
0,famous_le_10m,15,0.0,0.0,3,osl_siamese_cnn,fc4e09d14b5319e35fe82b3fde8c183715149ba6828cba5f695fe535a29df862
0,famous_le_10m,16,0.0,0.0,3,osl_siamese_cnn,fc4e09d14b5319e35fe82b3fde8c183715149ba6828cba5f695fe535a29df862
0,famous_le_10m,17,0.0,0.0,3,osl_siamese_cnn,fc4e09d14b5319e35fe82b3fde8c183715149ba6828cba5f695fe535a29df862
0,famous_le_10m,18,0.0,0.0,3,osl_siamese_cnn,fc4e09d14b5319e35fe82b3fde8c183715149ba6828cba5f695fe535a29df862
0,famous_le_10m,19,0.0,0.0,3,osl_siamese_cnn,fc4e09d14b5319e35fe82b3fde8c183715149ba6828cba5f695fe535a29df862
0,famous_le_10m,20,0.0,0.0,3,osl_siamese_cnn,fc4e09d14b5319e35fe82b3fde8c183715149ba6828cba5f695fe535a29df862
0,famous_le_10m,21,0.0,0.0,3,osl_siamese_cnn,fc4e09d14b5319e35fe82b3fde8c183715149ba6828cba5f695fe535a29df862
0,famous_le_10m,22,0.0,0.0,3,osl_siamese_cnn,fc4e09d14b5319e35fe82b3fde8c183715149ba6828cba5f695fe535a29df862
0,famous_le_10m,23,0.0,0.0,3,osl_siamese_cnn,fc4e09d14b5319e35fe82b3fde8c183715149ba6828cba5f695fe535a29df862
0,famous_le_100m,0,0.0,0.8571428571428571,3,osl_siamese_cnn,fc4e09d14b5319e35fe82b3fde8c183715149ba6828cba5f695fe535a29df862
0,famous_le_100m,1,1.0,0.14285714285714285,3,osl_siamese_cnn,fc4e09d14b5319e35fe82b3fde8c183715149ba6828cba5f695fe535a29df862
0,famous_le_100m,2,1.0,0.07142857142857142,3,osl_siamese_cnn,fc4e09d14b5319e35fe82b3fde8c183715149ba6828cba5f695fe535a29df862
0,famous_le_100m,3,1.0,0.07142857142857142,3,osl_siamese_cnn,fc4e09d14b5319e35fe82b3fde8c183715149ba6828cba5f695fe535a29df862
0,famous_le_100m,4,1.0,0.35714285714285715,3,osl_siamese_cnn,fc4e09d14b5319e35fe82b3fde8c183715149ba6828cba5f695fe535a29df862
0,famous_le_100m,5,1.0,0.5,3,osl_siamese_cnn,fc4e09d14b5319e35fe82b3fde8c183715149ba6828cba5f695fe535a29df862
0,famous_le_100m,6,1.0,0.5,3,osl_siamese_cnn,fc4e09d14b5319e35fe82b3fde8c183715149ba6828cba5f695fe535a29df862
0,famous_le_100m,7,1.0,0.6428571428571429,3,osl_siamese_cnn,fc4e09d14b5319e35fe82b3fde8c183715149ba6828cba5f695fe535a29df862
0,famous_le_100m,8,1.0,0.8571428571428571,3,osl_siamese_cnn,fc4e09d14b5319e35fe82b3fde8c183715149ba6828cba5f695fe535a29df862
0,famous_le_100m,9,1.0,0.8571428571428571,3,osl_siamese_cnn,fc4e09d14b5319e35fe82b3fde8c183715149ba6828cba5f695fe535a29df862
0,famous_le_100m,10,1.0,0.8571428571428571,3,osl_siamese_cnn,fc4e09d14b5319e35fe82b3fde8c183715149ba6828cba5f695fe535a29df862
0,famous_le_100m,11,1.0,0.9285714285714286,3,osl_siamese_cnn,fc4e09d14b5319e35fe82b3fde8c183715149ba6828cba5f695fe535a29df862
0,famous_le_100m,12,1.0,0.9285714285714286,3,osl_siamese_cnn,fc4e09d14b5319e35fe82b3fde8c183715149ba6828cba5f695fe535a29df862
0,famous_le_100m,13,1.0,0.9285714285714286,3,osl_siamese_cnn,fc4e09d14b5319e35fe82b3fde8c183715149ba6828cba5f695fe535a29df862
0,famous_le_100m,14,1.0,0.9285714285714286,3,osl_siamese_cnn,fc4e09d14b5319e35fe82b3fde8c183715149ba6828cba5f695fe535a29df862
0,famous_le_100m,15,1.0,0.8571428571428571,3,osl_siamese_cnn,fc4e09d14b5319e35fe82b3fde8c183715149ba6828cba5f695fe535a29df862
0,famous_le_100m,16,0.7142857142857143,0.5714285714285714,3,osl_siamese_cnn,fc4e09d14b5319e35fe82b3fde8c183715149ba6828cba5f695fe535a29df862
0,famous_le_100m,17,0.5714285714285714,0.7142857142857143,3,osl_siamese_cnn,fc4e09d14b5319e35fe82b3fde8c183715149ba6828cba5f695fe535a29df862
0,famous_le_100m,18,0.5714285714285714,0.5714285714285714,3,osl_siamese_cnn,fc4e09d14b5319e35fe82b3fde8c183715149ba6828cba5f695fe535a29df862
0,famous_le_100m,19,0.5714285714285714,0.5714285714285714,3,osl_siamese_cnn,fc4e09d14b5319e35fe82b3fde8c183715149ba6828cba5f695fe535a29df862
0,famous_le_100m,20,0.5714285714285714,0.5714285714285714,3,osl_siamese_cnn,fc4e09d14b5319e35fe82b3fde8c183715149ba6828cba5f695fe535a29df862
0,famous_le_100m,21,0.5714285714285714,0.5714285714285714,3,osl_siamese_cnn,fc4e09d14b5319e35fe82b3fde8c183715149ba6828cba5f695fe535a29df862
0,famous_le_100m,22,0.5,0.5,3,osl_siamese_cnn,fc4e09d14b5319e35fe82b3fde8c183715149ba6828cba5f695fe535a29df862
0,famous_le_100m,23,0.0,0.07142857142857142,3,osl_siamese_cnn,fc4e09d14b5319e35fe82b3fde8c183715149ba6828cba5f695fe535a29df862
1,torch_pretrained_classification,0,0.8375,0.3375,3,osl_siamese_cnn,80330dc7e4ff553e9c1d6b74671e14941b49cdfeeda2188c2a549fa68d438ed6
1,famous_le_10m,0,1.0,0.2,3,osl_siamese_cnn,80330dc7e4ff553e9c1d6b74671e14941b49cdfeeda2188c2a549fa68d438ed6
1,famous_le_10m,1,0.0,0.8,3,osl_siamese_cnn,80330dc7e4ff553e9c1d6b74671e14941b49cdfeeda2188c2a549fa68d438ed6
1,famous_le_10m,2,0.0,0.8,3,osl_siamese_cnn,80330dc7e4ff553e9c1d6b74671e14941b49cdfeeda2188c2a549fa68d438ed6
1,famous_le_10m,3,0.0,0.6,3,osl_siamese_cnn,80330dc7e4ff553e9c1d6b74671e14941b49cdfeeda2188c2a549fa68d438ed6
1,famous_le_10m,4,0.0,0.2,3,osl_siamese_cnn,80330dc7e4ff553e9c1d6b74671e14941b49cdfeeda2188c2a549fa68d438ed6
1,famous_le_10m,5,0.8,0.2,3,osl_siamese_cnn,80330dc7e4ff553e9c1d6b74671e14941b49cdfeeda2188c2a549fa68d438ed6
1,famous_le_10m,6,1.0,1.0,3,osl_siamese_cnn,80330dc7e4ff553e9c1d6b74671e14941b49cdfeeda2188c2a549fa68d438ed6
1,famous_le_10m,7,1.0,1.0,3,osl_siamese_cnn,80330dc7e4ff553e9c1d6b74671e14941b49cdfeeda2188c2a549fa68d438ed6
1,famous_le_10m,8,1.0,1.0,3,osl_siamese_cnn,80330dc7e4ff553e9c1d6b74671e14941b49cdfeeda2188c2a549fa68d438ed6
1,famous_le_10m,9,1.0,1.0,3,osl_siamese_cnn,80330dc7e4ff553e9c1d6b74671e14941b49cdfeeda2188c2a549fa68d438ed6
1,famous_le_10m,10,1.0,1.0,3,osl_siamese_cnn,80330dc7e4ff553e9c1d6b74671e14941b49cdfeeda2188c2a549fa68d438ed6
1,famous_le_10m,11,1.0,1.0,3,osl_siamese_cnn,80330dc7e4ff553e9c1d6b74671e14941b49cdfeeda2188c2a549fa68d438ed6
1,famous_le_10m,12,1.0,1.0,3,osl_siamese_cnn,80330dc7e4ff553e9c1d6b74671e14941b49cdfeeda2188c2a549fa68d438ed6
1,famous_le_10m,13,1.0,1.0,3,osl_siamese_cnn,80330dc7e4ff553e9c1d6b74671e14941b49cdfeeda2188c2a549fa68d438ed6
1,famous_le_10m,14,1.0,1.0,3,osl_siamese_cnn,80330dc7e4ff553e9c1d6b74671e14941b49cdfeeda2188c2a549fa68d438ed6
1,famous_le_10m,15,1.0,1.0,3,osl_siamese_cnn,80330dc7e4ff553e9c1d6b74671e14941b49cdfeeda2188c2a549fa68d438ed6
1,famous_le_10m,16,1.0,1.0,3,osl_siamese_cnn,80330dc7e4ff553e9c1d6b74671e14941b49cdfeeda2188c2a549fa68d438ed6
1,famous_le_10m,17,1.0,1.0,3,osl_siamese_cnn,80330dc7e4ff553e9c1d6b74671e14941b49cdfeeda2188c2a549fa68d438ed6
1,famous_le_10m,18,1.0,1.0,3,osl_siamese_cnn,80330dc7e4ff553e9c1d6b74671e14941b49cdfeeda2188c2a549fa68d438ed6
1,famous_le_10m,19,1.0,1.0,3,osl_siamese_cnn,80330dc7e4ff553e9c1d6b74671e14941b49cdfeeda2188c2a549fa68d438ed6
1,famous_le_10m,20,1.0,1.0,3,osl_siamese_cnn,80330dc7e4ff553e9c1d6b74671e14941b49cdfeeda2188c2a549fa68d438ed6
1,famous_le_10m,21,1.0,1.0,3,osl_siamese_cnn,80330dc7e4ff553e9c1d6b74671e14941b49cdfeeda2188c2a549fa68d438ed6
1,famous_le_10m,22,1.0,1.0,3,osl_siamese_cnn,80330dc7e4ff553e9c1d6b74671e14941b49cdfeeda2188c2a549fa68d438ed6
1,famous_le_10m,23,1.0,1.0,3,osl_siamese_cnn,80330dc7e4ff553e9c1d6b74671e14941b49cdfeeda2188c2a549fa68d438ed6
1,famous_le_100m,0,0.9285714285714286,0.21428571428571427,3,osl_siamese_cnn,80330dc7e4ff553e9c1d6b74671e14941b49cdfeeda2188c2a549fa68d438ed6
1,famous_le_100m,1,0.07142857142857142,0.7857142857142857,3,osl_siamese_cnn,80330dc7e4ff553e9c1d6b74671e14941b49cdfeeda2188c2a549fa68d438ed6
1,famous_le_100m,2,0.07142857142857142,0.8571428571428571,3,osl_siamese_cnn,80330dc7e4ff553e9c1d6b74671e14941b49cdfeeda2188c2a549fa68d438ed6
1,famous_le_100m,3,0.07142857142857142,0.8571428571428571,3,osl_siamese_cnn,80330dc7e4ff553e9c1d6b74671e14941b49cdfeeda2188c2a549fa68d438ed6
1,famous_le_100m,4,0.07142857142857142,0.8571428571428571,3,osl_siamese_cnn,80330dc7e4ff553e9c1d6b74671e14941b49cdfeeda2188c2a549fa68d438ed6
1,famous_le_100m,5,0.07142857142857142,0.7857142857142857,3,osl_siamese_cnn,80330dc7e4ff553e9c1d6b74671e14941b49cdfeeda2188c2a549fa68d438ed6
1,famous_le_100m,6,0.2857142857142857,0.5714285714285714,3,osl_siamese_cnn,80330dc7e4ff553e9c1d6b74671e14941b49cdfeeda2188c2a549fa68d438ed6
1,famous_le_100m,7,0.42857142857142855,0.7857142857142857,3,osl_siamese_cnn,80330dc7e4ff553e9c1d6b74671e14941b49cdfeeda2188c2a549fa68d438ed6
1,famous_le_100m,8,0.42857142857142855,0.5714285714285714,3,osl_siamese_cnn,80330dc7e4ff553e9c1d6b74671e14941b49cdfeeda2188c2a549fa68d438ed6
1,famous_le_100m,9,0.42857142857142855,0.7142857142857143,3,osl_siamese_cnn,80330dc7e4ff553e9c1d6b74671e14941b49cdfeeda2188c2a549fa68d438ed6
1,famous_le_100m,10,0.5714285714285714,0.7857142857142857,3,osl_siamese_cnn,80330dc7e4ff553e9c1d6b74671e14941b49cdfeeda2188c2a549fa68d438ed6
1,famous_le_100m,11,0.7142857142857143,0.7857142857142857,3,osl_siamese_cnn,80330dc7e4ff553e9c1d6b74671e14941b49cdfeeda2188c2a549fa68d438ed6
1,famous_le_100m,12,0.8571428571428571,0.7857142857142857,3,osl_siamese_cnn,80330dc7e4ff553e9c1d6b74671e14941b49cdfeeda2188c2a549fa68d438ed6
1,famous_le_100m,13,0.8571428571428571,0.9285714285714286,3,osl_siamese_cnn,80330dc7e4ff553e9c1d6b74671e14941b49cdfeeda2188c2a549fa68d438ed6
1,famous_le_100m,14,0.8571428571428571,0.8571428571428571,3,osl_siamese_cnn,80330dc7e4ff553e9c1d6b74671e14941b49cdfeeda2188c2a549fa68d438ed6
1,famous_le_100m,15,0.8571428571428571,0.8571428571428571,3,osl_siamese_cnn,80330dc7e4ff553e9c1d6b74671e14941b49cdfeeda2188c2a549fa68d438ed6
1,famous_le_100m,16,0.8571428571428571,0.8571428571428571,3,osl_siamese_cnn,80330dc7e4ff553e9c1d6b74671e14941b49cdfeeda2188c2a549fa68d438ed6
1,famous_le_100m,17,0.8571428571428571,0.9285714285714286,3,osl_siamese_cnn,80330dc7e4ff553e9c1d6b74671e14941b49cdfeeda2188c2a549fa68d438ed6
1,famous_le_100m,18,0.9285714285714286,0.8571428571428571,3,osl_siamese_cnn,80330dc7e4ff553e9c1d6b74671e14941b49cdfeeda2188c2a549fa68d438ed6
1,famous_le_100m,19,0.9285714285714286,0.9285714285714286,3,osl_siamese_cnn,80330dc7e4ff553e9c1d6b74671e14941b49cdfeeda2188c2a549fa68d438ed6
1,famous_le_100m,20,0.9285714285714286,0.9285714285714286,3,osl_siamese_cnn,80330dc7e4ff553e9c1d6b74671e14941b49cdfeeda2188c2a549fa68d438ed6
1,famous_le_100m,21,0.9285714285714286,0.9285714285714286,3,osl_siamese_cnn,80330dc7e4ff553e9c1d6b74671e14941b49cdfeeda2188c2a549fa68d438ed6
1,famous_le_100m,22,1.0,1.0,3,osl_siamese_cnn,80330dc7e4ff553e9c1d6b74671e14941b49cdfeeda2188c2a549fa68d438ed6
1,famous_le_100m,23,1.0,1.0,3,osl_siamese_cnn,80330dc7e4ff553e9c1d6b74671e14941b49cdfeeda2188c2a549fa68d438ed6
2,torch_pretrained_classification,0,0.6125,0.5625,3,osl_siamese_cnn,10ea31682eec346dd792073876a410b7e9dbfd6bb005b5d8eabbb73d7214d65f
2,famous_le_10m,0,0.8,0.4,3,osl_siamese_cnn,10ea31682eec346dd792073876a410b7e9dbfd6bb005b5d8eabbb73d7214d65f
2,famous_le_10m,1,0.2,0.6,3,osl_siamese_cnn,10ea31682eec346dd792073876a410b7e9dbfd6bb005b5d8eabbb73d7214d65f
2,famous_le_10m,2,0.2,0.6,3,osl_siamese_cnn,10ea31682eec346dd792073876a410b7e9dbfd6bb005b5d8eabbb73d7214d65f
2,famous_le_10m,3,0.2,0.8,3,osl_siamese_cnn,10ea31682eec346dd792073876a410b7e9dbfd6bb005b5d8eabbb73d7214d65f
2,famous_le_10m,4,0.4,0.8,3,osl_siamese_cnn,10ea31682eec346dd792073876a410b7e9dbfd6bb005b5d8eabbb73d7214d65f
2,famous_le_10m,5,0.6,0.6,3,osl_siamese_cnn,10ea31682eec346dd792073876a410b7e9dbfd6bb005b5d8eabbb73d7214d65f
2,famous_le_10m,6,1.0,0.2,3,osl_siamese_cnn,10ea31682eec346dd792073876a410b7e9dbfd6bb005b5d8eabbb73d7214d65f
2,famous_le_10m,7,1.0,0.6,3,osl_siamese_cnn,10ea31682eec346dd792073876a410b7e9dbfd6bb005b5d8eabbb73d7214d65f
2,famous_le_10m,8,1.0,1.0,3,osl_siamese_cnn,10ea31682eec346dd792073876a410b7e9dbfd6bb005b5d8eabbb73d7214d65f
2,famous_le_10m,9,1.0,1.0,3,osl_siamese_cnn,10ea31682eec346dd792073876a410b7e9dbfd6bb005b5d8eabbb73d7214d65f
2,famous_le_10m,10,1.0,1.0,3,osl_siamese_cnn,10ea31682eec346dd792073876a410b7e9dbfd6bb005b5d8eabbb73d7214d65f
2,famous_le_10m,11,1.0,1.0,3,osl_siamese_cnn,10ea31682eec346dd792073876a410b7e9dbfd6bb005b5d8eabbb73d7214d65f
2,famous_le_10m,12,1.0,1.0,3,osl_siamese_cnn,10ea31682eec346dd792073876a410b7e9dbfd6bb005b5d8eabbb73d7214d65f
2,famous_le_10m,13,1.0,1.0,3,osl_siamese_cnn,10ea31682eec346dd792073876a410b7e9dbfd6bb005b5d8eabbb73d7214d65f
2,famous_le_10m,14,1.0,1.0,3,osl_siamese_cnn,10ea31682eec346dd792073876a410b7e9dbfd6bb005b5d8eabbb73d7214d65f
2,famous_le_10m,15,1.0,1.0,3,osl_siamese_cnn,10ea31682eec346dd792073876a410b7e9dbfd6bb005b5d8eabbb73d7214d65f
2,famous_le_10m,16,1.0,1.0,3,osl_siamese_cnn,10ea31682eec346dd792073876a410b7e9dbfd6bb005b5d8eabbb73d7214d65f
2,famous_le_10m,17,1.0,1.0,3,osl_siamese_cnn,10ea31682eec346dd792073876a410b7e9dbfd6bb005b5d8eabbb73d7214d65f
2,famous_le_10m,18,1.0,1.0,3,osl_siamese_cnn,10ea31682eec346dd792073876a410b7e9dbfd6bb005b5d8eabbb73d7214d65f
2,famous_le_10m,19,1.0,1.0,3,osl_siamese_cnn,10ea31682eec346dd792073876a410b7e9dbfd6bb005b5d8eabbb73d7214d65f
2,famous_le_10m,20,1.0,1.0,3,osl_siamese_cnn,10ea31682eec346dd792073876a410b7e9dbfd6bb005b5d8eabbb73d7214d65f
2,famous_le_10m,21,1.0,1.0,3,osl_siamese_cnn,10ea31682eec346dd792073876a410b7e9dbfd6bb005b5d8eabbb73d7214d65f
2,famous_le_10m,22,1.0,1.0,3,osl_siamese_cnn,10ea31682eec346dd792073876a410b7e9dbfd6bb005b5d8eabbb73d7214d65f
2,famous_le_10m,23,1.0,1.0,3,osl_siamese_cnn,10ea31682eec346dd792073876a410b7e9dbfd6bb005b5d8eabbb73d7214d65f
2,famous_le_100m,0,0.7857142857142857,0.6428571428571429,3,osl_siamese_cnn,10ea31682eec346dd792073876a410b7e9dbfd6bb005b5d8eabbb73d7214d65f
2,famous_le_100m,1,0.21428571428571427,0.35714285714285715,3,osl_siamese_cnn,10ea31682eec346dd792073876a410b7e9dbfd6bb005b5d8eabbb73d7214d65f
2,famous_le_100m,2,0.21428571428571427,0.35714285714285715,3,osl_siamese_cnn,10ea31682eec346dd792073876a410b7e9dbfd6bb005b5d8eabbb73d7214d65f
2,famous_le_100m,3,0.21428571428571427,0.35714285714285715,3,osl_siamese_cnn,10ea31682eec346dd792073876a410b7e9dbfd6bb005b5d8eabbb73d7214d65f
2,famous_le_100m,4,0.21428571428571427,0.35714285714285715,3,osl_siamese_cnn,10ea31682eec346dd792073876a410b7e9dbfd6bb005b5d8eabbb73d7214d65f
2,famous_le_100m,5,0.21428571428571427,0.5,3,osl_siamese_cnn,10ea31682eec346dd792073876a410b7e9dbfd6bb005b5d8eabbb73d7214d65f
2,famous_le_100m,6,0.21428571428571427,0.5714285714285714,3,osl_siamese_cnn,10ea31682eec346dd792073876a410b7e9dbfd6bb005b5d8eabbb73d7214d65f
2,famous_le_100m,7,0.42857142857142855,0.5714285714285714,3,osl_siamese_cnn,10ea31682eec346dd792073876a410b7e9dbfd6bb005b5d8eabbb73d7214d65f
2,famous_le_100m,8,0.42857142857142855,0.42857142857142855,3,osl_siamese_cnn,10ea31682eec346dd792073876a410b7e9dbfd6bb005b5d8eabbb73d7214d65f
2,famous_le_100m,9,0.5,0.6428571428571429,3,osl_siamese_cnn,10ea31682eec346dd792073876a410b7e9dbfd6bb005b5d8eabbb73d7214d65f
2,famous_le_100m,10,0.42857142857142855,0.6428571428571429,3,osl_siamese_cnn,10ea31682eec346dd792073876a410b7e9dbfd6bb005b5d8eabbb73d7214d65f
2,famous_le_100m,11,0.6428571428571429,0.7857142857142857,3,osl_siamese_cnn,10ea31682eec346dd792073876a410b7e9dbfd6bb005b5d8eabbb73d7214d65f
2,famous_le_100m,12,0.7142857142857143,0.6428571428571429,3,osl_siamese_cnn,10ea31682eec346dd792073876a410b7e9dbfd6bb005b5d8eabbb73d7214d65f
2,famous_le_100m,13,0.8571428571428571,0.6428571428571429,3,osl_siamese_cnn,10ea31682eec346dd792073876a410b7e9dbfd6bb005b5d8eabbb73d7214d65f
2,famous_le_100m,14,0.8571428571428571,0.7857142857142857,3,osl_siamese_cnn,10ea31682eec346dd792073876a410b7e9dbfd6bb005b5d8eabbb73d7214d65f
2,famous_le_100m,15,0.8571428571428571,0.8571428571428571,3,osl_siamese_cnn,10ea31682eec346dd792073876a410b7e9dbfd6bb005b5d8eabbb73d7214d65f
2,famous_le_100m,16,0.8571428571428571,0.8571428571428571,3,osl_siamese_cnn,10ea31682eec346dd792073876a410b7e9dbfd6bb005b5d8eabbb73d7214d65f
2,famous_le_100m,17,0.9285714285714286,0.9285714285714286,3,osl_siamese_cnn,10ea31682eec346dd792073876a410b7e9dbfd6bb005b5d8eabbb73d7214d65f
2,famous_le_100m,18,0.9285714285714286,0.9285714285714286,3,osl_siamese_cnn,10ea31682eec346dd792073876a410b7e9dbfd6bb005b5d8eabbb73d7214d65f
2,famous_le_100m,19,0.9285714285714286,0.9285714285714286,3,osl_siamese_cnn,10ea31682eec346dd792073876a410b7e9dbfd6bb005b5d8eabbb73d7214d65f
2,famous_le_100m,20,0.9285714285714286,0.9285714285714286,3,osl_siamese_cnn,10ea31682eec346dd792073876a410b7e9dbfd6bb005b5d8eabbb73d7214d65f
2,famous_le_100m,21,1.0,0.9285714285714286,3,osl_siamese_cnn,10ea31682eec346dd792073876a410b7e9dbfd6bb005b5d8eabbb73d7214d65f
2,famous_le_100m,22,1.0,1.0,3,osl_siamese_cnn,10ea31682eec346dd792073876a410b7e9dbfd6bb005b5d8eabbb73d7214d65f
2,famous_le_100m,23,1.0,1.0,3,osl_siamese_cnn,10ea31682eec346dd792073876a410b7e9dbfd6bb005b5d8eabbb73d7214d65f
3,torch_pretrained_classification,0,0.675,0.675,3,osl_siamese_cnn,c47dc7c566fa1fe3225a1a315f3b209e95db3c3a2a7657326a046e10266b9870
3,famous_le_10m,0,1.0,0.6,3,osl_siamese_cnn,c47dc7c566fa1fe3225a1a315f3b209e95db3c3a2a7657326a046e10266b9870
3,famous_le_10m,1,0.0,0.4,3,osl_siamese_cnn,c47dc7c566fa1fe3225a1a315f3b209e95db3c3a2a7657326a046e10266b9870
3,famous_le_10m,2,0.0,0.2,3,osl_siamese_cnn,c47dc7c566fa1fe3225a1a315f3b209e95db3c3a2a7657326a046e10266b9870
3,famous_le_10m,3,0.2,0.4,3,osl_siamese_cnn,c47dc7c566fa1fe3225a1a315f3b209e95db3c3a2a7657326a046e10266b9870
3,famous_le_10m,4,0.6,0.8,3,osl_siamese_cnn,c47dc7c566fa1fe3225a1a315f3b209e95db3c3a2a7657326a046e10266b9870
3,famous_le_10m,5,1.0,1.0,3,osl_siamese_cnn,c47dc7c566fa1fe3225a1a315f3b209e95db3c3a2a7657326a046e10266b9870
3,famous_le_10m,6,1.0,0.8,3,osl_siamese_cnn,c47dc7c566fa1fe3225a1a315f3b209e95db3c3a2a7657326a046e10266b9870
3,famous_le_10m,7,1.0,1.0,3,osl_siamese_cnn,c47dc7c566fa1fe3225a1a315f3b209e95db3c3a2a7657326a046e10266b9870
3,famous_le_10m,8,1.0,1.0,3,osl_siamese_cnn,c47dc7c566fa1fe3225a1a315f3b209e95db3c3a2a7657326a046e10266b9870
3,famous_le_10m,9,1.0,1.0,3,osl_siamese_cnn,c47dc7c566fa1fe3225a1a315f3b209e95db3c3a2a7657326a046e10266b9870
3,famous_le_10m,10,1.0,1.0,3,osl_siamese_cnn,c47dc7c566fa1fe3225a1a315f3b209e95db3c3a2a7657326a046e10266b9870
3,famous_le_10m,11,1.0,1.0,3,osl_siamese_cnn,c47dc7c566fa1fe3225a1a315f3b209e95db3c3a2a7657326a046e10266b9870
3,famous_le_10m,12,1.0,1.0,3,osl_siamese_cnn,c47dc7c566fa1fe3225a1a315f3b209e95db3c3a2a7657326a046e10266b9870
3,famous_le_10m,13,1.0,1.0,3,osl_siamese_cnn,c47dc7c566fa1fe3225a1a315f3b209e95db3c3a2a7657326a046e10266b9870
3,famous_le_10m,14,1.0,1.0,3,osl_siamese_cnn,c47dc7c566fa1fe3225a1a315f3b209e95db3c3a2a7657326a046e10266b9870
3,famous_le_10m,15,1.0,1.0,3,osl_siamese_cnn,c47dc7c566fa1fe3225a1a315f3b209e95db3c3a2a7657326a046e10266b9870
3,famous_le_10m,16,1.0,1.0,3,osl_siamese_cnn,c47dc7c566fa1fe3225a1a315f3b209e95db3c3a2a7657326a046e10266b9870
3,famous_le_10m,17,1.0,1.0,3,osl_siamese_cnn,c47dc7c566fa1fe3225a1a315f3b209e95db3c3a2a7657326a046e10266b9870
3,famous_le_10m,18,1.0,1.0,3,osl_siamese_cnn,c47dc7c566fa1fe3225a1a315f3b209e95db3c3a2a7657326a046e10266b9870
3,famous_le_10m,19,1.0,1.0,3,osl_siamese_cnn,c47dc7c566fa1fe3225a1a315f3b209e95db3c3a2a7657326a046e10266b9870
3,famous_le_10m,20,1.0,1.0,3,osl_siamese_cnn,c47dc7c566fa1fe3225a1a315f3b209e95db3c3a2a7657326a046e10266b9870
3,famous_le_10m,21,1.0,1.0,3,osl_siamese_cnn,c47dc7c566fa1fe3225a1a315f3b209e95db3c3a2a7657326a046e10266b9870
3,famous_le_10m,22,1.0,1.0,3,osl_siamese_cnn,c47dc7c566fa1fe3225a1a315f3b209e95db3c3a2a7657326a046e10266b9870
3,famous_le_10m,23,1.0,1.0,3,osl_siamese_cnn,c47dc7c566fa1fe3225a1a315f3b209e95db3c3a2a7657326a046e10266b9870
3,famous_le_100m,0,0.7142857142857143,0.7857142857142857,3,osl_siamese_cnn,c47dc7c566fa1fe3225a1a315f3b209e95db3c3a2a7657326a046e10266b9870
3,famous_le_100m,1,0.2857142857142857,0.21428571428571427,3,osl_siamese_cnn,c47dc7c566fa1fe3225a1a315f3b209e95db3c3a2a7657326a046e10266b9870
3,famous_le_100m,2,0.2857142857142857,0.2857142857142857,3,osl_siamese_cnn,c47dc7c566fa1fe3225a1a315f3b209e95db3c3a2a7657326a046e10266b9870
3,famous_le_100m,3,0.21428571428571427,0.2857142857142857,3,osl_siamese_cnn,c47dc7c566fa1fe3225a1a315f3b209e95db3c3a2a7657326a046e10266b9870
3,famous_le_100m,4,0.21428571428571427,0.42857142857142855,3,osl_siamese_cnn,c47dc7c566fa1fe3225a1a315f3b209e95db3c3a2a7657326a046e10266b9870
3,famous_le_100m,5,0.21428571428571427,0.2857142857142857,3,osl_siamese_cnn,c47dc7c566fa1fe3225a1a315f3b209e95db3c3a2a7657326a046e10266b9870
3,famous_le_100m,6,0.35714285714285715,0.21428571428571427,3,osl_siamese_cnn,c47dc7c566fa1fe3225a1a315f3b209e95db3c3a2a7657326a046e10266b9870
3,famous_le_100m,7,0.5,0.5714285714285714,3,osl_siamese_cnn,c47dc7c566fa1fe3225a1a315f3b209e95db3c3a2a7657326a046e10266b9870
3,famous_le_100m,8,0.5714285714285714,0.5714285714285714,3,osl_siamese_cnn,c47dc7c566fa1fe3225a1a315f3b209e95db3c3a2a7657326a046e10266b9870
3,famous_le_100m,9,0.7142857142857143,0.7142857142857143,3,osl_siamese_cnn,c47dc7c566fa1fe3225a1a315f3b209e95db3c3a2a7657326a046e10266b9870
3,famous_le_100m,10,0.8571428571428571,0.7857142857142857,3,osl_siamese_cnn,c47dc7c566fa1fe3225a1a315f3b209e95db3c3a2a7657326a046e10266b9870
3,famous_le_100m,11,0.8571428571428571,0.7857142857142857,3,osl_siamese_cnn,c47dc7c566fa1fe3225a1a315f3b209e95db3c3a2a7657326a046e10266b9870
3,famous_le_100m,12,0.8571428571428571,0.8571428571428571,3,osl_siamese_cnn,c47dc7c566fa1fe3225a1a315f3b209e95db3c3a2a7657326a046e10266b9870
3,famous_le_100m,13,0.9285714285714286,0.9285714285714286,3,osl_siamese_cnn,c47dc7c566fa1fe3225a1a315f3b209e95db3c3a2a7657326a046e10266b9870
3,famous_le_100m,14,0.9285714285714286,0.9285714285714286,3,osl_siamese_cnn,c47dc7c566fa1fe3225a1a315f3b209e95db3c3a2a7657326a046e10266b9870
3,famous_le_100m,15,0.9285714285714286,0.9285714285714286,3,osl_siamese_cnn,c47dc7c566fa1fe3225a1a315f3b209e95db3c3a2a7657326a046e10266b9870
3,famous_le_100m,16,0.9285714285714286,1.0,3,osl_siamese_cnn,c47dc7c566fa1fe3225a1a315f3b209e95db3c3a2a7657326a046e10266b9870
3,famous_le_100m,17,0.9285714285714286,0.9285714285714286,3,osl_siamese_cnn,c47dc7c566fa1fe3225a1a315f3b209e95db3c3a2a7657326a046e10266b9870
3,famous_le_100m,18,1.0,1.0,3,osl_siamese_cnn,c47dc7c566fa1fe3225a1a315f3b209e95db3c3a2a7657326a046e10266b9870
3,famous_le_100m,19,1.0,0.9285714285714286,3,osl_siamese_cnn,c47dc7c566fa1fe3225a1a315f3b209e95db3c3a2a7657326a046e10266b9870
3,famous_le_100m,20,1.0,1.0,3,osl_siamese_cnn,c47dc7c566fa1fe3225a1a315f3b209e95db3c3a2a7657326a046e10266b9870
3,famous_le_100m,21,1.0,1.0,3,osl_siamese_cnn,c47dc7c566fa1fe3225a1a315f3b209e95db3c3a2a7657326a046e10266b9870
3,famous_le_100m,22,1.0,1.0,3,osl_siamese_cnn,c47dc7c566fa1fe3225a1a315f3b209e95db3c3a2a7657326a046e10266b9870
3,famous_le_100m,23,1.0,1.0,3,osl_siamese_cnn,c47dc7c566fa1fe3225a1a315f3b209e95db3c3a2a7657326a046e10266b9870
4,torch_pretrained_classification,0,0.6875,0.5875,3,osl_siamese_cnn,49e9022e130b2f627dab81400e7ddc6316ff7ed15654a237c23438092e4de361
4,famous_le_10m,0,1.0,0.2,3,osl_siamese_cnn,49e9022e130b2f627dab81400e7ddc6316ff7ed15654a237c23438092e4de361
4,famous_le_10m,1,0.0,0.8,3,osl_siamese_cnn,49e9022e130b2f627dab81400e7ddc6316ff7ed15654a237c23438092e4de361
4,famous_le_10m,2,0.0,0.6,3,osl_siamese_cnn,49e9022e130b2f627dab81400e7ddc6316ff7ed15654a237c23438092e4de361
4,famous_le_10m,3,0.2,0.2,3,osl_siamese_cnn,49e9022e130b2f627dab81400e7ddc6316ff7ed15654a237c23438092e4de361
4,famous_le_10m,4,0.4,0.8,3,osl_siamese_cnn,49e9022e130b2f627dab81400e7ddc6316ff7ed15654a237c23438092e4de361
4,famous_le_10m,5,1.0,0.8,3,osl_siamese_cnn,49e9022e130b2f627dab81400e7ddc6316ff7ed15654a237c23438092e4de361
4,famous_le_10m,6,1.0,1.0,3,osl_siamese_cnn,49e9022e130b2f627dab81400e7ddc6316ff7ed15654a237c23438092e4de361
4,famous_le_10m,7,1.0,1.0,3,osl_siamese_cnn,49e9022e130b2f627dab81400e7ddc6316ff7ed15654a237c23438092e4de361
4,famous_le_10m,8,1.0,1.0,3,osl_siamese_cnn,49e9022e130b2f627dab81400e7ddc6316ff7ed15654a237c23438092e4de361
4,famous_le_10m,9,1.0,1.0,3,osl_siamese_cnn,49e9022e130b2f627dab81400e7ddc6316ff7ed15654a237c23438092e4de361
4,famous_le_10m,10,1.0,1.0,3,osl_siamese_cnn,49e9022e130b2f627dab81400e7ddc6316ff7ed15654a237c23438092e4de361
4,famous_le_10m,11,1.0,1.0,3,osl_siamese_cnn,49e9022e130b2f627dab81400e7ddc6316ff7ed15654a237c23438092e4de361
4,famous_le_10m,12,1.0,1.0,3,osl_siamese_cnn,49e9022e130b2f627dab81400e7ddc6316ff7ed15654a237c23438092e4de361
4,famous_le_10m,13,1.0,1.0,3,osl_siamese_cnn,49e9022e130b2f627dab81400e7ddc6316ff7ed15654a237c23438092e4de361
4,famous_le_10m,14,1.0,1.0,3,osl_siamese_cnn,49e9022e130b2f627dab81400e7ddc6316ff7ed15654a237c23438092e4de361
4,famous_le_10m,15,1.0,1.0,3,osl_siamese_cnn,49e9022e130b2f627dab81400e7ddc6316ff7ed15654a237c23438092e4de361
4,famous_le_10m,16,1.0,1.0,3,osl_siamese_cnn,49e9022e130b2f627dab81400e7ddc6316ff7ed15654a237c23438092e4de361
4,famous_le_10m,17,1.0,1.0,3,osl_siamese_cnn,49e9022e130b2f627dab81400e7ddc6316ff7ed15654a237c23438092e4de361
4,famous_le_10m,18,1.0,1.0,3,osl_siamese_cnn,49e9022e130b2f627dab81400e7ddc6316ff7ed15654a237c23438092e4de361
4,famous_le_10m,19,1.0,1.0,3,osl_siamese_cnn,49e9022e130b2f627dab81400e7ddc6316ff7ed15654a237c23438092e4de361
4,famous_le_10m,20,1.0,1.0,3,osl_siamese_cnn,49e9022e130b2f627dab81400e7ddc6316ff7ed15654a237c23438092e4de361
4,famous_le_10m,21,1.0,1.0,3,osl_siamese_cnn,49e9022e130b2f627dab81400e7ddc6316ff7ed15654a237c23438092e4de361
4,famous_le_10m,22,1.0,1.0,3,osl_siamese_cnn,49e9022e130b2f627dab81400e7ddc6316ff7ed15654a237c23438092e4de361
4,famous_le_10m,23,1.0,1.0,3,osl_siamese_cnn,49e9022e130b2f627dab81400e7ddc6316ff7ed15654a237c23438092e4de361
4,famous_le_100m,0,0.7857142857142857,0.6428571428571429,3,osl_siamese_cnn,49e9022e130b2f627dab81400e7ddc6316ff7ed15654a237c23438092e4de361
4,famous_le_100m,1,0.21428571428571427,0.42857142857142855,3,osl_siamese_cnn,49e9022e130b2f627dab81400e7ddc6316ff7ed15654a237c23438092e4de361
4,famous_le_100m,2,0.21428571428571427,0.42857142857142855,3,osl_siamese_cnn,49e9022e130b2f627dab81400e7ddc6316ff7ed15654a237c23438092e4de361
4,famous_le_100m,3,0.21428571428571427,0.42857142857142855,3,osl_siamese_cnn,49e9022e130b2f627dab81400e7ddc6316ff7ed15654a237c23438092e4de361
4,famous_le_100m,4,0.14285714285714285,0.35714285714285715,3,osl_siamese_cnn,49e9022e130b2f627dab81400e7ddc6316ff7ed15654a237c23438092e4de361
4,famous_le_100m,5,0.14285714285714285,0.42857142857142855,3,osl_siamese_cnn,49e9022e130b2f627dab81400e7ddc6316ff7ed15654a237c23438092e4de361
4,famous_le_100m,6,0.2857142857142857,0.35714285714285715,3,osl_siamese_cnn,49e9022e130b2f627dab81400e7ddc6316ff7ed15654a237c23438092e4de361
4,famous_le_100m,7,0.5,0.5,3,osl_siamese_cnn,49e9022e130b2f627dab81400e7ddc6316ff7ed15654a237c23438092e4de361
4,famous_le_100m,8,0.5,0.6428571428571429,3,osl_siamese_cnn,49e9022e130b2f627dab81400e7ddc6316ff7ed15654a237c23438092e4de361
4,famous_le_100m,9,0.6428571428571429,0.6428571428571429,3,osl_siamese_cnn,49e9022e130b2f627dab81400e7ddc6316ff7ed15654a237c23438092e4de361
4,famous_le_100m,10,0.8571428571428571,0.7857142857142857,3,osl_siamese_cnn,49e9022e130b2f627dab81400e7ddc6316ff7ed15654a237c23438092e4de361
4,famous_le_100m,11,0.8571428571428571,0.8571428571428571,3,osl_siamese_cnn,49e9022e130b2f627dab81400e7ddc6316ff7ed15654a237c23438092e4de361
4,famous_le_100m,12,0.8571428571428571,0.8571428571428571,3,osl_siamese_cnn,49e9022e130b2f627dab81400e7ddc6316ff7ed15654a237c23438092e4de361
4,famous_le_100m,13,0.8571428571428571,0.9285714285714286,3,osl_siamese_cnn,49e9022e130b2f627dab81400e7ddc6316ff7ed15654a237c23438092e4de361
4,famous_le_100m,14,0.9285714285714286,0.9285714285714286,3,osl_siamese_cnn,49e9022e130b2f627dab81400e7ddc6316ff7ed15654a237c23438092e4de361
4,famous_le_100m,15,0.9285714285714286,0.8571428571428571,3,osl_siamese_cnn,49e9022e130b2f627dab81400e7ddc6316ff7ed15654a237c23438092e4de361
4,famous_le_100m,16,0.9285714285714286,0.9285714285714286,3,osl_siamese_cnn,49e9022e130b2f627dab81400e7ddc6316ff7ed15654a237c23438092e4de361
4,famous_le_100m,17,0.9285714285714286,1.0,3,osl_siamese_cnn,49e9022e130b2f627dab81400e7ddc6316ff7ed15654a237c23438092e4de361
4,famous_le_100m,18,0.9285714285714286,0.9285714285714286,3,osl_siamese_cnn,49e9022e130b2f627dab81400e7ddc6316ff7ed15654a237c23438092e4de361
4,famous_le_100m,19,0.9285714285714286,1.0,3,osl_siamese_cnn,49e9022e130b2f627dab81400e7ddc6316ff7ed15654a237c23438092e4de361
4,famous_le_100m,20,1.0,1.0,3,osl_siamese_cnn,49e9022e130b2f627dab81400e7ddc6316ff7ed15654a237c23438092e4de361
4,famous_le_100m,21,1.0,1.0,3,osl_siamese_cnn,49e9022e130b2f627dab81400e7ddc6316ff7ed15654a237c23438092e4de361
4,famous_le_100m,22,1.0,1.0,3,osl_siamese_cnn,49e9022e130b2f627dab81400e7ddc6316ff7ed15654a237c23438092e4de361
4,famous_le_100m,23,1.0,1.0,3,osl_siamese_cnn,49e9022e130b2f627dab81400e7ddc6316ff7ed15654a237c23438092e4de361
0,torch_pretrained_classification,0,0.725,0.65,4,osl_siamese_cnn,349f0c371f99d8725ed997f5eb73314e4d4a522e19e36951507e45571ca9b3f1
0,famous_le_10m,0,1.0,1.0,4,osl_siamese_cnn,349f0c371f99d8725ed997f5eb73314e4d4a522e19e36951507e45571ca9b3f1
0,famous_le_10m,1,0.0,0.0,4,osl_siamese_cnn,349f0c371f99d8725ed997f5eb73314e4d4a522e19e36951507e45571ca9b3f1
0,famous_le_10m,2,0.0,0.0,4,osl_siamese_cnn,349f0c371f99d8725ed997f5eb73314e4d4a522e19e36951507e45571ca9b3f1
0,famous_le_10m,3,0.0,0.8,4,osl_siamese_cnn,349f0c371f99d8725ed997f5eb73314e4d4a522e19e36951507e45571ca9b3f1
0,famous_le_10m,4,0.4,0.8,4,osl_siamese_cnn,349f0c371f99d8725ed997f5eb73314e4d4a522e19e36951507e45571ca9b3f1
0,famous_le_10m,5,1.0,1.0,4,osl_siamese_cnn,349f0c371f99d8725ed997f5eb73314e4d4a522e19e36951507e45571ca9b3f1
0,famous_le_10m,6,1.0,1.0,4,osl_siamese_cnn,349f0c371f99d8725ed997f5eb73314e4d4a522e19e36951507e45571ca9b3f1
0,famous_le_10m,7,1.0,1.0,4,osl_siamese_cnn,349f0c371f99d8725ed997f5eb73314e4d4a522e19e36951507e45571ca9b3f1
0,famous_le_10m,8,1.0,1.0,4,osl_siamese_cnn,349f0c371f99d8725ed997f5eb73314e4d4a522e19e36951507e45571ca9b3f1
0,famous_le_10m,9,1.0,1.0,4,osl_siamese_cnn,349f0c371f99d8725ed997f5eb73314e4d4a522e19e36951507e45571ca9b3f1
0,famous_le_10m,10,1.0,1.0,4,osl_siamese_cnn,349f0c371f99d8725ed997f5eb73314e4d4a522e19e36951507e45571ca9b3f1
0,famous_le_10m,11,1.0,1.0,4,osl_siamese_cnn,349f0c371f99d8725ed997f5eb73314e4d4a522e19e36951507e45571ca9b3f1
0,famous_le_10m,12,1.0,1.0,4,osl_siamese_cnn,349f0c371f99d8725ed997f5eb73314e4d4a522e19e36951507e45571ca9b3f1
0,famous_le_10m,13,1.0,1.0,4,osl_siamese_cnn,349f0c371f99d8725ed997f5eb73314e4d4a522e19e36951507e45571ca9b3f1
0,famous_le_10m,14,1.0,1.0,4,osl_siamese_cnn,349f0c371f99d8725ed997f5eb73314e4d4a522e19e36951507e45571ca9b3f1
0,famous_le_10m,15,1.0,1.0,4,osl_siamese_cnn,349f0c371f99d8725ed997f5eb73314e4d4a522e19e36951507e45571ca9b3f1
0,famous_le_10m,16,1.0,1.0,4,osl_siamese_cnn,349f0c371f99d8725ed997f5eb73314e4d4a522e19e36951507e45571ca9b3f1
0,famous_le_10m,17,1.0,1.0,4,osl_siamese_cnn,349f0c371f99d8725ed997f5eb73314e4d4a522e19e36951507e45571ca9b3f1
0,famous_le_10m,18,1.0,1.0,4,osl_siamese_cnn,349f0c371f99d8725ed997f5eb73314e4d4a522e19e36951507e45571ca9b3f1
0,famous_le_10m,19,1.0,1.0,4,osl_siamese_cnn,349f0c371f99d8725ed997f5eb73314e4d4a522e19e36951507e45571ca9b3f1
0,famous_le_10m,20,1.0,1.0,4,osl_siamese_cnn,349f0c371f99d8725ed997f5eb73314e4d4a522e19e36951507e45571ca9b3f1
0,famous_le_10m,21,1.0,1.0,4,osl_siamese_cnn,349f0c371f99d8725ed997f5eb73314e4d4a522e19e36951507e45571ca9b3f1
0,famous_le_10m,22,1.0,1.0,4,osl_siamese_cnn,349f0c371f99d8725ed997f5eb73314e4d4a522e19e36951507e45571ca9b3f1
0,famous_le_10m,23,1.0,1.0,4,osl_siamese_cnn,349f0c371f99d8725ed997f5eb73314e4d4a522e19e36951507e45571ca9b3f1
0,famous_le_100m,0,0.7857142857142857,0.7142857142857143,4,osl_siamese_cnn,349f0c371f99d8725ed997f5eb73314e4d4a522e19e36951507e45571ca9b3f1
0,famous_le_100m,1,0.21428571428571427,0.2857142857142857,4,osl_siamese_cnn,349f0c371f99d8725ed997f5eb73314e4d4a522e19e36951507e45571ca9b3f1
0,famous_le_100m,2,0.21428571428571427,0.2857142857142857,4,osl_siamese_cnn,349f0c371f99d8725ed997f5eb73314e4d4a522e19e36951507e45571ca9b3f1
0,famous_le_100m,3,0.21428571428571427,0.2857142857142857,4,osl_siamese_cnn,349f0c371f99d8725ed997f5eb73314e4d4a522e19e36951507e45571ca9b3f1
0,famous_le_100m,4,0.21428571428571427,0.2857142857142857,4,osl_siamese_cnn,349f0c371f99d8725ed997f5eb73314e4d4a522e19e36951507e45571ca9b3f1
0,famous_le_100m,5,0.21428571428571427,0.42857142857142855,4,osl_siamese_cnn,349f0c371f99d8725ed997f5eb73314e4d4a522e19e36951507e45571ca9b3f1
0,famous_le_100m,6,0.42857142857142855,0.5714285714285714,4,osl_siamese_cnn,349f0c371f99d8725ed997f5eb73314e4d4a522e19e36951507e45571ca9b3f1
0,famous_le_100m,7,0.42857142857142855,0.5714285714285714,4,osl_siamese_cnn,349f0c371f99d8725ed997f5eb73314e4d4a522e19e36951507e45571ca9b3f1
0,famous_le_100m,8,0.42857142857142855,0.5,4,osl_siamese_cnn,349f0c371f99d8725ed997f5eb73314e4d4a522e19e36951507e45571ca9b3f1
0,famous_le_100m,9,0.6428571428571429,0.5,4,osl_siamese_cnn,349f0c371f99d8725ed997f5eb73314e4d4a522e19e36951507e45571ca9b3f1
0,famous_le_100m,10,0.7857142857142857,0.8571428571428571,4,osl_siamese_cnn,349f0c371f99d8725ed997f5eb73314e4d4a522e19e36951507e45571ca9b3f1
0,famous_le_100m,11,0.8571428571428571,0.7857142857142857,4,osl_siamese_cnn,349f0c371f99d8725ed997f5eb73314e4d4a522e19e36951507e45571ca9b3f1
0,famous_le_100m,12,0.8571428571428571,0.8571428571428571,4,osl_siamese_cnn,349f0c371f99d8725ed997f5eb73314e4d4a522e19e36951507e45571ca9b3f1
0,famous_le_100m,13,0.8571428571428571,0.8571428571428571,4,osl_siamese_cnn,349f0c371f99d8725ed997f5eb73314e4d4a522e19e36951507e45571ca9b3f1
0,famous_le_100m,14,0.8571428571428571,0.9285714285714286,4,osl_siamese_cnn,349f0c371f99d8725ed997f5eb73314e4d4a522e19e36951507e45571ca9b3f1
0,famous_le_100m,15,0.9285714285714286,0.9285714285714286,4,osl_siamese_cnn,349f0c371f99d8725ed997f5eb73314e4d4a522e19e36951507e45571ca9b3f1
0,famous_le_100m,16,0.9285714285714286,0.9285714285714286,4,osl_siamese_cnn,349f0c371f99d8725ed997f5eb73314e4d4a522e19e36951507e45571ca9b3f1
0,famous_le_100m,17,0.9285714285714286,0.9285714285714286,4,osl_siamese_cnn,349f0c371f99d8725ed997f5eb73314e4d4a522e19e36951507e45571ca9b3f1
0,famous_le_100m,18,0.9285714285714286,0.9285714285714286,4,osl_siamese_cnn,349f0c371f99d8725ed997f5eb73314e4d4a522e19e36951507e45571ca9b3f1
0,famous_le_100m,19,1.0,0.9285714285714286,4,osl_siamese_cnn,349f0c371f99d8725ed997f5eb73314e4d4a522e19e36951507e45571ca9b3f1
0,famous_le_100m,20,1.0,1.0,4,osl_siamese_cnn,349f0c371f99d8725ed997f5eb73314e4d4a522e19e36951507e45571ca9b3f1
0,famous_le_100m,21,1.0,1.0,4,osl_siamese_cnn,349f0c371f99d8725ed997f5eb73314e4d4a522e19e36951507e45571ca9b3f1
0,famous_le_100m,22,1.0,1.0,4,osl_siamese_cnn,349f0c371f99d8725ed997f5eb73314e4d4a522e19e36951507e45571ca9b3f1
0,famous_le_100m,23,1.0,1.0,4,osl_siamese_cnn,349f0c371f99d8725ed997f5eb73314e4d4a522e19e36951507e45571ca9b3f1
1,torch_pretrained_classification,0,0.7625,0.725,4,osl_siamese_cnn,b8557878459dd7104233e8910ecdbae52ba1188e9f2190c42e8200a558930afb
1,famous_le_10m,0,1.0,1.0,4,osl_siamese_cnn,b8557878459dd7104233e8910ecdbae52ba1188e9f2190c42e8200a558930afb
1,famous_le_10m,1,0.0,0.0,4,osl_siamese_cnn,b8557878459dd7104233e8910ecdbae52ba1188e9f2190c42e8200a558930afb
1,famous_le_10m,2,0.0,0.2,4,osl_siamese_cnn,b8557878459dd7104233e8910ecdbae52ba1188e9f2190c42e8200a558930afb
1,famous_le_10m,3,0.0,0.2,4,osl_siamese_cnn,b8557878459dd7104233e8910ecdbae52ba1188e9f2190c42e8200a558930afb
1,famous_le_10m,4,0.2,0.8,4,osl_siamese_cnn,b8557878459dd7104233e8910ecdbae52ba1188e9f2190c42e8200a558930afb
1,famous_le_10m,5,1.0,1.0,4,osl_siamese_cnn,b8557878459dd7104233e8910ecdbae52ba1188e9f2190c42e8200a558930afb
1,famous_le_10m,6,1.0,1.0,4,osl_siamese_cnn,b8557878459dd7104233e8910ecdbae52ba1188e9f2190c42e8200a558930afb
1,famous_le_10m,7,1.0,1.0,4,osl_siamese_cnn,b8557878459dd7104233e8910ecdbae52ba1188e9f2190c42e8200a558930afb
1,famous_le_10m,8,1.0,1.0,4,osl_siamese_cnn,b8557878459dd7104233e8910ecdbae52ba1188e9f2190c42e8200a558930afb
1,famous_le_10m,9,1.0,1.0,4,osl_siamese_cnn,b8557878459dd7104233e8910ecdbae52ba1188e9f2190c42e8200a558930afb
1,famous_le_10m,10,1.0,1.0,4,osl_siamese_cnn,b8557878459dd7104233e8910ecdbae52ba1188e9f2190c42e8200a558930afb
1,famous_le_10m,11,1.0,1.0,4,osl_siamese_cnn,b8557878459dd7104233e8910ecdbae52ba1188e9f2190c42e8200a558930afb
1,famous_le_10m,12,1.0,1.0,4,osl_siamese_cnn,b8557878459dd7104233e8910ecdbae52ba1188e9f2190c42e8200a558930afb
1,famous_le_10m,13,1.0,1.0,4,osl_siamese_cnn,b8557878459dd7104233e8910ecdbae52ba1188e9f2190c42e8200a558930afb
1,famous_le_10m,14,1.0,1.0,4,osl_siamese_cnn,b8557878459dd7104233e8910ecdbae52ba1188e9f2190c42e8200a558930afb
1,famous_le_10m,15,1.0,1.0,4,osl_siamese_cnn,b8557878459dd7104233e8910ecdbae52ba1188e9f2190c42e8200a558930afb
1,famous_le_10m,16,1.0,1.0,4,osl_siamese_cnn,b8557878459dd7104233e8910ecdbae52ba1188e9f2190c42e8200a558930afb
1,famous_le_10m,17,1.0,1.0,4,osl_siamese_cnn,b8557878459dd7104233e8910ecdbae52ba1188e9f2190c42e8200a558930afb
1,famous_le_10m,18,1.0,1.0,4,osl_siamese_cnn,b8557878459dd7104233e8910ecdbae52ba1188e9f2190c42e8200a558930afb
1,famous_le_10m,19,1.0,1.0,4,osl_siamese_cnn,b8557878459dd7104233e8910ecdbae52ba1188e9f2190c42e8200a558930afb
1,famous_le_10m,20,1.0,1.0,4,osl_siamese_cnn,b8557878459dd7104233e8910ecdbae52ba1188e9f2190c42e8200a558930afb
1,famous_le_10m,21,1.0,1.0,4,osl_siamese_cnn,b8557878459dd7104233e8910ecdbae52ba1188e9f2190c42e8200a558930afb
1,famous_le_10m,22,1.0,1.0,4,osl_siamese_cnn,b8557878459dd7104233e8910ecdbae52ba1188e9f2190c42e8200a558930afb
1,famous_le_10m,23,1.0,1.0,4,osl_siamese_cnn,b8557878459dd7104233e8910ecdbae52ba1188e9f2190c42e8200a558930afb
1,famous_le_100m,0,0.8571428571428571,0.7142857142857143,4,osl_siamese_cnn,b8557878459dd7104233e8910ecdbae52ba1188e9f2190c42e8200a558930afb
1,famous_le_100m,1,0.14285714285714285,0.2857142857142857,4,osl_siamese_cnn,b8557878459dd7104233e8910ecdbae52ba1188e9f2190c42e8200a558930afb
1,famous_le_100m,2,0.07142857142857142,0.2857142857142857,4,osl_siamese_cnn,b8557878459dd7104233e8910ecdbae52ba1188e9f2190c42e8200a558930afb
1,famous_le_100m,3,0.07142857142857142,0.21428571428571427,4,osl_siamese_cnn,b8557878459dd7104233e8910ecdbae52ba1188e9f2190c42e8200a558930afb
1,famous_le_100m,4,0.07142857142857142,0.21428571428571427,4,osl_siamese_cnn,b8557878459dd7104233e8910ecdbae52ba1188e9f2190c42e8200a558930afb
1,famous_le_100m,5,0.07142857142857142,0.35714285714285715,4,osl_siamese_cnn,b8557878459dd7104233e8910ecdbae52ba1188e9f2190c42e8200a558930afb
1,famous_le_100m,6,0.35714285714285715,0.5714285714285714,4,osl_siamese_cnn,b8557878459dd7104233e8910ecdbae52ba1188e9f2190c42e8200a558930afb
1,famous_le_100m,7,0.42857142857142855,0.5,4,osl_siamese_cnn,b8557878459dd7104233e8910ecdbae52ba1188e9f2190c42e8200a558930afb
1,famous_le_100m,8,0.6428571428571429,0.6428571428571429,4,osl_siamese_cnn,b8557878459dd7104233e8910ecdbae52ba1188e9f2190c42e8200a558930afb
1,famous_le_100m,9,0.8571428571428571,0.8571428571428571,4,osl_siamese_cnn,b8557878459dd7104233e8910ecdbae52ba1188e9f2190c42e8200a558930afb
1,famous_le_100m,10,0.8571428571428571,0.7857142857142857,4,osl_siamese_cnn,b8557878459dd7104233e8910ecdbae52ba1188e9f2190c42e8200a558930afb
1,famous_le_100m,11,0.8571428571428571,0.8571428571428571,4,osl_siamese_cnn,b8557878459dd7104233e8910ecdbae52ba1188e9f2190c42e8200a558930afb
1,famous_le_100m,12,0.8571428571428571,0.8571428571428571,4,osl_siamese_cnn,b8557878459dd7104233e8910ecdbae52ba1188e9f2190c42e8200a558930afb
1,famous_le_100m,13,0.9285714285714286,0.9285714285714286,4,osl_siamese_cnn,b8557878459dd7104233e8910ecdbae52ba1188e9f2190c42e8200a558930afb
1,famous_le_100m,14,0.9285714285714286,0.8571428571428571,4,osl_siamese_cnn,b8557878459dd7104233e8910ecdbae52ba1188e9f2190c42e8200a558930afb
1,famous_le_100m,15,0.9285714285714286,0.9285714285714286,4,osl_siamese_cnn,b8557878459dd7104233e8910ecdbae52ba1188e9f2190c42e8200a558930afb
1,famous_le_100m,16,0.9285714285714286,0.9285714285714286,4,osl_siamese_cnn,b8557878459dd7104233e8910ecdbae52ba1188e9f2190c42e8200a558930afb
1,famous_le_100m,17,0.9285714285714286,1.0,4,osl_siamese_cnn,b8557878459dd7104233e8910ecdbae52ba1188e9f2190c42e8200a558930afb
1,famous_le_100m,18,1.0,1.0,4,osl_siamese_cnn,b8557878459dd7104233e8910ecdbae52ba1188e9f2190c42e8200a558930afb
1,famous_le_100m,19,1.0,1.0,4,osl_siamese_cnn,b8557878459dd7104233e8910ecdbae52ba1188e9f2190c42e8200a558930afb
1,famous_le_100m,20,1.0,1.0,4,osl_siamese_cnn,b8557878459dd7104233e8910ecdbae52ba1188e9f2190c42e8200a558930afb
1,famous_le_100m,21,1.0,1.0,4,osl_siamese_cnn,b8557878459dd7104233e8910ecdbae52ba1188e9f2190c42e8200a558930afb
1,famous_le_100m,22,1.0,1.0,4,osl_siamese_cnn,b8557878459dd7104233e8910ecdbae52ba1188e9f2190c42e8200a558930afb
1,famous_le_100m,23,1.0,1.0,4,osl_siamese_cnn,b8557878459dd7104233e8910ecdbae52ba1188e9f2190c42e8200a558930afb
2,torch_pretrained_classification,0,0.925,0.925,4,osl_siamese_cnn,8b8dd17159ffcd9d1f911d887fab4467ded40d8d4f3751e59b666ebabd8d2b2d
2,famous_le_10m,0,1.0,1.0,4,osl_siamese_cnn,8b8dd17159ffcd9d1f911d887fab4467ded40d8d4f3751e59b666ebabd8d2b2d
2,famous_le_10m,1,0.0,0.0,4,osl_siamese_cnn,8b8dd17159ffcd9d1f911d887fab4467ded40d8d4f3751e59b666ebabd8d2b2d
2,famous_le_10m,2,0.0,0.2,4,osl_siamese_cnn,8b8dd17159ffcd9d1f911d887fab4467ded40d8d4f3751e59b666ebabd8d2b2d
2,famous_le_10m,3,0.4,0.4,4,osl_siamese_cnn,8b8dd17159ffcd9d1f911d887fab4467ded40d8d4f3751e59b666ebabd8d2b2d
2,famous_le_10m,4,0.8,0.8,4,osl_siamese_cnn,8b8dd17159ffcd9d1f911d887fab4467ded40d8d4f3751e59b666ebabd8d2b2d
2,famous_le_10m,5,1.0,1.0,4,osl_siamese_cnn,8b8dd17159ffcd9d1f911d887fab4467ded40d8d4f3751e59b666ebabd8d2b2d
2,famous_le_10m,6,1.0,1.0,4,osl_siamese_cnn,8b8dd17159ffcd9d1f911d887fab4467ded40d8d4f3751e59b666ebabd8d2b2d
2,famous_le_10m,7,1.0,1.0,4,osl_siamese_cnn,8b8dd17159ffcd9d1f911d887fab4467ded40d8d4f3751e59b666ebabd8d2b2d
2,famous_le_10m,8,1.0,1.0,4,osl_siamese_cnn,8b8dd17159ffcd9d1f911d887fab4467ded40d8d4f3751e59b666ebabd8d2b2d
2,famous_le_10m,9,1.0,1.0,4,osl_siamese_cnn,8b8dd17159ffcd9d1f911d887fab4467ded40d8d4f3751e59b666ebabd8d2b2d
2,famous_le_10m,10,1.0,1.0,4,osl_siamese_cnn,8b8dd17159ffcd9d1f911d887fab4467ded40d8d4f3751e59b666ebabd8d2b2d
2,famous_le_10m,11,1.0,1.0,4,osl_siamese_cnn,8b8dd17159ffcd9d1f911d887fab4467ded40d8d4f3751e59b666ebabd8d2b2d
2,famous_le_10m,12,1.0,1.0,4,osl_siamese_cnn,8b8dd17159ffcd9d1f911d887fab4467ded40d8d4f3751e59b666ebabd8d2b2d
2,famous_le_10m,13,1.0,1.0,4,osl_siamese_cnn,8b8dd17159ffcd9d1f911d887fab4467ded40d8d4f3751e59b666ebabd8d2b2d
2,famous_le_10m,14,1.0,1.0,4,osl_siamese_cnn,8b8dd17159ffcd9d1f911d887fab4467ded40d8d4f3751e59b666ebabd8d2b2d
2,famous_le_10m,15,1.0,1.0,4,osl_siamese_cnn,8b8dd17159ffcd9d1f911d887fab4467ded40d8d4f3751e59b666ebabd8d2b2d
2,famous_le_10m,16,1.0,1.0,4,osl_siamese_cnn,8b8dd17159ffcd9d1f911d887fab4467ded40d8d4f3751e59b666ebabd8d2b2d
2,famous_le_10m,17,1.0,1.0,4,osl_siamese_cnn,8b8dd17159ffcd9d1f911d887fab4467ded40d8d4f3751e59b666ebabd8d2b2d
2,famous_le_10m,18,1.0,1.0,4,osl_siamese_cnn,8b8dd17159ffcd9d1f911d887fab4467ded40d8d4f3751e59b666ebabd8d2b2d
2,famous_le_10m,19,1.0,1.0,4,osl_siamese_cnn,8b8dd17159ffcd9d1f911d887fab4467ded40d8d4f3751e59b666ebabd8d2b2d
2,famous_le_10m,20,1.0,1.0,4,osl_siamese_cnn,8b8dd17159ffcd9d1f911d887fab4467ded40d8d4f3751e59b666ebabd8d2b2d
2,famous_le_10m,21,1.0,1.0,4,osl_siamese_cnn,8b8dd17159ffcd9d1f911d887fab4467ded40d8d4f3751e59b666ebabd8d2b2d
2,famous_le_10m,22,1.0,1.0,4,osl_siamese_cnn,8b8dd17159ffcd9d1f911d887fab4467ded40d8d4f3751e59b666ebabd8d2b2d
2,famous_le_10m,23,1.0,1.0,4,osl_siamese_cnn,8b8dd17159ffcd9d1f911d887fab4467ded40d8d4f3751e59b666ebabd8d2b2d
2,famous_le_100m,0,0.8571428571428571,0.7857142857142857,4,osl_siamese_cnn,8b8dd17159ffcd9d1f911d887fab4467ded40d8d4f3751e59b666ebabd8d2b2d
2,famous_le_100m,1,0.14285714285714285,0.21428571428571427,4,osl_siamese_cnn,8b8dd17159ffcd9d1f911d887fab4467ded40d8d4f3751e59b666ebabd8d2b2d
2,famous_le_100m,2,0.14285714285714285,0.14285714285714285,4,osl_siamese_cnn,8b8dd17159ffcd9d1f911d887fab4467ded40d8d4f3751e59b666ebabd8d2b2d
2,famous_le_100m,3,0.14285714285714285,0.14285714285714285,4,osl_siamese_cnn,8b8dd17159ffcd9d1f911d887fab4467ded40d8d4f3751e59b666ebabd8d2b2d
2,famous_le_100m,4,0.21428571428571427,0.2857142857142857,4,osl_siamese_cnn,8b8dd17159ffcd9d1f911d887fab4467ded40d8d4f3751e59b666ebabd8d2b2d
2,famous_le_100m,5,0.42857142857142855,0.42857142857142855,4,osl_siamese_cnn,8b8dd17159ffcd9d1f911d887fab4467ded40d8d4f3751e59b666ebabd8d2b2d
2,famous_le_100m,6,0.42857142857142855,0.42857142857142855,4,osl_siamese_cnn,8b8dd17159ffcd9d1f911d887fab4467ded40d8d4f3751e59b666ebabd8d2b2d
2,famous_le_100m,7,0.42857142857142855,0.5,4,osl_siamese_cnn,8b8dd17159ffcd9d1f911d887fab4467ded40d8d4f3751e59b666ebabd8d2b2d
2,famous_le_100m,8,0.6428571428571429,0.6428571428571429,4,osl_siamese_cnn,8b8dd17159ffcd9d1f911d887fab4467ded40d8d4f3751e59b666ebabd8d2b2d
2,famous_le_100m,9,0.7857142857142857,0.7857142857142857,4,osl_siamese_cnn,8b8dd17159ffcd9d1f911d887fab4467ded40d8d4f3751e59b666ebabd8d2b2d
2,famous_le_100m,10,0.8571428571428571,0.8571428571428571,4,osl_siamese_cnn,8b8dd17159ffcd9d1f911d887fab4467ded40d8d4f3751e59b666ebabd8d2b2d
2,famous_le_100m,11,0.8571428571428571,0.8571428571428571,4,osl_siamese_cnn,8b8dd17159ffcd9d1f911d887fab4467ded40d8d4f3751e59b666ebabd8d2b2d
2,famous_le_100m,12,0.8571428571428571,0.8571428571428571,4,osl_siamese_cnn,8b8dd17159ffcd9d1f911d887fab4467ded40d8d4f3751e59b666ebabd8d2b2d
2,famous_le_100m,13,0.8571428571428571,0.9285714285714286,4,osl_siamese_cnn,8b8dd17159ffcd9d1f911d887fab4467ded40d8d4f3751e59b666ebabd8d2b2d
2,famous_le_100m,14,0.9285714285714286,0.9285714285714286,4,osl_siamese_cnn,8b8dd17159ffcd9d1f911d887fab4467ded40d8d4f3751e59b666ebabd8d2b2d
2,famous_le_100m,15,0.9285714285714286,0.9285714285714286,4,osl_siamese_cnn,8b8dd17159ffcd9d1f911d887fab4467ded40d8d4f3751e59b666ebabd8d2b2d
2,famous_le_100m,16,0.9285714285714286,0.9285714285714286,4,osl_siamese_cnn,8b8dd17159ffcd9d1f911d887fab4467ded40d8d4f3751e59b666ebabd8d2b2d
2,famous_le_100m,17,0.9285714285714286,0.9285714285714286,4,osl_siamese_cnn,8b8dd17159ffcd9d1f911d887fab4467ded40d8d4f3751e59b666ebabd8d2b2d
2,famous_le_100m,18,1.0,1.0,4,osl_siamese_cnn,8b8dd17159ffcd9d1f911d887fab4467ded40d8d4f3751e59b666ebabd8d2b2d
2,famous_le_100m,19,1.0,1.0,4,osl_siamese_cnn,8b8dd17159ffcd9d1f911d887fab4467ded40d8d4f3751e59b666ebabd8d2b2d
2,famous_le_100m,20,1.0,1.0,4,osl_siamese_cnn,8b8dd17159ffcd9d1f911d887fab4467ded40d8d4f3751e59b666ebabd8d2b2d
2,famous_le_100m,21,1.0,1.0,4,osl_siamese_cnn,8b8dd17159ffcd9d1f911d887fab4467ded40d8d4f3751e59b666ebabd8d2b2d
2,famous_le_100m,22,1.0,1.0,4,osl_siamese_cnn,8b8dd17159ffcd9d1f911d887fab4467ded40d8d4f3751e59b666ebabd8d2b2d
2,famous_le_100m,23,1.0,1.0,4,osl_siamese_cnn,8b8dd17159ffcd9d1f911d887fab4467ded40d8d4f3751e59b666ebabd8d2b2d
3,torch_pretrained_classification,0,0.925,0.925,4,osl_siamese_cnn,52ffe6e59d9e6b22f46d01e116bc682e55bc59afb052fc8b4646f4945df6d627
3,famous_le_10m,0,1.0,1.0,4,osl_siamese_cnn,52ffe6e59d9e6b22f46d01e116bc682e55bc59afb052fc8b4646f4945df6d627
3,famous_le_10m,1,0.0,0.0,4,osl_siamese_cnn,52ffe6e59d9e6b22f46d01e116bc682e55bc59afb052fc8b4646f4945df6d627
3,famous_le_10m,2,0.0,0.0,4,osl_siamese_cnn,52ffe6e59d9e6b22f46d01e116bc682e55bc59afb052fc8b4646f4945df6d627
3,famous_le_10m,3,0.4,0.4,4,osl_siamese_cnn,52ffe6e59d9e6b22f46d01e116bc682e55bc59afb052fc8b4646f4945df6d627
3,famous_le_10m,4,0.8,0.8,4,osl_siamese_cnn,52ffe6e59d9e6b22f46d01e116bc682e55bc59afb052fc8b4646f4945df6d627
3,famous_le_10m,5,1.0,1.0,4,osl_siamese_cnn,52ffe6e59d9e6b22f46d01e116bc682e55bc59afb052fc8b4646f4945df6d627
3,famous_le_10m,6,1.0,1.0,4,osl_siamese_cnn,52ffe6e59d9e6b22f46d01e116bc682e55bc59afb052fc8b4646f4945df6d627
3,famous_le_10m,7,1.0,1.0,4,osl_siamese_cnn,52ffe6e59d9e6b22f46d01e116bc682e55bc59afb052fc8b4646f4945df6d627
3,famous_le_10m,8,1.0,1.0,4,osl_siamese_cnn,52ffe6e59d9e6b22f46d01e116bc682e55bc59afb052fc8b4646f4945df6d627
3,famous_le_10m,9,1.0,1.0,4,osl_siamese_cnn,52ffe6e59d9e6b22f46d01e116bc682e55bc59afb052fc8b4646f4945df6d627
3,famous_le_10m,10,1.0,1.0,4,osl_siamese_cnn,52ffe6e59d9e6b22f46d01e116bc682e55bc59afb052fc8b4646f4945df6d627
3,famous_le_10m,11,1.0,1.0,4,osl_siamese_cnn,52ffe6e59d9e6b22f46d01e116bc682e55bc59afb052fc8b4646f4945df6d627
3,famous_le_10m,12,1.0,1.0,4,osl_siamese_cnn,52ffe6e59d9e6b22f46d01e116bc682e55bc59afb052fc8b4646f4945df6d627
3,famous_le_10m,13,1.0,1.0,4,osl_siamese_cnn,52ffe6e59d9e6b22f46d01e116bc682e55bc59afb052fc8b4646f4945df6d627
3,famous_le_10m,14,1.0,1.0,4,osl_siamese_cnn,52ffe6e59d9e6b22f46d01e116bc682e55bc59afb052fc8b4646f4945df6d627
3,famous_le_10m,15,1.0,1.0,4,osl_siamese_cnn,52ffe6e59d9e6b22f46d01e116bc682e55bc59afb052fc8b4646f4945df6d627
3,famous_le_10m,16,1.0,1.0,4,osl_siamese_cnn,52ffe6e59d9e6b22f46d01e116bc682e55bc59afb052fc8b4646f4945df6d627
3,famous_le_10m,17,1.0,1.0,4,osl_siamese_cnn,52ffe6e59d9e6b22f46d01e116bc682e55bc59afb052fc8b4646f4945df6d627
3,famous_le_10m,18,1.0,1.0,4,osl_siamese_cnn,52ffe6e59d9e6b22f46d01e116bc682e55bc59afb052fc8b4646f4945df6d627
3,famous_le_10m,19,1.0,1.0,4,osl_siamese_cnn,52ffe6e59d9e6b22f46d01e116bc682e55bc59afb052fc8b4646f4945df6d627
3,famous_le_10m,20,1.0,1.0,4,osl_siamese_cnn,52ffe6e59d9e6b22f46d01e116bc682e55bc59afb052fc8b4646f4945df6d627
3,famous_le_10m,21,1.0,1.0,4,osl_siamese_cnn,52ffe6e59d9e6b22f46d01e116bc682e55bc59afb052fc8b4646f4945df6d627
3,famous_le_10m,22,1.0,1.0,4,osl_siamese_cnn,52ffe6e59d9e6b22f46d01e116bc682e55bc59afb052fc8b4646f4945df6d627
3,famous_le_10m,23,1.0,1.0,4,osl_siamese_cnn,52ffe6e59d9e6b22f46d01e116bc682e55bc59afb052fc8b4646f4945df6d627
3,famous_le_100m,0,0.7857142857142857,0.7857142857142857,4,osl_siamese_cnn,52ffe6e59d9e6b22f46d01e116bc682e55bc59afb052fc8b4646f4945df6d627
3,famous_le_100m,1,0.21428571428571427,0.21428571428571427,4,osl_siamese_cnn,52ffe6e59d9e6b22f46d01e116bc682e55bc59afb052fc8b4646f4945df6d627
3,famous_le_100m,2,0.14285714285714285,0.14285714285714285,4,osl_siamese_cnn,52ffe6e59d9e6b22f46d01e116bc682e55bc59afb052fc8b4646f4945df6d627
3,famous_le_100m,3,0.14285714285714285,0.14285714285714285,4,osl_siamese_cnn,52ffe6e59d9e6b22f46d01e116bc682e55bc59afb052fc8b4646f4945df6d627
3,famous_le_100m,4,0.07142857142857142,0.07142857142857142,4,osl_siamese_cnn,52ffe6e59d9e6b22f46d01e116bc682e55bc59afb052fc8b4646f4945df6d627
3,famous_le_100m,5,0.42857142857142855,0.42857142857142855,4,osl_siamese_cnn,52ffe6e59d9e6b22f46d01e116bc682e55bc59afb052fc8b4646f4945df6d627
3,famous_le_100m,6,0.42857142857142855,0.42857142857142855,4,osl_siamese_cnn,52ffe6e59d9e6b22f46d01e116bc682e55bc59afb052fc8b4646f4945df6d627
3,famous_le_100m,7,0.5714285714285714,0.5714285714285714,4,osl_siamese_cnn,52ffe6e59d9e6b22f46d01e116bc682e55bc59afb052fc8b4646f4945df6d627
3,famous_le_100m,8,0.7857142857142857,0.7857142857142857,4,osl_siamese_cnn,52ffe6e59d9e6b22f46d01e116bc682e55bc59afb052fc8b4646f4945df6d627
3,famous_le_100m,9,0.8571428571428571,0.8571428571428571,4,osl_siamese_cnn,52ffe6e59d9e6b22f46d01e116bc682e55bc59afb052fc8b4646f4945df6d627
3,famous_le_100m,10,0.8571428571428571,0.8571428571428571,4,osl_siamese_cnn,52ffe6e59d9e6b22f46d01e116bc682e55bc59afb052fc8b4646f4945df6d627
3,famous_le_100m,11,0.8571428571428571,0.8571428571428571,4,osl_siamese_cnn,52ffe6e59d9e6b22f46d01e116bc682e55bc59afb052fc8b4646f4945df6d627
3,famous_le_100m,12,0.9285714285714286,0.9285714285714286,4,osl_siamese_cnn,52ffe6e59d9e6b22f46d01e116bc682e55bc59afb052fc8b4646f4945df6d627
3,famous_le_100m,13,0.9285714285714286,0.9285714285714286,4,osl_siamese_cnn,52ffe6e59d9e6b22f46d01e116bc682e55bc59afb052fc8b4646f4945df6d627
3,famous_le_100m,14,0.9285714285714286,0.9285714285714286,4,osl_siamese_cnn,52ffe6e59d9e6b22f46d01e116bc682e55bc59afb052fc8b4646f4945df6d627
3,famous_le_100m,15,0.9285714285714286,0.9285714285714286,4,osl_siamese_cnn,52ffe6e59d9e6b22f46d01e116bc682e55bc59afb052fc8b4646f4945df6d627
3,famous_le_100m,16,0.9285714285714286,0.9285714285714286,4,osl_siamese_cnn,52ffe6e59d9e6b22f46d01e116bc682e55bc59afb052fc8b4646f4945df6d627
3,famous_le_100m,17,1.0,1.0,4,osl_siamese_cnn,52ffe6e59d9e6b22f46d01e116bc682e55bc59afb052fc8b4646f4945df6d627
3,famous_le_100m,18,1.0,1.0,4,osl_siamese_cnn,52ffe6e59d9e6b22f46d01e116bc682e55bc59afb052fc8b4646f4945df6d627
3,famous_le_100m,19,1.0,1.0,4,osl_siamese_cnn,52ffe6e59d9e6b22f46d01e116bc682e55bc59afb052fc8b4646f4945df6d627
3,famous_le_100m,20,1.0,1.0,4,osl_siamese_cnn,52ffe6e59d9e6b22f46d01e116bc682e55bc59afb052fc8b4646f4945df6d627
3,famous_le_100m,21,1.0,1.0,4,osl_siamese_cnn,52ffe6e59d9e6b22f46d01e116bc682e55bc59afb052fc8b4646f4945df6d627
3,famous_le_100m,22,1.0,1.0,4,osl_siamese_cnn,52ffe6e59d9e6b22f46d01e116bc682e55bc59afb052fc8b4646f4945df6d627
3,famous_le_100m,23,1.0,1.0,4,osl_siamese_cnn,52ffe6e59d9e6b22f46d01e116bc682e55bc59afb052fc8b4646f4945df6d627
4,torch_pretrained_classification,0,0.725,0.525,4,osl_siamese_cnn,45ecd1491b43747c3b30a2ea0eb52db574bc2ba7dc4947dab3c6f9f18e812db2
4,famous_le_10m,0,1.0,0.6,4,osl_siamese_cnn,45ecd1491b43747c3b30a2ea0eb52db574bc2ba7dc4947dab3c6f9f18e812db2
4,famous_le_10m,1,0.0,0.4,4,osl_siamese_cnn,45ecd1491b43747c3b30a2ea0eb52db574bc2ba7dc4947dab3c6f9f18e812db2
4,famous_le_10m,2,0.0,0.4,4,osl_siamese_cnn,45ecd1491b43747c3b30a2ea0eb52db574bc2ba7dc4947dab3c6f9f18e812db2
4,famous_le_10m,3,0.0,0.6,4,osl_siamese_cnn,45ecd1491b43747c3b30a2ea0eb52db574bc2ba7dc4947dab3c6f9f18e812db2
4,famous_le_10m,4,0.2,0.4,4,osl_siamese_cnn,45ecd1491b43747c3b30a2ea0eb52db574bc2ba7dc4947dab3c6f9f18e812db2
4,famous_le_10m,5,0.4,0.4,4,osl_siamese_cnn,45ecd1491b43747c3b30a2ea0eb52db574bc2ba7dc4947dab3c6f9f18e812db2
4,famous_le_10m,6,1.0,0.6,4,osl_siamese_cnn,45ecd1491b43747c3b30a2ea0eb52db574bc2ba7dc4947dab3c6f9f18e812db2
4,famous_le_10m,7,1.0,1.0,4,osl_siamese_cnn,45ecd1491b43747c3b30a2ea0eb52db574bc2ba7dc4947dab3c6f9f18e812db2
4,famous_le_10m,8,1.0,1.0,4,osl_siamese_cnn,45ecd1491b43747c3b30a2ea0eb52db574bc2ba7dc4947dab3c6f9f18e812db2
4,famous_le_10m,9,1.0,1.0,4,osl_siamese_cnn,45ecd1491b43747c3b30a2ea0eb52db574bc2ba7dc4947dab3c6f9f18e812db2
4,famous_le_10m,10,1.0,1.0,4,osl_siamese_cnn,45ecd1491b43747c3b30a2ea0eb52db574bc2ba7dc4947dab3c6f9f18e812db2
4,famous_le_10m,11,1.0,1.0,4,osl_siamese_cnn,45ecd1491b43747c3b30a2ea0eb52db574bc2ba7dc4947dab3c6f9f18e812db2
4,famous_le_10m,12,1.0,1.0,4,osl_siamese_cnn,45ecd1491b43747c3b30a2ea0eb52db574bc2ba7dc4947dab3c6f9f18e812db2
4,famous_le_10m,13,1.0,1.0,4,osl_siamese_cnn,45ecd1491b43747c3b30a2ea0eb52db574bc2ba7dc4947dab3c6f9f18e812db2
4,famous_le_10m,14,1.0,1.0,4,osl_siamese_cnn,45ecd1491b43747c3b30a2ea0eb52db574bc2ba7dc4947dab3c6f9f18e812db2
4,famous_le_10m,15,1.0,1.0,4,osl_siamese_cnn,45ecd1491b43747c3b30a2ea0eb52db574bc2ba7dc4947dab3c6f9f18e812db2
4,famous_le_10m,16,1.0,1.0,4,osl_siamese_cnn,45ecd1491b43747c3b30a2ea0eb52db574bc2ba7dc4947dab3c6f9f18e812db2
4,famous_le_10m,17,1.0,1.0,4,osl_siamese_cnn,45ecd1491b43747c3b30a2ea0eb52db574bc2ba7dc4947dab3c6f9f18e812db2
4,famous_le_10m,18,1.0,1.0,4,osl_siamese_cnn,45ecd1491b43747c3b30a2ea0eb52db574bc2ba7dc4947dab3c6f9f18e812db2
4,famous_le_10m,19,1.0,1.0,4,osl_siamese_cnn,45ecd1491b43747c3b30a2ea0eb52db574bc2ba7dc4947dab3c6f9f18e812db2
4,famous_le_10m,20,1.0,1.0,4,osl_siamese_cnn,45ecd1491b43747c3b30a2ea0eb52db574bc2ba7dc4947dab3c6f9f18e812db2
4,famous_le_10m,21,1.0,1.0,4,osl_siamese_cnn,45ecd1491b43747c3b30a2ea0eb52db574bc2ba7dc4947dab3c6f9f18e812db2
4,famous_le_10m,22,1.0,1.0,4,osl_siamese_cnn,45ecd1491b43747c3b30a2ea0eb52db574bc2ba7dc4947dab3c6f9f18e812db2
4,famous_le_10m,23,1.0,1.0,4,osl_siamese_cnn,45ecd1491b43747c3b30a2ea0eb52db574bc2ba7dc4947dab3c6f9f18e812db2
4,famous_le_100m,0,0.8571428571428571,0.6428571428571429,4,osl_siamese_cnn,45ecd1491b43747c3b30a2ea0eb52db574bc2ba7dc4947dab3c6f9f18e812db2
4,famous_le_100m,1,0.07142857142857142,0.35714285714285715,4,osl_siamese_cnn,45ecd1491b43747c3b30a2ea0eb52db574bc2ba7dc4947dab3c6f9f18e812db2
4,famous_le_100m,2,0.07142857142857142,0.35714285714285715,4,osl_siamese_cnn,45ecd1491b43747c3b30a2ea0eb52db574bc2ba7dc4947dab3c6f9f18e812db2
4,famous_le_100m,3,0.07142857142857142,0.42857142857142855,4,osl_siamese_cnn,45ecd1491b43747c3b30a2ea0eb52db574bc2ba7dc4947dab3c6f9f18e812db2
4,famous_le_100m,4,0.07142857142857142,0.35714285714285715,4,osl_siamese_cnn,45ecd1491b43747c3b30a2ea0eb52db574bc2ba7dc4947dab3c6f9f18e812db2
4,famous_le_100m,5,0.07142857142857142,0.42857142857142855,4,osl_siamese_cnn,45ecd1491b43747c3b30a2ea0eb52db574bc2ba7dc4947dab3c6f9f18e812db2
4,famous_le_100m,6,0.21428571428571427,0.42857142857142855,4,osl_siamese_cnn,45ecd1491b43747c3b30a2ea0eb52db574bc2ba7dc4947dab3c6f9f18e812db2
4,famous_le_100m,7,0.5,0.5714285714285714,4,osl_siamese_cnn,45ecd1491b43747c3b30a2ea0eb52db574bc2ba7dc4947dab3c6f9f18e812db2
4,famous_le_100m,8,0.5,0.7142857142857143,4,osl_siamese_cnn,45ecd1491b43747c3b30a2ea0eb52db574bc2ba7dc4947dab3c6f9f18e812db2
4,famous_le_100m,9,0.5,0.5714285714285714,4,osl_siamese_cnn,45ecd1491b43747c3b30a2ea0eb52db574bc2ba7dc4947dab3c6f9f18e812db2
4,famous_le_100m,10,0.7142857142857143,0.6428571428571429,4,osl_siamese_cnn,45ecd1491b43747c3b30a2ea0eb52db574bc2ba7dc4947dab3c6f9f18e812db2
4,famous_le_100m,11,0.8571428571428571,0.7857142857142857,4,osl_siamese_cnn,45ecd1491b43747c3b30a2ea0eb52db574bc2ba7dc4947dab3c6f9f18e812db2
4,famous_le_100m,12,0.8571428571428571,0.9285714285714286,4,osl_siamese_cnn,45ecd1491b43747c3b30a2ea0eb52db574bc2ba7dc4947dab3c6f9f18e812db2
4,famous_le_100m,13,0.8571428571428571,0.9285714285714286,4,osl_siamese_cnn,45ecd1491b43747c3b30a2ea0eb52db574bc2ba7dc4947dab3c6f9f18e812db2
4,famous_le_100m,14,0.8571428571428571,0.8571428571428571,4,osl_siamese_cnn,45ecd1491b43747c3b30a2ea0eb52db574bc2ba7dc4947dab3c6f9f18e812db2
4,famous_le_100m,15,0.9285714285714286,0.9285714285714286,4,osl_siamese_cnn,45ecd1491b43747c3b30a2ea0eb52db574bc2ba7dc4947dab3c6f9f18e812db2
4,famous_le_100m,16,0.9285714285714286,0.9285714285714286,4,osl_siamese_cnn,45ecd1491b43747c3b30a2ea0eb52db574bc2ba7dc4947dab3c6f9f18e812db2
4,famous_le_100m,17,0.9285714285714286,1.0,4,osl_siamese_cnn,45ecd1491b43747c3b30a2ea0eb52db574bc2ba7dc4947dab3c6f9f18e812db2
4,famous_le_100m,18,0.9285714285714286,1.0,4,osl_siamese_cnn,45ecd1491b43747c3b30a2ea0eb52db574bc2ba7dc4947dab3c6f9f18e812db2
4,famous_le_100m,19,0.9285714285714286,0.9285714285714286,4,osl_siamese_cnn,45ecd1491b43747c3b30a2ea0eb52db574bc2ba7dc4947dab3c6f9f18e812db2
4,famous_le_100m,20,1.0,0.9285714285714286,4,osl_siamese_cnn,45ecd1491b43747c3b30a2ea0eb52db574bc2ba7dc4947dab3c6f9f18e812db2
4,famous_le_100m,21,1.0,1.0,4,osl_siamese_cnn,45ecd1491b43747c3b30a2ea0eb52db574bc2ba7dc4947dab3c6f9f18e812db2
4,famous_le_100m,22,1.0,1.0,4,osl_siamese_cnn,45ecd1491b43747c3b30a2ea0eb52db574bc2ba7dc4947dab3c6f9f18e812db2
4,famous_le_100m,23,1.0,1.0,4,osl_siamese_cnn,45ecd1491b43747c3b30a2ea0eb52db574bc2ba7dc4947dab3c6f9f18e812db2
0,torch_pretrained_classification,0,0.925,0.925,5,osl_siamese_cnn,19d92fd349c357e8d75339136a1ed700e5d6c455fdeb913d680d5368a6731333
0,famous_le_10m,0,1.0,1.0,5,osl_siamese_cnn,19d92fd349c357e8d75339136a1ed700e5d6c455fdeb913d680d5368a6731333
0,famous_le_10m,1,0.0,0.0,5,osl_siamese_cnn,19d92fd349c357e8d75339136a1ed700e5d6c455fdeb913d680d5368a6731333
0,famous_le_10m,2,0.0,0.0,5,osl_siamese_cnn,19d92fd349c357e8d75339136a1ed700e5d6c455fdeb913d680d5368a6731333
0,famous_le_10m,3,0.0,0.0,5,osl_siamese_cnn,19d92fd349c357e8d75339136a1ed700e5d6c455fdeb913d680d5368a6731333
0,famous_le_10m,4,0.4,0.4,5,osl_siamese_cnn,19d92fd349c357e8d75339136a1ed700e5d6c455fdeb913d680d5368a6731333
0,famous_le_10m,5,1.0,1.0,5,osl_siamese_cnn,19d92fd349c357e8d75339136a1ed700e5d6c455fdeb913d680d5368a6731333
0,famous_le_10m,6,1.0,1.0,5,osl_siamese_cnn,19d92fd349c357e8d75339136a1ed700e5d6c455fdeb913d680d5368a6731333
0,famous_le_10m,7,1.0,1.0,5,osl_siamese_cnn,19d92fd349c357e8d75339136a1ed700e5d6c455fdeb913d680d5368a6731333
0,famous_le_10m,8,1.0,1.0,5,osl_siamese_cnn,19d92fd349c357e8d75339136a1ed700e5d6c455fdeb913d680d5368a6731333
0,famous_le_10m,9,1.0,1.0,5,osl_siamese_cnn,19d92fd349c357e8d75339136a1ed700e5d6c455fdeb913d680d5368a6731333
0,famous_le_10m,10,1.0,1.0,5,osl_siamese_cnn,19d92fd349c357e8d75339136a1ed700e5d6c455fdeb913d680d5368a6731333
0,famous_le_10m,11,1.0,1.0,5,osl_siamese_cnn,19d92fd349c357e8d75339136a1ed700e5d6c455fdeb913d680d5368a6731333
0,famous_le_10m,12,1.0,1.0,5,osl_siamese_cnn,19d92fd349c357e8d75339136a1ed700e5d6c455fdeb913d680d5368a6731333
0,famous_le_10m,13,1.0,1.0,5,osl_siamese_cnn,19d92fd349c357e8d75339136a1ed700e5d6c455fdeb913d680d5368a6731333
0,famous_le_10m,14,1.0,1.0,5,osl_siamese_cnn,19d92fd349c357e8d75339136a1ed700e5d6c455fdeb913d680d5368a6731333
0,famous_le_10m,15,1.0,1.0,5,osl_siamese_cnn,19d92fd349c357e8d75339136a1ed700e5d6c455fdeb913d680d5368a6731333
0,famous_le_10m,16,1.0,1.0,5,osl_siamese_cnn,19d92fd349c357e8d75339136a1ed700e5d6c455fdeb913d680d5368a6731333
0,famous_le_10m,17,1.0,1.0,5,osl_siamese_cnn,19d92fd349c357e8d75339136a1ed700e5d6c455fdeb913d680d5368a6731333
0,famous_le_10m,18,1.0,1.0,5,osl_siamese_cnn,19d92fd349c357e8d75339136a1ed700e5d6c455fdeb913d680d5368a6731333
0,famous_le_10m,19,1.0,1.0,5,osl_siamese_cnn,19d92fd349c357e8d75339136a1ed700e5d6c455fdeb913d680d5368a6731333
0,famous_le_10m,20,1.0,1.0,5,osl_siamese_cnn,19d92fd349c357e8d75339136a1ed700e5d6c455fdeb913d680d5368a6731333
0,famous_le_10m,21,1.0,1.0,5,osl_siamese_cnn,19d92fd349c357e8d75339136a1ed700e5d6c455fdeb913d680d5368a6731333
0,famous_le_10m,22,1.0,1.0,5,osl_siamese_cnn,19d92fd349c357e8d75339136a1ed700e5d6c455fdeb913d680d5368a6731333
0,famous_le_10m,23,1.0,1.0,5,osl_siamese_cnn,19d92fd349c357e8d75339136a1ed700e5d6c455fdeb913d680d5368a6731333
0,famous_le_100m,0,0.9285714285714286,0.9285714285714286,5,osl_siamese_cnn,19d92fd349c357e8d75339136a1ed700e5d6c455fdeb913d680d5368a6731333
0,famous_le_100m,1,0.07142857142857142,0.07142857142857142,5,osl_siamese_cnn,19d92fd349c357e8d75339136a1ed700e5d6c455fdeb913d680d5368a6731333
0,famous_le_100m,2,0.07142857142857142,0.07142857142857142,5,osl_siamese_cnn,19d92fd349c357e8d75339136a1ed700e5d6c455fdeb913d680d5368a6731333
0,famous_le_100m,3,0.07142857142857142,0.07142857142857142,5,osl_siamese_cnn,19d92fd349c357e8d75339136a1ed700e5d6c455fdeb913d680d5368a6731333
0,famous_le_100m,4,0.14285714285714285,0.14285714285714285,5,osl_siamese_cnn,19d92fd349c357e8d75339136a1ed700e5d6c455fdeb913d680d5368a6731333
0,famous_le_100m,5,0.42857142857142855,0.35714285714285715,5,osl_siamese_cnn,19d92fd349c357e8d75339136a1ed700e5d6c455fdeb913d680d5368a6731333
0,famous_le_100m,6,0.42857142857142855,0.42857142857142855,5,osl_siamese_cnn,19d92fd349c357e8d75339136a1ed700e5d6c455fdeb913d680d5368a6731333
0,famous_le_100m,7,0.6428571428571429,0.6428571428571429,5,osl_siamese_cnn,19d92fd349c357e8d75339136a1ed700e5d6c455fdeb913d680d5368a6731333
0,famous_le_100m,8,0.7142857142857143,0.7142857142857143,5,osl_siamese_cnn,19d92fd349c357e8d75339136a1ed700e5d6c455fdeb913d680d5368a6731333
0,famous_le_100m,9,0.8571428571428571,0.8571428571428571,5,osl_siamese_cnn,19d92fd349c357e8d75339136a1ed700e5d6c455fdeb913d680d5368a6731333
0,famous_le_100m,10,0.8571428571428571,0.8571428571428571,5,osl_siamese_cnn,19d92fd349c357e8d75339136a1ed700e5d6c455fdeb913d680d5368a6731333
0,famous_le_100m,11,0.8571428571428571,0.8571428571428571,5,osl_siamese_cnn,19d92fd349c357e8d75339136a1ed700e5d6c455fdeb913d680d5368a6731333
0,famous_le_100m,12,0.9285714285714286,0.8571428571428571,5,osl_siamese_cnn,19d92fd349c357e8d75339136a1ed700e5d6c455fdeb913d680d5368a6731333
0,famous_le_100m,13,0.9285714285714286,0.9285714285714286,5,osl_siamese_cnn,19d92fd349c357e8d75339136a1ed700e5d6c455fdeb913d680d5368a6731333
0,famous_le_100m,14,0.9285714285714286,0.9285714285714286,5,osl_siamese_cnn,19d92fd349c357e8d75339136a1ed700e5d6c455fdeb913d680d5368a6731333
0,famous_le_100m,15,0.9285714285714286,0.9285714285714286,5,osl_siamese_cnn,19d92fd349c357e8d75339136a1ed700e5d6c455fdeb913d680d5368a6731333
0,famous_le_100m,16,0.9285714285714286,0.9285714285714286,5,osl_siamese_cnn,19d92fd349c357e8d75339136a1ed700e5d6c455fdeb913d680d5368a6731333
0,famous_le_100m,17,1.0,1.0,5,osl_siamese_cnn,19d92fd349c357e8d75339136a1ed700e5d6c455fdeb913d680d5368a6731333
0,famous_le_100m,18,1.0,1.0,5,osl_siamese_cnn,19d92fd349c357e8d75339136a1ed700e5d6c455fdeb913d680d5368a6731333
0,famous_le_100m,19,1.0,1.0,5,osl_siamese_cnn,19d92fd349c357e8d75339136a1ed700e5d6c455fdeb913d680d5368a6731333
0,famous_le_100m,20,1.0,1.0,5,osl_siamese_cnn,19d92fd349c357e8d75339136a1ed700e5d6c455fdeb913d680d5368a6731333
0,famous_le_100m,21,1.0,1.0,5,osl_siamese_cnn,19d92fd349c357e8d75339136a1ed700e5d6c455fdeb913d680d5368a6731333
0,famous_le_100m,22,1.0,1.0,5,osl_siamese_cnn,19d92fd349c357e8d75339136a1ed700e5d6c455fdeb913d680d5368a6731333
0,famous_le_100m,23,1.0,1.0,5,osl_siamese_cnn,19d92fd349c357e8d75339136a1ed700e5d6c455fdeb913d680d5368a6731333
1,torch_pretrained_classification,0,0.85,0.85,5,osl_siamese_cnn,2bbd8f5727b69e90ffe38ea002264535a6d0f6306ca760ade46d17027c8595bc
1,famous_le_10m,0,1.0,1.0,5,osl_siamese_cnn,2bbd8f5727b69e90ffe38ea002264535a6d0f6306ca760ade46d17027c8595bc
1,famous_le_10m,1,0.0,0.0,5,osl_siamese_cnn,2bbd8f5727b69e90ffe38ea002264535a6d0f6306ca760ade46d17027c8595bc
1,famous_le_10m,2,0.0,0.0,5,osl_siamese_cnn,2bbd8f5727b69e90ffe38ea002264535a6d0f6306ca760ade46d17027c8595bc
1,famous_le_10m,3,0.0,0.0,5,osl_siamese_cnn,2bbd8f5727b69e90ffe38ea002264535a6d0f6306ca760ade46d17027c8595bc
1,famous_le_10m,4,0.2,0.2,5,osl_siamese_cnn,2bbd8f5727b69e90ffe38ea002264535a6d0f6306ca760ade46d17027c8595bc
1,famous_le_10m,5,0.4,0.2,5,osl_siamese_cnn,2bbd8f5727b69e90ffe38ea002264535a6d0f6306ca760ade46d17027c8595bc
1,famous_le_10m,6,1.0,1.0,5,osl_siamese_cnn,2bbd8f5727b69e90ffe38ea002264535a6d0f6306ca760ade46d17027c8595bc
1,famous_le_10m,7,1.0,1.0,5,osl_siamese_cnn,2bbd8f5727b69e90ffe38ea002264535a6d0f6306ca760ade46d17027c8595bc
1,famous_le_10m,8,1.0,1.0,5,osl_siamese_cnn,2bbd8f5727b69e90ffe38ea002264535a6d0f6306ca760ade46d17027c8595bc
1,famous_le_10m,9,1.0,1.0,5,osl_siamese_cnn,2bbd8f5727b69e90ffe38ea002264535a6d0f6306ca760ade46d17027c8595bc
1,famous_le_10m,10,1.0,1.0,5,osl_siamese_cnn,2bbd8f5727b69e90ffe38ea002264535a6d0f6306ca760ade46d17027c8595bc
1,famous_le_10m,11,1.0,1.0,5,osl_siamese_cnn,2bbd8f5727b69e90ffe38ea002264535a6d0f6306ca760ade46d17027c8595bc
1,famous_le_10m,12,1.0,1.0,5,osl_siamese_cnn,2bbd8f5727b69e90ffe38ea002264535a6d0f6306ca760ade46d17027c8595bc
1,famous_le_10m,13,1.0,1.0,5,osl_siamese_cnn,2bbd8f5727b69e90ffe38ea002264535a6d0f6306ca760ade46d17027c8595bc
1,famous_le_10m,14,1.0,1.0,5,osl_siamese_cnn,2bbd8f5727b69e90ffe38ea002264535a6d0f6306ca760ade46d17027c8595bc
1,famous_le_10m,15,1.0,1.0,5,osl_siamese_cnn,2bbd8f5727b69e90ffe38ea002264535a6d0f6306ca760ade46d17027c8595bc
1,famous_le_10m,16,1.0,1.0,5,osl_siamese_cnn,2bbd8f5727b69e90ffe38ea002264535a6d0f6306ca760ade46d17027c8595bc
1,famous_le_10m,17,1.0,1.0,5,osl_siamese_cnn,2bbd8f5727b69e90ffe38ea002264535a6d0f6306ca760ade46d17027c8595bc
1,famous_le_10m,18,1.0,1.0,5,osl_siamese_cnn,2bbd8f5727b69e90ffe38ea002264535a6d0f6306ca760ade46d17027c8595bc
1,famous_le_10m,19,1.0,1.0,5,osl_siamese_cnn,2bbd8f5727b69e90ffe38ea002264535a6d0f6306ca760ade46d17027c8595bc
1,famous_le_10m,20,1.0,1.0,5,osl_siamese_cnn,2bbd8f5727b69e90ffe38ea002264535a6d0f6306ca760ade46d17027c8595bc
1,famous_le_10m,21,1.0,1.0,5,osl_siamese_cnn,2bbd8f5727b69e90ffe38ea002264535a6d0f6306ca760ade46d17027c8595bc
1,famous_le_10m,22,1.0,1.0,5,osl_siamese_cnn,2bbd8f5727b69e90ffe38ea002264535a6d0f6306ca760ade46d17027c8595bc
1,famous_le_10m,23,1.0,1.0,5,osl_siamese_cnn,2bbd8f5727b69e90ffe38ea002264535a6d0f6306ca760ade46d17027c8595bc
1,famous_le_100m,0,0.9285714285714286,0.9285714285714286,5,osl_siamese_cnn,2bbd8f5727b69e90ffe38ea002264535a6d0f6306ca760ade46d17027c8595bc
1,famous_le_100m,1,0.07142857142857142,0.07142857142857142,5,osl_siamese_cnn,2bbd8f5727b69e90ffe38ea002264535a6d0f6306ca760ade46d17027c8595bc
1,famous_le_100m,2,0.07142857142857142,0.07142857142857142,5,osl_siamese_cnn,2bbd8f5727b69e90ffe38ea002264535a6d0f6306ca760ade46d17027c8595bc
1,famous_le_100m,3,0.07142857142857142,0.07142857142857142,5,osl_siamese_cnn,2bbd8f5727b69e90ffe38ea002264535a6d0f6306ca760ade46d17027c8595bc
1,famous_le_100m,4,0.07142857142857142,0.07142857142857142,5,osl_siamese_cnn,2bbd8f5727b69e90ffe38ea002264535a6d0f6306ca760ade46d17027c8595bc
1,famous_le_100m,5,0.2857142857142857,0.2857142857142857,5,osl_siamese_cnn,2bbd8f5727b69e90ffe38ea002264535a6d0f6306ca760ade46d17027c8595bc
1,famous_le_100m,6,0.42857142857142855,0.42857142857142855,5,osl_siamese_cnn,2bbd8f5727b69e90ffe38ea002264535a6d0f6306ca760ade46d17027c8595bc
1,famous_le_100m,7,0.5714285714285714,0.5714285714285714,5,osl_siamese_cnn,2bbd8f5727b69e90ffe38ea002264535a6d0f6306ca760ade46d17027c8595bc
1,famous_le_100m,8,0.7857142857142857,0.7857142857142857,5,osl_siamese_cnn,2bbd8f5727b69e90ffe38ea002264535a6d0f6306ca760ade46d17027c8595bc
1,famous_le_100m,9,0.8571428571428571,0.8571428571428571,5,osl_siamese_cnn,2bbd8f5727b69e90ffe38ea002264535a6d0f6306ca760ade46d17027c8595bc
1,famous_le_100m,10,0.8571428571428571,0.8571428571428571,5,osl_siamese_cnn,2bbd8f5727b69e90ffe38ea002264535a6d0f6306ca760ade46d17027c8595bc
1,famous_le_100m,11,0.8571428571428571,0.8571428571428571,5,osl_siamese_cnn,2bbd8f5727b69e90ffe38ea002264535a6d0f6306ca760ade46d17027c8595bc
1,famous_le_100m,12,0.9285714285714286,0.9285714285714286,5,osl_siamese_cnn,2bbd8f5727b69e90ffe38ea002264535a6d0f6306ca760ade46d17027c8595bc
1,famous_le_100m,13,0.9285714285714286,0.9285714285714286,5,osl_siamese_cnn,2bbd8f5727b69e90ffe38ea002264535a6d0f6306ca760ade46d17027c8595bc
1,famous_le_100m,14,0.9285714285714286,0.9285714285714286,5,osl_siamese_cnn,2bbd8f5727b69e90ffe38ea002264535a6d0f6306ca760ade46d17027c8595bc
1,famous_le_100m,15,0.9285714285714286,0.9285714285714286,5,osl_siamese_cnn,2bbd8f5727b69e90ffe38ea002264535a6d0f6306ca760ade46d17027c8595bc
1,famous_le_100m,16,1.0,0.9285714285714286,5,osl_siamese_cnn,2bbd8f5727b69e90ffe38ea002264535a6d0f6306ca760ade46d17027c8595bc
1,famous_le_100m,17,1.0,1.0,5,osl_siamese_cnn,2bbd8f5727b69e90ffe38ea002264535a6d0f6306ca760ade46d17027c8595bc
1,famous_le_100m,18,1.0,1.0,5,osl_siamese_cnn,2bbd8f5727b69e90ffe38ea002264535a6d0f6306ca760ade46d17027c8595bc
1,famous_le_100m,19,1.0,1.0,5,osl_siamese_cnn,2bbd8f5727b69e90ffe38ea002264535a6d0f6306ca760ade46d17027c8595bc
1,famous_le_100m,20,1.0,1.0,5,osl_siamese_cnn,2bbd8f5727b69e90ffe38ea002264535a6d0f6306ca760ade46d17027c8595bc
1,famous_le_100m,21,1.0,1.0,5,osl_siamese_cnn,2bbd8f5727b69e90ffe38ea002264535a6d0f6306ca760ade46d17027c8595bc
1,famous_le_100m,22,1.0,1.0,5,osl_siamese_cnn,2bbd8f5727b69e90ffe38ea002264535a6d0f6306ca760ade46d17027c8595bc
1,famous_le_100m,23,1.0,1.0,5,osl_siamese_cnn,2bbd8f5727b69e90ffe38ea002264535a6d0f6306ca760ade46d17027c8595bc
2,torch_pretrained_classification,0,0.8625,0.8625,5,osl_siamese_cnn,377476c023f423e6635e2b48de5670cd56e024259057bddd0b226238226382da
2,famous_le_10m,0,1.0,1.0,5,osl_siamese_cnn,377476c023f423e6635e2b48de5670cd56e024259057bddd0b226238226382da
2,famous_le_10m,1,0.0,0.0,5,osl_siamese_cnn,377476c023f423e6635e2b48de5670cd56e024259057bddd0b226238226382da
2,famous_le_10m,2,0.0,0.0,5,osl_siamese_cnn,377476c023f423e6635e2b48de5670cd56e024259057bddd0b226238226382da
2,famous_le_10m,3,0.0,0.0,5,osl_siamese_cnn,377476c023f423e6635e2b48de5670cd56e024259057bddd0b226238226382da
2,famous_le_10m,4,0.0,0.0,5,osl_siamese_cnn,377476c023f423e6635e2b48de5670cd56e024259057bddd0b226238226382da
2,famous_le_10m,5,0.2,0.2,5,osl_siamese_cnn,377476c023f423e6635e2b48de5670cd56e024259057bddd0b226238226382da
2,famous_le_10m,6,1.0,1.0,5,osl_siamese_cnn,377476c023f423e6635e2b48de5670cd56e024259057bddd0b226238226382da
2,famous_le_10m,7,1.0,1.0,5,osl_siamese_cnn,377476c023f423e6635e2b48de5670cd56e024259057bddd0b226238226382da
2,famous_le_10m,8,1.0,1.0,5,osl_siamese_cnn,377476c023f423e6635e2b48de5670cd56e024259057bddd0b226238226382da
2,famous_le_10m,9,1.0,1.0,5,osl_siamese_cnn,377476c023f423e6635e2b48de5670cd56e024259057bddd0b226238226382da
2,famous_le_10m,10,1.0,1.0,5,osl_siamese_cnn,377476c023f423e6635e2b48de5670cd56e024259057bddd0b226238226382da
2,famous_le_10m,11,1.0,1.0,5,osl_siamese_cnn,377476c023f423e6635e2b48de5670cd56e024259057bddd0b226238226382da
2,famous_le_10m,12,1.0,1.0,5,osl_siamese_cnn,377476c023f423e6635e2b48de5670cd56e024259057bddd0b226238226382da
2,famous_le_10m,13,1.0,1.0,5,osl_siamese_cnn,377476c023f423e6635e2b48de5670cd56e024259057bddd0b226238226382da
2,famous_le_10m,14,1.0,1.0,5,osl_siamese_cnn,377476c023f423e6635e2b48de5670cd56e024259057bddd0b226238226382da
2,famous_le_10m,15,1.0,1.0,5,osl_siamese_cnn,377476c023f423e6635e2b48de5670cd56e024259057bddd0b226238226382da
2,famous_le_10m,16,1.0,1.0,5,osl_siamese_cnn,377476c023f423e6635e2b48de5670cd56e024259057bddd0b226238226382da
2,famous_le_10m,17,1.0,1.0,5,osl_siamese_cnn,377476c023f423e6635e2b48de5670cd56e024259057bddd0b226238226382da
2,famous_le_10m,18,1.0,1.0,5,osl_siamese_cnn,377476c023f423e6635e2b48de5670cd56e024259057bddd0b226238226382da
2,famous_le_10m,19,1.0,1.0,5,osl_siamese_cnn,377476c023f423e6635e2b48de5670cd56e024259057bddd0b226238226382da
2,famous_le_10m,20,1.0,1.0,5,osl_siamese_cnn,377476c023f423e6635e2b48de5670cd56e024259057bddd0b226238226382da
2,famous_le_10m,21,1.0,1.0,5,osl_siamese_cnn,377476c023f423e6635e2b48de5670cd56e024259057bddd0b226238226382da
2,famous_le_10m,22,1.0,1.0,5,osl_siamese_cnn,377476c023f423e6635e2b48de5670cd56e024259057bddd0b226238226382da
2,famous_le_10m,23,1.0,1.0,5,osl_siamese_cnn,377476c023f423e6635e2b48de5670cd56e024259057bddd0b226238226382da
2,famous_le_100m,0,0.8571428571428571,0.8571428571428571,5,osl_siamese_cnn,377476c023f423e6635e2b48de5670cd56e024259057bddd0b226238226382da
2,famous_le_100m,1,0.07142857142857142,0.07142857142857142,5,osl_siamese_cnn,377476c023f423e6635e2b48de5670cd56e024259057bddd0b226238226382da
2,famous_le_100m,2,0.07142857142857142,0.07142857142857142,5,osl_siamese_cnn,377476c023f423e6635e2b48de5670cd56e024259057bddd0b226238226382da
2,famous_le_100m,3,0.07142857142857142,0.07142857142857142,5,osl_siamese_cnn,377476c023f423e6635e2b48de5670cd56e024259057bddd0b226238226382da
2,famous_le_100m,4,0.07142857142857142,0.07142857142857142,5,osl_siamese_cnn,377476c023f423e6635e2b48de5670cd56e024259057bddd0b226238226382da
2,famous_le_100m,5,0.07142857142857142,0.07142857142857142,5,osl_siamese_cnn,377476c023f423e6635e2b48de5670cd56e024259057bddd0b226238226382da
2,famous_le_100m,6,0.21428571428571427,0.21428571428571427,5,osl_siamese_cnn,377476c023f423e6635e2b48de5670cd56e024259057bddd0b226238226382da
2,famous_le_100m,7,0.42857142857142855,0.42857142857142855,5,osl_siamese_cnn,377476c023f423e6635e2b48de5670cd56e024259057bddd0b226238226382da
2,famous_le_100m,8,0.42857142857142855,0.42857142857142855,5,osl_siamese_cnn,377476c023f423e6635e2b48de5670cd56e024259057bddd0b226238226382da
2,famous_le_100m,9,0.42857142857142855,0.42857142857142855,5,osl_siamese_cnn,377476c023f423e6635e2b48de5670cd56e024259057bddd0b226238226382da
2,famous_le_100m,10,0.6428571428571429,0.6428571428571429,5,osl_siamese_cnn,377476c023f423e6635e2b48de5670cd56e024259057bddd0b226238226382da
2,famous_le_100m,11,0.7857142857142857,0.7857142857142857,5,osl_siamese_cnn,377476c023f423e6635e2b48de5670cd56e024259057bddd0b226238226382da
2,famous_le_100m,12,0.8571428571428571,0.8571428571428571,5,osl_siamese_cnn,377476c023f423e6635e2b48de5670cd56e024259057bddd0b226238226382da
2,famous_le_100m,13,0.8571428571428571,0.8571428571428571,5,osl_siamese_cnn,377476c023f423e6635e2b48de5670cd56e024259057bddd0b226238226382da
2,famous_le_100m,14,0.8571428571428571,0.8571428571428571,5,osl_siamese_cnn,377476c023f423e6635e2b48de5670cd56e024259057bddd0b226238226382da
2,famous_le_100m,15,0.8571428571428571,0.8571428571428571,5,osl_siamese_cnn,377476c023f423e6635e2b48de5670cd56e024259057bddd0b226238226382da
2,famous_le_100m,16,0.9285714285714286,0.9285714285714286,5,osl_siamese_cnn,377476c023f423e6635e2b48de5670cd56e024259057bddd0b226238226382da
2,famous_le_100m,17,0.9285714285714286,0.9285714285714286,5,osl_siamese_cnn,377476c023f423e6635e2b48de5670cd56e024259057bddd0b226238226382da
2,famous_le_100m,18,0.9285714285714286,0.9285714285714286,5,osl_siamese_cnn,377476c023f423e6635e2b48de5670cd56e024259057bddd0b226238226382da
2,famous_le_100m,19,0.9285714285714286,0.9285714285714286,5,osl_siamese_cnn,377476c023f423e6635e2b48de5670cd56e024259057bddd0b226238226382da
2,famous_le_100m,20,1.0,1.0,5,osl_siamese_cnn,377476c023f423e6635e2b48de5670cd56e024259057bddd0b226238226382da
2,famous_le_100m,21,1.0,1.0,5,osl_siamese_cnn,377476c023f423e6635e2b48de5670cd56e024259057bddd0b226238226382da
2,famous_le_100m,22,1.0,1.0,5,osl_siamese_cnn,377476c023f423e6635e2b48de5670cd56e024259057bddd0b226238226382da
2,famous_le_100m,23,1.0,1.0,5,osl_siamese_cnn,377476c023f423e6635e2b48de5670cd56e024259057bddd0b226238226382da
3,torch_pretrained_classification,0,0.9125,0.8875,5,osl_siamese_cnn,5a7b72a91953e1e370caab6de0d6f384c9f77d7d3e75271be9e4ad86dc5d1015
3,famous_le_10m,0,0.6,0.6,5,osl_siamese_cnn,5a7b72a91953e1e370caab6de0d6f384c9f77d7d3e75271be9e4ad86dc5d1015
3,famous_le_10m,1,0.4,0.4,5,osl_siamese_cnn,5a7b72a91953e1e370caab6de0d6f384c9f77d7d3e75271be9e4ad86dc5d1015
3,famous_le_10m,2,0.4,0.4,5,osl_siamese_cnn,5a7b72a91953e1e370caab6de0d6f384c9f77d7d3e75271be9e4ad86dc5d1015
3,famous_le_10m,3,0.4,0.4,5,osl_siamese_cnn,5a7b72a91953e1e370caab6de0d6f384c9f77d7d3e75271be9e4ad86dc5d1015
3,famous_le_10m,4,1.0,1.0,5,osl_siamese_cnn,5a7b72a91953e1e370caab6de0d6f384c9f77d7d3e75271be9e4ad86dc5d1015
3,famous_le_10m,5,1.0,1.0,5,osl_siamese_cnn,5a7b72a91953e1e370caab6de0d6f384c9f77d7d3e75271be9e4ad86dc5d1015
3,famous_le_10m,6,1.0,1.0,5,osl_siamese_cnn,5a7b72a91953e1e370caab6de0d6f384c9f77d7d3e75271be9e4ad86dc5d1015
3,famous_le_10m,7,1.0,1.0,5,osl_siamese_cnn,5a7b72a91953e1e370caab6de0d6f384c9f77d7d3e75271be9e4ad86dc5d1015
3,famous_le_10m,8,1.0,1.0,5,osl_siamese_cnn,5a7b72a91953e1e370caab6de0d6f384c9f77d7d3e75271be9e4ad86dc5d1015
3,famous_le_10m,9,1.0,1.0,5,osl_siamese_cnn,5a7b72a91953e1e370caab6de0d6f384c9f77d7d3e75271be9e4ad86dc5d1015
3,famous_le_10m,10,1.0,1.0,5,osl_siamese_cnn,5a7b72a91953e1e370caab6de0d6f384c9f77d7d3e75271be9e4ad86dc5d1015
3,famous_le_10m,11,1.0,1.0,5,osl_siamese_cnn,5a7b72a91953e1e370caab6de0d6f384c9f77d7d3e75271be9e4ad86dc5d1015
3,famous_le_10m,12,1.0,1.0,5,osl_siamese_cnn,5a7b72a91953e1e370caab6de0d6f384c9f77d7d3e75271be9e4ad86dc5d1015
3,famous_le_10m,13,1.0,1.0,5,osl_siamese_cnn,5a7b72a91953e1e370caab6de0d6f384c9f77d7d3e75271be9e4ad86dc5d1015
3,famous_le_10m,14,1.0,1.0,5,osl_siamese_cnn,5a7b72a91953e1e370caab6de0d6f384c9f77d7d3e75271be9e4ad86dc5d1015
3,famous_le_10m,15,1.0,1.0,5,osl_siamese_cnn,5a7b72a91953e1e370caab6de0d6f384c9f77d7d3e75271be9e4ad86dc5d1015
3,famous_le_10m,16,1.0,1.0,5,osl_siamese_cnn,5a7b72a91953e1e370caab6de0d6f384c9f77d7d3e75271be9e4ad86dc5d1015
3,famous_le_10m,17,1.0,1.0,5,osl_siamese_cnn,5a7b72a91953e1e370caab6de0d6f384c9f77d7d3e75271be9e4ad86dc5d1015
3,famous_le_10m,18,1.0,1.0,5,osl_siamese_cnn,5a7b72a91953e1e370caab6de0d6f384c9f77d7d3e75271be9e4ad86dc5d1015
3,famous_le_10m,19,1.0,1.0,5,osl_siamese_cnn,5a7b72a91953e1e370caab6de0d6f384c9f77d7d3e75271be9e4ad86dc5d1015
3,famous_le_10m,20,1.0,1.0,5,osl_siamese_cnn,5a7b72a91953e1e370caab6de0d6f384c9f77d7d3e75271be9e4ad86dc5d1015
3,famous_le_10m,21,1.0,1.0,5,osl_siamese_cnn,5a7b72a91953e1e370caab6de0d6f384c9f77d7d3e75271be9e4ad86dc5d1015
3,famous_le_10m,22,1.0,1.0,5,osl_siamese_cnn,5a7b72a91953e1e370caab6de0d6f384c9f77d7d3e75271be9e4ad86dc5d1015
3,famous_le_10m,23,1.0,1.0,5,osl_siamese_cnn,5a7b72a91953e1e370caab6de0d6f384c9f77d7d3e75271be9e4ad86dc5d1015
3,famous_le_100m,0,0.42857142857142855,0.42857142857142855,5,osl_siamese_cnn,5a7b72a91953e1e370caab6de0d6f384c9f77d7d3e75271be9e4ad86dc5d1015
3,famous_le_100m,1,0.5714285714285714,0.5714285714285714,5,osl_siamese_cnn,5a7b72a91953e1e370caab6de0d6f384c9f77d7d3e75271be9e4ad86dc5d1015
3,famous_le_100m,2,0.5714285714285714,0.5714285714285714,5,osl_siamese_cnn,5a7b72a91953e1e370caab6de0d6f384c9f77d7d3e75271be9e4ad86dc5d1015
3,famous_le_100m,3,0.5,0.5714285714285714,5,osl_siamese_cnn,5a7b72a91953e1e370caab6de0d6f384c9f77d7d3e75271be9e4ad86dc5d1015
3,famous_le_100m,4,0.6428571428571429,0.6428571428571429,5,osl_siamese_cnn,5a7b72a91953e1e370caab6de0d6f384c9f77d7d3e75271be9e4ad86dc5d1015
3,famous_le_100m,5,0.5,0.5,5,osl_siamese_cnn,5a7b72a91953e1e370caab6de0d6f384c9f77d7d3e75271be9e4ad86dc5d1015
3,famous_le_100m,6,0.5,0.5,5,osl_siamese_cnn,5a7b72a91953e1e370caab6de0d6f384c9f77d7d3e75271be9e4ad86dc5d1015
3,famous_le_100m,7,0.6428571428571429,0.6428571428571429,5,osl_siamese_cnn,5a7b72a91953e1e370caab6de0d6f384c9f77d7d3e75271be9e4ad86dc5d1015
3,famous_le_100m,8,0.7857142857142857,0.7857142857142857,5,osl_siamese_cnn,5a7b72a91953e1e370caab6de0d6f384c9f77d7d3e75271be9e4ad86dc5d1015
3,famous_le_100m,9,0.8571428571428571,0.8571428571428571,5,osl_siamese_cnn,5a7b72a91953e1e370caab6de0d6f384c9f77d7d3e75271be9e4ad86dc5d1015
3,famous_le_100m,10,0.8571428571428571,0.8571428571428571,5,osl_siamese_cnn,5a7b72a91953e1e370caab6de0d6f384c9f77d7d3e75271be9e4ad86dc5d1015
3,famous_le_100m,11,0.8571428571428571,0.8571428571428571,5,osl_siamese_cnn,5a7b72a91953e1e370caab6de0d6f384c9f77d7d3e75271be9e4ad86dc5d1015
3,famous_le_100m,12,0.9285714285714286,0.9285714285714286,5,osl_siamese_cnn,5a7b72a91953e1e370caab6de0d6f384c9f77d7d3e75271be9e4ad86dc5d1015
3,famous_le_100m,13,0.9285714285714286,0.9285714285714286,5,osl_siamese_cnn,5a7b72a91953e1e370caab6de0d6f384c9f77d7d3e75271be9e4ad86dc5d1015
3,famous_le_100m,14,0.9285714285714286,0.9285714285714286,5,osl_siamese_cnn,5a7b72a91953e1e370caab6de0d6f384c9f77d7d3e75271be9e4ad86dc5d1015
3,famous_le_100m,15,0.9285714285714286,0.9285714285714286,5,osl_siamese_cnn,5a7b72a91953e1e370caab6de0d6f384c9f77d7d3e75271be9e4ad86dc5d1015
3,famous_le_100m,16,1.0,1.0,5,osl_siamese_cnn,5a7b72a91953e1e370caab6de0d6f384c9f77d7d3e75271be9e4ad86dc5d1015
3,famous_le_100m,17,1.0,1.0,5,osl_siamese_cnn,5a7b72a91953e1e370caab6de0d6f384c9f77d7d3e75271be9e4ad86dc5d1015
3,famous_le_100m,18,1.0,1.0,5,osl_siamese_cnn,5a7b72a91953e1e370caab6de0d6f384c9f77d7d3e75271be9e4ad86dc5d1015
3,famous_le_100m,19,1.0,1.0,5,osl_siamese_cnn,5a7b72a91953e1e370caab6de0d6f384c9f77d7d3e75271be9e4ad86dc5d1015
3,famous_le_100m,20,1.0,1.0,5,osl_siamese_cnn,5a7b72a91953e1e370caab6de0d6f384c9f77d7d3e75271be9e4ad86dc5d1015
3,famous_le_100m,21,1.0,1.0,5,osl_siamese_cnn,5a7b72a91953e1e370caab6de0d6f384c9f77d7d3e75271be9e4ad86dc5d1015
3,famous_le_100m,22,1.0,1.0,5,osl_siamese_cnn,5a7b72a91953e1e370caab6de0d6f384c9f77d7d3e75271be9e4ad86dc5d1015
3,famous_le_100m,23,1.0,1.0,5,osl_siamese_cnn,5a7b72a91953e1e370caab6de0d6f384c9f77d7d3e75271be9e4ad86dc5d1015
4,torch_pretrained_classification,0,0.9,0.9125,5,osl_siamese_cnn,a99f95db75bc77889e1448051081780ab29e0eca9443fb4cadd8b424d3db1a6d
4,famous_le_10m,0,1.0,1.0,5,osl_siamese_cnn,a99f95db75bc77889e1448051081780ab29e0eca9443fb4cadd8b424d3db1a6d
4,famous_le_10m,1,0.0,0.0,5,osl_siamese_cnn,a99f95db75bc77889e1448051081780ab29e0eca9443fb4cadd8b424d3db1a6d
4,famous_le_10m,2,0.0,0.0,5,osl_siamese_cnn,a99f95db75bc77889e1448051081780ab29e0eca9443fb4cadd8b424d3db1a6d
4,famous_le_10m,3,0.0,0.0,5,osl_siamese_cnn,a99f95db75bc77889e1448051081780ab29e0eca9443fb4cadd8b424d3db1a6d
4,famous_le_10m,4,0.4,0.4,5,osl_siamese_cnn,a99f95db75bc77889e1448051081780ab29e0eca9443fb4cadd8b424d3db1a6d
4,famous_le_10m,5,1.0,1.0,5,osl_siamese_cnn,a99f95db75bc77889e1448051081780ab29e0eca9443fb4cadd8b424d3db1a6d
4,famous_le_10m,6,1.0,1.0,5,osl_siamese_cnn,a99f95db75bc77889e1448051081780ab29e0eca9443fb4cadd8b424d3db1a6d
4,famous_le_10m,7,1.0,1.0,5,osl_siamese_cnn,a99f95db75bc77889e1448051081780ab29e0eca9443fb4cadd8b424d3db1a6d
4,famous_le_10m,8,1.0,1.0,5,osl_siamese_cnn,a99f95db75bc77889e1448051081780ab29e0eca9443fb4cadd8b424d3db1a6d
4,famous_le_10m,9,1.0,1.0,5,osl_siamese_cnn,a99f95db75bc77889e1448051081780ab29e0eca9443fb4cadd8b424d3db1a6d
4,famous_le_10m,10,1.0,1.0,5,osl_siamese_cnn,a99f95db75bc77889e1448051081780ab29e0eca9443fb4cadd8b424d3db1a6d
4,famous_le_10m,11,1.0,1.0,5,osl_siamese_cnn,a99f95db75bc77889e1448051081780ab29e0eca9443fb4cadd8b424d3db1a6d
4,famous_le_10m,12,1.0,1.0,5,osl_siamese_cnn,a99f95db75bc77889e1448051081780ab29e0eca9443fb4cadd8b424d3db1a6d
4,famous_le_10m,13,1.0,1.0,5,osl_siamese_cnn,a99f95db75bc77889e1448051081780ab29e0eca9443fb4cadd8b424d3db1a6d
4,famous_le_10m,14,1.0,1.0,5,osl_siamese_cnn,a99f95db75bc77889e1448051081780ab29e0eca9443fb4cadd8b424d3db1a6d
4,famous_le_10m,15,1.0,1.0,5,osl_siamese_cnn,a99f95db75bc77889e1448051081780ab29e0eca9443fb4cadd8b424d3db1a6d
4,famous_le_10m,16,1.0,1.0,5,osl_siamese_cnn,a99f95db75bc77889e1448051081780ab29e0eca9443fb4cadd8b424d3db1a6d
4,famous_le_10m,17,1.0,1.0,5,osl_siamese_cnn,a99f95db75bc77889e1448051081780ab29e0eca9443fb4cadd8b424d3db1a6d
4,famous_le_10m,18,1.0,1.0,5,osl_siamese_cnn,a99f95db75bc77889e1448051081780ab29e0eca9443fb4cadd8b424d3db1a6d
4,famous_le_10m,19,1.0,1.0,5,osl_siamese_cnn,a99f95db75bc77889e1448051081780ab29e0eca9443fb4cadd8b424d3db1a6d
4,famous_le_10m,20,1.0,1.0,5,osl_siamese_cnn,a99f95db75bc77889e1448051081780ab29e0eca9443fb4cadd8b424d3db1a6d
4,famous_le_10m,21,1.0,1.0,5,osl_siamese_cnn,a99f95db75bc77889e1448051081780ab29e0eca9443fb4cadd8b424d3db1a6d
4,famous_le_10m,22,1.0,1.0,5,osl_siamese_cnn,a99f95db75bc77889e1448051081780ab29e0eca9443fb4cadd8b424d3db1a6d
4,famous_le_10m,23,1.0,1.0,5,osl_siamese_cnn,a99f95db75bc77889e1448051081780ab29e0eca9443fb4cadd8b424d3db1a6d
4,famous_le_100m,0,0.7857142857142857,0.8571428571428571,5,osl_siamese_cnn,a99f95db75bc77889e1448051081780ab29e0eca9443fb4cadd8b424d3db1a6d
4,famous_le_100m,1,0.21428571428571427,0.14285714285714285,5,osl_siamese_cnn,a99f95db75bc77889e1448051081780ab29e0eca9443fb4cadd8b424d3db1a6d
4,famous_le_100m,2,0.14285714285714285,0.14285714285714285,5,osl_siamese_cnn,a99f95db75bc77889e1448051081780ab29e0eca9443fb4cadd8b424d3db1a6d
4,famous_le_100m,3,0.14285714285714285,0.14285714285714285,5,osl_siamese_cnn,a99f95db75bc77889e1448051081780ab29e0eca9443fb4cadd8b424d3db1a6d
4,famous_le_100m,4,0.14285714285714285,0.14285714285714285,5,osl_siamese_cnn,a99f95db75bc77889e1448051081780ab29e0eca9443fb4cadd8b424d3db1a6d
4,famous_le_100m,5,0.2857142857142857,0.21428571428571427,5,osl_siamese_cnn,a99f95db75bc77889e1448051081780ab29e0eca9443fb4cadd8b424d3db1a6d
4,famous_le_100m,6,0.42857142857142855,0.42857142857142855,5,osl_siamese_cnn,a99f95db75bc77889e1448051081780ab29e0eca9443fb4cadd8b424d3db1a6d
4,famous_le_100m,7,0.42857142857142855,0.42857142857142855,5,osl_siamese_cnn,a99f95db75bc77889e1448051081780ab29e0eca9443fb4cadd8b424d3db1a6d
4,famous_le_100m,8,0.6428571428571429,0.5714285714285714,5,osl_siamese_cnn,a99f95db75bc77889e1448051081780ab29e0eca9443fb4cadd8b424d3db1a6d
4,famous_le_100m,9,0.7142857142857143,0.7142857142857143,5,osl_siamese_cnn,a99f95db75bc77889e1448051081780ab29e0eca9443fb4cadd8b424d3db1a6d
4,famous_le_100m,10,0.8571428571428571,0.8571428571428571,5,osl_siamese_cnn,a99f95db75bc77889e1448051081780ab29e0eca9443fb4cadd8b424d3db1a6d
4,famous_le_100m,11,0.8571428571428571,0.8571428571428571,5,osl_siamese_cnn,a99f95db75bc77889e1448051081780ab29e0eca9443fb4cadd8b424d3db1a6d
4,famous_le_100m,12,0.8571428571428571,0.8571428571428571,5,osl_siamese_cnn,a99f95db75bc77889e1448051081780ab29e0eca9443fb4cadd8b424d3db1a6d
4,famous_le_100m,13,0.9285714285714286,0.9285714285714286,5,osl_siamese_cnn,a99f95db75bc77889e1448051081780ab29e0eca9443fb4cadd8b424d3db1a6d
4,famous_le_100m,14,0.9285714285714286,0.9285714285714286,5,osl_siamese_cnn,a99f95db75bc77889e1448051081780ab29e0eca9443fb4cadd8b424d3db1a6d
4,famous_le_100m,15,0.9285714285714286,0.9285714285714286,5,osl_siamese_cnn,a99f95db75bc77889e1448051081780ab29e0eca9443fb4cadd8b424d3db1a6d
4,famous_le_100m,16,0.9285714285714286,0.9285714285714286,5,osl_siamese_cnn,a99f95db75bc77889e1448051081780ab29e0eca9443fb4cadd8b424d3db1a6d
4,famous_le_100m,17,0.9285714285714286,0.9285714285714286,5,osl_siamese_cnn,a99f95db75bc77889e1448051081780ab29e0eca9443fb4cadd8b424d3db1a6d
4,famous_le_100m,18,1.0,1.0,5,osl_siamese_cnn,a99f95db75bc77889e1448051081780ab29e0eca9443fb4cadd8b424d3db1a6d
4,famous_le_100m,19,1.0,1.0,5,osl_siamese_cnn,a99f95db75bc77889e1448051081780ab29e0eca9443fb4cadd8b424d3db1a6d
4,famous_le_100m,20,1.0,1.0,5,osl_siamese_cnn,a99f95db75bc77889e1448051081780ab29e0eca9443fb4cadd8b424d3db1a6d
4,famous_le_100m,21,1.0,1.0,5,osl_siamese_cnn,a99f95db75bc77889e1448051081780ab29e0eca9443fb4cadd8b424d3db1a6d
4,famous_le_100m,22,1.0,1.0,5,osl_siamese_cnn,a99f95db75bc77889e1448051081780ab29e0eca9443fb4cadd8b424d3db1a6d
4,famous_le_100m,23,1.0,1.0,5,osl_siamese_cnn,a99f95db75bc77889e1448051081780ab29e0eca9443fb4cadd8b424d3db1a6d
0,torch_pretrained_classification,0,0.95,0.95,6,osl_siamese_cnn,69b2dabba9e8b64e6fc584c46a3e32703266d3aac363563f151274b05fdb3d0e
0,famous_le_10m,0,1.0,1.0,6,osl_siamese_cnn,69b2dabba9e8b64e6fc584c46a3e32703266d3aac363563f151274b05fdb3d0e
0,famous_le_10m,1,0.0,0.0,6,osl_siamese_cnn,69b2dabba9e8b64e6fc584c46a3e32703266d3aac363563f151274b05fdb3d0e
0,famous_le_10m,2,0.0,0.0,6,osl_siamese_cnn,69b2dabba9e8b64e6fc584c46a3e32703266d3aac363563f151274b05fdb3d0e
0,famous_le_10m,3,0.0,0.0,6,osl_siamese_cnn,69b2dabba9e8b64e6fc584c46a3e32703266d3aac363563f151274b05fdb3d0e
0,famous_le_10m,4,0.0,0.0,6,osl_siamese_cnn,69b2dabba9e8b64e6fc584c46a3e32703266d3aac363563f151274b05fdb3d0e
0,famous_le_10m,5,0.2,0.0,6,osl_siamese_cnn,69b2dabba9e8b64e6fc584c46a3e32703266d3aac363563f151274b05fdb3d0e
0,famous_le_10m,6,1.0,1.0,6,osl_siamese_cnn,69b2dabba9e8b64e6fc584c46a3e32703266d3aac363563f151274b05fdb3d0e
0,famous_le_10m,7,1.0,1.0,6,osl_siamese_cnn,69b2dabba9e8b64e6fc584c46a3e32703266d3aac363563f151274b05fdb3d0e
0,famous_le_10m,8,1.0,1.0,6,osl_siamese_cnn,69b2dabba9e8b64e6fc584c46a3e32703266d3aac363563f151274b05fdb3d0e
0,famous_le_10m,9,1.0,1.0,6,osl_siamese_cnn,69b2dabba9e8b64e6fc584c46a3e32703266d3aac363563f151274b05fdb3d0e
0,famous_le_10m,10,1.0,1.0,6,osl_siamese_cnn,69b2dabba9e8b64e6fc584c46a3e32703266d3aac363563f151274b05fdb3d0e
0,famous_le_10m,11,1.0,1.0,6,osl_siamese_cnn,69b2dabba9e8b64e6fc584c46a3e32703266d3aac363563f151274b05fdb3d0e
0,famous_le_10m,12,1.0,1.0,6,osl_siamese_cnn,69b2dabba9e8b64e6fc584c46a3e32703266d3aac363563f151274b05fdb3d0e
0,famous_le_10m,13,1.0,1.0,6,osl_siamese_cnn,69b2dabba9e8b64e6fc584c46a3e32703266d3aac363563f151274b05fdb3d0e
0,famous_le_10m,14,1.0,1.0,6,osl_siamese_cnn,69b2dabba9e8b64e6fc584c46a3e32703266d3aac363563f151274b05fdb3d0e
0,famous_le_10m,15,1.0,1.0,6,osl_siamese_cnn,69b2dabba9e8b64e6fc584c46a3e32703266d3aac363563f151274b05fdb3d0e
0,famous_le_10m,16,1.0,1.0,6,osl_siamese_cnn,69b2dabba9e8b64e6fc584c46a3e32703266d3aac363563f151274b05fdb3d0e
0,famous_le_10m,17,1.0,1.0,6,osl_siamese_cnn,69b2dabba9e8b64e6fc584c46a3e32703266d3aac363563f151274b05fdb3d0e
0,famous_le_10m,18,1.0,1.0,6,osl_siamese_cnn,69b2dabba9e8b64e6fc584c46a3e32703266d3aac363563f151274b05fdb3d0e
0,famous_le_10m,19,1.0,1.0,6,osl_siamese_cnn,69b2dabba9e8b64e6fc584c46a3e32703266d3aac363563f151274b05fdb3d0e
0,famous_le_10m,20,1.0,1.0,6,osl_siamese_cnn,69b2dabba9e8b64e6fc584c46a3e32703266d3aac363563f151274b05fdb3d0e
0,famous_le_10m,21,1.0,1.0,6,osl_siamese_cnn,69b2dabba9e8b64e6fc584c46a3e32703266d3aac363563f151274b05fdb3d0e
0,famous_le_10m,22,1.0,1.0,6,osl_siamese_cnn,69b2dabba9e8b64e6fc584c46a3e32703266d3aac363563f151274b05fdb3d0e
0,famous_le_10m,23,1.0,1.0,6,osl_siamese_cnn,69b2dabba9e8b64e6fc584c46a3e32703266d3aac363563f151274b05fdb3d0e
0,famous_le_100m,0,0.9285714285714286,0.9285714285714286,6,osl_siamese_cnn,69b2dabba9e8b64e6fc584c46a3e32703266d3aac363563f151274b05fdb3d0e
0,famous_le_100m,1,0.07142857142857142,0.07142857142857142,6,osl_siamese_cnn,69b2dabba9e8b64e6fc584c46a3e32703266d3aac363563f151274b05fdb3d0e
0,famous_le_100m,2,0.07142857142857142,0.07142857142857142,6,osl_siamese_cnn,69b2dabba9e8b64e6fc584c46a3e32703266d3aac363563f151274b05fdb3d0e
0,famous_le_100m,3,0.07142857142857142,0.07142857142857142,6,osl_siamese_cnn,69b2dabba9e8b64e6fc584c46a3e32703266d3aac363563f151274b05fdb3d0e
0,famous_le_100m,4,0.07142857142857142,0.07142857142857142,6,osl_siamese_cnn,69b2dabba9e8b64e6fc584c46a3e32703266d3aac363563f151274b05fdb3d0e
0,famous_le_100m,5,0.07142857142857142,0.07142857142857142,6,osl_siamese_cnn,69b2dabba9e8b64e6fc584c46a3e32703266d3aac363563f151274b05fdb3d0e
0,famous_le_100m,6,0.21428571428571427,0.21428571428571427,6,osl_siamese_cnn,69b2dabba9e8b64e6fc584c46a3e32703266d3aac363563f151274b05fdb3d0e
0,famous_le_100m,7,0.42857142857142855,0.42857142857142855,6,osl_siamese_cnn,69b2dabba9e8b64e6fc584c46a3e32703266d3aac363563f151274b05fdb3d0e
0,famous_le_100m,8,0.42857142857142855,0.42857142857142855,6,osl_siamese_cnn,69b2dabba9e8b64e6fc584c46a3e32703266d3aac363563f151274b05fdb3d0e
0,famous_le_100m,9,0.6428571428571429,0.6428571428571429,6,osl_siamese_cnn,69b2dabba9e8b64e6fc584c46a3e32703266d3aac363563f151274b05fdb3d0e
0,famous_le_100m,10,0.7857142857142857,0.7857142857142857,6,osl_siamese_cnn,69b2dabba9e8b64e6fc584c46a3e32703266d3aac363563f151274b05fdb3d0e
0,famous_le_100m,11,0.8571428571428571,0.8571428571428571,6,osl_siamese_cnn,69b2dabba9e8b64e6fc584c46a3e32703266d3aac363563f151274b05fdb3d0e
0,famous_le_100m,12,0.8571428571428571,0.8571428571428571,6,osl_siamese_cnn,69b2dabba9e8b64e6fc584c46a3e32703266d3aac363563f151274b05fdb3d0e
0,famous_le_100m,13,0.8571428571428571,0.8571428571428571,6,osl_siamese_cnn,69b2dabba9e8b64e6fc584c46a3e32703266d3aac363563f151274b05fdb3d0e
0,famous_le_100m,14,0.9285714285714286,0.8571428571428571,6,osl_siamese_cnn,69b2dabba9e8b64e6fc584c46a3e32703266d3aac363563f151274b05fdb3d0e
0,famous_le_100m,15,0.9285714285714286,0.9285714285714286,6,osl_siamese_cnn,69b2dabba9e8b64e6fc584c46a3e32703266d3aac363563f151274b05fdb3d0e
0,famous_le_100m,16,0.9285714285714286,0.9285714285714286,6,osl_siamese_cnn,69b2dabba9e8b64e6fc584c46a3e32703266d3aac363563f151274b05fdb3d0e
0,famous_le_100m,17,0.9285714285714286,0.9285714285714286,6,osl_siamese_cnn,69b2dabba9e8b64e6fc584c46a3e32703266d3aac363563f151274b05fdb3d0e
0,famous_le_100m,18,0.9285714285714286,0.9285714285714286,6,osl_siamese_cnn,69b2dabba9e8b64e6fc584c46a3e32703266d3aac363563f151274b05fdb3d0e
0,famous_le_100m,19,1.0,1.0,6,osl_siamese_cnn,69b2dabba9e8b64e6fc584c46a3e32703266d3aac363563f151274b05fdb3d0e
0,famous_le_100m,20,1.0,1.0,6,osl_siamese_cnn,69b2dabba9e8b64e6fc584c46a3e32703266d3aac363563f151274b05fdb3d0e
0,famous_le_100m,21,1.0,1.0,6,osl_siamese_cnn,69b2dabba9e8b64e6fc584c46a3e32703266d3aac363563f151274b05fdb3d0e
0,famous_le_100m,22,1.0,1.0,6,osl_siamese_cnn,69b2dabba9e8b64e6fc584c46a3e32703266d3aac363563f151274b05fdb3d0e
0,famous_le_100m,23,1.0,1.0,6,osl_siamese_cnn,69b2dabba9e8b64e6fc584c46a3e32703266d3aac363563f151274b05fdb3d0e
1,torch_pretrained_classification,0,0.9625,0.9625,6,osl_siamese_cnn,edaa1224b54ed40f387aab87f73148ac2b4e0c7df99ee9df9289d4f808d67844
1,famous_le_10m,0,1.0,1.0,6,osl_siamese_cnn,edaa1224b54ed40f387aab87f73148ac2b4e0c7df99ee9df9289d4f808d67844
1,famous_le_10m,1,0.0,0.0,6,osl_siamese_cnn,edaa1224b54ed40f387aab87f73148ac2b4e0c7df99ee9df9289d4f808d67844
1,famous_le_10m,2,0.0,0.0,6,osl_siamese_cnn,edaa1224b54ed40f387aab87f73148ac2b4e0c7df99ee9df9289d4f808d67844
1,famous_le_10m,3,0.0,0.0,6,osl_siamese_cnn,edaa1224b54ed40f387aab87f73148ac2b4e0c7df99ee9df9289d4f808d67844
1,famous_le_10m,4,0.0,0.0,6,osl_siamese_cnn,edaa1224b54ed40f387aab87f73148ac2b4e0c7df99ee9df9289d4f808d67844
1,famous_le_10m,5,0.0,0.0,6,osl_siamese_cnn,edaa1224b54ed40f387aab87f73148ac2b4e0c7df99ee9df9289d4f808d67844
1,famous_le_10m,6,1.0,0.6,6,osl_siamese_cnn,edaa1224b54ed40f387aab87f73148ac2b4e0c7df99ee9df9289d4f808d67844
1,famous_le_10m,7,1.0,1.0,6,osl_siamese_cnn,edaa1224b54ed40f387aab87f73148ac2b4e0c7df99ee9df9289d4f808d67844
1,famous_le_10m,8,1.0,1.0,6,osl_siamese_cnn,edaa1224b54ed40f387aab87f73148ac2b4e0c7df99ee9df9289d4f808d67844
1,famous_le_10m,9,1.0,1.0,6,osl_siamese_cnn,edaa1224b54ed40f387aab87f73148ac2b4e0c7df99ee9df9289d4f808d67844
1,famous_le_10m,10,1.0,1.0,6,osl_siamese_cnn,edaa1224b54ed40f387aab87f73148ac2b4e0c7df99ee9df9289d4f808d67844
1,famous_le_10m,11,1.0,1.0,6,osl_siamese_cnn,edaa1224b54ed40f387aab87f73148ac2b4e0c7df99ee9df9289d4f808d67844
1,famous_le_10m,12,1.0,1.0,6,osl_siamese_cnn,edaa1224b54ed40f387aab87f73148ac2b4e0c7df99ee9df9289d4f808d67844
1,famous_le_10m,13,1.0,1.0,6,osl_siamese_cnn,edaa1224b54ed40f387aab87f73148ac2b4e0c7df99ee9df9289d4f808d67844
1,famous_le_10m,14,1.0,1.0,6,osl_siamese_cnn,edaa1224b54ed40f387aab87f73148ac2b4e0c7df99ee9df9289d4f808d67844
1,famous_le_10m,15,1.0,1.0,6,osl_siamese_cnn,edaa1224b54ed40f387aab87f73148ac2b4e0c7df99ee9df9289d4f808d67844
1,famous_le_10m,16,1.0,1.0,6,osl_siamese_cnn,edaa1224b54ed40f387aab87f73148ac2b4e0c7df99ee9df9289d4f808d67844
1,famous_le_10m,17,1.0,1.0,6,osl_siamese_cnn,edaa1224b54ed40f387aab87f73148ac2b4e0c7df99ee9df9289d4f808d67844
1,famous_le_10m,18,1.0,1.0,6,osl_siamese_cnn,edaa1224b54ed40f387aab87f73148ac2b4e0c7df99ee9df9289d4f808d67844
1,famous_le_10m,19,1.0,1.0,6,osl_siamese_cnn,edaa1224b54ed40f387aab87f73148ac2b4e0c7df99ee9df9289d4f808d67844
1,famous_le_10m,20,1.0,1.0,6,osl_siamese_cnn,edaa1224b54ed40f387aab87f73148ac2b4e0c7df99ee9df9289d4f808d67844
1,famous_le_10m,21,1.0,1.0,6,osl_siamese_cnn,edaa1224b54ed40f387aab87f73148ac2b4e0c7df99ee9df9289d4f808d67844
1,famous_le_10m,22,1.0,1.0,6,osl_siamese_cnn,edaa1224b54ed40f387aab87f73148ac2b4e0c7df99ee9df9289d4f808d67844
1,famous_le_10m,23,1.0,1.0,6,osl_siamese_cnn,edaa1224b54ed40f387aab87f73148ac2b4e0c7df99ee9df9289d4f808d67844
1,famous_le_100m,0,0.9285714285714286,0.9285714285714286,6,osl_siamese_cnn,edaa1224b54ed40f387aab87f73148ac2b4e0c7df99ee9df9289d4f808d67844
1,famous_le_100m,1,0.07142857142857142,0.07142857142857142,6,osl_siamese_cnn,edaa1224b54ed40f387aab87f73148ac2b4e0c7df99ee9df9289d4f808d67844
1,famous_le_100m,2,0.07142857142857142,0.07142857142857142,6,osl_siamese_cnn,edaa1224b54ed40f387aab87f73148ac2b4e0c7df99ee9df9289d4f808d67844
1,famous_le_100m,3,0.07142857142857142,0.07142857142857142,6,osl_siamese_cnn,edaa1224b54ed40f387aab87f73148ac2b4e0c7df99ee9df9289d4f808d67844
1,famous_le_100m,4,0.07142857142857142,0.07142857142857142,6,osl_siamese_cnn,edaa1224b54ed40f387aab87f73148ac2b4e0c7df99ee9df9289d4f808d67844
1,famous_le_100m,5,0.07142857142857142,0.07142857142857142,6,osl_siamese_cnn,edaa1224b54ed40f387aab87f73148ac2b4e0c7df99ee9df9289d4f808d67844
1,famous_le_100m,6,0.2857142857142857,0.2857142857142857,6,osl_siamese_cnn,edaa1224b54ed40f387aab87f73148ac2b4e0c7df99ee9df9289d4f808d67844
1,famous_le_100m,7,0.42857142857142855,0.42857142857142855,6,osl_siamese_cnn,edaa1224b54ed40f387aab87f73148ac2b4e0c7df99ee9df9289d4f808d67844
1,famous_le_100m,8,0.6428571428571429,0.42857142857142855,6,osl_siamese_cnn,edaa1224b54ed40f387aab87f73148ac2b4e0c7df99ee9df9289d4f808d67844
1,famous_le_100m,9,0.6428571428571429,0.6428571428571429,6,osl_siamese_cnn,edaa1224b54ed40f387aab87f73148ac2b4e0c7df99ee9df9289d4f808d67844
1,famous_le_100m,10,0.7857142857142857,0.7857142857142857,6,osl_siamese_cnn,edaa1224b54ed40f387aab87f73148ac2b4e0c7df99ee9df9289d4f808d67844
1,famous_le_100m,11,0.8571428571428571,0.8571428571428571,6,osl_siamese_cnn,edaa1224b54ed40f387aab87f73148ac2b4e0c7df99ee9df9289d4f808d67844
1,famous_le_100m,12,0.8571428571428571,0.8571428571428571,6,osl_siamese_cnn,edaa1224b54ed40f387aab87f73148ac2b4e0c7df99ee9df9289d4f808d67844
1,famous_le_100m,13,0.8571428571428571,0.8571428571428571,6,osl_siamese_cnn,edaa1224b54ed40f387aab87f73148ac2b4e0c7df99ee9df9289d4f808d67844
1,famous_le_100m,14,0.9285714285714286,0.9285714285714286,6,osl_siamese_cnn,edaa1224b54ed40f387aab87f73148ac2b4e0c7df99ee9df9289d4f808d67844
1,famous_le_100m,15,0.9285714285714286,0.9285714285714286,6,osl_siamese_cnn,edaa1224b54ed40f387aab87f73148ac2b4e0c7df99ee9df9289d4f808d67844
1,famous_le_100m,16,0.9285714285714286,0.9285714285714286,6,osl_siamese_cnn,edaa1224b54ed40f387aab87f73148ac2b4e0c7df99ee9df9289d4f808d67844
1,famous_le_100m,17,0.9285714285714286,0.9285714285714286,6,osl_siamese_cnn,edaa1224b54ed40f387aab87f73148ac2b4e0c7df99ee9df9289d4f808d67844
1,famous_le_100m,18,1.0,1.0,6,osl_siamese_cnn,edaa1224b54ed40f387aab87f73148ac2b4e0c7df99ee9df9289d4f808d67844
1,famous_le_100m,19,1.0,1.0,6,osl_siamese_cnn,edaa1224b54ed40f387aab87f73148ac2b4e0c7df99ee9df9289d4f808d67844
1,famous_le_100m,20,1.0,1.0,6,osl_siamese_cnn,edaa1224b54ed40f387aab87f73148ac2b4e0c7df99ee9df9289d4f808d67844
1,famous_le_100m,21,1.0,1.0,6,osl_siamese_cnn,edaa1224b54ed40f387aab87f73148ac2b4e0c7df99ee9df9289d4f808d67844
1,famous_le_100m,22,1.0,1.0,6,osl_siamese_cnn,edaa1224b54ed40f387aab87f73148ac2b4e0c7df99ee9df9289d4f808d67844
1,famous_le_100m,23,1.0,1.0,6,osl_siamese_cnn,edaa1224b54ed40f387aab87f73148ac2b4e0c7df99ee9df9289d4f808d67844
2,torch_pretrained_classification,0,0.95,0.95,6,osl_siamese_cnn,4e988aab137102a4562a2ef6472df6fedc90007b6b01491cb76e16b1d7dce9d8
2,famous_le_10m,0,1.0,1.0,6,osl_siamese_cnn,4e988aab137102a4562a2ef6472df6fedc90007b6b01491cb76e16b1d7dce9d8
2,famous_le_10m,1,0.0,0.0,6,osl_siamese_cnn,4e988aab137102a4562a2ef6472df6fedc90007b6b01491cb76e16b1d7dce9d8
2,famous_le_10m,2,0.0,0.0,6,osl_siamese_cnn,4e988aab137102a4562a2ef6472df6fedc90007b6b01491cb76e16b1d7dce9d8
2,famous_le_10m,3,0.0,0.0,6,osl_siamese_cnn,4e988aab137102a4562a2ef6472df6fedc90007b6b01491cb76e16b1d7dce9d8
2,famous_le_10m,4,0.0,0.0,6,osl_siamese_cnn,4e988aab137102a4562a2ef6472df6fedc90007b6b01491cb76e16b1d7dce9d8
2,famous_le_10m,5,0.0,0.0,6,osl_siamese_cnn,4e988aab137102a4562a2ef6472df6fedc90007b6b01491cb76e16b1d7dce9d8
2,famous_le_10m,6,1.0,1.0,6,osl_siamese_cnn,4e988aab137102a4562a2ef6472df6fedc90007b6b01491cb76e16b1d7dce9d8
2,famous_le_10m,7,1.0,1.0,6,osl_siamese_cnn,4e988aab137102a4562a2ef6472df6fedc90007b6b01491cb76e16b1d7dce9d8
2,famous_le_10m,8,1.0,1.0,6,osl_siamese_cnn,4e988aab137102a4562a2ef6472df6fedc90007b6b01491cb76e16b1d7dce9d8
2,famous_le_10m,9,1.0,1.0,6,osl_siamese_cnn,4e988aab137102a4562a2ef6472df6fedc90007b6b01491cb76e16b1d7dce9d8
2,famous_le_10m,10,1.0,1.0,6,osl_siamese_cnn,4e988aab137102a4562a2ef6472df6fedc90007b6b01491cb76e16b1d7dce9d8
2,famous_le_10m,11,1.0,1.0,6,osl_siamese_cnn,4e988aab137102a4562a2ef6472df6fedc90007b6b01491cb76e16b1d7dce9d8
2,famous_le_10m,12,1.0,1.0,6,osl_siamese_cnn,4e988aab137102a4562a2ef6472df6fedc90007b6b01491cb76e16b1d7dce9d8
2,famous_le_10m,13,1.0,1.0,6,osl_siamese_cnn,4e988aab137102a4562a2ef6472df6fedc90007b6b01491cb76e16b1d7dce9d8
2,famous_le_10m,14,1.0,1.0,6,osl_siamese_cnn,4e988aab137102a4562a2ef6472df6fedc90007b6b01491cb76e16b1d7dce9d8
2,famous_le_10m,15,1.0,1.0,6,osl_siamese_cnn,4e988aab137102a4562a2ef6472df6fedc90007b6b01491cb76e16b1d7dce9d8
2,famous_le_10m,16,1.0,1.0,6,osl_siamese_cnn,4e988aab137102a4562a2ef6472df6fedc90007b6b01491cb76e16b1d7dce9d8
2,famous_le_10m,17,1.0,1.0,6,osl_siamese_cnn,4e988aab137102a4562a2ef6472df6fedc90007b6b01491cb76e16b1d7dce9d8
2,famous_le_10m,18,1.0,1.0,6,osl_siamese_cnn,4e988aab137102a4562a2ef6472df6fedc90007b6b01491cb76e16b1d7dce9d8
2,famous_le_10m,19,1.0,1.0,6,osl_siamese_cnn,4e988aab137102a4562a2ef6472df6fedc90007b6b01491cb76e16b1d7dce9d8
2,famous_le_10m,20,1.0,1.0,6,osl_siamese_cnn,4e988aab137102a4562a2ef6472df6fedc90007b6b01491cb76e16b1d7dce9d8
2,famous_le_10m,21,1.0,1.0,6,osl_siamese_cnn,4e988aab137102a4562a2ef6472df6fedc90007b6b01491cb76e16b1d7dce9d8
2,famous_le_10m,22,1.0,1.0,6,osl_siamese_cnn,4e988aab137102a4562a2ef6472df6fedc90007b6b01491cb76e16b1d7dce9d8
2,famous_le_10m,23,1.0,1.0,6,osl_siamese_cnn,4e988aab137102a4562a2ef6472df6fedc90007b6b01491cb76e16b1d7dce9d8
2,famous_le_100m,0,0.9285714285714286,0.9285714285714286,6,osl_siamese_cnn,4e988aab137102a4562a2ef6472df6fedc90007b6b01491cb76e16b1d7dce9d8
2,famous_le_100m,1,0.07142857142857142,0.07142857142857142,6,osl_siamese_cnn,4e988aab137102a4562a2ef6472df6fedc90007b6b01491cb76e16b1d7dce9d8
2,famous_le_100m,2,0.07142857142857142,0.07142857142857142,6,osl_siamese_cnn,4e988aab137102a4562a2ef6472df6fedc90007b6b01491cb76e16b1d7dce9d8
2,famous_le_100m,3,0.07142857142857142,0.07142857142857142,6,osl_siamese_cnn,4e988aab137102a4562a2ef6472df6fedc90007b6b01491cb76e16b1d7dce9d8
2,famous_le_100m,4,0.07142857142857142,0.07142857142857142,6,osl_siamese_cnn,4e988aab137102a4562a2ef6472df6fedc90007b6b01491cb76e16b1d7dce9d8
2,famous_le_100m,5,0.07142857142857142,0.07142857142857142,6,osl_siamese_cnn,4e988aab137102a4562a2ef6472df6fedc90007b6b01491cb76e16b1d7dce9d8
2,famous_le_100m,6,0.07142857142857142,0.07142857142857142,6,osl_siamese_cnn,4e988aab137102a4562a2ef6472df6fedc90007b6b01491cb76e16b1d7dce9d8
2,famous_le_100m,7,0.42857142857142855,0.42857142857142855,6,osl_siamese_cnn,4e988aab137102a4562a2ef6472df6fedc90007b6b01491cb76e16b1d7dce9d8
2,famous_le_100m,8,0.42857142857142855,0.42857142857142855,6,osl_siamese_cnn,4e988aab137102a4562a2ef6472df6fedc90007b6b01491cb76e16b1d7dce9d8
2,famous_le_100m,9,0.42857142857142855,0.42857142857142855,6,osl_siamese_cnn,4e988aab137102a4562a2ef6472df6fedc90007b6b01491cb76e16b1d7dce9d8
2,famous_le_100m,10,0.6428571428571429,0.6428571428571429,6,osl_siamese_cnn,4e988aab137102a4562a2ef6472df6fedc90007b6b01491cb76e16b1d7dce9d8
2,famous_le_100m,11,0.7857142857142857,0.7857142857142857,6,osl_siamese_cnn,4e988aab137102a4562a2ef6472df6fedc90007b6b01491cb76e16b1d7dce9d8
2,famous_le_100m,12,0.8571428571428571,0.8571428571428571,6,osl_siamese_cnn,4e988aab137102a4562a2ef6472df6fedc90007b6b01491cb76e16b1d7dce9d8
2,famous_le_100m,13,0.8571428571428571,0.8571428571428571,6,osl_siamese_cnn,4e988aab137102a4562a2ef6472df6fedc90007b6b01491cb76e16b1d7dce9d8
2,famous_le_100m,14,0.8571428571428571,0.8571428571428571,6,osl_siamese_cnn,4e988aab137102a4562a2ef6472df6fedc90007b6b01491cb76e16b1d7dce9d8
2,famous_le_100m,15,0.9285714285714286,0.8571428571428571,6,osl_siamese_cnn,4e988aab137102a4562a2ef6472df6fedc90007b6b01491cb76e16b1d7dce9d8
2,famous_le_100m,16,0.9285714285714286,0.9285714285714286,6,osl_siamese_cnn,4e988aab137102a4562a2ef6472df6fedc90007b6b01491cb76e16b1d7dce9d8
2,famous_le_100m,17,0.9285714285714286,0.9285714285714286,6,osl_siamese_cnn,4e988aab137102a4562a2ef6472df6fedc90007b6b01491cb76e16b1d7dce9d8
2,famous_le_100m,18,0.9285714285714286,0.9285714285714286,6,osl_siamese_cnn,4e988aab137102a4562a2ef6472df6fedc90007b6b01491cb76e16b1d7dce9d8
2,famous_le_100m,19,0.9285714285714286,0.9285714285714286,6,osl_siamese_cnn,4e988aab137102a4562a2ef6472df6fedc90007b6b01491cb76e16b1d7dce9d8
2,famous_le_100m,20,1.0,1.0,6,osl_siamese_cnn,4e988aab137102a4562a2ef6472df6fedc90007b6b01491cb76e16b1d7dce9d8
2,famous_le_100m,21,1.0,1.0,6,osl_siamese_cnn,4e988aab137102a4562a2ef6472df6fedc90007b6b01491cb76e16b1d7dce9d8
2,famous_le_100m,22,1.0,1.0,6,osl_siamese_cnn,4e988aab137102a4562a2ef6472df6fedc90007b6b01491cb76e16b1d7dce9d8
2,famous_le_100m,23,1.0,1.0,6,osl_siamese_cnn,4e988aab137102a4562a2ef6472df6fedc90007b6b01491cb76e16b1d7dce9d8
3,torch_pretrained_classification,0,0.9125,0.9125,6,osl_siamese_cnn,227d7c088717415711419609c932a9d04f5f479dbdf52ecee3cb640c88ae79b4
3,famous_le_10m,0,1.0,1.0,6,osl_siamese_cnn,227d7c088717415711419609c932a9d04f5f479dbdf52ecee3cb640c88ae79b4
3,famous_le_10m,1,0.0,0.0,6,osl_siamese_cnn,227d7c088717415711419609c932a9d04f5f479dbdf52ecee3cb640c88ae79b4
3,famous_le_10m,2,0.0,0.0,6,osl_siamese_cnn,227d7c088717415711419609c932a9d04f5f479dbdf52ecee3cb640c88ae79b4
3,famous_le_10m,3,0.0,0.0,6,osl_siamese_cnn,227d7c088717415711419609c932a9d04f5f479dbdf52ecee3cb640c88ae79b4
3,famous_le_10m,4,0.0,0.0,6,osl_siamese_cnn,227d7c088717415711419609c932a9d04f5f479dbdf52ecee3cb640c88ae79b4
3,famous_le_10m,5,0.4,0.4,6,osl_siamese_cnn,227d7c088717415711419609c932a9d04f5f479dbdf52ecee3cb640c88ae79b4
3,famous_le_10m,6,1.0,1.0,6,osl_siamese_cnn,227d7c088717415711419609c932a9d04f5f479dbdf52ecee3cb640c88ae79b4
3,famous_le_10m,7,1.0,1.0,6,osl_siamese_cnn,227d7c088717415711419609c932a9d04f5f479dbdf52ecee3cb640c88ae79b4
3,famous_le_10m,8,1.0,1.0,6,osl_siamese_cnn,227d7c088717415711419609c932a9d04f5f479dbdf52ecee3cb640c88ae79b4
3,famous_le_10m,9,1.0,1.0,6,osl_siamese_cnn,227d7c088717415711419609c932a9d04f5f479dbdf52ecee3cb640c88ae79b4
3,famous_le_10m,10,1.0,1.0,6,osl_siamese_cnn,227d7c088717415711419609c932a9d04f5f479dbdf52ecee3cb640c88ae79b4
3,famous_le_10m,11,1.0,1.0,6,osl_siamese_cnn,227d7c088717415711419609c932a9d04f5f479dbdf52ecee3cb640c88ae79b4
3,famous_le_10m,12,1.0,1.0,6,osl_siamese_cnn,227d7c088717415711419609c932a9d04f5f479dbdf52ecee3cb640c88ae79b4
3,famous_le_10m,13,1.0,1.0,6,osl_siamese_cnn,227d7c088717415711419609c932a9d04f5f479dbdf52ecee3cb640c88ae79b4
3,famous_le_10m,14,1.0,1.0,6,osl_siamese_cnn,227d7c088717415711419609c932a9d04f5f479dbdf52ecee3cb640c88ae79b4
3,famous_le_10m,15,1.0,1.0,6,osl_siamese_cnn,227d7c088717415711419609c932a9d04f5f479dbdf52ecee3cb640c88ae79b4
3,famous_le_10m,16,1.0,1.0,6,osl_siamese_cnn,227d7c088717415711419609c932a9d04f5f479dbdf52ecee3cb640c88ae79b4
3,famous_le_10m,17,1.0,1.0,6,osl_siamese_cnn,227d7c088717415711419609c932a9d04f5f479dbdf52ecee3cb640c88ae79b4
3,famous_le_10m,18,1.0,1.0,6,osl_siamese_cnn,227d7c088717415711419609c932a9d04f5f479dbdf52ecee3cb640c88ae79b4
3,famous_le_10m,19,1.0,1.0,6,osl_siamese_cnn,227d7c088717415711419609c932a9d04f5f479dbdf52ecee3cb640c88ae79b4
3,famous_le_10m,20,1.0,1.0,6,osl_siamese_cnn,227d7c088717415711419609c932a9d04f5f479dbdf52ecee3cb640c88ae79b4
3,famous_le_10m,21,1.0,1.0,6,osl_siamese_cnn,227d7c088717415711419609c932a9d04f5f479dbdf52ecee3cb640c88ae79b4
3,famous_le_10m,22,1.0,1.0,6,osl_siamese_cnn,227d7c088717415711419609c932a9d04f5f479dbdf52ecee3cb640c88ae79b4
3,famous_le_10m,23,1.0,1.0,6,osl_siamese_cnn,227d7c088717415711419609c932a9d04f5f479dbdf52ecee3cb640c88ae79b4
3,famous_le_100m,0,1.0,1.0,6,osl_siamese_cnn,227d7c088717415711419609c932a9d04f5f479dbdf52ecee3cb640c88ae79b4
3,famous_le_100m,1,0.0,0.0,6,osl_siamese_cnn,227d7c088717415711419609c932a9d04f5f479dbdf52ecee3cb640c88ae79b4
3,famous_le_100m,2,0.0,0.0,6,osl_siamese_cnn,227d7c088717415711419609c932a9d04f5f479dbdf52ecee3cb640c88ae79b4
3,famous_le_100m,3,0.0,0.0,6,osl_siamese_cnn,227d7c088717415711419609c932a9d04f5f479dbdf52ecee3cb640c88ae79b4
3,famous_le_100m,4,0.0,0.0,6,osl_siamese_cnn,227d7c088717415711419609c932a9d04f5f479dbdf52ecee3cb640c88ae79b4
3,famous_le_100m,5,0.07142857142857142,0.07142857142857142,6,osl_siamese_cnn,227d7c088717415711419609c932a9d04f5f479dbdf52ecee3cb640c88ae79b4
3,famous_le_100m,6,0.2857142857142857,0.2857142857142857,6,osl_siamese_cnn,227d7c088717415711419609c932a9d04f5f479dbdf52ecee3cb640c88ae79b4
3,famous_le_100m,7,0.5,0.5,6,osl_siamese_cnn,227d7c088717415711419609c932a9d04f5f479dbdf52ecee3cb640c88ae79b4
3,famous_le_100m,8,0.6428571428571429,0.6428571428571429,6,osl_siamese_cnn,227d7c088717415711419609c932a9d04f5f479dbdf52ecee3cb640c88ae79b4
3,famous_le_100m,9,0.7142857142857143,0.6428571428571429,6,osl_siamese_cnn,227d7c088717415711419609c932a9d04f5f479dbdf52ecee3cb640c88ae79b4
3,famous_le_100m,10,0.8571428571428571,0.8571428571428571,6,osl_siamese_cnn,227d7c088717415711419609c932a9d04f5f479dbdf52ecee3cb640c88ae79b4
3,famous_le_100m,11,0.8571428571428571,0.8571428571428571,6,osl_siamese_cnn,227d7c088717415711419609c932a9d04f5f479dbdf52ecee3cb640c88ae79b4
3,famous_le_100m,12,0.8571428571428571,0.8571428571428571,6,osl_siamese_cnn,227d7c088717415711419609c932a9d04f5f479dbdf52ecee3cb640c88ae79b4
3,famous_le_100m,13,0.9285714285714286,0.9285714285714286,6,osl_siamese_cnn,227d7c088717415711419609c932a9d04f5f479dbdf52ecee3cb640c88ae79b4
3,famous_le_100m,14,0.9285714285714286,0.9285714285714286,6,osl_siamese_cnn,227d7c088717415711419609c932a9d04f5f479dbdf52ecee3cb640c88ae79b4
3,famous_le_100m,15,0.9285714285714286,0.9285714285714286,6,osl_siamese_cnn,227d7c088717415711419609c932a9d04f5f479dbdf52ecee3cb640c88ae79b4
3,famous_le_100m,16,1.0,1.0,6,osl_siamese_cnn,227d7c088717415711419609c932a9d04f5f479dbdf52ecee3cb640c88ae79b4
3,famous_le_100m,17,0.9285714285714286,0.9285714285714286,6,osl_siamese_cnn,227d7c088717415711419609c932a9d04f5f479dbdf52ecee3cb640c88ae79b4
3,famous_le_100m,18,1.0,0.9285714285714286,6,osl_siamese_cnn,227d7c088717415711419609c932a9d04f5f479dbdf52ecee3cb640c88ae79b4
3,famous_le_100m,19,1.0,1.0,6,osl_siamese_cnn,227d7c088717415711419609c932a9d04f5f479dbdf52ecee3cb640c88ae79b4
3,famous_le_100m,20,1.0,1.0,6,osl_siamese_cnn,227d7c088717415711419609c932a9d04f5f479dbdf52ecee3cb640c88ae79b4
3,famous_le_100m,21,1.0,1.0,6,osl_siamese_cnn,227d7c088717415711419609c932a9d04f5f479dbdf52ecee3cb640c88ae79b4
3,famous_le_100m,22,1.0,1.0,6,osl_siamese_cnn,227d7c088717415711419609c932a9d04f5f479dbdf52ecee3cb640c88ae79b4
3,famous_le_100m,23,1.0,1.0,6,osl_siamese_cnn,227d7c088717415711419609c932a9d04f5f479dbdf52ecee3cb640c88ae79b4
4,torch_pretrained_classification,0,0.95,0.95,6,osl_siamese_cnn,bb42d089b30e94ccc9933bc01f2f954d5448ce33ddd7b67b5420f4032b8c5648
4,famous_le_10m,0,1.0,1.0,6,osl_siamese_cnn,bb42d089b30e94ccc9933bc01f2f954d5448ce33ddd7b67b5420f4032b8c5648
4,famous_le_10m,1,0.0,0.0,6,osl_siamese_cnn,bb42d089b30e94ccc9933bc01f2f954d5448ce33ddd7b67b5420f4032b8c5648
4,famous_le_10m,2,0.0,0.0,6,osl_siamese_cnn,bb42d089b30e94ccc9933bc01f2f954d5448ce33ddd7b67b5420f4032b8c5648
4,famous_le_10m,3,0.0,0.0,6,osl_siamese_cnn,bb42d089b30e94ccc9933bc01f2f954d5448ce33ddd7b67b5420f4032b8c5648
4,famous_le_10m,4,0.0,0.0,6,osl_siamese_cnn,bb42d089b30e94ccc9933bc01f2f954d5448ce33ddd7b67b5420f4032b8c5648
4,famous_le_10m,5,0.2,0.0,6,osl_siamese_cnn,bb42d089b30e94ccc9933bc01f2f954d5448ce33ddd7b67b5420f4032b8c5648
4,famous_le_10m,6,1.0,0.8,6,osl_siamese_cnn,bb42d089b30e94ccc9933bc01f2f954d5448ce33ddd7b67b5420f4032b8c5648
4,famous_le_10m,7,1.0,1.0,6,osl_siamese_cnn,bb42d089b30e94ccc9933bc01f2f954d5448ce33ddd7b67b5420f4032b8c5648
4,famous_le_10m,8,1.0,1.0,6,osl_siamese_cnn,bb42d089b30e94ccc9933bc01f2f954d5448ce33ddd7b67b5420f4032b8c5648
4,famous_le_10m,9,1.0,1.0,6,osl_siamese_cnn,bb42d089b30e94ccc9933bc01f2f954d5448ce33ddd7b67b5420f4032b8c5648
4,famous_le_10m,10,1.0,1.0,6,osl_siamese_cnn,bb42d089b30e94ccc9933bc01f2f954d5448ce33ddd7b67b5420f4032b8c5648
4,famous_le_10m,11,1.0,1.0,6,osl_siamese_cnn,bb42d089b30e94ccc9933bc01f2f954d5448ce33ddd7b67b5420f4032b8c5648
4,famous_le_10m,12,1.0,1.0,6,osl_siamese_cnn,bb42d089b30e94ccc9933bc01f2f954d5448ce33ddd7b67b5420f4032b8c5648
4,famous_le_10m,13,1.0,1.0,6,osl_siamese_cnn,bb42d089b30e94ccc9933bc01f2f954d5448ce33ddd7b67b5420f4032b8c5648
4,famous_le_10m,14,1.0,1.0,6,osl_siamese_cnn,bb42d089b30e94ccc9933bc01f2f954d5448ce33ddd7b67b5420f4032b8c5648
4,famous_le_10m,15,1.0,1.0,6,osl_siamese_cnn,bb42d089b30e94ccc9933bc01f2f954d5448ce33ddd7b67b5420f4032b8c5648
4,famous_le_10m,16,1.0,1.0,6,osl_siamese_cnn,bb42d089b30e94ccc9933bc01f2f954d5448ce33ddd7b67b5420f4032b8c5648
4,famous_le_10m,17,1.0,1.0,6,osl_siamese_cnn,bb42d089b30e94ccc9933bc01f2f954d5448ce33ddd7b67b5420f4032b8c5648
4,famous_le_10m,18,1.0,1.0,6,osl_siamese_cnn,bb42d089b30e94ccc9933bc01f2f954d5448ce33ddd7b67b5420f4032b8c5648
4,famous_le_10m,19,1.0,1.0,6,osl_siamese_cnn,bb42d089b30e94ccc9933bc01f2f954d5448ce33ddd7b67b5420f4032b8c5648
4,famous_le_10m,20,1.0,1.0,6,osl_siamese_cnn,bb42d089b30e94ccc9933bc01f2f954d5448ce33ddd7b67b5420f4032b8c5648
4,famous_le_10m,21,1.0,1.0,6,osl_siamese_cnn,bb42d089b30e94ccc9933bc01f2f954d5448ce33ddd7b67b5420f4032b8c5648
4,famous_le_10m,22,1.0,1.0,6,osl_siamese_cnn,bb42d089b30e94ccc9933bc01f2f954d5448ce33ddd7b67b5420f4032b8c5648
4,famous_le_10m,23,1.0,1.0,6,osl_siamese_cnn,bb42d089b30e94ccc9933bc01f2f954d5448ce33ddd7b67b5420f4032b8c5648
4,famous_le_100m,0,0.9285714285714286,0.9285714285714286,6,osl_siamese_cnn,bb42d089b30e94ccc9933bc01f2f954d5448ce33ddd7b67b5420f4032b8c5648
4,famous_le_100m,1,0.07142857142857142,0.07142857142857142,6,osl_siamese_cnn,bb42d089b30e94ccc9933bc01f2f954d5448ce33ddd7b67b5420f4032b8c5648
4,famous_le_100m,2,0.07142857142857142,0.07142857142857142,6,osl_siamese_cnn,bb42d089b30e94ccc9933bc01f2f954d5448ce33ddd7b67b5420f4032b8c5648
4,famous_le_100m,3,0.07142857142857142,0.07142857142857142,6,osl_siamese_cnn,bb42d089b30e94ccc9933bc01f2f954d5448ce33ddd7b67b5420f4032b8c5648
4,famous_le_100m,4,0.07142857142857142,0.07142857142857142,6,osl_siamese_cnn,bb42d089b30e94ccc9933bc01f2f954d5448ce33ddd7b67b5420f4032b8c5648
4,famous_le_100m,5,0.07142857142857142,0.07142857142857142,6,osl_siamese_cnn,bb42d089b30e94ccc9933bc01f2f954d5448ce33ddd7b67b5420f4032b8c5648
4,famous_le_100m,6,0.07142857142857142,0.07142857142857142,6,osl_siamese_cnn,bb42d089b30e94ccc9933bc01f2f954d5448ce33ddd7b67b5420f4032b8c5648
4,famous_le_100m,7,0.42857142857142855,0.42857142857142855,6,osl_siamese_cnn,bb42d089b30e94ccc9933bc01f2f954d5448ce33ddd7b67b5420f4032b8c5648
4,famous_le_100m,8,0.42857142857142855,0.42857142857142855,6,osl_siamese_cnn,bb42d089b30e94ccc9933bc01f2f954d5448ce33ddd7b67b5420f4032b8c5648
4,famous_le_100m,9,0.42857142857142855,0.42857142857142855,6,osl_siamese_cnn,bb42d089b30e94ccc9933bc01f2f954d5448ce33ddd7b67b5420f4032b8c5648
4,famous_le_100m,10,0.5714285714285714,0.42857142857142855,6,osl_siamese_cnn,bb42d089b30e94ccc9933bc01f2f954d5448ce33ddd7b67b5420f4032b8c5648
4,famous_le_100m,11,0.7142857142857143,0.6428571428571429,6,osl_siamese_cnn,bb42d089b30e94ccc9933bc01f2f954d5448ce33ddd7b67b5420f4032b8c5648
4,famous_le_100m,12,0.8571428571428571,0.8571428571428571,6,osl_siamese_cnn,bb42d089b30e94ccc9933bc01f2f954d5448ce33ddd7b67b5420f4032b8c5648
4,famous_le_100m,13,0.8571428571428571,0.8571428571428571,6,osl_siamese_cnn,bb42d089b30e94ccc9933bc01f2f954d5448ce33ddd7b67b5420f4032b8c5648
4,famous_le_100m,14,0.8571428571428571,0.8571428571428571,6,osl_siamese_cnn,bb42d089b30e94ccc9933bc01f2f954d5448ce33ddd7b67b5420f4032b8c5648
4,famous_le_100m,15,0.8571428571428571,0.8571428571428571,6,osl_siamese_cnn,bb42d089b30e94ccc9933bc01f2f954d5448ce33ddd7b67b5420f4032b8c5648
4,famous_le_100m,16,0.8571428571428571,0.8571428571428571,6,osl_siamese_cnn,bb42d089b30e94ccc9933bc01f2f954d5448ce33ddd7b67b5420f4032b8c5648
4,famous_le_100m,17,0.9285714285714286,0.9285714285714286,6,osl_siamese_cnn,bb42d089b30e94ccc9933bc01f2f954d5448ce33ddd7b67b5420f4032b8c5648
4,famous_le_100m,18,0.9285714285714286,0.9285714285714286,6,osl_siamese_cnn,bb42d089b30e94ccc9933bc01f2f954d5448ce33ddd7b67b5420f4032b8c5648
4,famous_le_100m,19,0.9285714285714286,0.9285714285714286,6,osl_siamese_cnn,bb42d089b30e94ccc9933bc01f2f954d5448ce33ddd7b67b5420f4032b8c5648
4,famous_le_100m,20,0.9285714285714286,0.9285714285714286,6,osl_siamese_cnn,bb42d089b30e94ccc9933bc01f2f954d5448ce33ddd7b67b5420f4032b8c5648
4,famous_le_100m,21,1.0,1.0,6,osl_siamese_cnn,bb42d089b30e94ccc9933bc01f2f954d5448ce33ddd7b67b5420f4032b8c5648
4,famous_le_100m,22,1.0,1.0,6,osl_siamese_cnn,bb42d089b30e94ccc9933bc01f2f954d5448ce33ddd7b67b5420f4032b8c5648
4,famous_le_100m,23,1.0,1.0,6,osl_siamese_cnn,bb42d089b30e94ccc9933bc01f2f954d5448ce33ddd7b67b5420f4032b8c5648
0,torch_pretrained_classification,0,0.975,0.975,7,osl_siamese_cnn,81992dbd5f9182e6bf3397ab3bf0c4b3fe0ad2c2c94f669cba349f2df6b914ba
0,famous_le_10m,0,1.0,1.0,7,osl_siamese_cnn,81992dbd5f9182e6bf3397ab3bf0c4b3fe0ad2c2c94f669cba349f2df6b914ba
0,famous_le_10m,1,0.0,0.0,7,osl_siamese_cnn,81992dbd5f9182e6bf3397ab3bf0c4b3fe0ad2c2c94f669cba349f2df6b914ba
0,famous_le_10m,2,0.0,0.0,7,osl_siamese_cnn,81992dbd5f9182e6bf3397ab3bf0c4b3fe0ad2c2c94f669cba349f2df6b914ba
0,famous_le_10m,3,0.0,0.0,7,osl_siamese_cnn,81992dbd5f9182e6bf3397ab3bf0c4b3fe0ad2c2c94f669cba349f2df6b914ba
0,famous_le_10m,4,0.0,0.0,7,osl_siamese_cnn,81992dbd5f9182e6bf3397ab3bf0c4b3fe0ad2c2c94f669cba349f2df6b914ba
0,famous_le_10m,5,0.0,0.0,7,osl_siamese_cnn,81992dbd5f9182e6bf3397ab3bf0c4b3fe0ad2c2c94f669cba349f2df6b914ba
0,famous_le_10m,6,0.2,0.2,7,osl_siamese_cnn,81992dbd5f9182e6bf3397ab3bf0c4b3fe0ad2c2c94f669cba349f2df6b914ba
0,famous_le_10m,7,1.0,1.0,7,osl_siamese_cnn,81992dbd5f9182e6bf3397ab3bf0c4b3fe0ad2c2c94f669cba349f2df6b914ba
0,famous_le_10m,8,1.0,1.0,7,osl_siamese_cnn,81992dbd5f9182e6bf3397ab3bf0c4b3fe0ad2c2c94f669cba349f2df6b914ba
0,famous_le_10m,9,1.0,1.0,7,osl_siamese_cnn,81992dbd5f9182e6bf3397ab3bf0c4b3fe0ad2c2c94f669cba349f2df6b914ba
0,famous_le_10m,10,1.0,1.0,7,osl_siamese_cnn,81992dbd5f9182e6bf3397ab3bf0c4b3fe0ad2c2c94f669cba349f2df6b914ba
0,famous_le_10m,11,1.0,1.0,7,osl_siamese_cnn,81992dbd5f9182e6bf3397ab3bf0c4b3fe0ad2c2c94f669cba349f2df6b914ba
0,famous_le_10m,12,1.0,1.0,7,osl_siamese_cnn,81992dbd5f9182e6bf3397ab3bf0c4b3fe0ad2c2c94f669cba349f2df6b914ba
0,famous_le_10m,13,1.0,1.0,7,osl_siamese_cnn,81992dbd5f9182e6bf3397ab3bf0c4b3fe0ad2c2c94f669cba349f2df6b914ba
0,famous_le_10m,14,1.0,1.0,7,osl_siamese_cnn,81992dbd5f9182e6bf3397ab3bf0c4b3fe0ad2c2c94f669cba349f2df6b914ba
0,famous_le_10m,15,1.0,1.0,7,osl_siamese_cnn,81992dbd5f9182e6bf3397ab3bf0c4b3fe0ad2c2c94f669cba349f2df6b914ba
0,famous_le_10m,16,1.0,1.0,7,osl_siamese_cnn,81992dbd5f9182e6bf3397ab3bf0c4b3fe0ad2c2c94f669cba349f2df6b914ba
0,famous_le_10m,17,1.0,1.0,7,osl_siamese_cnn,81992dbd5f9182e6bf3397ab3bf0c4b3fe0ad2c2c94f669cba349f2df6b914ba
0,famous_le_10m,18,1.0,1.0,7,osl_siamese_cnn,81992dbd5f9182e6bf3397ab3bf0c4b3fe0ad2c2c94f669cba349f2df6b914ba
0,famous_le_10m,19,1.0,1.0,7,osl_siamese_cnn,81992dbd5f9182e6bf3397ab3bf0c4b3fe0ad2c2c94f669cba349f2df6b914ba
0,famous_le_10m,20,1.0,1.0,7,osl_siamese_cnn,81992dbd5f9182e6bf3397ab3bf0c4b3fe0ad2c2c94f669cba349f2df6b914ba
0,famous_le_10m,21,1.0,1.0,7,osl_siamese_cnn,81992dbd5f9182e6bf3397ab3bf0c4b3fe0ad2c2c94f669cba349f2df6b914ba
0,famous_le_10m,22,1.0,1.0,7,osl_siamese_cnn,81992dbd5f9182e6bf3397ab3bf0c4b3fe0ad2c2c94f669cba349f2df6b914ba
0,famous_le_10m,23,1.0,1.0,7,osl_siamese_cnn,81992dbd5f9182e6bf3397ab3bf0c4b3fe0ad2c2c94f669cba349f2df6b914ba
0,famous_le_100m,0,0.9285714285714286,0.9285714285714286,7,osl_siamese_cnn,81992dbd5f9182e6bf3397ab3bf0c4b3fe0ad2c2c94f669cba349f2df6b914ba
0,famous_le_100m,1,0.07142857142857142,0.07142857142857142,7,osl_siamese_cnn,81992dbd5f9182e6bf3397ab3bf0c4b3fe0ad2c2c94f669cba349f2df6b914ba
0,famous_le_100m,2,0.07142857142857142,0.0,7,osl_siamese_cnn,81992dbd5f9182e6bf3397ab3bf0c4b3fe0ad2c2c94f669cba349f2df6b914ba
0,famous_le_100m,3,0.07142857142857142,0.0,7,osl_siamese_cnn,81992dbd5f9182e6bf3397ab3bf0c4b3fe0ad2c2c94f669cba349f2df6b914ba
0,famous_le_100m,4,0.0,0.0,7,osl_siamese_cnn,81992dbd5f9182e6bf3397ab3bf0c4b3fe0ad2c2c94f669cba349f2df6b914ba
0,famous_le_100m,5,0.07142857142857142,0.0,7,osl_siamese_cnn,81992dbd5f9182e6bf3397ab3bf0c4b3fe0ad2c2c94f669cba349f2df6b914ba
0,famous_le_100m,6,0.07142857142857142,0.07142857142857142,7,osl_siamese_cnn,81992dbd5f9182e6bf3397ab3bf0c4b3fe0ad2c2c94f669cba349f2df6b914ba
0,famous_le_100m,7,0.35714285714285715,0.2857142857142857,7,osl_siamese_cnn,81992dbd5f9182e6bf3397ab3bf0c4b3fe0ad2c2c94f669cba349f2df6b914ba
0,famous_le_100m,8,0.42857142857142855,0.42857142857142855,7,osl_siamese_cnn,81992dbd5f9182e6bf3397ab3bf0c4b3fe0ad2c2c94f669cba349f2df6b914ba
0,famous_le_100m,9,0.42857142857142855,0.42857142857142855,7,osl_siamese_cnn,81992dbd5f9182e6bf3397ab3bf0c4b3fe0ad2c2c94f669cba349f2df6b914ba
0,famous_le_100m,10,0.5714285714285714,0.5714285714285714,7,osl_siamese_cnn,81992dbd5f9182e6bf3397ab3bf0c4b3fe0ad2c2c94f669cba349f2df6b914ba
0,famous_le_100m,11,0.7857142857142857,0.7142857142857143,7,osl_siamese_cnn,81992dbd5f9182e6bf3397ab3bf0c4b3fe0ad2c2c94f669cba349f2df6b914ba
0,famous_le_100m,12,0.8571428571428571,0.8571428571428571,7,osl_siamese_cnn,81992dbd5f9182e6bf3397ab3bf0c4b3fe0ad2c2c94f669cba349f2df6b914ba
0,famous_le_100m,13,0.8571428571428571,0.8571428571428571,7,osl_siamese_cnn,81992dbd5f9182e6bf3397ab3bf0c4b3fe0ad2c2c94f669cba349f2df6b914ba
0,famous_le_100m,14,0.8571428571428571,0.8571428571428571,7,osl_siamese_cnn,81992dbd5f9182e6bf3397ab3bf0c4b3fe0ad2c2c94f669cba349f2df6b914ba
0,famous_le_100m,15,0.8571428571428571,0.8571428571428571,7,osl_siamese_cnn,81992dbd5f9182e6bf3397ab3bf0c4b3fe0ad2c2c94f669cba349f2df6b914ba
0,famous_le_100m,16,0.9285714285714286,0.9285714285714286,7,osl_siamese_cnn,81992dbd5f9182e6bf3397ab3bf0c4b3fe0ad2c2c94f669cba349f2df6b914ba
0,famous_le_100m,17,0.9285714285714286,0.9285714285714286,7,osl_siamese_cnn,81992dbd5f9182e6bf3397ab3bf0c4b3fe0ad2c2c94f669cba349f2df6b914ba
0,famous_le_100m,18,0.9285714285714286,0.9285714285714286,7,osl_siamese_cnn,81992dbd5f9182e6bf3397ab3bf0c4b3fe0ad2c2c94f669cba349f2df6b914ba
0,famous_le_100m,19,0.9285714285714286,0.9285714285714286,7,osl_siamese_cnn,81992dbd5f9182e6bf3397ab3bf0c4b3fe0ad2c2c94f669cba349f2df6b914ba
0,famous_le_100m,20,1.0,1.0,7,osl_siamese_cnn,81992dbd5f9182e6bf3397ab3bf0c4b3fe0ad2c2c94f669cba349f2df6b914ba
0,famous_le_100m,21,1.0,1.0,7,osl_siamese_cnn,81992dbd5f9182e6bf3397ab3bf0c4b3fe0ad2c2c94f669cba349f2df6b914ba
0,famous_le_100m,22,1.0,1.0,7,osl_siamese_cnn,81992dbd5f9182e6bf3397ab3bf0c4b3fe0ad2c2c94f669cba349f2df6b914ba
0,famous_le_100m,23,1.0,1.0,7,osl_siamese_cnn,81992dbd5f9182e6bf3397ab3bf0c4b3fe0ad2c2c94f669cba349f2df6b914ba
1,torch_pretrained_classification,0,0.9625,0.9625,7,osl_siamese_cnn,c9c8d859caafb58b8ffac410e1ab561cce0954c35f6bc3b25a6ac2f0e5e92f19
1,famous_le_10m,0,1.0,1.0,7,osl_siamese_cnn,c9c8d859caafb58b8ffac410e1ab561cce0954c35f6bc3b25a6ac2f0e5e92f19
1,famous_le_10m,1,0.0,0.0,7,osl_siamese_cnn,c9c8d859caafb58b8ffac410e1ab561cce0954c35f6bc3b25a6ac2f0e5e92f19
1,famous_le_10m,2,0.0,0.0,7,osl_siamese_cnn,c9c8d859caafb58b8ffac410e1ab561cce0954c35f6bc3b25a6ac2f0e5e92f19
1,famous_le_10m,3,0.0,0.0,7,osl_siamese_cnn,c9c8d859caafb58b8ffac410e1ab561cce0954c35f6bc3b25a6ac2f0e5e92f19
1,famous_le_10m,4,0.0,0.0,7,osl_siamese_cnn,c9c8d859caafb58b8ffac410e1ab561cce0954c35f6bc3b25a6ac2f0e5e92f19
1,famous_le_10m,5,0.0,0.0,7,osl_siamese_cnn,c9c8d859caafb58b8ffac410e1ab561cce0954c35f6bc3b25a6ac2f0e5e92f19
1,famous_le_10m,6,0.4,0.4,7,osl_siamese_cnn,c9c8d859caafb58b8ffac410e1ab561cce0954c35f6bc3b25a6ac2f0e5e92f19
1,famous_le_10m,7,1.0,1.0,7,osl_siamese_cnn,c9c8d859caafb58b8ffac410e1ab561cce0954c35f6bc3b25a6ac2f0e5e92f19
1,famous_le_10m,8,1.0,1.0,7,osl_siamese_cnn,c9c8d859caafb58b8ffac410e1ab561cce0954c35f6bc3b25a6ac2f0e5e92f19
1,famous_le_10m,9,1.0,1.0,7,osl_siamese_cnn,c9c8d859caafb58b8ffac410e1ab561cce0954c35f6bc3b25a6ac2f0e5e92f19
1,famous_le_10m,10,1.0,1.0,7,osl_siamese_cnn,c9c8d859caafb58b8ffac410e1ab561cce0954c35f6bc3b25a6ac2f0e5e92f19
1,famous_le_10m,11,1.0,1.0,7,osl_siamese_cnn,c9c8d859caafb58b8ffac410e1ab561cce0954c35f6bc3b25a6ac2f0e5e92f19
1,famous_le_10m,12,1.0,1.0,7,osl_siamese_cnn,c9c8d859caafb58b8ffac410e1ab561cce0954c35f6bc3b25a6ac2f0e5e92f19
1,famous_le_10m,13,1.0,1.0,7,osl_siamese_cnn,c9c8d859caafb58b8ffac410e1ab561cce0954c35f6bc3b25a6ac2f0e5e92f19
1,famous_le_10m,14,1.0,1.0,7,osl_siamese_cnn,c9c8d859caafb58b8ffac410e1ab561cce0954c35f6bc3b25a6ac2f0e5e92f19
1,famous_le_10m,15,1.0,1.0,7,osl_siamese_cnn,c9c8d859caafb58b8ffac410e1ab561cce0954c35f6bc3b25a6ac2f0e5e92f19
1,famous_le_10m,16,1.0,1.0,7,osl_siamese_cnn,c9c8d859caafb58b8ffac410e1ab561cce0954c35f6bc3b25a6ac2f0e5e92f19
1,famous_le_10m,17,1.0,1.0,7,osl_siamese_cnn,c9c8d859caafb58b8ffac410e1ab561cce0954c35f6bc3b25a6ac2f0e5e92f19
1,famous_le_10m,18,1.0,1.0,7,osl_siamese_cnn,c9c8d859caafb58b8ffac410e1ab561cce0954c35f6bc3b25a6ac2f0e5e92f19
1,famous_le_10m,19,1.0,1.0,7,osl_siamese_cnn,c9c8d859caafb58b8ffac410e1ab561cce0954c35f6bc3b25a6ac2f0e5e92f19
1,famous_le_10m,20,1.0,1.0,7,osl_siamese_cnn,c9c8d859caafb58b8ffac410e1ab561cce0954c35f6bc3b25a6ac2f0e5e92f19
1,famous_le_10m,21,1.0,1.0,7,osl_siamese_cnn,c9c8d859caafb58b8ffac410e1ab561cce0954c35f6bc3b25a6ac2f0e5e92f19
1,famous_le_10m,22,1.0,1.0,7,osl_siamese_cnn,c9c8d859caafb58b8ffac410e1ab561cce0954c35f6bc3b25a6ac2f0e5e92f19
1,famous_le_10m,23,1.0,1.0,7,osl_siamese_cnn,c9c8d859caafb58b8ffac410e1ab561cce0954c35f6bc3b25a6ac2f0e5e92f19
1,famous_le_100m,0,1.0,1.0,7,osl_siamese_cnn,c9c8d859caafb58b8ffac410e1ab561cce0954c35f6bc3b25a6ac2f0e5e92f19
1,famous_le_100m,1,0.0,0.0,7,osl_siamese_cnn,c9c8d859caafb58b8ffac410e1ab561cce0954c35f6bc3b25a6ac2f0e5e92f19
1,famous_le_100m,2,0.0,0.0,7,osl_siamese_cnn,c9c8d859caafb58b8ffac410e1ab561cce0954c35f6bc3b25a6ac2f0e5e92f19
1,famous_le_100m,3,0.0,0.0,7,osl_siamese_cnn,c9c8d859caafb58b8ffac410e1ab561cce0954c35f6bc3b25a6ac2f0e5e92f19
1,famous_le_100m,4,0.0,0.0,7,osl_siamese_cnn,c9c8d859caafb58b8ffac410e1ab561cce0954c35f6bc3b25a6ac2f0e5e92f19
1,famous_le_100m,5,0.0,0.0,7,osl_siamese_cnn,c9c8d859caafb58b8ffac410e1ab561cce0954c35f6bc3b25a6ac2f0e5e92f19
1,famous_le_100m,6,0.07142857142857142,0.07142857142857142,7,osl_siamese_cnn,c9c8d859caafb58b8ffac410e1ab561cce0954c35f6bc3b25a6ac2f0e5e92f19
1,famous_le_100m,7,0.2857142857142857,0.2857142857142857,7,osl_siamese_cnn,c9c8d859caafb58b8ffac410e1ab561cce0954c35f6bc3b25a6ac2f0e5e92f19
1,famous_le_100m,8,0.42857142857142855,0.42857142857142855,7,osl_siamese_cnn,c9c8d859caafb58b8ffac410e1ab561cce0954c35f6bc3b25a6ac2f0e5e92f19
1,famous_le_100m,9,0.42857142857142855,0.42857142857142855,7,osl_siamese_cnn,c9c8d859caafb58b8ffac410e1ab561cce0954c35f6bc3b25a6ac2f0e5e92f19
1,famous_le_100m,10,0.5,0.5,7,osl_siamese_cnn,c9c8d859caafb58b8ffac410e1ab561cce0954c35f6bc3b25a6ac2f0e5e92f19
1,famous_le_100m,11,0.7142857142857143,0.7142857142857143,7,osl_siamese_cnn,c9c8d859caafb58b8ffac410e1ab561cce0954c35f6bc3b25a6ac2f0e5e92f19
1,famous_le_100m,12,0.7857142857142857,0.7857142857142857,7,osl_siamese_cnn,c9c8d859caafb58b8ffac410e1ab561cce0954c35f6bc3b25a6ac2f0e5e92f19
1,famous_le_100m,13,0.8571428571428571,0.8571428571428571,7,osl_siamese_cnn,c9c8d859caafb58b8ffac410e1ab561cce0954c35f6bc3b25a6ac2f0e5e92f19
1,famous_le_100m,14,0.8571428571428571,0.8571428571428571,7,osl_siamese_cnn,c9c8d859caafb58b8ffac410e1ab561cce0954c35f6bc3b25a6ac2f0e5e92f19
1,famous_le_100m,15,0.8571428571428571,0.8571428571428571,7,osl_siamese_cnn,c9c8d859caafb58b8ffac410e1ab561cce0954c35f6bc3b25a6ac2f0e5e92f19
1,famous_le_100m,16,0.8571428571428571,0.8571428571428571,7,osl_siamese_cnn,c9c8d859caafb58b8ffac410e1ab561cce0954c35f6bc3b25a6ac2f0e5e92f19
1,famous_le_100m,17,0.8571428571428571,0.8571428571428571,7,osl_siamese_cnn,c9c8d859caafb58b8ffac410e1ab561cce0954c35f6bc3b25a6ac2f0e5e92f19
1,famous_le_100m,18,0.9285714285714286,0.9285714285714286,7,osl_siamese_cnn,c9c8d859caafb58b8ffac410e1ab561cce0954c35f6bc3b25a6ac2f0e5e92f19
1,famous_le_100m,19,0.9285714285714286,0.9285714285714286,7,osl_siamese_cnn,c9c8d859caafb58b8ffac410e1ab561cce0954c35f6bc3b25a6ac2f0e5e92f19
1,famous_le_100m,20,0.9285714285714286,0.9285714285714286,7,osl_siamese_cnn,c9c8d859caafb58b8ffac410e1ab561cce0954c35f6bc3b25a6ac2f0e5e92f19
1,famous_le_100m,21,1.0,1.0,7,osl_siamese_cnn,c9c8d859caafb58b8ffac410e1ab561cce0954c35f6bc3b25a6ac2f0e5e92f19
1,famous_le_100m,22,1.0,1.0,7,osl_siamese_cnn,c9c8d859caafb58b8ffac410e1ab561cce0954c35f6bc3b25a6ac2f0e5e92f19
1,famous_le_100m,23,1.0,1.0,7,osl_siamese_cnn,c9c8d859caafb58b8ffac410e1ab561cce0954c35f6bc3b25a6ac2f0e5e92f19
2,torch_pretrained_classification,0,0.975,0.975,7,osl_siamese_cnn,5621322948b32282cfaed3c5618683edbf0163fd71a347463277967e50a28aab
2,famous_le_10m,0,1.0,1.0,7,osl_siamese_cnn,5621322948b32282cfaed3c5618683edbf0163fd71a347463277967e50a28aab
2,famous_le_10m,1,0.0,0.0,7,osl_siamese_cnn,5621322948b32282cfaed3c5618683edbf0163fd71a347463277967e50a28aab
2,famous_le_10m,2,0.0,0.0,7,osl_siamese_cnn,5621322948b32282cfaed3c5618683edbf0163fd71a347463277967e50a28aab
2,famous_le_10m,3,0.0,0.0,7,osl_siamese_cnn,5621322948b32282cfaed3c5618683edbf0163fd71a347463277967e50a28aab
2,famous_le_10m,4,0.0,0.0,7,osl_siamese_cnn,5621322948b32282cfaed3c5618683edbf0163fd71a347463277967e50a28aab
2,famous_le_10m,5,0.0,0.0,7,osl_siamese_cnn,5621322948b32282cfaed3c5618683edbf0163fd71a347463277967e50a28aab
2,famous_le_10m,6,0.4,0.2,7,osl_siamese_cnn,5621322948b32282cfaed3c5618683edbf0163fd71a347463277967e50a28aab
2,famous_le_10m,7,1.0,1.0,7,osl_siamese_cnn,5621322948b32282cfaed3c5618683edbf0163fd71a347463277967e50a28aab
2,famous_le_10m,8,1.0,1.0,7,osl_siamese_cnn,5621322948b32282cfaed3c5618683edbf0163fd71a347463277967e50a28aab
2,famous_le_10m,9,1.0,1.0,7,osl_siamese_cnn,5621322948b32282cfaed3c5618683edbf0163fd71a347463277967e50a28aab
2,famous_le_10m,10,1.0,1.0,7,osl_siamese_cnn,5621322948b32282cfaed3c5618683edbf0163fd71a347463277967e50a28aab
2,famous_le_10m,11,1.0,1.0,7,osl_siamese_cnn,5621322948b32282cfaed3c5618683edbf0163fd71a347463277967e50a28aab
2,famous_le_10m,12,1.0,1.0,7,osl_siamese_cnn,5621322948b32282cfaed3c5618683edbf0163fd71a347463277967e50a28aab
2,famous_le_10m,13,1.0,1.0,7,osl_siamese_cnn,5621322948b32282cfaed3c5618683edbf0163fd71a347463277967e50a28aab
2,famous_le_10m,14,1.0,1.0,7,osl_siamese_cnn,5621322948b32282cfaed3c5618683edbf0163fd71a347463277967e50a28aab
2,famous_le_10m,15,1.0,1.0,7,osl_siamese_cnn,5621322948b32282cfaed3c5618683edbf0163fd71a347463277967e50a28aab
2,famous_le_10m,16,1.0,1.0,7,osl_siamese_cnn,5621322948b32282cfaed3c5618683edbf0163fd71a347463277967e50a28aab
2,famous_le_10m,17,1.0,1.0,7,osl_siamese_cnn,5621322948b32282cfaed3c5618683edbf0163fd71a347463277967e50a28aab
2,famous_le_10m,18,1.0,1.0,7,osl_siamese_cnn,5621322948b32282cfaed3c5618683edbf0163fd71a347463277967e50a28aab
2,famous_le_10m,19,1.0,1.0,7,osl_siamese_cnn,5621322948b32282cfaed3c5618683edbf0163fd71a347463277967e50a28aab
2,famous_le_10m,20,1.0,1.0,7,osl_siamese_cnn,5621322948b32282cfaed3c5618683edbf0163fd71a347463277967e50a28aab
2,famous_le_10m,21,1.0,1.0,7,osl_siamese_cnn,5621322948b32282cfaed3c5618683edbf0163fd71a347463277967e50a28aab
2,famous_le_10m,22,1.0,1.0,7,osl_siamese_cnn,5621322948b32282cfaed3c5618683edbf0163fd71a347463277967e50a28aab
2,famous_le_10m,23,1.0,1.0,7,osl_siamese_cnn,5621322948b32282cfaed3c5618683edbf0163fd71a347463277967e50a28aab
2,famous_le_100m,0,0.9285714285714286,0.9285714285714286,7,osl_siamese_cnn,5621322948b32282cfaed3c5618683edbf0163fd71a347463277967e50a28aab
2,famous_le_100m,1,0.07142857142857142,0.07142857142857142,7,osl_siamese_cnn,5621322948b32282cfaed3c5618683edbf0163fd71a347463277967e50a28aab
2,famous_le_100m,2,0.07142857142857142,0.07142857142857142,7,osl_siamese_cnn,5621322948b32282cfaed3c5618683edbf0163fd71a347463277967e50a28aab
2,famous_le_100m,3,0.07142857142857142,0.0,7,osl_siamese_cnn,5621322948b32282cfaed3c5618683edbf0163fd71a347463277967e50a28aab
2,famous_le_100m,4,0.0,0.0,7,osl_siamese_cnn,5621322948b32282cfaed3c5618683edbf0163fd71a347463277967e50a28aab
2,famous_le_100m,5,0.07142857142857142,0.07142857142857142,7,osl_siamese_cnn,5621322948b32282cfaed3c5618683edbf0163fd71a347463277967e50a28aab
2,famous_le_100m,6,0.07142857142857142,0.07142857142857142,7,osl_siamese_cnn,5621322948b32282cfaed3c5618683edbf0163fd71a347463277967e50a28aab
2,famous_le_100m,7,0.42857142857142855,0.42857142857142855,7,osl_siamese_cnn,5621322948b32282cfaed3c5618683edbf0163fd71a347463277967e50a28aab
2,famous_le_100m,8,0.42857142857142855,0.42857142857142855,7,osl_siamese_cnn,5621322948b32282cfaed3c5618683edbf0163fd71a347463277967e50a28aab
2,famous_le_100m,9,0.5714285714285714,0.5,7,osl_siamese_cnn,5621322948b32282cfaed3c5618683edbf0163fd71a347463277967e50a28aab
2,famous_le_100m,10,0.7142857142857143,0.7142857142857143,7,osl_siamese_cnn,5621322948b32282cfaed3c5618683edbf0163fd71a347463277967e50a28aab
2,famous_le_100m,11,0.7857142857142857,0.7857142857142857,7,osl_siamese_cnn,5621322948b32282cfaed3c5618683edbf0163fd71a347463277967e50a28aab
2,famous_le_100m,12,0.8571428571428571,0.8571428571428571,7,osl_siamese_cnn,5621322948b32282cfaed3c5618683edbf0163fd71a347463277967e50a28aab
2,famous_le_100m,13,0.8571428571428571,0.8571428571428571,7,osl_siamese_cnn,5621322948b32282cfaed3c5618683edbf0163fd71a347463277967e50a28aab
2,famous_le_100m,14,0.8571428571428571,0.8571428571428571,7,osl_siamese_cnn,5621322948b32282cfaed3c5618683edbf0163fd71a347463277967e50a28aab
2,famous_le_100m,15,0.9285714285714286,0.9285714285714286,7,osl_siamese_cnn,5621322948b32282cfaed3c5618683edbf0163fd71a347463277967e50a28aab
2,famous_le_100m,16,0.9285714285714286,0.9285714285714286,7,osl_siamese_cnn,5621322948b32282cfaed3c5618683edbf0163fd71a347463277967e50a28aab
2,famous_le_100m,17,0.9285714285714286,0.9285714285714286,7,osl_siamese_cnn,5621322948b32282cfaed3c5618683edbf0163fd71a347463277967e50a28aab
2,famous_le_100m,18,0.9285714285714286,0.9285714285714286,7,osl_siamese_cnn,5621322948b32282cfaed3c5618683edbf0163fd71a347463277967e50a28aab
2,famous_le_100m,19,0.9285714285714286,0.9285714285714286,7,osl_siamese_cnn,5621322948b32282cfaed3c5618683edbf0163fd71a347463277967e50a28aab
2,famous_le_100m,20,1.0,1.0,7,osl_siamese_cnn,5621322948b32282cfaed3c5618683edbf0163fd71a347463277967e50a28aab
2,famous_le_100m,21,1.0,1.0,7,osl_siamese_cnn,5621322948b32282cfaed3c5618683edbf0163fd71a347463277967e50a28aab
2,famous_le_100m,22,1.0,1.0,7,osl_siamese_cnn,5621322948b32282cfaed3c5618683edbf0163fd71a347463277967e50a28aab
2,famous_le_100m,23,1.0,1.0,7,osl_siamese_cnn,5621322948b32282cfaed3c5618683edbf0163fd71a347463277967e50a28aab
3,torch_pretrained_classification,0,0.9125,0.9,7,osl_siamese_cnn,240ca1e2c66b19e0ea65aaecd0c31998fdb6431cf26323489c1eabb6c88130e9
3,famous_le_10m,0,1.0,1.0,7,osl_siamese_cnn,240ca1e2c66b19e0ea65aaecd0c31998fdb6431cf26323489c1eabb6c88130e9
3,famous_le_10m,1,0.0,0.0,7,osl_siamese_cnn,240ca1e2c66b19e0ea65aaecd0c31998fdb6431cf26323489c1eabb6c88130e9
3,famous_le_10m,2,0.0,0.0,7,osl_siamese_cnn,240ca1e2c66b19e0ea65aaecd0c31998fdb6431cf26323489c1eabb6c88130e9
3,famous_le_10m,3,0.0,0.0,7,osl_siamese_cnn,240ca1e2c66b19e0ea65aaecd0c31998fdb6431cf26323489c1eabb6c88130e9
3,famous_le_10m,4,0.0,0.0,7,osl_siamese_cnn,240ca1e2c66b19e0ea65aaecd0c31998fdb6431cf26323489c1eabb6c88130e9
3,famous_le_10m,5,0.0,0.0,7,osl_siamese_cnn,240ca1e2c66b19e0ea65aaecd0c31998fdb6431cf26323489c1eabb6c88130e9
3,famous_le_10m,6,0.4,0.4,7,osl_siamese_cnn,240ca1e2c66b19e0ea65aaecd0c31998fdb6431cf26323489c1eabb6c88130e9
3,famous_le_10m,7,0.4,0.4,7,osl_siamese_cnn,240ca1e2c66b19e0ea65aaecd0c31998fdb6431cf26323489c1eabb6c88130e9
3,famous_le_10m,8,1.0,1.0,7,osl_siamese_cnn,240ca1e2c66b19e0ea65aaecd0c31998fdb6431cf26323489c1eabb6c88130e9
3,famous_le_10m,9,1.0,1.0,7,osl_siamese_cnn,240ca1e2c66b19e0ea65aaecd0c31998fdb6431cf26323489c1eabb6c88130e9
3,famous_le_10m,10,1.0,1.0,7,osl_siamese_cnn,240ca1e2c66b19e0ea65aaecd0c31998fdb6431cf26323489c1eabb6c88130e9
3,famous_le_10m,11,1.0,1.0,7,osl_siamese_cnn,240ca1e2c66b19e0ea65aaecd0c31998fdb6431cf26323489c1eabb6c88130e9
3,famous_le_10m,12,1.0,1.0,7,osl_siamese_cnn,240ca1e2c66b19e0ea65aaecd0c31998fdb6431cf26323489c1eabb6c88130e9
3,famous_le_10m,13,1.0,1.0,7,osl_siamese_cnn,240ca1e2c66b19e0ea65aaecd0c31998fdb6431cf26323489c1eabb6c88130e9
3,famous_le_10m,14,0.8,0.8,7,osl_siamese_cnn,240ca1e2c66b19e0ea65aaecd0c31998fdb6431cf26323489c1eabb6c88130e9
3,famous_le_10m,15,0.6,0.6,7,osl_siamese_cnn,240ca1e2c66b19e0ea65aaecd0c31998fdb6431cf26323489c1eabb6c88130e9
3,famous_le_10m,16,0.0,0.0,7,osl_siamese_cnn,240ca1e2c66b19e0ea65aaecd0c31998fdb6431cf26323489c1eabb6c88130e9
3,famous_le_10m,17,0.6,0.6,7,osl_siamese_cnn,240ca1e2c66b19e0ea65aaecd0c31998fdb6431cf26323489c1eabb6c88130e9
3,famous_le_10m,18,0.6,0.6,7,osl_siamese_cnn,240ca1e2c66b19e0ea65aaecd0c31998fdb6431cf26323489c1eabb6c88130e9
3,famous_le_10m,19,0.6,0.6,7,osl_siamese_cnn,240ca1e2c66b19e0ea65aaecd0c31998fdb6431cf26323489c1eabb6c88130e9
3,famous_le_10m,20,0.6,0.6,7,osl_siamese_cnn,240ca1e2c66b19e0ea65aaecd0c31998fdb6431cf26323489c1eabb6c88130e9
3,famous_le_10m,21,0.6,0.6,7,osl_siamese_cnn,240ca1e2c66b19e0ea65aaecd0c31998fdb6431cf26323489c1eabb6c88130e9
3,famous_le_10m,22,0.6,0.6,7,osl_siamese_cnn,240ca1e2c66b19e0ea65aaecd0c31998fdb6431cf26323489c1eabb6c88130e9
3,famous_le_10m,23,0.6,0.6,7,osl_siamese_cnn,240ca1e2c66b19e0ea65aaecd0c31998fdb6431cf26323489c1eabb6c88130e9
3,famous_le_100m,0,0.8571428571428571,0.8571428571428571,7,osl_siamese_cnn,240ca1e2c66b19e0ea65aaecd0c31998fdb6431cf26323489c1eabb6c88130e9
3,famous_le_100m,1,0.14285714285714285,0.14285714285714285,7,osl_siamese_cnn,240ca1e2c66b19e0ea65aaecd0c31998fdb6431cf26323489c1eabb6c88130e9
3,famous_le_100m,2,0.14285714285714285,0.14285714285714285,7,osl_siamese_cnn,240ca1e2c66b19e0ea65aaecd0c31998fdb6431cf26323489c1eabb6c88130e9
3,famous_le_100m,3,0.14285714285714285,0.14285714285714285,7,osl_siamese_cnn,240ca1e2c66b19e0ea65aaecd0c31998fdb6431cf26323489c1eabb6c88130e9
3,famous_le_100m,4,0.14285714285714285,0.14285714285714285,7,osl_siamese_cnn,240ca1e2c66b19e0ea65aaecd0c31998fdb6431cf26323489c1eabb6c88130e9
3,famous_le_100m,5,0.14285714285714285,0.14285714285714285,7,osl_siamese_cnn,240ca1e2c66b19e0ea65aaecd0c31998fdb6431cf26323489c1eabb6c88130e9
3,famous_le_100m,6,0.21428571428571427,0.2857142857142857,7,osl_siamese_cnn,240ca1e2c66b19e0ea65aaecd0c31998fdb6431cf26323489c1eabb6c88130e9
3,famous_le_100m,7,0.35714285714285715,0.35714285714285715,7,osl_siamese_cnn,240ca1e2c66b19e0ea65aaecd0c31998fdb6431cf26323489c1eabb6c88130e9
3,famous_le_100m,8,0.42857142857142855,0.42857142857142855,7,osl_siamese_cnn,240ca1e2c66b19e0ea65aaecd0c31998fdb6431cf26323489c1eabb6c88130e9
3,famous_le_100m,9,0.42857142857142855,0.42857142857142855,7,osl_siamese_cnn,240ca1e2c66b19e0ea65aaecd0c31998fdb6431cf26323489c1eabb6c88130e9
3,famous_le_100m,10,0.42857142857142855,0.42857142857142855,7,osl_siamese_cnn,240ca1e2c66b19e0ea65aaecd0c31998fdb6431cf26323489c1eabb6c88130e9
3,famous_le_100m,11,0.42857142857142855,0.42857142857142855,7,osl_siamese_cnn,240ca1e2c66b19e0ea65aaecd0c31998fdb6431cf26323489c1eabb6c88130e9
3,famous_le_100m,12,0.42857142857142855,0.42857142857142855,7,osl_siamese_cnn,240ca1e2c66b19e0ea65aaecd0c31998fdb6431cf26323489c1eabb6c88130e9
3,famous_le_100m,13,0.42857142857142855,0.42857142857142855,7,osl_siamese_cnn,240ca1e2c66b19e0ea65aaecd0c31998fdb6431cf26323489c1eabb6c88130e9
3,famous_le_100m,14,0.42857142857142855,0.42857142857142855,7,osl_siamese_cnn,240ca1e2c66b19e0ea65aaecd0c31998fdb6431cf26323489c1eabb6c88130e9
3,famous_le_100m,15,0.42857142857142855,0.42857142857142855,7,osl_siamese_cnn,240ca1e2c66b19e0ea65aaecd0c31998fdb6431cf26323489c1eabb6c88130e9
3,famous_le_100m,16,0.0,0.0,7,osl_siamese_cnn,240ca1e2c66b19e0ea65aaecd0c31998fdb6431cf26323489c1eabb6c88130e9
3,famous_le_100m,17,0.0,0.0,7,osl_siamese_cnn,240ca1e2c66b19e0ea65aaecd0c31998fdb6431cf26323489c1eabb6c88130e9
3,famous_le_100m,18,0.0,0.0,7,osl_siamese_cnn,240ca1e2c66b19e0ea65aaecd0c31998fdb6431cf26323489c1eabb6c88130e9
3,famous_le_100m,19,0.0,0.0,7,osl_siamese_cnn,240ca1e2c66b19e0ea65aaecd0c31998fdb6431cf26323489c1eabb6c88130e9
3,famous_le_100m,20,0.0,0.0,7,osl_siamese_cnn,240ca1e2c66b19e0ea65aaecd0c31998fdb6431cf26323489c1eabb6c88130e9
3,famous_le_100m,21,0.0,0.0,7,osl_siamese_cnn,240ca1e2c66b19e0ea65aaecd0c31998fdb6431cf26323489c1eabb6c88130e9
3,famous_le_100m,22,0.0,0.0,7,osl_siamese_cnn,240ca1e2c66b19e0ea65aaecd0c31998fdb6431cf26323489c1eabb6c88130e9
3,famous_le_100m,23,0.0,0.0,7,osl_siamese_cnn,240ca1e2c66b19e0ea65aaecd0c31998fdb6431cf26323489c1eabb6c88130e9
4,torch_pretrained_classification,0,0.975,0.975,7,osl_siamese_cnn,768c7b67888e9ace41afd5ce2c64e7ad90a7adc45a75869303838f22d0b61a35
4,famous_le_10m,0,1.0,1.0,7,osl_siamese_cnn,768c7b67888e9ace41afd5ce2c64e7ad90a7adc45a75869303838f22d0b61a35
4,famous_le_10m,1,0.0,0.0,7,osl_siamese_cnn,768c7b67888e9ace41afd5ce2c64e7ad90a7adc45a75869303838f22d0b61a35
4,famous_le_10m,2,0.0,0.0,7,osl_siamese_cnn,768c7b67888e9ace41afd5ce2c64e7ad90a7adc45a75869303838f22d0b61a35
4,famous_le_10m,3,0.0,0.0,7,osl_siamese_cnn,768c7b67888e9ace41afd5ce2c64e7ad90a7adc45a75869303838f22d0b61a35
4,famous_le_10m,4,0.0,0.0,7,osl_siamese_cnn,768c7b67888e9ace41afd5ce2c64e7ad90a7adc45a75869303838f22d0b61a35
4,famous_le_10m,5,0.0,0.0,7,osl_siamese_cnn,768c7b67888e9ace41afd5ce2c64e7ad90a7adc45a75869303838f22d0b61a35
4,famous_le_10m,6,0.2,0.2,7,osl_siamese_cnn,768c7b67888e9ace41afd5ce2c64e7ad90a7adc45a75869303838f22d0b61a35
4,famous_le_10m,7,1.0,1.0,7,osl_siamese_cnn,768c7b67888e9ace41afd5ce2c64e7ad90a7adc45a75869303838f22d0b61a35
4,famous_le_10m,8,1.0,1.0,7,osl_siamese_cnn,768c7b67888e9ace41afd5ce2c64e7ad90a7adc45a75869303838f22d0b61a35
4,famous_le_10m,9,1.0,1.0,7,osl_siamese_cnn,768c7b67888e9ace41afd5ce2c64e7ad90a7adc45a75869303838f22d0b61a35
4,famous_le_10m,10,1.0,1.0,7,osl_siamese_cnn,768c7b67888e9ace41afd5ce2c64e7ad90a7adc45a75869303838f22d0b61a35
4,famous_le_10m,11,1.0,1.0,7,osl_siamese_cnn,768c7b67888e9ace41afd5ce2c64e7ad90a7adc45a75869303838f22d0b61a35
4,famous_le_10m,12,1.0,1.0,7,osl_siamese_cnn,768c7b67888e9ace41afd5ce2c64e7ad90a7adc45a75869303838f22d0b61a35
4,famous_le_10m,13,1.0,1.0,7,osl_siamese_cnn,768c7b67888e9ace41afd5ce2c64e7ad90a7adc45a75869303838f22d0b61a35
4,famous_le_10m,14,1.0,1.0,7,osl_siamese_cnn,768c7b67888e9ace41afd5ce2c64e7ad90a7adc45a75869303838f22d0b61a35
4,famous_le_10m,15,1.0,1.0,7,osl_siamese_cnn,768c7b67888e9ace41afd5ce2c64e7ad90a7adc45a75869303838f22d0b61a35
4,famous_le_10m,16,1.0,1.0,7,osl_siamese_cnn,768c7b67888e9ace41afd5ce2c64e7ad90a7adc45a75869303838f22d0b61a35
4,famous_le_10m,17,1.0,1.0,7,osl_siamese_cnn,768c7b67888e9ace41afd5ce2c64e7ad90a7adc45a75869303838f22d0b61a35
4,famous_le_10m,18,1.0,1.0,7,osl_siamese_cnn,768c7b67888e9ace41afd5ce2c64e7ad90a7adc45a75869303838f22d0b61a35
4,famous_le_10m,19,1.0,1.0,7,osl_siamese_cnn,768c7b67888e9ace41afd5ce2c64e7ad90a7adc45a75869303838f22d0b61a35
4,famous_le_10m,20,1.0,1.0,7,osl_siamese_cnn,768c7b67888e9ace41afd5ce2c64e7ad90a7adc45a75869303838f22d0b61a35
4,famous_le_10m,21,1.0,1.0,7,osl_siamese_cnn,768c7b67888e9ace41afd5ce2c64e7ad90a7adc45a75869303838f22d0b61a35
4,famous_le_10m,22,1.0,1.0,7,osl_siamese_cnn,768c7b67888e9ace41afd5ce2c64e7ad90a7adc45a75869303838f22d0b61a35
4,famous_le_10m,23,1.0,1.0,7,osl_siamese_cnn,768c7b67888e9ace41afd5ce2c64e7ad90a7adc45a75869303838f22d0b61a35
4,famous_le_100m,0,0.9285714285714286,1.0,7,osl_siamese_cnn,768c7b67888e9ace41afd5ce2c64e7ad90a7adc45a75869303838f22d0b61a35
4,famous_le_100m,1,0.07142857142857142,0.0,7,osl_siamese_cnn,768c7b67888e9ace41afd5ce2c64e7ad90a7adc45a75869303838f22d0b61a35
4,famous_le_100m,2,0.07142857142857142,0.0,7,osl_siamese_cnn,768c7b67888e9ace41afd5ce2c64e7ad90a7adc45a75869303838f22d0b61a35
4,famous_le_100m,3,0.0,0.0,7,osl_siamese_cnn,768c7b67888e9ace41afd5ce2c64e7ad90a7adc45a75869303838f22d0b61a35
4,famous_le_100m,4,0.0,0.0,7,osl_siamese_cnn,768c7b67888e9ace41afd5ce2c64e7ad90a7adc45a75869303838f22d0b61a35
4,famous_le_100m,5,0.0,0.0,7,osl_siamese_cnn,768c7b67888e9ace41afd5ce2c64e7ad90a7adc45a75869303838f22d0b61a35
4,famous_le_100m,6,0.07142857142857142,0.07142857142857142,7,osl_siamese_cnn,768c7b67888e9ace41afd5ce2c64e7ad90a7adc45a75869303838f22d0b61a35
4,famous_le_100m,7,0.2857142857142857,0.2857142857142857,7,osl_siamese_cnn,768c7b67888e9ace41afd5ce2c64e7ad90a7adc45a75869303838f22d0b61a35
4,famous_le_100m,8,0.42857142857142855,0.42857142857142855,7,osl_siamese_cnn,768c7b67888e9ace41afd5ce2c64e7ad90a7adc45a75869303838f22d0b61a35
4,famous_le_100m,9,0.42857142857142855,0.42857142857142855,7,osl_siamese_cnn,768c7b67888e9ace41afd5ce2c64e7ad90a7adc45a75869303838f22d0b61a35
4,famous_le_100m,10,0.5714285714285714,0.5714285714285714,7,osl_siamese_cnn,768c7b67888e9ace41afd5ce2c64e7ad90a7adc45a75869303838f22d0b61a35
4,famous_le_100m,11,0.7857142857142857,0.7142857142857143,7,osl_siamese_cnn,768c7b67888e9ace41afd5ce2c64e7ad90a7adc45a75869303838f22d0b61a35
4,famous_le_100m,12,0.8571428571428571,0.8571428571428571,7,osl_siamese_cnn,768c7b67888e9ace41afd5ce2c64e7ad90a7adc45a75869303838f22d0b61a35
4,famous_le_100m,13,0.8571428571428571,0.8571428571428571,7,osl_siamese_cnn,768c7b67888e9ace41afd5ce2c64e7ad90a7adc45a75869303838f22d0b61a35
4,famous_le_100m,14,0.8571428571428571,0.8571428571428571,7,osl_siamese_cnn,768c7b67888e9ace41afd5ce2c64e7ad90a7adc45a75869303838f22d0b61a35
4,famous_le_100m,15,0.8571428571428571,0.8571428571428571,7,osl_siamese_cnn,768c7b67888e9ace41afd5ce2c64e7ad90a7adc45a75869303838f22d0b61a35
4,famous_le_100m,16,0.9285714285714286,0.9285714285714286,7,osl_siamese_cnn,768c7b67888e9ace41afd5ce2c64e7ad90a7adc45a75869303838f22d0b61a35
4,famous_le_100m,17,0.9285714285714286,0.9285714285714286,7,osl_siamese_cnn,768c7b67888e9ace41afd5ce2c64e7ad90a7adc45a75869303838f22d0b61a35
4,famous_le_100m,18,0.9285714285714286,0.9285714285714286,7,osl_siamese_cnn,768c7b67888e9ace41afd5ce2c64e7ad90a7adc45a75869303838f22d0b61a35
4,famous_le_100m,19,0.9285714285714286,0.9285714285714286,7,osl_siamese_cnn,768c7b67888e9ace41afd5ce2c64e7ad90a7adc45a75869303838f22d0b61a35
4,famous_le_100m,20,0.9285714285714286,0.9285714285714286,7,osl_siamese_cnn,768c7b67888e9ace41afd5ce2c64e7ad90a7adc45a75869303838f22d0b61a35
4,famous_le_100m,21,1.0,1.0,7,osl_siamese_cnn,768c7b67888e9ace41afd5ce2c64e7ad90a7adc45a75869303838f22d0b61a35
4,famous_le_100m,22,1.0,1.0,7,osl_siamese_cnn,768c7b67888e9ace41afd5ce2c64e7ad90a7adc45a75869303838f22d0b61a35
4,famous_le_100m,23,1.0,1.0,7,osl_siamese_cnn,768c7b67888e9ace41afd5ce2c64e7ad90a7adc45a75869303838f22d0b61a35
0,torch_pretrained_classification,0,0.975,0.975,8,osl_siamese_cnn,9f6cede00f159eff7be808f09ba92d3ae09b73def8be7c7f907817706d66c3ed
0,famous_le_10m,0,1.0,1.0,8,osl_siamese_cnn,9f6cede00f159eff7be808f09ba92d3ae09b73def8be7c7f907817706d66c3ed
0,famous_le_10m,1,0.0,0.0,8,osl_siamese_cnn,9f6cede00f159eff7be808f09ba92d3ae09b73def8be7c7f907817706d66c3ed
0,famous_le_10m,2,0.0,0.0,8,osl_siamese_cnn,9f6cede00f159eff7be808f09ba92d3ae09b73def8be7c7f907817706d66c3ed
0,famous_le_10m,3,0.0,0.0,8,osl_siamese_cnn,9f6cede00f159eff7be808f09ba92d3ae09b73def8be7c7f907817706d66c3ed
0,famous_le_10m,4,0.0,0.0,8,osl_siamese_cnn,9f6cede00f159eff7be808f09ba92d3ae09b73def8be7c7f907817706d66c3ed
0,famous_le_10m,5,0.0,0.0,8,osl_siamese_cnn,9f6cede00f159eff7be808f09ba92d3ae09b73def8be7c7f907817706d66c3ed
0,famous_le_10m,6,0.0,0.0,8,osl_siamese_cnn,9f6cede00f159eff7be808f09ba92d3ae09b73def8be7c7f907817706d66c3ed
0,famous_le_10m,7,0.2,0.2,8,osl_siamese_cnn,9f6cede00f159eff7be808f09ba92d3ae09b73def8be7c7f907817706d66c3ed
0,famous_le_10m,8,1.0,1.0,8,osl_siamese_cnn,9f6cede00f159eff7be808f09ba92d3ae09b73def8be7c7f907817706d66c3ed
0,famous_le_10m,9,1.0,1.0,8,osl_siamese_cnn,9f6cede00f159eff7be808f09ba92d3ae09b73def8be7c7f907817706d66c3ed
0,famous_le_10m,10,1.0,1.0,8,osl_siamese_cnn,9f6cede00f159eff7be808f09ba92d3ae09b73def8be7c7f907817706d66c3ed
0,famous_le_10m,11,1.0,1.0,8,osl_siamese_cnn,9f6cede00f159eff7be808f09ba92d3ae09b73def8be7c7f907817706d66c3ed
0,famous_le_10m,12,1.0,1.0,8,osl_siamese_cnn,9f6cede00f159eff7be808f09ba92d3ae09b73def8be7c7f907817706d66c3ed
0,famous_le_10m,13,1.0,1.0,8,osl_siamese_cnn,9f6cede00f159eff7be808f09ba92d3ae09b73def8be7c7f907817706d66c3ed
0,famous_le_10m,14,1.0,1.0,8,osl_siamese_cnn,9f6cede00f159eff7be808f09ba92d3ae09b73def8be7c7f907817706d66c3ed
0,famous_le_10m,15,1.0,1.0,8,osl_siamese_cnn,9f6cede00f159eff7be808f09ba92d3ae09b73def8be7c7f907817706d66c3ed
0,famous_le_10m,16,1.0,1.0,8,osl_siamese_cnn,9f6cede00f159eff7be808f09ba92d3ae09b73def8be7c7f907817706d66c3ed
0,famous_le_10m,17,1.0,1.0,8,osl_siamese_cnn,9f6cede00f159eff7be808f09ba92d3ae09b73def8be7c7f907817706d66c3ed
0,famous_le_10m,18,1.0,1.0,8,osl_siamese_cnn,9f6cede00f159eff7be808f09ba92d3ae09b73def8be7c7f907817706d66c3ed
0,famous_le_10m,19,1.0,1.0,8,osl_siamese_cnn,9f6cede00f159eff7be808f09ba92d3ae09b73def8be7c7f907817706d66c3ed
0,famous_le_10m,20,1.0,1.0,8,osl_siamese_cnn,9f6cede00f159eff7be808f09ba92d3ae09b73def8be7c7f907817706d66c3ed
0,famous_le_10m,21,1.0,1.0,8,osl_siamese_cnn,9f6cede00f159eff7be808f09ba92d3ae09b73def8be7c7f907817706d66c3ed
0,famous_le_10m,22,1.0,1.0,8,osl_siamese_cnn,9f6cede00f159eff7be808f09ba92d3ae09b73def8be7c7f907817706d66c3ed
0,famous_le_10m,23,1.0,1.0,8,osl_siamese_cnn,9f6cede00f159eff7be808f09ba92d3ae09b73def8be7c7f907817706d66c3ed
0,famous_le_100m,0,1.0,1.0,8,osl_siamese_cnn,9f6cede00f159eff7be808f09ba92d3ae09b73def8be7c7f907817706d66c3ed
0,famous_le_100m,1,0.0,0.0,8,osl_siamese_cnn,9f6cede00f159eff7be808f09ba92d3ae09b73def8be7c7f907817706d66c3ed
0,famous_le_100m,2,0.0,0.0,8,osl_siamese_cnn,9f6cede00f159eff7be808f09ba92d3ae09b73def8be7c7f907817706d66c3ed
0,famous_le_100m,3,0.0,0.0,8,osl_siamese_cnn,9f6cede00f159eff7be808f09ba92d3ae09b73def8be7c7f907817706d66c3ed
0,famous_le_100m,4,0.0,0.0,8,osl_siamese_cnn,9f6cede00f159eff7be808f09ba92d3ae09b73def8be7c7f907817706d66c3ed
0,famous_le_100m,5,0.0,0.0,8,osl_siamese_cnn,9f6cede00f159eff7be808f09ba92d3ae09b73def8be7c7f907817706d66c3ed
0,famous_le_100m,6,0.0,0.0,8,osl_siamese_cnn,9f6cede00f159eff7be808f09ba92d3ae09b73def8be7c7f907817706d66c3ed
0,famous_le_100m,7,0.2857142857142857,0.2857142857142857,8,osl_siamese_cnn,9f6cede00f159eff7be808f09ba92d3ae09b73def8be7c7f907817706d66c3ed
0,famous_le_100m,8,0.42857142857142855,0.42857142857142855,8,osl_siamese_cnn,9f6cede00f159eff7be808f09ba92d3ae09b73def8be7c7f907817706d66c3ed
0,famous_le_100m,9,0.5714285714285714,0.5714285714285714,8,osl_siamese_cnn,9f6cede00f159eff7be808f09ba92d3ae09b73def8be7c7f907817706d66c3ed
0,famous_le_100m,10,0.6428571428571429,0.7142857142857143,8,osl_siamese_cnn,9f6cede00f159eff7be808f09ba92d3ae09b73def8be7c7f907817706d66c3ed
0,famous_le_100m,11,0.7857142857142857,0.8571428571428571,8,osl_siamese_cnn,9f6cede00f159eff7be808f09ba92d3ae09b73def8be7c7f907817706d66c3ed
0,famous_le_100m,12,0.8571428571428571,0.8571428571428571,8,osl_siamese_cnn,9f6cede00f159eff7be808f09ba92d3ae09b73def8be7c7f907817706d66c3ed
0,famous_le_100m,13,0.8571428571428571,0.8571428571428571,8,osl_siamese_cnn,9f6cede00f159eff7be808f09ba92d3ae09b73def8be7c7f907817706d66c3ed
0,famous_le_100m,14,0.8571428571428571,0.8571428571428571,8,osl_siamese_cnn,9f6cede00f159eff7be808f09ba92d3ae09b73def8be7c7f907817706d66c3ed
0,famous_le_100m,15,0.8571428571428571,0.8571428571428571,8,osl_siamese_cnn,9f6cede00f159eff7be808f09ba92d3ae09b73def8be7c7f907817706d66c3ed
0,famous_le_100m,16,0.9285714285714286,0.9285714285714286,8,osl_siamese_cnn,9f6cede00f159eff7be808f09ba92d3ae09b73def8be7c7f907817706d66c3ed
0,famous_le_100m,17,0.9285714285714286,0.9285714285714286,8,osl_siamese_cnn,9f6cede00f159eff7be808f09ba92d3ae09b73def8be7c7f907817706d66c3ed
0,famous_le_100m,18,0.9285714285714286,0.9285714285714286,8,osl_siamese_cnn,9f6cede00f159eff7be808f09ba92d3ae09b73def8be7c7f907817706d66c3ed
0,famous_le_100m,19,0.9285714285714286,0.9285714285714286,8,osl_siamese_cnn,9f6cede00f159eff7be808f09ba92d3ae09b73def8be7c7f907817706d66c3ed
0,famous_le_100m,20,0.9285714285714286,0.9285714285714286,8,osl_siamese_cnn,9f6cede00f159eff7be808f09ba92d3ae09b73def8be7c7f907817706d66c3ed
0,famous_le_100m,21,1.0,1.0,8,osl_siamese_cnn,9f6cede00f159eff7be808f09ba92d3ae09b73def8be7c7f907817706d66c3ed
0,famous_le_100m,22,1.0,1.0,8,osl_siamese_cnn,9f6cede00f159eff7be808f09ba92d3ae09b73def8be7c7f907817706d66c3ed
0,famous_le_100m,23,1.0,1.0,8,osl_siamese_cnn,9f6cede00f159eff7be808f09ba92d3ae09b73def8be7c7f907817706d66c3ed
1,torch_pretrained_classification,0,0.975,0.975,8,osl_siamese_cnn,44848f35b4fafdb74b91ae8754e385721ce1f15f279edc578241de50fdbf4f31
1,famous_le_10m,0,1.0,1.0,8,osl_siamese_cnn,44848f35b4fafdb74b91ae8754e385721ce1f15f279edc578241de50fdbf4f31
1,famous_le_10m,1,0.0,0.0,8,osl_siamese_cnn,44848f35b4fafdb74b91ae8754e385721ce1f15f279edc578241de50fdbf4f31
1,famous_le_10m,2,0.0,0.0,8,osl_siamese_cnn,44848f35b4fafdb74b91ae8754e385721ce1f15f279edc578241de50fdbf4f31
1,famous_le_10m,3,0.0,0.0,8,osl_siamese_cnn,44848f35b4fafdb74b91ae8754e385721ce1f15f279edc578241de50fdbf4f31
1,famous_le_10m,4,0.0,0.0,8,osl_siamese_cnn,44848f35b4fafdb74b91ae8754e385721ce1f15f279edc578241de50fdbf4f31
1,famous_le_10m,5,0.0,0.0,8,osl_siamese_cnn,44848f35b4fafdb74b91ae8754e385721ce1f15f279edc578241de50fdbf4f31
1,famous_le_10m,6,0.0,0.0,8,osl_siamese_cnn,44848f35b4fafdb74b91ae8754e385721ce1f15f279edc578241de50fdbf4f31
1,famous_le_10m,7,0.0,0.0,8,osl_siamese_cnn,44848f35b4fafdb74b91ae8754e385721ce1f15f279edc578241de50fdbf4f31
1,famous_le_10m,8,1.0,1.0,8,osl_siamese_cnn,44848f35b4fafdb74b91ae8754e385721ce1f15f279edc578241de50fdbf4f31
1,famous_le_10m,9,1.0,1.0,8,osl_siamese_cnn,44848f35b4fafdb74b91ae8754e385721ce1f15f279edc578241de50fdbf4f31
1,famous_le_10m,10,1.0,1.0,8,osl_siamese_cnn,44848f35b4fafdb74b91ae8754e385721ce1f15f279edc578241de50fdbf4f31
1,famous_le_10m,11,1.0,1.0,8,osl_siamese_cnn,44848f35b4fafdb74b91ae8754e385721ce1f15f279edc578241de50fdbf4f31
1,famous_le_10m,12,1.0,1.0,8,osl_siamese_cnn,44848f35b4fafdb74b91ae8754e385721ce1f15f279edc578241de50fdbf4f31
1,famous_le_10m,13,1.0,1.0,8,osl_siamese_cnn,44848f35b4fafdb74b91ae8754e385721ce1f15f279edc578241de50fdbf4f31
1,famous_le_10m,14,1.0,1.0,8,osl_siamese_cnn,44848f35b4fafdb74b91ae8754e385721ce1f15f279edc578241de50fdbf4f31
1,famous_le_10m,15,1.0,1.0,8,osl_siamese_cnn,44848f35b4fafdb74b91ae8754e385721ce1f15f279edc578241de50fdbf4f31
1,famous_le_10m,16,1.0,1.0,8,osl_siamese_cnn,44848f35b4fafdb74b91ae8754e385721ce1f15f279edc578241de50fdbf4f31
1,famous_le_10m,17,1.0,1.0,8,osl_siamese_cnn,44848f35b4fafdb74b91ae8754e385721ce1f15f279edc578241de50fdbf4f31
1,famous_le_10m,18,1.0,1.0,8,osl_siamese_cnn,44848f35b4fafdb74b91ae8754e385721ce1f15f279edc578241de50fdbf4f31
1,famous_le_10m,19,1.0,1.0,8,osl_siamese_cnn,44848f35b4fafdb74b91ae8754e385721ce1f15f279edc578241de50fdbf4f31
1,famous_le_10m,20,1.0,1.0,8,osl_siamese_cnn,44848f35b4fafdb74b91ae8754e385721ce1f15f279edc578241de50fdbf4f31
1,famous_le_10m,21,1.0,1.0,8,osl_siamese_cnn,44848f35b4fafdb74b91ae8754e385721ce1f15f279edc578241de50fdbf4f31
1,famous_le_10m,22,1.0,1.0,8,osl_siamese_cnn,44848f35b4fafdb74b91ae8754e385721ce1f15f279edc578241de50fdbf4f31
1,famous_le_10m,23,1.0,1.0,8,osl_siamese_cnn,44848f35b4fafdb74b91ae8754e385721ce1f15f279edc578241de50fdbf4f31
1,famous_le_100m,0,1.0,1.0,8,osl_siamese_cnn,44848f35b4fafdb74b91ae8754e385721ce1f15f279edc578241de50fdbf4f31
1,famous_le_100m,1,0.0,0.0,8,osl_siamese_cnn,44848f35b4fafdb74b91ae8754e385721ce1f15f279edc578241de50fdbf4f31
1,famous_le_100m,2,0.0,0.0,8,osl_siamese_cnn,44848f35b4fafdb74b91ae8754e385721ce1f15f279edc578241de50fdbf4f31
1,famous_le_100m,3,0.0,0.0,8,osl_siamese_cnn,44848f35b4fafdb74b91ae8754e385721ce1f15f279edc578241de50fdbf4f31
1,famous_le_100m,4,0.0,0.0,8,osl_siamese_cnn,44848f35b4fafdb74b91ae8754e385721ce1f15f279edc578241de50fdbf4f31
1,famous_le_100m,5,0.0,0.0,8,osl_siamese_cnn,44848f35b4fafdb74b91ae8754e385721ce1f15f279edc578241de50fdbf4f31
1,famous_le_100m,6,0.0,0.0,8,osl_siamese_cnn,44848f35b4fafdb74b91ae8754e385721ce1f15f279edc578241de50fdbf4f31
1,famous_le_100m,7,0.0,0.0,8,osl_siamese_cnn,44848f35b4fafdb74b91ae8754e385721ce1f15f279edc578241de50fdbf4f31
1,famous_le_100m,8,0.42857142857142855,0.42857142857142855,8,osl_siamese_cnn,44848f35b4fafdb74b91ae8754e385721ce1f15f279edc578241de50fdbf4f31
1,famous_le_100m,9,0.42857142857142855,0.42857142857142855,8,osl_siamese_cnn,44848f35b4fafdb74b91ae8754e385721ce1f15f279edc578241de50fdbf4f31
1,famous_le_100m,10,0.42857142857142855,0.42857142857142855,8,osl_siamese_cnn,44848f35b4fafdb74b91ae8754e385721ce1f15f279edc578241de50fdbf4f31
1,famous_le_100m,11,0.5714285714285714,0.5714285714285714,8,osl_siamese_cnn,44848f35b4fafdb74b91ae8754e385721ce1f15f279edc578241de50fdbf4f31
1,famous_le_100m,12,0.5714285714285714,0.5714285714285714,8,osl_siamese_cnn,44848f35b4fafdb74b91ae8754e385721ce1f15f279edc578241de50fdbf4f31
1,famous_le_100m,13,0.7857142857142857,0.7857142857142857,8,osl_siamese_cnn,44848f35b4fafdb74b91ae8754e385721ce1f15f279edc578241de50fdbf4f31
1,famous_le_100m,14,0.8571428571428571,0.8571428571428571,8,osl_siamese_cnn,44848f35b4fafdb74b91ae8754e385721ce1f15f279edc578241de50fdbf4f31
1,famous_le_100m,15,0.8571428571428571,0.8571428571428571,8,osl_siamese_cnn,44848f35b4fafdb74b91ae8754e385721ce1f15f279edc578241de50fdbf4f31
1,famous_le_100m,16,0.8571428571428571,0.8571428571428571,8,osl_siamese_cnn,44848f35b4fafdb74b91ae8754e385721ce1f15f279edc578241de50fdbf4f31
1,famous_le_100m,17,0.8571428571428571,0.8571428571428571,8,osl_siamese_cnn,44848f35b4fafdb74b91ae8754e385721ce1f15f279edc578241de50fdbf4f31
1,famous_le_100m,18,0.9285714285714286,0.9285714285714286,8,osl_siamese_cnn,44848f35b4fafdb74b91ae8754e385721ce1f15f279edc578241de50fdbf4f31
1,famous_le_100m,19,0.9285714285714286,0.9285714285714286,8,osl_siamese_cnn,44848f35b4fafdb74b91ae8754e385721ce1f15f279edc578241de50fdbf4f31
1,famous_le_100m,20,0.9285714285714286,0.9285714285714286,8,osl_siamese_cnn,44848f35b4fafdb74b91ae8754e385721ce1f15f279edc578241de50fdbf4f31
1,famous_le_100m,21,0.9285714285714286,0.9285714285714286,8,osl_siamese_cnn,44848f35b4fafdb74b91ae8754e385721ce1f15f279edc578241de50fdbf4f31
1,famous_le_100m,22,1.0,1.0,8,osl_siamese_cnn,44848f35b4fafdb74b91ae8754e385721ce1f15f279edc578241de50fdbf4f31
1,famous_le_100m,23,1.0,1.0,8,osl_siamese_cnn,44848f35b4fafdb74b91ae8754e385721ce1f15f279edc578241de50fdbf4f31
2,torch_pretrained_classification,0,0.975,0.975,8,osl_siamese_cnn,e4b31722b0ee96751b98cf1ab23ef00acdfd32706af47df957db76aa9a6633e9
2,famous_le_10m,0,1.0,1.0,8,osl_siamese_cnn,e4b31722b0ee96751b98cf1ab23ef00acdfd32706af47df957db76aa9a6633e9
2,famous_le_10m,1,0.0,0.0,8,osl_siamese_cnn,e4b31722b0ee96751b98cf1ab23ef00acdfd32706af47df957db76aa9a6633e9
2,famous_le_10m,2,0.0,0.0,8,osl_siamese_cnn,e4b31722b0ee96751b98cf1ab23ef00acdfd32706af47df957db76aa9a6633e9
2,famous_le_10m,3,0.0,0.0,8,osl_siamese_cnn,e4b31722b0ee96751b98cf1ab23ef00acdfd32706af47df957db76aa9a6633e9
2,famous_le_10m,4,0.0,0.0,8,osl_siamese_cnn,e4b31722b0ee96751b98cf1ab23ef00acdfd32706af47df957db76aa9a6633e9
2,famous_le_10m,5,0.0,0.0,8,osl_siamese_cnn,e4b31722b0ee96751b98cf1ab23ef00acdfd32706af47df957db76aa9a6633e9
2,famous_le_10m,6,0.0,0.0,8,osl_siamese_cnn,e4b31722b0ee96751b98cf1ab23ef00acdfd32706af47df957db76aa9a6633e9
2,famous_le_10m,7,0.0,0.0,8,osl_siamese_cnn,e4b31722b0ee96751b98cf1ab23ef00acdfd32706af47df957db76aa9a6633e9
2,famous_le_10m,8,1.0,1.0,8,osl_siamese_cnn,e4b31722b0ee96751b98cf1ab23ef00acdfd32706af47df957db76aa9a6633e9
2,famous_le_10m,9,0.4,0.4,8,osl_siamese_cnn,e4b31722b0ee96751b98cf1ab23ef00acdfd32706af47df957db76aa9a6633e9
2,famous_le_10m,10,1.0,1.0,8,osl_siamese_cnn,e4b31722b0ee96751b98cf1ab23ef00acdfd32706af47df957db76aa9a6633e9
2,famous_le_10m,11,0.4,0.4,8,osl_siamese_cnn,e4b31722b0ee96751b98cf1ab23ef00acdfd32706af47df957db76aa9a6633e9
2,famous_le_10m,12,1.0,1.0,8,osl_siamese_cnn,e4b31722b0ee96751b98cf1ab23ef00acdfd32706af47df957db76aa9a6633e9
2,famous_le_10m,13,0.6,0.4,8,osl_siamese_cnn,e4b31722b0ee96751b98cf1ab23ef00acdfd32706af47df957db76aa9a6633e9
2,famous_le_10m,14,1.0,1.0,8,osl_siamese_cnn,e4b31722b0ee96751b98cf1ab23ef00acdfd32706af47df957db76aa9a6633e9
2,famous_le_10m,15,1.0,1.0,8,osl_siamese_cnn,e4b31722b0ee96751b98cf1ab23ef00acdfd32706af47df957db76aa9a6633e9
2,famous_le_10m,16,1.0,1.0,8,osl_siamese_cnn,e4b31722b0ee96751b98cf1ab23ef00acdfd32706af47df957db76aa9a6633e9
2,famous_le_10m,17,1.0,1.0,8,osl_siamese_cnn,e4b31722b0ee96751b98cf1ab23ef00acdfd32706af47df957db76aa9a6633e9
2,famous_le_10m,18,1.0,1.0,8,osl_siamese_cnn,e4b31722b0ee96751b98cf1ab23ef00acdfd32706af47df957db76aa9a6633e9
2,famous_le_10m,19,1.0,1.0,8,osl_siamese_cnn,e4b31722b0ee96751b98cf1ab23ef00acdfd32706af47df957db76aa9a6633e9
2,famous_le_10m,20,1.0,1.0,8,osl_siamese_cnn,e4b31722b0ee96751b98cf1ab23ef00acdfd32706af47df957db76aa9a6633e9
2,famous_le_10m,21,1.0,1.0,8,osl_siamese_cnn,e4b31722b0ee96751b98cf1ab23ef00acdfd32706af47df957db76aa9a6633e9
2,famous_le_10m,22,1.0,1.0,8,osl_siamese_cnn,e4b31722b0ee96751b98cf1ab23ef00acdfd32706af47df957db76aa9a6633e9
2,famous_le_10m,23,1.0,1.0,8,osl_siamese_cnn,e4b31722b0ee96751b98cf1ab23ef00acdfd32706af47df957db76aa9a6633e9
2,famous_le_100m,0,1.0,1.0,8,osl_siamese_cnn,e4b31722b0ee96751b98cf1ab23ef00acdfd32706af47df957db76aa9a6633e9
2,famous_le_100m,1,0.0,0.0,8,osl_siamese_cnn,e4b31722b0ee96751b98cf1ab23ef00acdfd32706af47df957db76aa9a6633e9
2,famous_le_100m,2,0.0,0.0,8,osl_siamese_cnn,e4b31722b0ee96751b98cf1ab23ef00acdfd32706af47df957db76aa9a6633e9
2,famous_le_100m,3,0.0,0.0,8,osl_siamese_cnn,e4b31722b0ee96751b98cf1ab23ef00acdfd32706af47df957db76aa9a6633e9
2,famous_le_100m,4,0.0,0.0,8,osl_siamese_cnn,e4b31722b0ee96751b98cf1ab23ef00acdfd32706af47df957db76aa9a6633e9
2,famous_le_100m,5,0.0,0.0,8,osl_siamese_cnn,e4b31722b0ee96751b98cf1ab23ef00acdfd32706af47df957db76aa9a6633e9
2,famous_le_100m,6,0.0,0.0,8,osl_siamese_cnn,e4b31722b0ee96751b98cf1ab23ef00acdfd32706af47df957db76aa9a6633e9
2,famous_le_100m,7,0.0,0.0,8,osl_siamese_cnn,e4b31722b0ee96751b98cf1ab23ef00acdfd32706af47df957db76aa9a6633e9
2,famous_le_100m,8,0.42857142857142855,0.42857142857142855,8,osl_siamese_cnn,e4b31722b0ee96751b98cf1ab23ef00acdfd32706af47df957db76aa9a6633e9
2,famous_le_100m,9,0.42857142857142855,0.42857142857142855,8,osl_siamese_cnn,e4b31722b0ee96751b98cf1ab23ef00acdfd32706af47df957db76aa9a6633e9
2,famous_le_100m,10,0.42857142857142855,0.42857142857142855,8,osl_siamese_cnn,e4b31722b0ee96751b98cf1ab23ef00acdfd32706af47df957db76aa9a6633e9
2,famous_le_100m,11,0.42857142857142855,0.42857142857142855,8,osl_siamese_cnn,e4b31722b0ee96751b98cf1ab23ef00acdfd32706af47df957db76aa9a6633e9
2,famous_le_100m,12,0.5714285714285714,0.5714285714285714,8,osl_siamese_cnn,e4b31722b0ee96751b98cf1ab23ef00acdfd32706af47df957db76aa9a6633e9
2,famous_le_100m,13,0.7142857142857143,0.7142857142857143,8,osl_siamese_cnn,e4b31722b0ee96751b98cf1ab23ef00acdfd32706af47df957db76aa9a6633e9
2,famous_le_100m,14,0.8571428571428571,0.7857142857142857,8,osl_siamese_cnn,e4b31722b0ee96751b98cf1ab23ef00acdfd32706af47df957db76aa9a6633e9
2,famous_le_100m,15,0.8571428571428571,0.8571428571428571,8,osl_siamese_cnn,e4b31722b0ee96751b98cf1ab23ef00acdfd32706af47df957db76aa9a6633e9
2,famous_le_100m,16,0.8571428571428571,0.8571428571428571,8,osl_siamese_cnn,e4b31722b0ee96751b98cf1ab23ef00acdfd32706af47df957db76aa9a6633e9
2,famous_le_100m,17,0.8571428571428571,0.8571428571428571,8,osl_siamese_cnn,e4b31722b0ee96751b98cf1ab23ef00acdfd32706af47df957db76aa9a6633e9
2,famous_le_100m,18,0.9285714285714286,0.9285714285714286,8,osl_siamese_cnn,e4b31722b0ee96751b98cf1ab23ef00acdfd32706af47df957db76aa9a6633e9
2,famous_le_100m,19,0.9285714285714286,0.9285714285714286,8,osl_siamese_cnn,e4b31722b0ee96751b98cf1ab23ef00acdfd32706af47df957db76aa9a6633e9
2,famous_le_100m,20,0.9285714285714286,0.9285714285714286,8,osl_siamese_cnn,e4b31722b0ee96751b98cf1ab23ef00acdfd32706af47df957db76aa9a6633e9
2,famous_le_100m,21,0.9285714285714286,0.9285714285714286,8,osl_siamese_cnn,e4b31722b0ee96751b98cf1ab23ef00acdfd32706af47df957db76aa9a6633e9
2,famous_le_100m,22,1.0,1.0,8,osl_siamese_cnn,e4b31722b0ee96751b98cf1ab23ef00acdfd32706af47df957db76aa9a6633e9
2,famous_le_100m,23,1.0,1.0,8,osl_siamese_cnn,e4b31722b0ee96751b98cf1ab23ef00acdfd32706af47df957db76aa9a6633e9
3,torch_pretrained_classification,0,0.975,0.975,8,osl_siamese_cnn,f21151d8c1218070d5fe61cf0039a6edf6b6cca2fb98e6e8e9367c97c7a16456
3,famous_le_10m,0,1.0,1.0,8,osl_siamese_cnn,f21151d8c1218070d5fe61cf0039a6edf6b6cca2fb98e6e8e9367c97c7a16456
3,famous_le_10m,1,0.0,0.0,8,osl_siamese_cnn,f21151d8c1218070d5fe61cf0039a6edf6b6cca2fb98e6e8e9367c97c7a16456
3,famous_le_10m,2,0.0,0.0,8,osl_siamese_cnn,f21151d8c1218070d5fe61cf0039a6edf6b6cca2fb98e6e8e9367c97c7a16456
3,famous_le_10m,3,0.0,0.0,8,osl_siamese_cnn,f21151d8c1218070d5fe61cf0039a6edf6b6cca2fb98e6e8e9367c97c7a16456
3,famous_le_10m,4,0.0,0.0,8,osl_siamese_cnn,f21151d8c1218070d5fe61cf0039a6edf6b6cca2fb98e6e8e9367c97c7a16456
3,famous_le_10m,5,0.0,0.0,8,osl_siamese_cnn,f21151d8c1218070d5fe61cf0039a6edf6b6cca2fb98e6e8e9367c97c7a16456
3,famous_le_10m,6,0.0,0.0,8,osl_siamese_cnn,f21151d8c1218070d5fe61cf0039a6edf6b6cca2fb98e6e8e9367c97c7a16456
3,famous_le_10m,7,0.2,0.2,8,osl_siamese_cnn,f21151d8c1218070d5fe61cf0039a6edf6b6cca2fb98e6e8e9367c97c7a16456
3,famous_le_10m,8,0.6,1.0,8,osl_siamese_cnn,f21151d8c1218070d5fe61cf0039a6edf6b6cca2fb98e6e8e9367c97c7a16456
3,famous_le_10m,9,0.4,0.4,8,osl_siamese_cnn,f21151d8c1218070d5fe61cf0039a6edf6b6cca2fb98e6e8e9367c97c7a16456
3,famous_le_10m,10,0.4,0.4,8,osl_siamese_cnn,f21151d8c1218070d5fe61cf0039a6edf6b6cca2fb98e6e8e9367c97c7a16456
3,famous_le_10m,11,0.4,0.4,8,osl_siamese_cnn,f21151d8c1218070d5fe61cf0039a6edf6b6cca2fb98e6e8e9367c97c7a16456
3,famous_le_10m,12,0.8,0.8,8,osl_siamese_cnn,f21151d8c1218070d5fe61cf0039a6edf6b6cca2fb98e6e8e9367c97c7a16456
3,famous_le_10m,13,0.8,1.0,8,osl_siamese_cnn,f21151d8c1218070d5fe61cf0039a6edf6b6cca2fb98e6e8e9367c97c7a16456
3,famous_le_10m,14,0.8,1.0,8,osl_siamese_cnn,f21151d8c1218070d5fe61cf0039a6edf6b6cca2fb98e6e8e9367c97c7a16456
3,famous_le_10m,15,0.8,0.8,8,osl_siamese_cnn,f21151d8c1218070d5fe61cf0039a6edf6b6cca2fb98e6e8e9367c97c7a16456
3,famous_le_10m,16,1.0,1.0,8,osl_siamese_cnn,f21151d8c1218070d5fe61cf0039a6edf6b6cca2fb98e6e8e9367c97c7a16456
3,famous_le_10m,17,0.8,0.8,8,osl_siamese_cnn,f21151d8c1218070d5fe61cf0039a6edf6b6cca2fb98e6e8e9367c97c7a16456
3,famous_le_10m,18,0.8,0.8,8,osl_siamese_cnn,f21151d8c1218070d5fe61cf0039a6edf6b6cca2fb98e6e8e9367c97c7a16456
3,famous_le_10m,19,0.6,0.6,8,osl_siamese_cnn,f21151d8c1218070d5fe61cf0039a6edf6b6cca2fb98e6e8e9367c97c7a16456
3,famous_le_10m,20,1.0,1.0,8,osl_siamese_cnn,f21151d8c1218070d5fe61cf0039a6edf6b6cca2fb98e6e8e9367c97c7a16456
3,famous_le_10m,21,0.6,0.6,8,osl_siamese_cnn,f21151d8c1218070d5fe61cf0039a6edf6b6cca2fb98e6e8e9367c97c7a16456
3,famous_le_10m,22,0.6,0.6,8,osl_siamese_cnn,f21151d8c1218070d5fe61cf0039a6edf6b6cca2fb98e6e8e9367c97c7a16456
3,famous_le_10m,23,0.6,0.6,8,osl_siamese_cnn,f21151d8c1218070d5fe61cf0039a6edf6b6cca2fb98e6e8e9367c97c7a16456
3,famous_le_100m,0,1.0,1.0,8,osl_siamese_cnn,f21151d8c1218070d5fe61cf0039a6edf6b6cca2fb98e6e8e9367c97c7a16456
3,famous_le_100m,1,0.0,0.0,8,osl_siamese_cnn,f21151d8c1218070d5fe61cf0039a6edf6b6cca2fb98e6e8e9367c97c7a16456
3,famous_le_100m,2,0.0,0.0,8,osl_siamese_cnn,f21151d8c1218070d5fe61cf0039a6edf6b6cca2fb98e6e8e9367c97c7a16456
3,famous_le_100m,3,0.0,0.0,8,osl_siamese_cnn,f21151d8c1218070d5fe61cf0039a6edf6b6cca2fb98e6e8e9367c97c7a16456
3,famous_le_100m,4,0.0,0.0,8,osl_siamese_cnn,f21151d8c1218070d5fe61cf0039a6edf6b6cca2fb98e6e8e9367c97c7a16456
3,famous_le_100m,5,0.0,0.0,8,osl_siamese_cnn,f21151d8c1218070d5fe61cf0039a6edf6b6cca2fb98e6e8e9367c97c7a16456
3,famous_le_100m,6,0.0,0.0,8,osl_siamese_cnn,f21151d8c1218070d5fe61cf0039a6edf6b6cca2fb98e6e8e9367c97c7a16456
3,famous_le_100m,7,0.0,0.14285714285714285,8,osl_siamese_cnn,f21151d8c1218070d5fe61cf0039a6edf6b6cca2fb98e6e8e9367c97c7a16456
3,famous_le_100m,8,0.2857142857142857,0.2857142857142857,8,osl_siamese_cnn,f21151d8c1218070d5fe61cf0039a6edf6b6cca2fb98e6e8e9367c97c7a16456
3,famous_le_100m,9,0.42857142857142855,0.42857142857142855,8,osl_siamese_cnn,f21151d8c1218070d5fe61cf0039a6edf6b6cca2fb98e6e8e9367c97c7a16456
3,famous_le_100m,10,0.42857142857142855,0.42857142857142855,8,osl_siamese_cnn,f21151d8c1218070d5fe61cf0039a6edf6b6cca2fb98e6e8e9367c97c7a16456
3,famous_le_100m,11,0.42857142857142855,0.42857142857142855,8,osl_siamese_cnn,f21151d8c1218070d5fe61cf0039a6edf6b6cca2fb98e6e8e9367c97c7a16456
3,famous_le_100m,12,0.42857142857142855,0.42857142857142855,8,osl_siamese_cnn,f21151d8c1218070d5fe61cf0039a6edf6b6cca2fb98e6e8e9367c97c7a16456
3,famous_le_100m,13,0.42857142857142855,0.5714285714285714,8,osl_siamese_cnn,f21151d8c1218070d5fe61cf0039a6edf6b6cca2fb98e6e8e9367c97c7a16456
3,famous_le_100m,14,0.6428571428571429,0.7857142857142857,8,osl_siamese_cnn,f21151d8c1218070d5fe61cf0039a6edf6b6cca2fb98e6e8e9367c97c7a16456
3,famous_le_100m,15,0.8571428571428571,0.8571428571428571,8,osl_siamese_cnn,f21151d8c1218070d5fe61cf0039a6edf6b6cca2fb98e6e8e9367c97c7a16456
3,famous_le_100m,16,0.8571428571428571,0.8571428571428571,8,osl_siamese_cnn,f21151d8c1218070d5fe61cf0039a6edf6b6cca2fb98e6e8e9367c97c7a16456
3,famous_le_100m,17,0.8571428571428571,0.8571428571428571,8,osl_siamese_cnn,f21151d8c1218070d5fe61cf0039a6edf6b6cca2fb98e6e8e9367c97c7a16456
3,famous_le_100m,18,0.9285714285714286,0.9285714285714286,8,osl_siamese_cnn,f21151d8c1218070d5fe61cf0039a6edf6b6cca2fb98e6e8e9367c97c7a16456
3,famous_le_100m,19,0.8571428571428571,0.8571428571428571,8,osl_siamese_cnn,f21151d8c1218070d5fe61cf0039a6edf6b6cca2fb98e6e8e9367c97c7a16456
3,famous_le_100m,20,0.9285714285714286,0.9285714285714286,8,osl_siamese_cnn,f21151d8c1218070d5fe61cf0039a6edf6b6cca2fb98e6e8e9367c97c7a16456
3,famous_le_100m,21,0.9285714285714286,0.9285714285714286,8,osl_siamese_cnn,f21151d8c1218070d5fe61cf0039a6edf6b6cca2fb98e6e8e9367c97c7a16456
3,famous_le_100m,22,1.0,1.0,8,osl_siamese_cnn,f21151d8c1218070d5fe61cf0039a6edf6b6cca2fb98e6e8e9367c97c7a16456
3,famous_le_100m,23,1.0,1.0,8,osl_siamese_cnn,f21151d8c1218070d5fe61cf0039a6edf6b6cca2fb98e6e8e9367c97c7a16456
4,torch_pretrained_classification,0,0.95,0.95,8,osl_siamese_cnn,034429722126071c92030ed4448ead96cfa78103c6e14dbfc2174fc60dee73b7
4,famous_le_10m,0,1.0,1.0,8,osl_siamese_cnn,034429722126071c92030ed4448ead96cfa78103c6e14dbfc2174fc60dee73b7
4,famous_le_10m,1,0.0,0.0,8,osl_siamese_cnn,034429722126071c92030ed4448ead96cfa78103c6e14dbfc2174fc60dee73b7
4,famous_le_10m,2,0.0,0.0,8,osl_siamese_cnn,034429722126071c92030ed4448ead96cfa78103c6e14dbfc2174fc60dee73b7
4,famous_le_10m,3,0.0,0.0,8,osl_siamese_cnn,034429722126071c92030ed4448ead96cfa78103c6e14dbfc2174fc60dee73b7
4,famous_le_10m,4,0.0,0.0,8,osl_siamese_cnn,034429722126071c92030ed4448ead96cfa78103c6e14dbfc2174fc60dee73b7
4,famous_le_10m,5,0.0,0.0,8,osl_siamese_cnn,034429722126071c92030ed4448ead96cfa78103c6e14dbfc2174fc60dee73b7
4,famous_le_10m,6,0.0,0.0,8,osl_siamese_cnn,034429722126071c92030ed4448ead96cfa78103c6e14dbfc2174fc60dee73b7
4,famous_le_10m,7,0.2,0.2,8,osl_siamese_cnn,034429722126071c92030ed4448ead96cfa78103c6e14dbfc2174fc60dee73b7
4,famous_le_10m,8,0.2,0.2,8,osl_siamese_cnn,034429722126071c92030ed4448ead96cfa78103c6e14dbfc2174fc60dee73b7
4,famous_le_10m,9,0.4,0.4,8,osl_siamese_cnn,034429722126071c92030ed4448ead96cfa78103c6e14dbfc2174fc60dee73b7
4,famous_le_10m,10,0.4,0.4,8,osl_siamese_cnn,034429722126071c92030ed4448ead96cfa78103c6e14dbfc2174fc60dee73b7
4,famous_le_10m,11,0.4,0.4,8,osl_siamese_cnn,034429722126071c92030ed4448ead96cfa78103c6e14dbfc2174fc60dee73b7
4,famous_le_10m,12,0.8,0.8,8,osl_siamese_cnn,034429722126071c92030ed4448ead96cfa78103c6e14dbfc2174fc60dee73b7
4,famous_le_10m,13,0.4,0.4,8,osl_siamese_cnn,034429722126071c92030ed4448ead96cfa78103c6e14dbfc2174fc60dee73b7
4,famous_le_10m,14,0.4,0.4,8,osl_siamese_cnn,034429722126071c92030ed4448ead96cfa78103c6e14dbfc2174fc60dee73b7
4,famous_le_10m,15,0.4,0.4,8,osl_siamese_cnn,034429722126071c92030ed4448ead96cfa78103c6e14dbfc2174fc60dee73b7
4,famous_le_10m,16,1.0,1.0,8,osl_siamese_cnn,034429722126071c92030ed4448ead96cfa78103c6e14dbfc2174fc60dee73b7
4,famous_le_10m,17,0.4,0.4,8,osl_siamese_cnn,034429722126071c92030ed4448ead96cfa78103c6e14dbfc2174fc60dee73b7
4,famous_le_10m,18,0.8,0.8,8,osl_siamese_cnn,034429722126071c92030ed4448ead96cfa78103c6e14dbfc2174fc60dee73b7
4,famous_le_10m,19,0.6,0.6,8,osl_siamese_cnn,034429722126071c92030ed4448ead96cfa78103c6e14dbfc2174fc60dee73b7
4,famous_le_10m,20,1.0,1.0,8,osl_siamese_cnn,034429722126071c92030ed4448ead96cfa78103c6e14dbfc2174fc60dee73b7
4,famous_le_10m,21,0.8,0.8,8,osl_siamese_cnn,034429722126071c92030ed4448ead96cfa78103c6e14dbfc2174fc60dee73b7
4,famous_le_10m,22,1.0,1.0,8,osl_siamese_cnn,034429722126071c92030ed4448ead96cfa78103c6e14dbfc2174fc60dee73b7
4,famous_le_10m,23,1.0,1.0,8,osl_siamese_cnn,034429722126071c92030ed4448ead96cfa78103c6e14dbfc2174fc60dee73b7
4,famous_le_100m,0,1.0,1.0,8,osl_siamese_cnn,034429722126071c92030ed4448ead96cfa78103c6e14dbfc2174fc60dee73b7
4,famous_le_100m,1,0.0,0.0,8,osl_siamese_cnn,034429722126071c92030ed4448ead96cfa78103c6e14dbfc2174fc60dee73b7
4,famous_le_100m,2,0.0,0.0,8,osl_siamese_cnn,034429722126071c92030ed4448ead96cfa78103c6e14dbfc2174fc60dee73b7
4,famous_le_100m,3,0.0,0.0,8,osl_siamese_cnn,034429722126071c92030ed4448ead96cfa78103c6e14dbfc2174fc60dee73b7
4,famous_le_100m,4,0.0,0.0,8,osl_siamese_cnn,034429722126071c92030ed4448ead96cfa78103c6e14dbfc2174fc60dee73b7
4,famous_le_100m,5,0.0,0.0,8,osl_siamese_cnn,034429722126071c92030ed4448ead96cfa78103c6e14dbfc2174fc60dee73b7
4,famous_le_100m,6,0.0,0.0,8,osl_siamese_cnn,034429722126071c92030ed4448ead96cfa78103c6e14dbfc2174fc60dee73b7
4,famous_le_100m,7,0.0,0.0,8,osl_siamese_cnn,034429722126071c92030ed4448ead96cfa78103c6e14dbfc2174fc60dee73b7
4,famous_le_100m,8,0.0,0.0,8,osl_siamese_cnn,034429722126071c92030ed4448ead96cfa78103c6e14dbfc2174fc60dee73b7
4,famous_le_100m,9,0.0,0.0,8,osl_siamese_cnn,034429722126071c92030ed4448ead96cfa78103c6e14dbfc2174fc60dee73b7
4,famous_le_100m,10,0.0,0.0,8,osl_siamese_cnn,034429722126071c92030ed4448ead96cfa78103c6e14dbfc2174fc60dee73b7
4,famous_le_100m,11,0.0,0.0,8,osl_siamese_cnn,034429722126071c92030ed4448ead96cfa78103c6e14dbfc2174fc60dee73b7
4,famous_le_100m,12,0.0,0.0,8,osl_siamese_cnn,034429722126071c92030ed4448ead96cfa78103c6e14dbfc2174fc60dee73b7
4,famous_le_100m,13,0.0,0.0,8,osl_siamese_cnn,034429722126071c92030ed4448ead96cfa78103c6e14dbfc2174fc60dee73b7
4,famous_le_100m,14,0.0,0.0,8,osl_siamese_cnn,034429722126071c92030ed4448ead96cfa78103c6e14dbfc2174fc60dee73b7
4,famous_le_100m,15,0.0,0.0,8,osl_siamese_cnn,034429722126071c92030ed4448ead96cfa78103c6e14dbfc2174fc60dee73b7
4,famous_le_100m,16,0.0,0.0,8,osl_siamese_cnn,034429722126071c92030ed4448ead96cfa78103c6e14dbfc2174fc60dee73b7
4,famous_le_100m,17,0.0,0.0,8,osl_siamese_cnn,034429722126071c92030ed4448ead96cfa78103c6e14dbfc2174fc60dee73b7
4,famous_le_100m,18,0.0,0.0,8,osl_siamese_cnn,034429722126071c92030ed4448ead96cfa78103c6e14dbfc2174fc60dee73b7
4,famous_le_100m,19,0.14285714285714285,0.14285714285714285,8,osl_siamese_cnn,034429722126071c92030ed4448ead96cfa78103c6e14dbfc2174fc60dee73b7
4,famous_le_100m,20,0.21428571428571427,0.21428571428571427,8,osl_siamese_cnn,034429722126071c92030ed4448ead96cfa78103c6e14dbfc2174fc60dee73b7
4,famous_le_100m,21,0.2857142857142857,0.2857142857142857,8,osl_siamese_cnn,034429722126071c92030ed4448ead96cfa78103c6e14dbfc2174fc60dee73b7
4,famous_le_100m,22,0.42857142857142855,0.42857142857142855,8,osl_siamese_cnn,034429722126071c92030ed4448ead96cfa78103c6e14dbfc2174fc60dee73b7
4,famous_le_100m,23,0.42857142857142855,0.42857142857142855,8,osl_siamese_cnn,034429722126071c92030ed4448ead96cfa78103c6e14dbfc2174fc60dee73b7
5,torch_pretrained_classification,0,0.525,0.5125,1,osl_siamese_cnn,6295a1cff602723cd3360151d966806e484bd9fc0d090019aa01822583f86783
5,famous_le_10m,0,1.0,0.6,1,osl_siamese_cnn,6295a1cff602723cd3360151d966806e484bd9fc0d090019aa01822583f86783
5,famous_le_10m,1,0.0,0.4,1,osl_siamese_cnn,6295a1cff602723cd3360151d966806e484bd9fc0d090019aa01822583f86783
5,famous_le_10m,2,0.2,0.6,1,osl_siamese_cnn,6295a1cff602723cd3360151d966806e484bd9fc0d090019aa01822583f86783
5,famous_le_10m,3,0.2,0.6,1,osl_siamese_cnn,6295a1cff602723cd3360151d966806e484bd9fc0d090019aa01822583f86783
5,famous_le_10m,4,0.6,0.6,1,osl_siamese_cnn,6295a1cff602723cd3360151d966806e484bd9fc0d090019aa01822583f86783
5,famous_le_10m,5,1.0,0.8,1,osl_siamese_cnn,6295a1cff602723cd3360151d966806e484bd9fc0d090019aa01822583f86783
5,famous_le_10m,6,1.0,0.8,1,osl_siamese_cnn,6295a1cff602723cd3360151d966806e484bd9fc0d090019aa01822583f86783
5,famous_le_10m,7,1.0,1.0,1,osl_siamese_cnn,6295a1cff602723cd3360151d966806e484bd9fc0d090019aa01822583f86783
5,famous_le_10m,8,1.0,1.0,1,osl_siamese_cnn,6295a1cff602723cd3360151d966806e484bd9fc0d090019aa01822583f86783
5,famous_le_10m,9,1.0,1.0,1,osl_siamese_cnn,6295a1cff602723cd3360151d966806e484bd9fc0d090019aa01822583f86783
5,famous_le_10m,10,1.0,1.0,1,osl_siamese_cnn,6295a1cff602723cd3360151d966806e484bd9fc0d090019aa01822583f86783
5,famous_le_10m,11,1.0,1.0,1,osl_siamese_cnn,6295a1cff602723cd3360151d966806e484bd9fc0d090019aa01822583f86783
5,famous_le_10m,12,1.0,1.0,1,osl_siamese_cnn,6295a1cff602723cd3360151d966806e484bd9fc0d090019aa01822583f86783
5,famous_le_10m,13,1.0,1.0,1,osl_siamese_cnn,6295a1cff602723cd3360151d966806e484bd9fc0d090019aa01822583f86783
5,famous_le_10m,14,1.0,1.0,1,osl_siamese_cnn,6295a1cff602723cd3360151d966806e484bd9fc0d090019aa01822583f86783
5,famous_le_10m,15,1.0,1.0,1,osl_siamese_cnn,6295a1cff602723cd3360151d966806e484bd9fc0d090019aa01822583f86783
5,famous_le_10m,16,1.0,1.0,1,osl_siamese_cnn,6295a1cff602723cd3360151d966806e484bd9fc0d090019aa01822583f86783
5,famous_le_10m,17,1.0,1.0,1,osl_siamese_cnn,6295a1cff602723cd3360151d966806e484bd9fc0d090019aa01822583f86783
5,famous_le_10m,18,1.0,1.0,1,osl_siamese_cnn,6295a1cff602723cd3360151d966806e484bd9fc0d090019aa01822583f86783
5,famous_le_10m,19,1.0,1.0,1,osl_siamese_cnn,6295a1cff602723cd3360151d966806e484bd9fc0d090019aa01822583f86783
5,famous_le_10m,20,1.0,1.0,1,osl_siamese_cnn,6295a1cff602723cd3360151d966806e484bd9fc0d090019aa01822583f86783
5,famous_le_10m,21,1.0,1.0,1,osl_siamese_cnn,6295a1cff602723cd3360151d966806e484bd9fc0d090019aa01822583f86783
5,famous_le_10m,22,1.0,1.0,1,osl_siamese_cnn,6295a1cff602723cd3360151d966806e484bd9fc0d090019aa01822583f86783
5,famous_le_10m,23,1.0,1.0,1,osl_siamese_cnn,6295a1cff602723cd3360151d966806e484bd9fc0d090019aa01822583f86783
5,famous_le_100m,0,0.6428571428571429,0.42857142857142855,1,osl_siamese_cnn,6295a1cff602723cd3360151d966806e484bd9fc0d090019aa01822583f86783
5,famous_le_100m,1,0.35714285714285715,0.5714285714285714,1,osl_siamese_cnn,6295a1cff602723cd3360151d966806e484bd9fc0d090019aa01822583f86783
5,famous_le_100m,2,0.35714285714285715,0.5714285714285714,1,osl_siamese_cnn,6295a1cff602723cd3360151d966806e484bd9fc0d090019aa01822583f86783
5,famous_le_100m,3,0.35714285714285715,0.5714285714285714,1,osl_siamese_cnn,6295a1cff602723cd3360151d966806e484bd9fc0d090019aa01822583f86783
5,famous_le_100m,4,0.35714285714285715,0.42857142857142855,1,osl_siamese_cnn,6295a1cff602723cd3360151d966806e484bd9fc0d090019aa01822583f86783
5,famous_le_100m,5,0.35714285714285715,0.5714285714285714,1,osl_siamese_cnn,6295a1cff602723cd3360151d966806e484bd9fc0d090019aa01822583f86783
5,famous_le_100m,6,0.5,0.6428571428571429,1,osl_siamese_cnn,6295a1cff602723cd3360151d966806e484bd9fc0d090019aa01822583f86783
5,famous_le_100m,7,0.6428571428571429,0.7857142857142857,1,osl_siamese_cnn,6295a1cff602723cd3360151d966806e484bd9fc0d090019aa01822583f86783
5,famous_le_100m,8,0.6428571428571429,0.7142857142857143,1,osl_siamese_cnn,6295a1cff602723cd3360151d966806e484bd9fc0d090019aa01822583f86783
5,famous_le_100m,9,0.7857142857142857,0.7142857142857143,1,osl_siamese_cnn,6295a1cff602723cd3360151d966806e484bd9fc0d090019aa01822583f86783
5,famous_le_100m,10,0.7857142857142857,0.7142857142857143,1,osl_siamese_cnn,6295a1cff602723cd3360151d966806e484bd9fc0d090019aa01822583f86783
5,famous_le_100m,11,0.8571428571428571,0.8571428571428571,1,osl_siamese_cnn,6295a1cff602723cd3360151d966806e484bd9fc0d090019aa01822583f86783
5,famous_le_100m,12,0.8571428571428571,1.0,1,osl_siamese_cnn,6295a1cff602723cd3360151d966806e484bd9fc0d090019aa01822583f86783
5,famous_le_100m,13,0.9285714285714286,1.0,1,osl_siamese_cnn,6295a1cff602723cd3360151d966806e484bd9fc0d090019aa01822583f86783
5,famous_le_100m,14,0.9285714285714286,1.0,1,osl_siamese_cnn,6295a1cff602723cd3360151d966806e484bd9fc0d090019aa01822583f86783
5,famous_le_100m,15,0.9285714285714286,0.8571428571428571,1,osl_siamese_cnn,6295a1cff602723cd3360151d966806e484bd9fc0d090019aa01822583f86783
5,famous_le_100m,16,0.9285714285714286,0.9285714285714286,1,osl_siamese_cnn,6295a1cff602723cd3360151d966806e484bd9fc0d090019aa01822583f86783
5,famous_le_100m,17,1.0,1.0,1,osl_siamese_cnn,6295a1cff602723cd3360151d966806e484bd9fc0d090019aa01822583f86783
5,famous_le_100m,18,1.0,0.9285714285714286,1,osl_siamese_cnn,6295a1cff602723cd3360151d966806e484bd9fc0d090019aa01822583f86783
5,famous_le_100m,19,1.0,1.0,1,osl_siamese_cnn,6295a1cff602723cd3360151d966806e484bd9fc0d090019aa01822583f86783
5,famous_le_100m,20,1.0,1.0,1,osl_siamese_cnn,6295a1cff602723cd3360151d966806e484bd9fc0d090019aa01822583f86783
5,famous_le_100m,21,1.0,1.0,1,osl_siamese_cnn,6295a1cff602723cd3360151d966806e484bd9fc0d090019aa01822583f86783
5,famous_le_100m,22,1.0,1.0,1,osl_siamese_cnn,6295a1cff602723cd3360151d966806e484bd9fc0d090019aa01822583f86783
5,famous_le_100m,23,1.0,1.0,1,osl_siamese_cnn,6295a1cff602723cd3360151d966806e484bd9fc0d090019aa01822583f86783
6,torch_pretrained_classification,0,0.8375,0.4125,1,osl_siamese_cnn,73665262044bb0347fec8c54b08170ec05cc627f8e3df9dbd199883de4f832bd
6,famous_le_10m,0,1.0,0.4,1,osl_siamese_cnn,73665262044bb0347fec8c54b08170ec05cc627f8e3df9dbd199883de4f832bd
6,famous_le_10m,1,0.0,0.6,1,osl_siamese_cnn,73665262044bb0347fec8c54b08170ec05cc627f8e3df9dbd199883de4f832bd
6,famous_le_10m,2,0.0,0.6,1,osl_siamese_cnn,73665262044bb0347fec8c54b08170ec05cc627f8e3df9dbd199883de4f832bd
6,famous_le_10m,3,0.0,0.4,1,osl_siamese_cnn,73665262044bb0347fec8c54b08170ec05cc627f8e3df9dbd199883de4f832bd
6,famous_le_10m,4,0.2,0.6,1,osl_siamese_cnn,73665262044bb0347fec8c54b08170ec05cc627f8e3df9dbd199883de4f832bd
6,famous_le_10m,5,0.8,0.6,1,osl_siamese_cnn,73665262044bb0347fec8c54b08170ec05cc627f8e3df9dbd199883de4f832bd
6,famous_le_10m,6,1.0,0.6,1,osl_siamese_cnn,73665262044bb0347fec8c54b08170ec05cc627f8e3df9dbd199883de4f832bd
6,famous_le_10m,7,1.0,1.0,1,osl_siamese_cnn,73665262044bb0347fec8c54b08170ec05cc627f8e3df9dbd199883de4f832bd
6,famous_le_10m,8,1.0,1.0,1,osl_siamese_cnn,73665262044bb0347fec8c54b08170ec05cc627f8e3df9dbd199883de4f832bd
6,famous_le_10m,9,1.0,1.0,1,osl_siamese_cnn,73665262044bb0347fec8c54b08170ec05cc627f8e3df9dbd199883de4f832bd
6,famous_le_10m,10,1.0,1.0,1,osl_siamese_cnn,73665262044bb0347fec8c54b08170ec05cc627f8e3df9dbd199883de4f832bd
6,famous_le_10m,11,1.0,1.0,1,osl_siamese_cnn,73665262044bb0347fec8c54b08170ec05cc627f8e3df9dbd199883de4f832bd
6,famous_le_10m,12,1.0,1.0,1,osl_siamese_cnn,73665262044bb0347fec8c54b08170ec05cc627f8e3df9dbd199883de4f832bd
6,famous_le_10m,13,1.0,1.0,1,osl_siamese_cnn,73665262044bb0347fec8c54b08170ec05cc627f8e3df9dbd199883de4f832bd
6,famous_le_10m,14,1.0,1.0,1,osl_siamese_cnn,73665262044bb0347fec8c54b08170ec05cc627f8e3df9dbd199883de4f832bd
6,famous_le_10m,15,1.0,1.0,1,osl_siamese_cnn,73665262044bb0347fec8c54b08170ec05cc627f8e3df9dbd199883de4f832bd
6,famous_le_10m,16,1.0,1.0,1,osl_siamese_cnn,73665262044bb0347fec8c54b08170ec05cc627f8e3df9dbd199883de4f832bd
6,famous_le_10m,17,1.0,1.0,1,osl_siamese_cnn,73665262044bb0347fec8c54b08170ec05cc627f8e3df9dbd199883de4f832bd
6,famous_le_10m,18,1.0,1.0,1,osl_siamese_cnn,73665262044bb0347fec8c54b08170ec05cc627f8e3df9dbd199883de4f832bd
6,famous_le_10m,19,1.0,1.0,1,osl_siamese_cnn,73665262044bb0347fec8c54b08170ec05cc627f8e3df9dbd199883de4f832bd
6,famous_le_10m,20,1.0,1.0,1,osl_siamese_cnn,73665262044bb0347fec8c54b08170ec05cc627f8e3df9dbd199883de4f832bd
6,famous_le_10m,21,1.0,1.0,1,osl_siamese_cnn,73665262044bb0347fec8c54b08170ec05cc627f8e3df9dbd199883de4f832bd
6,famous_le_10m,22,1.0,1.0,1,osl_siamese_cnn,73665262044bb0347fec8c54b08170ec05cc627f8e3df9dbd199883de4f832bd
6,famous_le_10m,23,1.0,1.0,1,osl_siamese_cnn,73665262044bb0347fec8c54b08170ec05cc627f8e3df9dbd199883de4f832bd
6,famous_le_100m,0,0.9285714285714286,0.2857142857142857,1,osl_siamese_cnn,73665262044bb0347fec8c54b08170ec05cc627f8e3df9dbd199883de4f832bd
6,famous_le_100m,1,0.07142857142857142,0.7142857142857143,1,osl_siamese_cnn,73665262044bb0347fec8c54b08170ec05cc627f8e3df9dbd199883de4f832bd
6,famous_le_100m,2,0.07142857142857142,0.6428571428571429,1,osl_siamese_cnn,73665262044bb0347fec8c54b08170ec05cc627f8e3df9dbd199883de4f832bd
6,famous_le_100m,3,0.07142857142857142,0.6428571428571429,1,osl_siamese_cnn,73665262044bb0347fec8c54b08170ec05cc627f8e3df9dbd199883de4f832bd
6,famous_le_100m,4,0.07142857142857142,0.6428571428571429,1,osl_siamese_cnn,73665262044bb0347fec8c54b08170ec05cc627f8e3df9dbd199883de4f832bd
6,famous_le_100m,5,0.07142857142857142,0.7142857142857143,1,osl_siamese_cnn,73665262044bb0347fec8c54b08170ec05cc627f8e3df9dbd199883de4f832bd
6,famous_le_100m,6,0.21428571428571427,0.7142857142857143,1,osl_siamese_cnn,73665262044bb0347fec8c54b08170ec05cc627f8e3df9dbd199883de4f832bd
6,famous_le_100m,7,0.35714285714285715,0.5714285714285714,1,osl_siamese_cnn,73665262044bb0347fec8c54b08170ec05cc627f8e3df9dbd199883de4f832bd
6,famous_le_100m,8,0.42857142857142855,0.7142857142857143,1,osl_siamese_cnn,73665262044bb0347fec8c54b08170ec05cc627f8e3df9dbd199883de4f832bd
6,famous_le_100m,9,0.42857142857142855,0.6428571428571429,1,osl_siamese_cnn,73665262044bb0347fec8c54b08170ec05cc627f8e3df9dbd199883de4f832bd
6,famous_le_100m,10,0.42857142857142855,0.5714285714285714,1,osl_siamese_cnn,73665262044bb0347fec8c54b08170ec05cc627f8e3df9dbd199883de4f832bd
6,famous_le_100m,11,0.42857142857142855,0.5714285714285714,1,osl_siamese_cnn,73665262044bb0347fec8c54b08170ec05cc627f8e3df9dbd199883de4f832bd
6,famous_le_100m,12,0.42857142857142855,0.6428571428571429,1,osl_siamese_cnn,73665262044bb0347fec8c54b08170ec05cc627f8e3df9dbd199883de4f832bd
6,famous_le_100m,13,0.5714285714285714,0.5714285714285714,1,osl_siamese_cnn,73665262044bb0347fec8c54b08170ec05cc627f8e3df9dbd199883de4f832bd
6,famous_le_100m,14,0.7857142857142857,0.7857142857142857,1,osl_siamese_cnn,73665262044bb0347fec8c54b08170ec05cc627f8e3df9dbd199883de4f832bd
6,famous_le_100m,15,0.8571428571428571,0.7857142857142857,1,osl_siamese_cnn,73665262044bb0347fec8c54b08170ec05cc627f8e3df9dbd199883de4f832bd
6,famous_le_100m,16,0.8571428571428571,0.8571428571428571,1,osl_siamese_cnn,73665262044bb0347fec8c54b08170ec05cc627f8e3df9dbd199883de4f832bd
6,famous_le_100m,17,0.8571428571428571,0.8571428571428571,1,osl_siamese_cnn,73665262044bb0347fec8c54b08170ec05cc627f8e3df9dbd199883de4f832bd
6,famous_le_100m,18,0.8571428571428571,0.8571428571428571,1,osl_siamese_cnn,73665262044bb0347fec8c54b08170ec05cc627f8e3df9dbd199883de4f832bd
6,famous_le_100m,19,0.9285714285714286,1.0,1,osl_siamese_cnn,73665262044bb0347fec8c54b08170ec05cc627f8e3df9dbd199883de4f832bd
6,famous_le_100m,20,0.9285714285714286,0.9285714285714286,1,osl_siamese_cnn,73665262044bb0347fec8c54b08170ec05cc627f8e3df9dbd199883de4f832bd
6,famous_le_100m,21,0.9285714285714286,1.0,1,osl_siamese_cnn,73665262044bb0347fec8c54b08170ec05cc627f8e3df9dbd199883de4f832bd
6,famous_le_100m,22,1.0,1.0,1,osl_siamese_cnn,73665262044bb0347fec8c54b08170ec05cc627f8e3df9dbd199883de4f832bd
6,famous_le_100m,23,1.0,1.0,1,osl_siamese_cnn,73665262044bb0347fec8c54b08170ec05cc627f8e3df9dbd199883de4f832bd
7,torch_pretrained_classification,0,0.85,0.3375,1,osl_siamese_cnn,3a849d1c87edfdc777adfe39ac2557d5bbb97606e0ccc3d20d3251ec2043858e
7,famous_le_10m,0,1.0,0.4,1,osl_siamese_cnn,3a849d1c87edfdc777adfe39ac2557d5bbb97606e0ccc3d20d3251ec2043858e
7,famous_le_10m,1,0.0,0.6,1,osl_siamese_cnn,3a849d1c87edfdc777adfe39ac2557d5bbb97606e0ccc3d20d3251ec2043858e
7,famous_le_10m,2,0.0,0.6,1,osl_siamese_cnn,3a849d1c87edfdc777adfe39ac2557d5bbb97606e0ccc3d20d3251ec2043858e
7,famous_le_10m,3,0.0,0.4,1,osl_siamese_cnn,3a849d1c87edfdc777adfe39ac2557d5bbb97606e0ccc3d20d3251ec2043858e
7,famous_le_10m,4,0.2,0.4,1,osl_siamese_cnn,3a849d1c87edfdc777adfe39ac2557d5bbb97606e0ccc3d20d3251ec2043858e
7,famous_le_10m,5,0.8,0.6,1,osl_siamese_cnn,3a849d1c87edfdc777adfe39ac2557d5bbb97606e0ccc3d20d3251ec2043858e
7,famous_le_10m,6,1.0,1.0,1,osl_siamese_cnn,3a849d1c87edfdc777adfe39ac2557d5bbb97606e0ccc3d20d3251ec2043858e
7,famous_le_10m,7,1.0,1.0,1,osl_siamese_cnn,3a849d1c87edfdc777adfe39ac2557d5bbb97606e0ccc3d20d3251ec2043858e
7,famous_le_10m,8,1.0,1.0,1,osl_siamese_cnn,3a849d1c87edfdc777adfe39ac2557d5bbb97606e0ccc3d20d3251ec2043858e
7,famous_le_10m,9,1.0,1.0,1,osl_siamese_cnn,3a849d1c87edfdc777adfe39ac2557d5bbb97606e0ccc3d20d3251ec2043858e
7,famous_le_10m,10,1.0,1.0,1,osl_siamese_cnn,3a849d1c87edfdc777adfe39ac2557d5bbb97606e0ccc3d20d3251ec2043858e
7,famous_le_10m,11,1.0,1.0,1,osl_siamese_cnn,3a849d1c87edfdc777adfe39ac2557d5bbb97606e0ccc3d20d3251ec2043858e
7,famous_le_10m,12,1.0,1.0,1,osl_siamese_cnn,3a849d1c87edfdc777adfe39ac2557d5bbb97606e0ccc3d20d3251ec2043858e
7,famous_le_10m,13,1.0,1.0,1,osl_siamese_cnn,3a849d1c87edfdc777adfe39ac2557d5bbb97606e0ccc3d20d3251ec2043858e
7,famous_le_10m,14,1.0,1.0,1,osl_siamese_cnn,3a849d1c87edfdc777adfe39ac2557d5bbb97606e0ccc3d20d3251ec2043858e
7,famous_le_10m,15,1.0,1.0,1,osl_siamese_cnn,3a849d1c87edfdc777adfe39ac2557d5bbb97606e0ccc3d20d3251ec2043858e
7,famous_le_10m,16,1.0,1.0,1,osl_siamese_cnn,3a849d1c87edfdc777adfe39ac2557d5bbb97606e0ccc3d20d3251ec2043858e
7,famous_le_10m,17,1.0,1.0,1,osl_siamese_cnn,3a849d1c87edfdc777adfe39ac2557d5bbb97606e0ccc3d20d3251ec2043858e
7,famous_le_10m,18,1.0,1.0,1,osl_siamese_cnn,3a849d1c87edfdc777adfe39ac2557d5bbb97606e0ccc3d20d3251ec2043858e
7,famous_le_10m,19,1.0,1.0,1,osl_siamese_cnn,3a849d1c87edfdc777adfe39ac2557d5bbb97606e0ccc3d20d3251ec2043858e
7,famous_le_10m,20,1.0,1.0,1,osl_siamese_cnn,3a849d1c87edfdc777adfe39ac2557d5bbb97606e0ccc3d20d3251ec2043858e
7,famous_le_10m,21,1.0,1.0,1,osl_siamese_cnn,3a849d1c87edfdc777adfe39ac2557d5bbb97606e0ccc3d20d3251ec2043858e
7,famous_le_10m,22,1.0,1.0,1,osl_siamese_cnn,3a849d1c87edfdc777adfe39ac2557d5bbb97606e0ccc3d20d3251ec2043858e
7,famous_le_10m,23,1.0,1.0,1,osl_siamese_cnn,3a849d1c87edfdc777adfe39ac2557d5bbb97606e0ccc3d20d3251ec2043858e
7,famous_le_100m,0,0.9285714285714286,0.35714285714285715,1,osl_siamese_cnn,3a849d1c87edfdc777adfe39ac2557d5bbb97606e0ccc3d20d3251ec2043858e
7,famous_le_100m,1,0.07142857142857142,0.6428571428571429,1,osl_siamese_cnn,3a849d1c87edfdc777adfe39ac2557d5bbb97606e0ccc3d20d3251ec2043858e
7,famous_le_100m,2,0.07142857142857142,0.6428571428571429,1,osl_siamese_cnn,3a849d1c87edfdc777adfe39ac2557d5bbb97606e0ccc3d20d3251ec2043858e
7,famous_le_100m,3,0.07142857142857142,0.6428571428571429,1,osl_siamese_cnn,3a849d1c87edfdc777adfe39ac2557d5bbb97606e0ccc3d20d3251ec2043858e
7,famous_le_100m,4,0.07142857142857142,0.5714285714285714,1,osl_siamese_cnn,3a849d1c87edfdc777adfe39ac2557d5bbb97606e0ccc3d20d3251ec2043858e
7,famous_le_100m,5,0.07142857142857142,0.5,1,osl_siamese_cnn,3a849d1c87edfdc777adfe39ac2557d5bbb97606e0ccc3d20d3251ec2043858e
7,famous_le_100m,6,0.07142857142857142,0.42857142857142855,1,osl_siamese_cnn,3a849d1c87edfdc777adfe39ac2557d5bbb97606e0ccc3d20d3251ec2043858e
7,famous_le_100m,7,0.2857142857142857,0.6428571428571429,1,osl_siamese_cnn,3a849d1c87edfdc777adfe39ac2557d5bbb97606e0ccc3d20d3251ec2043858e
7,famous_le_100m,8,0.42857142857142855,0.7142857142857143,1,osl_siamese_cnn,3a849d1c87edfdc777adfe39ac2557d5bbb97606e0ccc3d20d3251ec2043858e
7,famous_le_100m,9,0.42857142857142855,0.6428571428571429,1,osl_siamese_cnn,3a849d1c87edfdc777adfe39ac2557d5bbb97606e0ccc3d20d3251ec2043858e
7,famous_le_100m,10,0.42857142857142855,0.5714285714285714,1,osl_siamese_cnn,3a849d1c87edfdc777adfe39ac2557d5bbb97606e0ccc3d20d3251ec2043858e
7,famous_le_100m,11,0.42857142857142855,0.7857142857142857,1,osl_siamese_cnn,3a849d1c87edfdc777adfe39ac2557d5bbb97606e0ccc3d20d3251ec2043858e
7,famous_le_100m,12,0.42857142857142855,0.5,1,osl_siamese_cnn,3a849d1c87edfdc777adfe39ac2557d5bbb97606e0ccc3d20d3251ec2043858e
7,famous_le_100m,13,0.5714285714285714,0.5714285714285714,1,osl_siamese_cnn,3a849d1c87edfdc777adfe39ac2557d5bbb97606e0ccc3d20d3251ec2043858e
7,famous_le_100m,14,0.7142857142857143,0.6428571428571429,1,osl_siamese_cnn,3a849d1c87edfdc777adfe39ac2557d5bbb97606e0ccc3d20d3251ec2043858e
7,famous_le_100m,15,0.8571428571428571,0.8571428571428571,1,osl_siamese_cnn,3a849d1c87edfdc777adfe39ac2557d5bbb97606e0ccc3d20d3251ec2043858e
7,famous_le_100m,16,0.8571428571428571,0.8571428571428571,1,osl_siamese_cnn,3a849d1c87edfdc777adfe39ac2557d5bbb97606e0ccc3d20d3251ec2043858e
7,famous_le_100m,17,0.8571428571428571,0.9285714285714286,1,osl_siamese_cnn,3a849d1c87edfdc777adfe39ac2557d5bbb97606e0ccc3d20d3251ec2043858e
7,famous_le_100m,18,0.8571428571428571,0.8571428571428571,1,osl_siamese_cnn,3a849d1c87edfdc777adfe39ac2557d5bbb97606e0ccc3d20d3251ec2043858e
7,famous_le_100m,19,0.9285714285714286,0.8571428571428571,1,osl_siamese_cnn,3a849d1c87edfdc777adfe39ac2557d5bbb97606e0ccc3d20d3251ec2043858e
7,famous_le_100m,20,0.9285714285714286,0.9285714285714286,1,osl_siamese_cnn,3a849d1c87edfdc777adfe39ac2557d5bbb97606e0ccc3d20d3251ec2043858e
7,famous_le_100m,21,1.0,1.0,1,osl_siamese_cnn,3a849d1c87edfdc777adfe39ac2557d5bbb97606e0ccc3d20d3251ec2043858e
7,famous_le_100m,22,1.0,1.0,1,osl_siamese_cnn,3a849d1c87edfdc777adfe39ac2557d5bbb97606e0ccc3d20d3251ec2043858e
7,famous_le_100m,23,1.0,1.0,1,osl_siamese_cnn,3a849d1c87edfdc777adfe39ac2557d5bbb97606e0ccc3d20d3251ec2043858e
8,torch_pretrained_classification,0,0.4625,0.5125,1,osl_siamese_cnn,94c707a17eeae114dab323cb099a1d6d00232706ef2a85bf50567a229c41cecf
8,famous_le_10m,0,0.8,0.6,1,osl_siamese_cnn,94c707a17eeae114dab323cb099a1d6d00232706ef2a85bf50567a229c41cecf
8,famous_le_10m,1,0.2,0.4,1,osl_siamese_cnn,94c707a17eeae114dab323cb099a1d6d00232706ef2a85bf50567a229c41cecf
8,famous_le_10m,2,0.4,0.6,1,osl_siamese_cnn,94c707a17eeae114dab323cb099a1d6d00232706ef2a85bf50567a229c41cecf
8,famous_le_10m,3,0.4,0.8,1,osl_siamese_cnn,94c707a17eeae114dab323cb099a1d6d00232706ef2a85bf50567a229c41cecf
8,famous_le_10m,4,0.8,0.6,1,osl_siamese_cnn,94c707a17eeae114dab323cb099a1d6d00232706ef2a85bf50567a229c41cecf
8,famous_le_10m,5,0.6,1.0,1,osl_siamese_cnn,94c707a17eeae114dab323cb099a1d6d00232706ef2a85bf50567a229c41cecf
8,famous_le_10m,6,0.8,1.0,1,osl_siamese_cnn,94c707a17eeae114dab323cb099a1d6d00232706ef2a85bf50567a229c41cecf
8,famous_le_10m,7,0.4,0.8,1,osl_siamese_cnn,94c707a17eeae114dab323cb099a1d6d00232706ef2a85bf50567a229c41cecf
8,famous_le_10m,8,1.0,0.6,1,osl_siamese_cnn,94c707a17eeae114dab323cb099a1d6d00232706ef2a85bf50567a229c41cecf
8,famous_le_10m,9,0.4,0.6,1,osl_siamese_cnn,94c707a17eeae114dab323cb099a1d6d00232706ef2a85bf50567a229c41cecf
8,famous_le_10m,10,0.8,0.8,1,osl_siamese_cnn,94c707a17eeae114dab323cb099a1d6d00232706ef2a85bf50567a229c41cecf
8,famous_le_10m,11,0.8,0.6,1,osl_siamese_cnn,94c707a17eeae114dab323cb099a1d6d00232706ef2a85bf50567a229c41cecf
8,famous_le_10m,12,1.0,1.0,1,osl_siamese_cnn,94c707a17eeae114dab323cb099a1d6d00232706ef2a85bf50567a229c41cecf
8,famous_le_10m,13,1.0,0.8,1,osl_siamese_cnn,94c707a17eeae114dab323cb099a1d6d00232706ef2a85bf50567a229c41cecf
8,famous_le_10m,14,1.0,1.0,1,osl_siamese_cnn,94c707a17eeae114dab323cb099a1d6d00232706ef2a85bf50567a229c41cecf
8,famous_le_10m,15,1.0,1.0,1,osl_siamese_cnn,94c707a17eeae114dab323cb099a1d6d00232706ef2a85bf50567a229c41cecf
8,famous_le_10m,16,1.0,1.0,1,osl_siamese_cnn,94c707a17eeae114dab323cb099a1d6d00232706ef2a85bf50567a229c41cecf
8,famous_le_10m,17,1.0,1.0,1,osl_siamese_cnn,94c707a17eeae114dab323cb099a1d6d00232706ef2a85bf50567a229c41cecf
8,famous_le_10m,18,1.0,1.0,1,osl_siamese_cnn,94c707a17eeae114dab323cb099a1d6d00232706ef2a85bf50567a229c41cecf
8,famous_le_10m,19,1.0,1.0,1,osl_siamese_cnn,94c707a17eeae114dab323cb099a1d6d00232706ef2a85bf50567a229c41cecf
8,famous_le_10m,20,1.0,1.0,1,osl_siamese_cnn,94c707a17eeae114dab323cb099a1d6d00232706ef2a85bf50567a229c41cecf
8,famous_le_10m,21,1.0,1.0,1,osl_siamese_cnn,94c707a17eeae114dab323cb099a1d6d00232706ef2a85bf50567a229c41cecf
8,famous_le_10m,22,1.0,1.0,1,osl_siamese_cnn,94c707a17eeae114dab323cb099a1d6d00232706ef2a85bf50567a229c41cecf
8,famous_le_10m,23,1.0,1.0,1,osl_siamese_cnn,94c707a17eeae114dab323cb099a1d6d00232706ef2a85bf50567a229c41cecf
8,famous_le_100m,0,0.6428571428571429,0.42857142857142855,1,osl_siamese_cnn,94c707a17eeae114dab323cb099a1d6d00232706ef2a85bf50567a229c41cecf
8,famous_le_100m,1,0.35714285714285715,0.5714285714285714,1,osl_siamese_cnn,94c707a17eeae114dab323cb099a1d6d00232706ef2a85bf50567a229c41cecf
8,famous_le_100m,2,0.35714285714285715,0.5714285714285714,1,osl_siamese_cnn,94c707a17eeae114dab323cb099a1d6d00232706ef2a85bf50567a229c41cecf
8,famous_le_100m,3,0.42857142857142855,0.6428571428571429,1,osl_siamese_cnn,94c707a17eeae114dab323cb099a1d6d00232706ef2a85bf50567a229c41cecf
8,famous_le_100m,4,0.42857142857142855,0.6428571428571429,1,osl_siamese_cnn,94c707a17eeae114dab323cb099a1d6d00232706ef2a85bf50567a229c41cecf
8,famous_le_100m,5,0.5,0.6428571428571429,1,osl_siamese_cnn,94c707a17eeae114dab323cb099a1d6d00232706ef2a85bf50567a229c41cecf
8,famous_le_100m,6,0.6428571428571429,0.5714285714285714,1,osl_siamese_cnn,94c707a17eeae114dab323cb099a1d6d00232706ef2a85bf50567a229c41cecf
8,famous_le_100m,7,0.7142857142857143,0.5,1,osl_siamese_cnn,94c707a17eeae114dab323cb099a1d6d00232706ef2a85bf50567a229c41cecf
8,famous_le_100m,8,0.7142857142857143,0.5,1,osl_siamese_cnn,94c707a17eeae114dab323cb099a1d6d00232706ef2a85bf50567a229c41cecf
8,famous_le_100m,9,0.7142857142857143,0.5714285714285714,1,osl_siamese_cnn,94c707a17eeae114dab323cb099a1d6d00232706ef2a85bf50567a229c41cecf
8,famous_le_100m,10,0.7142857142857143,0.7142857142857143,1,osl_siamese_cnn,94c707a17eeae114dab323cb099a1d6d00232706ef2a85bf50567a229c41cecf
8,famous_le_100m,11,0.8571428571428571,0.7857142857142857,1,osl_siamese_cnn,94c707a17eeae114dab323cb099a1d6d00232706ef2a85bf50567a229c41cecf
8,famous_le_100m,12,0.9285714285714286,0.7857142857142857,1,osl_siamese_cnn,94c707a17eeae114dab323cb099a1d6d00232706ef2a85bf50567a229c41cecf
8,famous_le_100m,13,0.9285714285714286,1.0,1,osl_siamese_cnn,94c707a17eeae114dab323cb099a1d6d00232706ef2a85bf50567a229c41cecf
8,famous_le_100m,14,0.9285714285714286,1.0,1,osl_siamese_cnn,94c707a17eeae114dab323cb099a1d6d00232706ef2a85bf50567a229c41cecf
8,famous_le_100m,15,0.9285714285714286,1.0,1,osl_siamese_cnn,94c707a17eeae114dab323cb099a1d6d00232706ef2a85bf50567a229c41cecf
8,famous_le_100m,16,0.9285714285714286,0.9285714285714286,1,osl_siamese_cnn,94c707a17eeae114dab323cb099a1d6d00232706ef2a85bf50567a229c41cecf
8,famous_le_100m,17,1.0,1.0,1,osl_siamese_cnn,94c707a17eeae114dab323cb099a1d6d00232706ef2a85bf50567a229c41cecf
8,famous_le_100m,18,1.0,0.9285714285714286,1,osl_siamese_cnn,94c707a17eeae114dab323cb099a1d6d00232706ef2a85bf50567a229c41cecf
8,famous_le_100m,19,1.0,1.0,1,osl_siamese_cnn,94c707a17eeae114dab323cb099a1d6d00232706ef2a85bf50567a229c41cecf
8,famous_le_100m,20,1.0,1.0,1,osl_siamese_cnn,94c707a17eeae114dab323cb099a1d6d00232706ef2a85bf50567a229c41cecf
8,famous_le_100m,21,1.0,1.0,1,osl_siamese_cnn,94c707a17eeae114dab323cb099a1d6d00232706ef2a85bf50567a229c41cecf
8,famous_le_100m,22,1.0,1.0,1,osl_siamese_cnn,94c707a17eeae114dab323cb099a1d6d00232706ef2a85bf50567a229c41cecf
8,famous_le_100m,23,1.0,1.0,1,osl_siamese_cnn,94c707a17eeae114dab323cb099a1d6d00232706ef2a85bf50567a229c41cecf
9,torch_pretrained_classification,0,0.575,0.4125,1,osl_siamese_cnn,9c1c27c2c068015fe8d8a6c29ea6c013bca2678b92d2898adee77aa926cfc22a
9,famous_le_10m,0,0.8,0.8,1,osl_siamese_cnn,9c1c27c2c068015fe8d8a6c29ea6c013bca2678b92d2898adee77aa926cfc22a
9,famous_le_10m,1,0.2,0.2,1,osl_siamese_cnn,9c1c27c2c068015fe8d8a6c29ea6c013bca2678b92d2898adee77aa926cfc22a
9,famous_le_10m,2,0.2,0.2,1,osl_siamese_cnn,9c1c27c2c068015fe8d8a6c29ea6c013bca2678b92d2898adee77aa926cfc22a
9,famous_le_10m,3,0.4,0.4,1,osl_siamese_cnn,9c1c27c2c068015fe8d8a6c29ea6c013bca2678b92d2898adee77aa926cfc22a
9,famous_le_10m,4,0.6,0.6,1,osl_siamese_cnn,9c1c27c2c068015fe8d8a6c29ea6c013bca2678b92d2898adee77aa926cfc22a
9,famous_le_10m,5,0.8,0.4,1,osl_siamese_cnn,9c1c27c2c068015fe8d8a6c29ea6c013bca2678b92d2898adee77aa926cfc22a
9,famous_le_10m,6,0.6,1.0,1,osl_siamese_cnn,9c1c27c2c068015fe8d8a6c29ea6c013bca2678b92d2898adee77aa926cfc22a
9,famous_le_10m,7,0.2,0.4,1,osl_siamese_cnn,9c1c27c2c068015fe8d8a6c29ea6c013bca2678b92d2898adee77aa926cfc22a
9,famous_le_10m,8,0.8,0.8,1,osl_siamese_cnn,9c1c27c2c068015fe8d8a6c29ea6c013bca2678b92d2898adee77aa926cfc22a
9,famous_le_10m,9,0.4,0.6,1,osl_siamese_cnn,9c1c27c2c068015fe8d8a6c29ea6c013bca2678b92d2898adee77aa926cfc22a
9,famous_le_10m,10,0.6,0.8,1,osl_siamese_cnn,9c1c27c2c068015fe8d8a6c29ea6c013bca2678b92d2898adee77aa926cfc22a
9,famous_le_10m,11,0.6,0.0,1,osl_siamese_cnn,9c1c27c2c068015fe8d8a6c29ea6c013bca2678b92d2898adee77aa926cfc22a
9,famous_le_10m,12,1.0,1.0,1,osl_siamese_cnn,9c1c27c2c068015fe8d8a6c29ea6c013bca2678b92d2898adee77aa926cfc22a
9,famous_le_10m,13,0.2,0.4,1,osl_siamese_cnn,9c1c27c2c068015fe8d8a6c29ea6c013bca2678b92d2898adee77aa926cfc22a
9,famous_le_10m,14,1.0,0.6,1,osl_siamese_cnn,9c1c27c2c068015fe8d8a6c29ea6c013bca2678b92d2898adee77aa926cfc22a
9,famous_le_10m,15,0.8,0.8,1,osl_siamese_cnn,9c1c27c2c068015fe8d8a6c29ea6c013bca2678b92d2898adee77aa926cfc22a
9,famous_le_10m,16,1.0,1.0,1,osl_siamese_cnn,9c1c27c2c068015fe8d8a6c29ea6c013bca2678b92d2898adee77aa926cfc22a
9,famous_le_10m,17,1.0,1.0,1,osl_siamese_cnn,9c1c27c2c068015fe8d8a6c29ea6c013bca2678b92d2898adee77aa926cfc22a
9,famous_le_10m,18,1.0,1.0,1,osl_siamese_cnn,9c1c27c2c068015fe8d8a6c29ea6c013bca2678b92d2898adee77aa926cfc22a
9,famous_le_10m,19,1.0,1.0,1,osl_siamese_cnn,9c1c27c2c068015fe8d8a6c29ea6c013bca2678b92d2898adee77aa926cfc22a
9,famous_le_10m,20,1.0,1.0,1,osl_siamese_cnn,9c1c27c2c068015fe8d8a6c29ea6c013bca2678b92d2898adee77aa926cfc22a
9,famous_le_10m,21,1.0,1.0,1,osl_siamese_cnn,9c1c27c2c068015fe8d8a6c29ea6c013bca2678b92d2898adee77aa926cfc22a
9,famous_le_10m,22,1.0,1.0,1,osl_siamese_cnn,9c1c27c2c068015fe8d8a6c29ea6c013bca2678b92d2898adee77aa926cfc22a
9,famous_le_10m,23,1.0,1.0,1,osl_siamese_cnn,9c1c27c2c068015fe8d8a6c29ea6c013bca2678b92d2898adee77aa926cfc22a
9,famous_le_100m,0,0.6428571428571429,0.42857142857142855,1,osl_siamese_cnn,9c1c27c2c068015fe8d8a6c29ea6c013bca2678b92d2898adee77aa926cfc22a
9,famous_le_100m,1,0.2857142857142857,0.5714285714285714,1,osl_siamese_cnn,9c1c27c2c068015fe8d8a6c29ea6c013bca2678b92d2898adee77aa926cfc22a
9,famous_le_100m,2,0.2857142857142857,0.5714285714285714,1,osl_siamese_cnn,9c1c27c2c068015fe8d8a6c29ea6c013bca2678b92d2898adee77aa926cfc22a
9,famous_le_100m,3,0.2857142857142857,0.5,1,osl_siamese_cnn,9c1c27c2c068015fe8d8a6c29ea6c013bca2678b92d2898adee77aa926cfc22a
9,famous_le_100m,4,0.2857142857142857,0.5,1,osl_siamese_cnn,9c1c27c2c068015fe8d8a6c29ea6c013bca2678b92d2898adee77aa926cfc22a
9,famous_le_100m,5,0.2857142857142857,0.5714285714285714,1,osl_siamese_cnn,9c1c27c2c068015fe8d8a6c29ea6c013bca2678b92d2898adee77aa926cfc22a
9,famous_le_100m,6,0.2857142857142857,0.21428571428571427,1,osl_siamese_cnn,9c1c27c2c068015fe8d8a6c29ea6c013bca2678b92d2898adee77aa926cfc22a
9,famous_le_100m,7,0.2857142857142857,0.14285714285714285,1,osl_siamese_cnn,9c1c27c2c068015fe8d8a6c29ea6c013bca2678b92d2898adee77aa926cfc22a
9,famous_le_100m,8,0.21428571428571427,0.21428571428571427,1,osl_siamese_cnn,9c1c27c2c068015fe8d8a6c29ea6c013bca2678b92d2898adee77aa926cfc22a
9,famous_le_100m,9,0.21428571428571427,0.35714285714285715,1,osl_siamese_cnn,9c1c27c2c068015fe8d8a6c29ea6c013bca2678b92d2898adee77aa926cfc22a
9,famous_le_100m,10,0.2857142857142857,0.21428571428571427,1,osl_siamese_cnn,9c1c27c2c068015fe8d8a6c29ea6c013bca2678b92d2898adee77aa926cfc22a
9,famous_le_100m,11,0.2857142857142857,0.35714285714285715,1,osl_siamese_cnn,9c1c27c2c068015fe8d8a6c29ea6c013bca2678b92d2898adee77aa926cfc22a
9,famous_le_100m,12,0.42857142857142855,0.5,1,osl_siamese_cnn,9c1c27c2c068015fe8d8a6c29ea6c013bca2678b92d2898adee77aa926cfc22a
9,famous_le_100m,13,0.5,0.5714285714285714,1,osl_siamese_cnn,9c1c27c2c068015fe8d8a6c29ea6c013bca2678b92d2898adee77aa926cfc22a
9,famous_le_100m,14,0.5,0.6428571428571429,1,osl_siamese_cnn,9c1c27c2c068015fe8d8a6c29ea6c013bca2678b92d2898adee77aa926cfc22a
9,famous_le_100m,15,0.9285714285714286,0.9285714285714286,1,osl_siamese_cnn,9c1c27c2c068015fe8d8a6c29ea6c013bca2678b92d2898adee77aa926cfc22a
9,famous_le_100m,16,0.9285714285714286,0.9285714285714286,1,osl_siamese_cnn,9c1c27c2c068015fe8d8a6c29ea6c013bca2678b92d2898adee77aa926cfc22a
9,famous_le_100m,17,1.0,1.0,1,osl_siamese_cnn,9c1c27c2c068015fe8d8a6c29ea6c013bca2678b92d2898adee77aa926cfc22a
9,famous_le_100m,18,0.9285714285714286,0.9285714285714286,1,osl_siamese_cnn,9c1c27c2c068015fe8d8a6c29ea6c013bca2678b92d2898adee77aa926cfc22a
9,famous_le_100m,19,0.9285714285714286,0.9285714285714286,1,osl_siamese_cnn,9c1c27c2c068015fe8d8a6c29ea6c013bca2678b92d2898adee77aa926cfc22a
9,famous_le_100m,20,1.0,1.0,1,osl_siamese_cnn,9c1c27c2c068015fe8d8a6c29ea6c013bca2678b92d2898adee77aa926cfc22a
9,famous_le_100m,21,1.0,0.9285714285714286,1,osl_siamese_cnn,9c1c27c2c068015fe8d8a6c29ea6c013bca2678b92d2898adee77aa926cfc22a
9,famous_le_100m,22,1.0,1.0,1,osl_siamese_cnn,9c1c27c2c068015fe8d8a6c29ea6c013bca2678b92d2898adee77aa926cfc22a
9,famous_le_100m,23,1.0,1.0,1,osl_siamese_cnn,9c1c27c2c068015fe8d8a6c29ea6c013bca2678b92d2898adee77aa926cfc22a
5,torch_pretrained_classification,0,0.1,0.2,2,osl_siamese_cnn,bff6c769e02bd8b26386e97de7870fd73f2e36e36e275a84938f0a861d690cd2
5,famous_le_10m,0,0.2,0.2,2,osl_siamese_cnn,bff6c769e02bd8b26386e97de7870fd73f2e36e36e275a84938f0a861d690cd2
5,famous_le_10m,1,0.8,0.8,2,osl_siamese_cnn,bff6c769e02bd8b26386e97de7870fd73f2e36e36e275a84938f0a861d690cd2
5,famous_le_10m,2,0.8,0.8,2,osl_siamese_cnn,bff6c769e02bd8b26386e97de7870fd73f2e36e36e275a84938f0a861d690cd2
5,famous_le_10m,3,1.0,0.8,2,osl_siamese_cnn,bff6c769e02bd8b26386e97de7870fd73f2e36e36e275a84938f0a861d690cd2
5,famous_le_10m,4,1.0,1.0,2,osl_siamese_cnn,bff6c769e02bd8b26386e97de7870fd73f2e36e36e275a84938f0a861d690cd2
5,famous_le_10m,5,1.0,1.0,2,osl_siamese_cnn,bff6c769e02bd8b26386e97de7870fd73f2e36e36e275a84938f0a861d690cd2
5,famous_le_10m,6,1.0,1.0,2,osl_siamese_cnn,bff6c769e02bd8b26386e97de7870fd73f2e36e36e275a84938f0a861d690cd2
5,famous_le_10m,7,0.8,0.8,2,osl_siamese_cnn,bff6c769e02bd8b26386e97de7870fd73f2e36e36e275a84938f0a861d690cd2
5,famous_le_10m,8,1.0,1.0,2,osl_siamese_cnn,bff6c769e02bd8b26386e97de7870fd73f2e36e36e275a84938f0a861d690cd2
5,famous_le_10m,9,0.2,0.2,2,osl_siamese_cnn,bff6c769e02bd8b26386e97de7870fd73f2e36e36e275a84938f0a861d690cd2
5,famous_le_10m,10,0.2,0.2,2,osl_siamese_cnn,bff6c769e02bd8b26386e97de7870fd73f2e36e36e275a84938f0a861d690cd2
5,famous_le_10m,11,0.0,0.0,2,osl_siamese_cnn,bff6c769e02bd8b26386e97de7870fd73f2e36e36e275a84938f0a861d690cd2
5,famous_le_10m,12,0.4,0.8,2,osl_siamese_cnn,bff6c769e02bd8b26386e97de7870fd73f2e36e36e275a84938f0a861d690cd2
5,famous_le_10m,13,0.0,0.0,2,osl_siamese_cnn,bff6c769e02bd8b26386e97de7870fd73f2e36e36e275a84938f0a861d690cd2
5,famous_le_10m,14,0.0,0.0,2,osl_siamese_cnn,bff6c769e02bd8b26386e97de7870fd73f2e36e36e275a84938f0a861d690cd2
5,famous_le_10m,15,0.0,0.0,2,osl_siamese_cnn,bff6c769e02bd8b26386e97de7870fd73f2e36e36e275a84938f0a861d690cd2
5,famous_le_10m,16,0.2,0.2,2,osl_siamese_cnn,bff6c769e02bd8b26386e97de7870fd73f2e36e36e275a84938f0a861d690cd2
5,famous_le_10m,17,0.0,0.0,2,osl_siamese_cnn,bff6c769e02bd8b26386e97de7870fd73f2e36e36e275a84938f0a861d690cd2
5,famous_le_10m,18,0.0,0.0,2,osl_siamese_cnn,bff6c769e02bd8b26386e97de7870fd73f2e36e36e275a84938f0a861d690cd2
5,famous_le_10m,19,0.0,0.0,2,osl_siamese_cnn,bff6c769e02bd8b26386e97de7870fd73f2e36e36e275a84938f0a861d690cd2
5,famous_le_10m,20,0.0,0.0,2,osl_siamese_cnn,bff6c769e02bd8b26386e97de7870fd73f2e36e36e275a84938f0a861d690cd2
5,famous_le_10m,21,0.0,0.0,2,osl_siamese_cnn,bff6c769e02bd8b26386e97de7870fd73f2e36e36e275a84938f0a861d690cd2
5,famous_le_10m,22,0.0,0.0,2,osl_siamese_cnn,bff6c769e02bd8b26386e97de7870fd73f2e36e36e275a84938f0a861d690cd2
5,famous_le_10m,23,0.0,0.0,2,osl_siamese_cnn,bff6c769e02bd8b26386e97de7870fd73f2e36e36e275a84938f0a861d690cd2
5,famous_le_100m,0,0.0,0.14285714285714285,2,osl_siamese_cnn,bff6c769e02bd8b26386e97de7870fd73f2e36e36e275a84938f0a861d690cd2
5,famous_le_100m,1,1.0,0.8571428571428571,2,osl_siamese_cnn,bff6c769e02bd8b26386e97de7870fd73f2e36e36e275a84938f0a861d690cd2
5,famous_le_100m,2,1.0,0.8571428571428571,2,osl_siamese_cnn,bff6c769e02bd8b26386e97de7870fd73f2e36e36e275a84938f0a861d690cd2
5,famous_le_100m,3,1.0,0.8571428571428571,2,osl_siamese_cnn,bff6c769e02bd8b26386e97de7870fd73f2e36e36e275a84938f0a861d690cd2
5,famous_le_100m,4,1.0,0.8571428571428571,2,osl_siamese_cnn,bff6c769e02bd8b26386e97de7870fd73f2e36e36e275a84938f0a861d690cd2
5,famous_le_100m,5,1.0,0.8571428571428571,2,osl_siamese_cnn,bff6c769e02bd8b26386e97de7870fd73f2e36e36e275a84938f0a861d690cd2
5,famous_le_100m,6,1.0,0.8571428571428571,2,osl_siamese_cnn,bff6c769e02bd8b26386e97de7870fd73f2e36e36e275a84938f0a861d690cd2
5,famous_le_100m,7,1.0,0.8571428571428571,2,osl_siamese_cnn,bff6c769e02bd8b26386e97de7870fd73f2e36e36e275a84938f0a861d690cd2
5,famous_le_100m,8,1.0,0.9285714285714286,2,osl_siamese_cnn,bff6c769e02bd8b26386e97de7870fd73f2e36e36e275a84938f0a861d690cd2
5,famous_le_100m,9,1.0,1.0,2,osl_siamese_cnn,bff6c769e02bd8b26386e97de7870fd73f2e36e36e275a84938f0a861d690cd2
5,famous_le_100m,10,1.0,1.0,2,osl_siamese_cnn,bff6c769e02bd8b26386e97de7870fd73f2e36e36e275a84938f0a861d690cd2
5,famous_le_100m,11,1.0,1.0,2,osl_siamese_cnn,bff6c769e02bd8b26386e97de7870fd73f2e36e36e275a84938f0a861d690cd2
5,famous_le_100m,12,1.0,1.0,2,osl_siamese_cnn,bff6c769e02bd8b26386e97de7870fd73f2e36e36e275a84938f0a861d690cd2
5,famous_le_100m,13,1.0,1.0,2,osl_siamese_cnn,bff6c769e02bd8b26386e97de7870fd73f2e36e36e275a84938f0a861d690cd2
5,famous_le_100m,14,1.0,0.9285714285714286,2,osl_siamese_cnn,bff6c769e02bd8b26386e97de7870fd73f2e36e36e275a84938f0a861d690cd2
5,famous_le_100m,15,1.0,1.0,2,osl_siamese_cnn,bff6c769e02bd8b26386e97de7870fd73f2e36e36e275a84938f0a861d690cd2
5,famous_le_100m,16,0.9285714285714286,0.8571428571428571,2,osl_siamese_cnn,bff6c769e02bd8b26386e97de7870fd73f2e36e36e275a84938f0a861d690cd2
5,famous_le_100m,17,0.9285714285714286,0.9285714285714286,2,osl_siamese_cnn,bff6c769e02bd8b26386e97de7870fd73f2e36e36e275a84938f0a861d690cd2
5,famous_le_100m,18,1.0,1.0,2,osl_siamese_cnn,bff6c769e02bd8b26386e97de7870fd73f2e36e36e275a84938f0a861d690cd2
5,famous_le_100m,19,1.0,1.0,2,osl_siamese_cnn,bff6c769e02bd8b26386e97de7870fd73f2e36e36e275a84938f0a861d690cd2
5,famous_le_100m,20,0.9285714285714286,1.0,2,osl_siamese_cnn,bff6c769e02bd8b26386e97de7870fd73f2e36e36e275a84938f0a861d690cd2
5,famous_le_100m,21,0.9285714285714286,0.9285714285714286,2,osl_siamese_cnn,bff6c769e02bd8b26386e97de7870fd73f2e36e36e275a84938f0a861d690cd2
5,famous_le_100m,22,0.8571428571428571,0.6428571428571429,2,osl_siamese_cnn,bff6c769e02bd8b26386e97de7870fd73f2e36e36e275a84938f0a861d690cd2
5,famous_le_100m,23,0.2857142857142857,0.35714285714285715,2,osl_siamese_cnn,bff6c769e02bd8b26386e97de7870fd73f2e36e36e275a84938f0a861d690cd2
6,torch_pretrained_classification,0,0.675,0.5625,2,osl_siamese_cnn,2b977d1ee8eda38e6987699438b7a03f9ad7c4c6ffdf4b9f483b046c8b9e0f86
6,famous_le_10m,0,1.0,0.8,2,osl_siamese_cnn,2b977d1ee8eda38e6987699438b7a03f9ad7c4c6ffdf4b9f483b046c8b9e0f86
6,famous_le_10m,1,0.0,0.0,2,osl_siamese_cnn,2b977d1ee8eda38e6987699438b7a03f9ad7c4c6ffdf4b9f483b046c8b9e0f86
6,famous_le_10m,2,0.0,0.0,2,osl_siamese_cnn,2b977d1ee8eda38e6987699438b7a03f9ad7c4c6ffdf4b9f483b046c8b9e0f86
6,famous_le_10m,3,0.0,0.2,2,osl_siamese_cnn,2b977d1ee8eda38e6987699438b7a03f9ad7c4c6ffdf4b9f483b046c8b9e0f86
6,famous_le_10m,4,0.8,0.8,2,osl_siamese_cnn,2b977d1ee8eda38e6987699438b7a03f9ad7c4c6ffdf4b9f483b046c8b9e0f86
6,famous_le_10m,5,1.0,1.0,2,osl_siamese_cnn,2b977d1ee8eda38e6987699438b7a03f9ad7c4c6ffdf4b9f483b046c8b9e0f86
6,famous_le_10m,6,1.0,1.0,2,osl_siamese_cnn,2b977d1ee8eda38e6987699438b7a03f9ad7c4c6ffdf4b9f483b046c8b9e0f86
6,famous_le_10m,7,1.0,1.0,2,osl_siamese_cnn,2b977d1ee8eda38e6987699438b7a03f9ad7c4c6ffdf4b9f483b046c8b9e0f86
6,famous_le_10m,8,1.0,1.0,2,osl_siamese_cnn,2b977d1ee8eda38e6987699438b7a03f9ad7c4c6ffdf4b9f483b046c8b9e0f86
6,famous_le_10m,9,1.0,1.0,2,osl_siamese_cnn,2b977d1ee8eda38e6987699438b7a03f9ad7c4c6ffdf4b9f483b046c8b9e0f86
6,famous_le_10m,10,1.0,1.0,2,osl_siamese_cnn,2b977d1ee8eda38e6987699438b7a03f9ad7c4c6ffdf4b9f483b046c8b9e0f86
6,famous_le_10m,11,1.0,1.0,2,osl_siamese_cnn,2b977d1ee8eda38e6987699438b7a03f9ad7c4c6ffdf4b9f483b046c8b9e0f86
6,famous_le_10m,12,1.0,1.0,2,osl_siamese_cnn,2b977d1ee8eda38e6987699438b7a03f9ad7c4c6ffdf4b9f483b046c8b9e0f86
6,famous_le_10m,13,1.0,1.0,2,osl_siamese_cnn,2b977d1ee8eda38e6987699438b7a03f9ad7c4c6ffdf4b9f483b046c8b9e0f86
6,famous_le_10m,14,1.0,1.0,2,osl_siamese_cnn,2b977d1ee8eda38e6987699438b7a03f9ad7c4c6ffdf4b9f483b046c8b9e0f86
6,famous_le_10m,15,1.0,1.0,2,osl_siamese_cnn,2b977d1ee8eda38e6987699438b7a03f9ad7c4c6ffdf4b9f483b046c8b9e0f86
6,famous_le_10m,16,1.0,1.0,2,osl_siamese_cnn,2b977d1ee8eda38e6987699438b7a03f9ad7c4c6ffdf4b9f483b046c8b9e0f86
6,famous_le_10m,17,1.0,1.0,2,osl_siamese_cnn,2b977d1ee8eda38e6987699438b7a03f9ad7c4c6ffdf4b9f483b046c8b9e0f86
6,famous_le_10m,18,1.0,1.0,2,osl_siamese_cnn,2b977d1ee8eda38e6987699438b7a03f9ad7c4c6ffdf4b9f483b046c8b9e0f86
6,famous_le_10m,19,1.0,1.0,2,osl_siamese_cnn,2b977d1ee8eda38e6987699438b7a03f9ad7c4c6ffdf4b9f483b046c8b9e0f86
6,famous_le_10m,20,1.0,1.0,2,osl_siamese_cnn,2b977d1ee8eda38e6987699438b7a03f9ad7c4c6ffdf4b9f483b046c8b9e0f86
6,famous_le_10m,21,1.0,1.0,2,osl_siamese_cnn,2b977d1ee8eda38e6987699438b7a03f9ad7c4c6ffdf4b9f483b046c8b9e0f86
6,famous_le_10m,22,1.0,1.0,2,osl_siamese_cnn,2b977d1ee8eda38e6987699438b7a03f9ad7c4c6ffdf4b9f483b046c8b9e0f86
6,famous_le_10m,23,1.0,1.0,2,osl_siamese_cnn,2b977d1ee8eda38e6987699438b7a03f9ad7c4c6ffdf4b9f483b046c8b9e0f86
6,famous_le_100m,0,0.7142857142857143,0.2857142857142857,2,osl_siamese_cnn,2b977d1ee8eda38e6987699438b7a03f9ad7c4c6ffdf4b9f483b046c8b9e0f86
6,famous_le_100m,1,0.2857142857142857,0.6428571428571429,2,osl_siamese_cnn,2b977d1ee8eda38e6987699438b7a03f9ad7c4c6ffdf4b9f483b046c8b9e0f86
6,famous_le_100m,2,0.21428571428571427,0.6428571428571429,2,osl_siamese_cnn,2b977d1ee8eda38e6987699438b7a03f9ad7c4c6ffdf4b9f483b046c8b9e0f86
6,famous_le_100m,3,0.21428571428571427,0.7142857142857143,2,osl_siamese_cnn,2b977d1ee8eda38e6987699438b7a03f9ad7c4c6ffdf4b9f483b046c8b9e0f86
6,famous_le_100m,4,0.21428571428571427,0.6428571428571429,2,osl_siamese_cnn,2b977d1ee8eda38e6987699438b7a03f9ad7c4c6ffdf4b9f483b046c8b9e0f86
6,famous_le_100m,5,0.21428571428571427,0.6428571428571429,2,osl_siamese_cnn,2b977d1ee8eda38e6987699438b7a03f9ad7c4c6ffdf4b9f483b046c8b9e0f86
6,famous_le_100m,6,0.5,0.5714285714285714,2,osl_siamese_cnn,2b977d1ee8eda38e6987699438b7a03f9ad7c4c6ffdf4b9f483b046c8b9e0f86
6,famous_le_100m,7,0.5714285714285714,0.7857142857142857,2,osl_siamese_cnn,2b977d1ee8eda38e6987699438b7a03f9ad7c4c6ffdf4b9f483b046c8b9e0f86
6,famous_le_100m,8,0.5714285714285714,0.5714285714285714,2,osl_siamese_cnn,2b977d1ee8eda38e6987699438b7a03f9ad7c4c6ffdf4b9f483b046c8b9e0f86
6,famous_le_100m,9,0.7857142857142857,0.8571428571428571,2,osl_siamese_cnn,2b977d1ee8eda38e6987699438b7a03f9ad7c4c6ffdf4b9f483b046c8b9e0f86
6,famous_le_100m,10,0.7857142857142857,0.8571428571428571,2,osl_siamese_cnn,2b977d1ee8eda38e6987699438b7a03f9ad7c4c6ffdf4b9f483b046c8b9e0f86
6,famous_le_100m,11,0.8571428571428571,0.9285714285714286,2,osl_siamese_cnn,2b977d1ee8eda38e6987699438b7a03f9ad7c4c6ffdf4b9f483b046c8b9e0f86
6,famous_le_100m,12,0.8571428571428571,0.9285714285714286,2,osl_siamese_cnn,2b977d1ee8eda38e6987699438b7a03f9ad7c4c6ffdf4b9f483b046c8b9e0f86
6,famous_le_100m,13,0.8571428571428571,0.9285714285714286,2,osl_siamese_cnn,2b977d1ee8eda38e6987699438b7a03f9ad7c4c6ffdf4b9f483b046c8b9e0f86
6,famous_le_100m,14,0.8571428571428571,0.9285714285714286,2,osl_siamese_cnn,2b977d1ee8eda38e6987699438b7a03f9ad7c4c6ffdf4b9f483b046c8b9e0f86
6,famous_le_100m,15,0.8571428571428571,0.9285714285714286,2,osl_siamese_cnn,2b977d1ee8eda38e6987699438b7a03f9ad7c4c6ffdf4b9f483b046c8b9e0f86
6,famous_le_100m,16,0.9285714285714286,0.9285714285714286,2,osl_siamese_cnn,2b977d1ee8eda38e6987699438b7a03f9ad7c4c6ffdf4b9f483b046c8b9e0f86
6,famous_le_100m,17,0.9285714285714286,0.9285714285714286,2,osl_siamese_cnn,2b977d1ee8eda38e6987699438b7a03f9ad7c4c6ffdf4b9f483b046c8b9e0f86
6,famous_le_100m,18,0.9285714285714286,0.9285714285714286,2,osl_siamese_cnn,2b977d1ee8eda38e6987699438b7a03f9ad7c4c6ffdf4b9f483b046c8b9e0f86
6,famous_le_100m,19,0.9285714285714286,0.9285714285714286,2,osl_siamese_cnn,2b977d1ee8eda38e6987699438b7a03f9ad7c4c6ffdf4b9f483b046c8b9e0f86
6,famous_le_100m,20,1.0,0.9285714285714286,2,osl_siamese_cnn,2b977d1ee8eda38e6987699438b7a03f9ad7c4c6ffdf4b9f483b046c8b9e0f86
6,famous_le_100m,21,1.0,1.0,2,osl_siamese_cnn,2b977d1ee8eda38e6987699438b7a03f9ad7c4c6ffdf4b9f483b046c8b9e0f86
6,famous_le_100m,22,1.0,1.0,2,osl_siamese_cnn,2b977d1ee8eda38e6987699438b7a03f9ad7c4c6ffdf4b9f483b046c8b9e0f86
6,famous_le_100m,23,1.0,1.0,2,osl_siamese_cnn,2b977d1ee8eda38e6987699438b7a03f9ad7c4c6ffdf4b9f483b046c8b9e0f86
7,torch_pretrained_classification,0,0.6625,0.6125,2,osl_siamese_cnn,effe85886b0eb0f18a7f2ae9ace88a01711bf24d2f4d75c4b9a612ccf4d745f4
7,famous_le_10m,0,1.0,0.8,2,osl_siamese_cnn,effe85886b0eb0f18a7f2ae9ace88a01711bf24d2f4d75c4b9a612ccf4d745f4
7,famous_le_10m,1,0.0,0.2,2,osl_siamese_cnn,effe85886b0eb0f18a7f2ae9ace88a01711bf24d2f4d75c4b9a612ccf4d745f4
7,famous_le_10m,2,0.0,0.2,2,osl_siamese_cnn,effe85886b0eb0f18a7f2ae9ace88a01711bf24d2f4d75c4b9a612ccf4d745f4
7,famous_le_10m,3,0.2,0.6,2,osl_siamese_cnn,effe85886b0eb0f18a7f2ae9ace88a01711bf24d2f4d75c4b9a612ccf4d745f4
7,famous_le_10m,4,0.6,0.6,2,osl_siamese_cnn,effe85886b0eb0f18a7f2ae9ace88a01711bf24d2f4d75c4b9a612ccf4d745f4
7,famous_le_10m,5,1.0,0.8,2,osl_siamese_cnn,effe85886b0eb0f18a7f2ae9ace88a01711bf24d2f4d75c4b9a612ccf4d745f4
7,famous_le_10m,6,1.0,1.0,2,osl_siamese_cnn,effe85886b0eb0f18a7f2ae9ace88a01711bf24d2f4d75c4b9a612ccf4d745f4
7,famous_le_10m,7,1.0,1.0,2,osl_siamese_cnn,effe85886b0eb0f18a7f2ae9ace88a01711bf24d2f4d75c4b9a612ccf4d745f4
7,famous_le_10m,8,1.0,1.0,2,osl_siamese_cnn,effe85886b0eb0f18a7f2ae9ace88a01711bf24d2f4d75c4b9a612ccf4d745f4
7,famous_le_10m,9,1.0,1.0,2,osl_siamese_cnn,effe85886b0eb0f18a7f2ae9ace88a01711bf24d2f4d75c4b9a612ccf4d745f4
7,famous_le_10m,10,1.0,1.0,2,osl_siamese_cnn,effe85886b0eb0f18a7f2ae9ace88a01711bf24d2f4d75c4b9a612ccf4d745f4
7,famous_le_10m,11,1.0,1.0,2,osl_siamese_cnn,effe85886b0eb0f18a7f2ae9ace88a01711bf24d2f4d75c4b9a612ccf4d745f4
7,famous_le_10m,12,1.0,1.0,2,osl_siamese_cnn,effe85886b0eb0f18a7f2ae9ace88a01711bf24d2f4d75c4b9a612ccf4d745f4
7,famous_le_10m,13,1.0,1.0,2,osl_siamese_cnn,effe85886b0eb0f18a7f2ae9ace88a01711bf24d2f4d75c4b9a612ccf4d745f4
7,famous_le_10m,14,1.0,1.0,2,osl_siamese_cnn,effe85886b0eb0f18a7f2ae9ace88a01711bf24d2f4d75c4b9a612ccf4d745f4
7,famous_le_10m,15,1.0,1.0,2,osl_siamese_cnn,effe85886b0eb0f18a7f2ae9ace88a01711bf24d2f4d75c4b9a612ccf4d745f4
7,famous_le_10m,16,1.0,1.0,2,osl_siamese_cnn,effe85886b0eb0f18a7f2ae9ace88a01711bf24d2f4d75c4b9a612ccf4d745f4
7,famous_le_10m,17,1.0,1.0,2,osl_siamese_cnn,effe85886b0eb0f18a7f2ae9ace88a01711bf24d2f4d75c4b9a612ccf4d745f4
7,famous_le_10m,18,1.0,1.0,2,osl_siamese_cnn,effe85886b0eb0f18a7f2ae9ace88a01711bf24d2f4d75c4b9a612ccf4d745f4
7,famous_le_10m,19,1.0,1.0,2,osl_siamese_cnn,effe85886b0eb0f18a7f2ae9ace88a01711bf24d2f4d75c4b9a612ccf4d745f4
7,famous_le_10m,20,1.0,1.0,2,osl_siamese_cnn,effe85886b0eb0f18a7f2ae9ace88a01711bf24d2f4d75c4b9a612ccf4d745f4
7,famous_le_10m,21,1.0,1.0,2,osl_siamese_cnn,effe85886b0eb0f18a7f2ae9ace88a01711bf24d2f4d75c4b9a612ccf4d745f4
7,famous_le_10m,22,1.0,1.0,2,osl_siamese_cnn,effe85886b0eb0f18a7f2ae9ace88a01711bf24d2f4d75c4b9a612ccf4d745f4
7,famous_le_10m,23,1.0,1.0,2,osl_siamese_cnn,effe85886b0eb0f18a7f2ae9ace88a01711bf24d2f4d75c4b9a612ccf4d745f4
7,famous_le_100m,0,0.7142857142857143,0.42857142857142855,2,osl_siamese_cnn,effe85886b0eb0f18a7f2ae9ace88a01711bf24d2f4d75c4b9a612ccf4d745f4
7,famous_le_100m,1,0.2857142857142857,0.5714285714285714,2,osl_siamese_cnn,effe85886b0eb0f18a7f2ae9ace88a01711bf24d2f4d75c4b9a612ccf4d745f4
7,famous_le_100m,2,0.2857142857142857,0.6428571428571429,2,osl_siamese_cnn,effe85886b0eb0f18a7f2ae9ace88a01711bf24d2f4d75c4b9a612ccf4d745f4
7,famous_le_100m,3,0.21428571428571427,0.6428571428571429,2,osl_siamese_cnn,effe85886b0eb0f18a7f2ae9ace88a01711bf24d2f4d75c4b9a612ccf4d745f4
7,famous_le_100m,4,0.21428571428571427,0.6428571428571429,2,osl_siamese_cnn,effe85886b0eb0f18a7f2ae9ace88a01711bf24d2f4d75c4b9a612ccf4d745f4
7,famous_le_100m,5,0.21428571428571427,0.7142857142857143,2,osl_siamese_cnn,effe85886b0eb0f18a7f2ae9ace88a01711bf24d2f4d75c4b9a612ccf4d745f4
7,famous_le_100m,6,0.42857142857142855,0.6428571428571429,2,osl_siamese_cnn,effe85886b0eb0f18a7f2ae9ace88a01711bf24d2f4d75c4b9a612ccf4d745f4
7,famous_le_100m,7,0.5714285714285714,0.7142857142857143,2,osl_siamese_cnn,effe85886b0eb0f18a7f2ae9ace88a01711bf24d2f4d75c4b9a612ccf4d745f4
7,famous_le_100m,8,0.5,0.6428571428571429,2,osl_siamese_cnn,effe85886b0eb0f18a7f2ae9ace88a01711bf24d2f4d75c4b9a612ccf4d745f4
7,famous_le_100m,9,0.7142857142857143,0.7142857142857143,2,osl_siamese_cnn,effe85886b0eb0f18a7f2ae9ace88a01711bf24d2f4d75c4b9a612ccf4d745f4
7,famous_le_100m,10,0.8571428571428571,0.8571428571428571,2,osl_siamese_cnn,effe85886b0eb0f18a7f2ae9ace88a01711bf24d2f4d75c4b9a612ccf4d745f4
7,famous_le_100m,11,0.8571428571428571,0.8571428571428571,2,osl_siamese_cnn,effe85886b0eb0f18a7f2ae9ace88a01711bf24d2f4d75c4b9a612ccf4d745f4
7,famous_le_100m,12,0.8571428571428571,0.8571428571428571,2,osl_siamese_cnn,effe85886b0eb0f18a7f2ae9ace88a01711bf24d2f4d75c4b9a612ccf4d745f4
7,famous_le_100m,13,0.8571428571428571,0.9285714285714286,2,osl_siamese_cnn,effe85886b0eb0f18a7f2ae9ace88a01711bf24d2f4d75c4b9a612ccf4d745f4
7,famous_le_100m,14,0.9285714285714286,0.9285714285714286,2,osl_siamese_cnn,effe85886b0eb0f18a7f2ae9ace88a01711bf24d2f4d75c4b9a612ccf4d745f4
7,famous_le_100m,15,0.9285714285714286,0.9285714285714286,2,osl_siamese_cnn,effe85886b0eb0f18a7f2ae9ace88a01711bf24d2f4d75c4b9a612ccf4d745f4
7,famous_le_100m,16,0.9285714285714286,1.0,2,osl_siamese_cnn,effe85886b0eb0f18a7f2ae9ace88a01711bf24d2f4d75c4b9a612ccf4d745f4
7,famous_le_100m,17,0.9285714285714286,0.9285714285714286,2,osl_siamese_cnn,effe85886b0eb0f18a7f2ae9ace88a01711bf24d2f4d75c4b9a612ccf4d745f4
7,famous_le_100m,18,0.9285714285714286,1.0,2,osl_siamese_cnn,effe85886b0eb0f18a7f2ae9ace88a01711bf24d2f4d75c4b9a612ccf4d745f4
7,famous_le_100m,19,1.0,1.0,2,osl_siamese_cnn,effe85886b0eb0f18a7f2ae9ace88a01711bf24d2f4d75c4b9a612ccf4d745f4
7,famous_le_100m,20,1.0,0.9285714285714286,2,osl_siamese_cnn,effe85886b0eb0f18a7f2ae9ace88a01711bf24d2f4d75c4b9a612ccf4d745f4
7,famous_le_100m,21,1.0,1.0,2,osl_siamese_cnn,effe85886b0eb0f18a7f2ae9ace88a01711bf24d2f4d75c4b9a612ccf4d745f4
7,famous_le_100m,22,1.0,1.0,2,osl_siamese_cnn,effe85886b0eb0f18a7f2ae9ace88a01711bf24d2f4d75c4b9a612ccf4d745f4
7,famous_le_100m,23,1.0,1.0,2,osl_siamese_cnn,effe85886b0eb0f18a7f2ae9ace88a01711bf24d2f4d75c4b9a612ccf4d745f4
8,torch_pretrained_classification,0,0.8625,0.525,2,osl_siamese_cnn,29f2b8b515fb247cf4fe3d68908913444e533365dce7bca4d727780ae19a1fd2
8,famous_le_10m,0,0.8,0.6,2,osl_siamese_cnn,29f2b8b515fb247cf4fe3d68908913444e533365dce7bca4d727780ae19a1fd2
8,famous_le_10m,1,0.2,0.4,2,osl_siamese_cnn,29f2b8b515fb247cf4fe3d68908913444e533365dce7bca4d727780ae19a1fd2
8,famous_le_10m,2,0.2,0.4,2,osl_siamese_cnn,29f2b8b515fb247cf4fe3d68908913444e533365dce7bca4d727780ae19a1fd2
8,famous_le_10m,3,0.2,0.8,2,osl_siamese_cnn,29f2b8b515fb247cf4fe3d68908913444e533365dce7bca4d727780ae19a1fd2
8,famous_le_10m,4,0.4,0.6,2,osl_siamese_cnn,29f2b8b515fb247cf4fe3d68908913444e533365dce7bca4d727780ae19a1fd2
8,famous_le_10m,5,1.0,0.6,2,osl_siamese_cnn,29f2b8b515fb247cf4fe3d68908913444e533365dce7bca4d727780ae19a1fd2
8,famous_le_10m,6,1.0,1.0,2,osl_siamese_cnn,29f2b8b515fb247cf4fe3d68908913444e533365dce7bca4d727780ae19a1fd2
8,famous_le_10m,7,1.0,1.0,2,osl_siamese_cnn,29f2b8b515fb247cf4fe3d68908913444e533365dce7bca4d727780ae19a1fd2
8,famous_le_10m,8,1.0,1.0,2,osl_siamese_cnn,29f2b8b515fb247cf4fe3d68908913444e533365dce7bca4d727780ae19a1fd2
8,famous_le_10m,9,1.0,1.0,2,osl_siamese_cnn,29f2b8b515fb247cf4fe3d68908913444e533365dce7bca4d727780ae19a1fd2
8,famous_le_10m,10,1.0,1.0,2,osl_siamese_cnn,29f2b8b515fb247cf4fe3d68908913444e533365dce7bca4d727780ae19a1fd2
8,famous_le_10m,11,1.0,1.0,2,osl_siamese_cnn,29f2b8b515fb247cf4fe3d68908913444e533365dce7bca4d727780ae19a1fd2
8,famous_le_10m,12,1.0,1.0,2,osl_siamese_cnn,29f2b8b515fb247cf4fe3d68908913444e533365dce7bca4d727780ae19a1fd2
8,famous_le_10m,13,1.0,1.0,2,osl_siamese_cnn,29f2b8b515fb247cf4fe3d68908913444e533365dce7bca4d727780ae19a1fd2
8,famous_le_10m,14,1.0,1.0,2,osl_siamese_cnn,29f2b8b515fb247cf4fe3d68908913444e533365dce7bca4d727780ae19a1fd2
8,famous_le_10m,15,1.0,1.0,2,osl_siamese_cnn,29f2b8b515fb247cf4fe3d68908913444e533365dce7bca4d727780ae19a1fd2
8,famous_le_10m,16,1.0,1.0,2,osl_siamese_cnn,29f2b8b515fb247cf4fe3d68908913444e533365dce7bca4d727780ae19a1fd2
8,famous_le_10m,17,1.0,1.0,2,osl_siamese_cnn,29f2b8b515fb247cf4fe3d68908913444e533365dce7bca4d727780ae19a1fd2
8,famous_le_10m,18,1.0,1.0,2,osl_siamese_cnn,29f2b8b515fb247cf4fe3d68908913444e533365dce7bca4d727780ae19a1fd2
8,famous_le_10m,19,1.0,1.0,2,osl_siamese_cnn,29f2b8b515fb247cf4fe3d68908913444e533365dce7bca4d727780ae19a1fd2
8,famous_le_10m,20,1.0,1.0,2,osl_siamese_cnn,29f2b8b515fb247cf4fe3d68908913444e533365dce7bca4d727780ae19a1fd2
8,famous_le_10m,21,1.0,1.0,2,osl_siamese_cnn,29f2b8b515fb247cf4fe3d68908913444e533365dce7bca4d727780ae19a1fd2
8,famous_le_10m,22,1.0,1.0,2,osl_siamese_cnn,29f2b8b515fb247cf4fe3d68908913444e533365dce7bca4d727780ae19a1fd2
8,famous_le_10m,23,1.0,1.0,2,osl_siamese_cnn,29f2b8b515fb247cf4fe3d68908913444e533365dce7bca4d727780ae19a1fd2
8,famous_le_100m,0,0.9285714285714286,0.6428571428571429,2,osl_siamese_cnn,29f2b8b515fb247cf4fe3d68908913444e533365dce7bca4d727780ae19a1fd2
8,famous_le_100m,1,0.07142857142857142,0.35714285714285715,2,osl_siamese_cnn,29f2b8b515fb247cf4fe3d68908913444e533365dce7bca4d727780ae19a1fd2
8,famous_le_100m,2,0.07142857142857142,0.35714285714285715,2,osl_siamese_cnn,29f2b8b515fb247cf4fe3d68908913444e533365dce7bca4d727780ae19a1fd2
8,famous_le_100m,3,0.07142857142857142,0.21428571428571427,2,osl_siamese_cnn,29f2b8b515fb247cf4fe3d68908913444e533365dce7bca4d727780ae19a1fd2
8,famous_le_100m,4,0.07142857142857142,0.14285714285714285,2,osl_siamese_cnn,29f2b8b515fb247cf4fe3d68908913444e533365dce7bca4d727780ae19a1fd2
8,famous_le_100m,5,0.07142857142857142,0.35714285714285715,2,osl_siamese_cnn,29f2b8b515fb247cf4fe3d68908913444e533365dce7bca4d727780ae19a1fd2
8,famous_le_100m,6,0.21428571428571427,0.5714285714285714,2,osl_siamese_cnn,29f2b8b515fb247cf4fe3d68908913444e533365dce7bca4d727780ae19a1fd2
8,famous_le_100m,7,0.5,0.7142857142857143,2,osl_siamese_cnn,29f2b8b515fb247cf4fe3d68908913444e533365dce7bca4d727780ae19a1fd2
8,famous_le_100m,8,0.7142857142857143,0.6428571428571429,2,osl_siamese_cnn,29f2b8b515fb247cf4fe3d68908913444e533365dce7bca4d727780ae19a1fd2
8,famous_le_100m,9,0.8571428571428571,0.7142857142857143,2,osl_siamese_cnn,29f2b8b515fb247cf4fe3d68908913444e533365dce7bca4d727780ae19a1fd2
8,famous_le_100m,10,0.8571428571428571,0.7857142857142857,2,osl_siamese_cnn,29f2b8b515fb247cf4fe3d68908913444e533365dce7bca4d727780ae19a1fd2
8,famous_le_100m,11,0.8571428571428571,0.9285714285714286,2,osl_siamese_cnn,29f2b8b515fb247cf4fe3d68908913444e533365dce7bca4d727780ae19a1fd2
8,famous_le_100m,12,0.8571428571428571,0.9285714285714286,2,osl_siamese_cnn,29f2b8b515fb247cf4fe3d68908913444e533365dce7bca4d727780ae19a1fd2
8,famous_le_100m,13,0.8571428571428571,0.9285714285714286,2,osl_siamese_cnn,29f2b8b515fb247cf4fe3d68908913444e533365dce7bca4d727780ae19a1fd2
8,famous_le_100m,14,0.9285714285714286,0.8571428571428571,2,osl_siamese_cnn,29f2b8b515fb247cf4fe3d68908913444e533365dce7bca4d727780ae19a1fd2
8,famous_le_100m,15,0.9285714285714286,1.0,2,osl_siamese_cnn,29f2b8b515fb247cf4fe3d68908913444e533365dce7bca4d727780ae19a1fd2
8,famous_le_100m,16,0.9285714285714286,1.0,2,osl_siamese_cnn,29f2b8b515fb247cf4fe3d68908913444e533365dce7bca4d727780ae19a1fd2
8,famous_le_100m,17,0.9285714285714286,0.9285714285714286,2,osl_siamese_cnn,29f2b8b515fb247cf4fe3d68908913444e533365dce7bca4d727780ae19a1fd2
8,famous_le_100m,18,0.9285714285714286,1.0,2,osl_siamese_cnn,29f2b8b515fb247cf4fe3d68908913444e533365dce7bca4d727780ae19a1fd2
8,famous_le_100m,19,1.0,0.9285714285714286,2,osl_siamese_cnn,29f2b8b515fb247cf4fe3d68908913444e533365dce7bca4d727780ae19a1fd2
8,famous_le_100m,20,1.0,1.0,2,osl_siamese_cnn,29f2b8b515fb247cf4fe3d68908913444e533365dce7bca4d727780ae19a1fd2
8,famous_le_100m,21,1.0,1.0,2,osl_siamese_cnn,29f2b8b515fb247cf4fe3d68908913444e533365dce7bca4d727780ae19a1fd2
8,famous_le_100m,22,1.0,1.0,2,osl_siamese_cnn,29f2b8b515fb247cf4fe3d68908913444e533365dce7bca4d727780ae19a1fd2
8,famous_le_100m,23,1.0,1.0,2,osl_siamese_cnn,29f2b8b515fb247cf4fe3d68908913444e533365dce7bca4d727780ae19a1fd2
9,torch_pretrained_classification,0,0.7375,0.425,2,osl_siamese_cnn,c863c2b3298dbdcbfc1bdb2e30d8e187475837e800a493b4f11953b42f786069
9,famous_le_10m,0,0.8,0.4,2,osl_siamese_cnn,c863c2b3298dbdcbfc1bdb2e30d8e187475837e800a493b4f11953b42f786069
9,famous_le_10m,1,0.2,0.6,2,osl_siamese_cnn,c863c2b3298dbdcbfc1bdb2e30d8e187475837e800a493b4f11953b42f786069
9,famous_le_10m,2,0.2,0.6,2,osl_siamese_cnn,c863c2b3298dbdcbfc1bdb2e30d8e187475837e800a493b4f11953b42f786069
9,famous_le_10m,3,0.2,0.8,2,osl_siamese_cnn,c863c2b3298dbdcbfc1bdb2e30d8e187475837e800a493b4f11953b42f786069
9,famous_le_10m,4,0.2,0.8,2,osl_siamese_cnn,c863c2b3298dbdcbfc1bdb2e30d8e187475837e800a493b4f11953b42f786069
9,famous_le_10m,5,0.8,0.6,2,osl_siamese_cnn,c863c2b3298dbdcbfc1bdb2e30d8e187475837e800a493b4f11953b42f786069
9,famous_le_10m,6,1.0,0.4,2,osl_siamese_cnn,c863c2b3298dbdcbfc1bdb2e30d8e187475837e800a493b4f11953b42f786069
9,famous_le_10m,7,1.0,1.0,2,osl_siamese_cnn,c863c2b3298dbdcbfc1bdb2e30d8e187475837e800a493b4f11953b42f786069
9,famous_le_10m,8,1.0,1.0,2,osl_siamese_cnn,c863c2b3298dbdcbfc1bdb2e30d8e187475837e800a493b4f11953b42f786069
9,famous_le_10m,9,1.0,1.0,2,osl_siamese_cnn,c863c2b3298dbdcbfc1bdb2e30d8e187475837e800a493b4f11953b42f786069
9,famous_le_10m,10,1.0,1.0,2,osl_siamese_cnn,c863c2b3298dbdcbfc1bdb2e30d8e187475837e800a493b4f11953b42f786069
9,famous_le_10m,11,1.0,1.0,2,osl_siamese_cnn,c863c2b3298dbdcbfc1bdb2e30d8e187475837e800a493b4f11953b42f786069
9,famous_le_10m,12,1.0,1.0,2,osl_siamese_cnn,c863c2b3298dbdcbfc1bdb2e30d8e187475837e800a493b4f11953b42f786069
9,famous_le_10m,13,1.0,1.0,2,osl_siamese_cnn,c863c2b3298dbdcbfc1bdb2e30d8e187475837e800a493b4f11953b42f786069
9,famous_le_10m,14,1.0,1.0,2,osl_siamese_cnn,c863c2b3298dbdcbfc1bdb2e30d8e187475837e800a493b4f11953b42f786069
9,famous_le_10m,15,1.0,1.0,2,osl_siamese_cnn,c863c2b3298dbdcbfc1bdb2e30d8e187475837e800a493b4f11953b42f786069
9,famous_le_10m,16,1.0,1.0,2,osl_siamese_cnn,c863c2b3298dbdcbfc1bdb2e30d8e187475837e800a493b4f11953b42f786069
9,famous_le_10m,17,1.0,1.0,2,osl_siamese_cnn,c863c2b3298dbdcbfc1bdb2e30d8e187475837e800a493b4f11953b42f786069
9,famous_le_10m,18,1.0,1.0,2,osl_siamese_cnn,c863c2b3298dbdcbfc1bdb2e30d8e187475837e800a493b4f11953b42f786069
9,famous_le_10m,19,1.0,1.0,2,osl_siamese_cnn,c863c2b3298dbdcbfc1bdb2e30d8e187475837e800a493b4f11953b42f786069
9,famous_le_10m,20,1.0,1.0,2,osl_siamese_cnn,c863c2b3298dbdcbfc1bdb2e30d8e187475837e800a493b4f11953b42f786069
9,famous_le_10m,21,1.0,1.0,2,osl_siamese_cnn,c863c2b3298dbdcbfc1bdb2e30d8e187475837e800a493b4f11953b42f786069
9,famous_le_10m,22,1.0,1.0,2,osl_siamese_cnn,c863c2b3298dbdcbfc1bdb2e30d8e187475837e800a493b4f11953b42f786069
9,famous_le_10m,23,1.0,1.0,2,osl_siamese_cnn,c863c2b3298dbdcbfc1bdb2e30d8e187475837e800a493b4f11953b42f786069
9,famous_le_100m,0,0.7857142857142857,0.5,2,osl_siamese_cnn,c863c2b3298dbdcbfc1bdb2e30d8e187475837e800a493b4f11953b42f786069
9,famous_le_100m,1,0.21428571428571427,0.5,2,osl_siamese_cnn,c863c2b3298dbdcbfc1bdb2e30d8e187475837e800a493b4f11953b42f786069
9,famous_le_100m,2,0.21428571428571427,0.5,2,osl_siamese_cnn,c863c2b3298dbdcbfc1bdb2e30d8e187475837e800a493b4f11953b42f786069
9,famous_le_100m,3,0.21428571428571427,0.5,2,osl_siamese_cnn,c863c2b3298dbdcbfc1bdb2e30d8e187475837e800a493b4f11953b42f786069
9,famous_le_100m,4,0.21428571428571427,0.5714285714285714,2,osl_siamese_cnn,c863c2b3298dbdcbfc1bdb2e30d8e187475837e800a493b4f11953b42f786069
9,famous_le_100m,5,0.21428571428571427,0.5714285714285714,2,osl_siamese_cnn,c863c2b3298dbdcbfc1bdb2e30d8e187475837e800a493b4f11953b42f786069
9,famous_le_100m,6,0.21428571428571427,0.6428571428571429,2,osl_siamese_cnn,c863c2b3298dbdcbfc1bdb2e30d8e187475837e800a493b4f11953b42f786069
9,famous_le_100m,7,0.35714285714285715,0.8571428571428571,2,osl_siamese_cnn,c863c2b3298dbdcbfc1bdb2e30d8e187475837e800a493b4f11953b42f786069
9,famous_le_100m,8,0.5714285714285714,0.7142857142857143,2,osl_siamese_cnn,c863c2b3298dbdcbfc1bdb2e30d8e187475837e800a493b4f11953b42f786069
9,famous_le_100m,9,0.5,0.7857142857142857,2,osl_siamese_cnn,c863c2b3298dbdcbfc1bdb2e30d8e187475837e800a493b4f11953b42f786069
9,famous_le_100m,10,0.5,0.8571428571428571,2,osl_siamese_cnn,c863c2b3298dbdcbfc1bdb2e30d8e187475837e800a493b4f11953b42f786069
9,famous_le_100m,11,0.5714285714285714,0.8571428571428571,2,osl_siamese_cnn,c863c2b3298dbdcbfc1bdb2e30d8e187475837e800a493b4f11953b42f786069
9,famous_le_100m,12,0.7142857142857143,0.7857142857142857,2,osl_siamese_cnn,c863c2b3298dbdcbfc1bdb2e30d8e187475837e800a493b4f11953b42f786069
9,famous_le_100m,13,0.7857142857142857,0.7142857142857143,2,osl_siamese_cnn,c863c2b3298dbdcbfc1bdb2e30d8e187475837e800a493b4f11953b42f786069
9,famous_le_100m,14,0.7857142857142857,0.7142857142857143,2,osl_siamese_cnn,c863c2b3298dbdcbfc1bdb2e30d8e187475837e800a493b4f11953b42f786069
9,famous_le_100m,15,0.7142857142857143,0.7142857142857143,2,osl_siamese_cnn,c863c2b3298dbdcbfc1bdb2e30d8e187475837e800a493b4f11953b42f786069
9,famous_le_100m,16,0.7142857142857143,0.5,2,osl_siamese_cnn,c863c2b3298dbdcbfc1bdb2e30d8e187475837e800a493b4f11953b42f786069
9,famous_le_100m,17,0.7857142857142857,0.7857142857142857,2,osl_siamese_cnn,c863c2b3298dbdcbfc1bdb2e30d8e187475837e800a493b4f11953b42f786069
9,famous_le_100m,18,0.8571428571428571,0.8571428571428571,2,osl_siamese_cnn,c863c2b3298dbdcbfc1bdb2e30d8e187475837e800a493b4f11953b42f786069
9,famous_le_100m,19,0.9285714285714286,0.9285714285714286,2,osl_siamese_cnn,c863c2b3298dbdcbfc1bdb2e30d8e187475837e800a493b4f11953b42f786069
9,famous_le_100m,20,1.0,0.9285714285714286,2,osl_siamese_cnn,c863c2b3298dbdcbfc1bdb2e30d8e187475837e800a493b4f11953b42f786069
9,famous_le_100m,21,1.0,1.0,2,osl_siamese_cnn,c863c2b3298dbdcbfc1bdb2e30d8e187475837e800a493b4f11953b42f786069
9,famous_le_100m,22,1.0,1.0,2,osl_siamese_cnn,c863c2b3298dbdcbfc1bdb2e30d8e187475837e800a493b4f11953b42f786069
9,famous_le_100m,23,1.0,1.0,2,osl_siamese_cnn,c863c2b3298dbdcbfc1bdb2e30d8e187475837e800a493b4f11953b42f786069
5,torch_pretrained_classification,0,0.6625,0.6875,3,osl_siamese_cnn,2732fd5ab3f56656a352e72b035257820a9f09730cf668c2ca68cf73e46e5489
5,famous_le_10m,0,0.8,0.4,3,osl_siamese_cnn,2732fd5ab3f56656a352e72b035257820a9f09730cf668c2ca68cf73e46e5489
5,famous_le_10m,1,0.2,0.4,3,osl_siamese_cnn,2732fd5ab3f56656a352e72b035257820a9f09730cf668c2ca68cf73e46e5489
5,famous_le_10m,2,0.2,0.4,3,osl_siamese_cnn,2732fd5ab3f56656a352e72b035257820a9f09730cf668c2ca68cf73e46e5489
5,famous_le_10m,3,0.4,0.4,3,osl_siamese_cnn,2732fd5ab3f56656a352e72b035257820a9f09730cf668c2ca68cf73e46e5489
5,famous_le_10m,4,0.8,0.4,3,osl_siamese_cnn,2732fd5ab3f56656a352e72b035257820a9f09730cf668c2ca68cf73e46e5489
5,famous_le_10m,5,1.0,0.2,3,osl_siamese_cnn,2732fd5ab3f56656a352e72b035257820a9f09730cf668c2ca68cf73e46e5489
5,famous_le_10m,6,1.0,0.6,3,osl_siamese_cnn,2732fd5ab3f56656a352e72b035257820a9f09730cf668c2ca68cf73e46e5489
5,famous_le_10m,7,1.0,1.0,3,osl_siamese_cnn,2732fd5ab3f56656a352e72b035257820a9f09730cf668c2ca68cf73e46e5489
5,famous_le_10m,8,1.0,1.0,3,osl_siamese_cnn,2732fd5ab3f56656a352e72b035257820a9f09730cf668c2ca68cf73e46e5489
5,famous_le_10m,9,0.6,0.8,3,osl_siamese_cnn,2732fd5ab3f56656a352e72b035257820a9f09730cf668c2ca68cf73e46e5489
5,famous_le_10m,10,1.0,1.0,3,osl_siamese_cnn,2732fd5ab3f56656a352e72b035257820a9f09730cf668c2ca68cf73e46e5489
5,famous_le_10m,11,1.0,0.6,3,osl_siamese_cnn,2732fd5ab3f56656a352e72b035257820a9f09730cf668c2ca68cf73e46e5489
5,famous_le_10m,12,1.0,1.0,3,osl_siamese_cnn,2732fd5ab3f56656a352e72b035257820a9f09730cf668c2ca68cf73e46e5489
5,famous_le_10m,13,1.0,1.0,3,osl_siamese_cnn,2732fd5ab3f56656a352e72b035257820a9f09730cf668c2ca68cf73e46e5489
5,famous_le_10m,14,1.0,1.0,3,osl_siamese_cnn,2732fd5ab3f56656a352e72b035257820a9f09730cf668c2ca68cf73e46e5489
5,famous_le_10m,15,1.0,1.0,3,osl_siamese_cnn,2732fd5ab3f56656a352e72b035257820a9f09730cf668c2ca68cf73e46e5489
5,famous_le_10m,16,1.0,1.0,3,osl_siamese_cnn,2732fd5ab3f56656a352e72b035257820a9f09730cf668c2ca68cf73e46e5489
5,famous_le_10m,17,1.0,1.0,3,osl_siamese_cnn,2732fd5ab3f56656a352e72b035257820a9f09730cf668c2ca68cf73e46e5489
5,famous_le_10m,18,1.0,1.0,3,osl_siamese_cnn,2732fd5ab3f56656a352e72b035257820a9f09730cf668c2ca68cf73e46e5489
5,famous_le_10m,19,1.0,1.0,3,osl_siamese_cnn,2732fd5ab3f56656a352e72b035257820a9f09730cf668c2ca68cf73e46e5489
5,famous_le_10m,20,1.0,1.0,3,osl_siamese_cnn,2732fd5ab3f56656a352e72b035257820a9f09730cf668c2ca68cf73e46e5489
5,famous_le_10m,21,1.0,1.0,3,osl_siamese_cnn,2732fd5ab3f56656a352e72b035257820a9f09730cf668c2ca68cf73e46e5489
5,famous_le_10m,22,1.0,1.0,3,osl_siamese_cnn,2732fd5ab3f56656a352e72b035257820a9f09730cf668c2ca68cf73e46e5489
5,famous_le_10m,23,1.0,1.0,3,osl_siamese_cnn,2732fd5ab3f56656a352e72b035257820a9f09730cf668c2ca68cf73e46e5489
5,famous_le_100m,0,0.14285714285714285,0.2857142857142857,3,osl_siamese_cnn,2732fd5ab3f56656a352e72b035257820a9f09730cf668c2ca68cf73e46e5489
5,famous_le_100m,1,0.8571428571428571,0.7142857142857143,3,osl_siamese_cnn,2732fd5ab3f56656a352e72b035257820a9f09730cf668c2ca68cf73e46e5489
5,famous_le_100m,2,0.8571428571428571,0.7142857142857143,3,osl_siamese_cnn,2732fd5ab3f56656a352e72b035257820a9f09730cf668c2ca68cf73e46e5489
5,famous_le_100m,3,0.8571428571428571,0.7142857142857143,3,osl_siamese_cnn,2732fd5ab3f56656a352e72b035257820a9f09730cf668c2ca68cf73e46e5489
5,famous_le_100m,4,0.8571428571428571,0.7142857142857143,3,osl_siamese_cnn,2732fd5ab3f56656a352e72b035257820a9f09730cf668c2ca68cf73e46e5489
5,famous_le_100m,5,0.7142857142857143,0.5,3,osl_siamese_cnn,2732fd5ab3f56656a352e72b035257820a9f09730cf668c2ca68cf73e46e5489
5,famous_le_100m,6,0.5,0.5,3,osl_siamese_cnn,2732fd5ab3f56656a352e72b035257820a9f09730cf668c2ca68cf73e46e5489
5,famous_le_100m,7,0.5714285714285714,0.5,3,osl_siamese_cnn,2732fd5ab3f56656a352e72b035257820a9f09730cf668c2ca68cf73e46e5489
5,famous_le_100m,8,0.42857142857142855,0.5714285714285714,3,osl_siamese_cnn,2732fd5ab3f56656a352e72b035257820a9f09730cf668c2ca68cf73e46e5489
5,famous_le_100m,9,0.42857142857142855,0.6428571428571429,3,osl_siamese_cnn,2732fd5ab3f56656a352e72b035257820a9f09730cf668c2ca68cf73e46e5489
5,famous_le_100m,10,0.42857142857142855,0.5,3,osl_siamese_cnn,2732fd5ab3f56656a352e72b035257820a9f09730cf668c2ca68cf73e46e5489
5,famous_le_100m,11,0.5714285714285714,0.6428571428571429,3,osl_siamese_cnn,2732fd5ab3f56656a352e72b035257820a9f09730cf668c2ca68cf73e46e5489
5,famous_le_100m,12,0.6428571428571429,0.7857142857142857,3,osl_siamese_cnn,2732fd5ab3f56656a352e72b035257820a9f09730cf668c2ca68cf73e46e5489
5,famous_le_100m,13,0.7857142857142857,0.7857142857142857,3,osl_siamese_cnn,2732fd5ab3f56656a352e72b035257820a9f09730cf668c2ca68cf73e46e5489
5,famous_le_100m,14,0.8571428571428571,0.9285714285714286,3,osl_siamese_cnn,2732fd5ab3f56656a352e72b035257820a9f09730cf668c2ca68cf73e46e5489
5,famous_le_100m,15,0.9285714285714286,0.9285714285714286,3,osl_siamese_cnn,2732fd5ab3f56656a352e72b035257820a9f09730cf668c2ca68cf73e46e5489
5,famous_le_100m,16,0.9285714285714286,0.9285714285714286,3,osl_siamese_cnn,2732fd5ab3f56656a352e72b035257820a9f09730cf668c2ca68cf73e46e5489
5,famous_le_100m,17,0.9285714285714286,1.0,3,osl_siamese_cnn,2732fd5ab3f56656a352e72b035257820a9f09730cf668c2ca68cf73e46e5489
5,famous_le_100m,18,0.9285714285714286,1.0,3,osl_siamese_cnn,2732fd5ab3f56656a352e72b035257820a9f09730cf668c2ca68cf73e46e5489
5,famous_le_100m,19,1.0,0.9285714285714286,3,osl_siamese_cnn,2732fd5ab3f56656a352e72b035257820a9f09730cf668c2ca68cf73e46e5489
5,famous_le_100m,20,1.0,0.9285714285714286,3,osl_siamese_cnn,2732fd5ab3f56656a352e72b035257820a9f09730cf668c2ca68cf73e46e5489
5,famous_le_100m,21,1.0,1.0,3,osl_siamese_cnn,2732fd5ab3f56656a352e72b035257820a9f09730cf668c2ca68cf73e46e5489
5,famous_le_100m,22,1.0,1.0,3,osl_siamese_cnn,2732fd5ab3f56656a352e72b035257820a9f09730cf668c2ca68cf73e46e5489
5,famous_le_100m,23,1.0,1.0,3,osl_siamese_cnn,2732fd5ab3f56656a352e72b035257820a9f09730cf668c2ca68cf73e46e5489
6,torch_pretrained_classification,0,0.6875,0.5,3,osl_siamese_cnn,fbfcfc02e5ab3fd5d056059a6a5bf6d5e297e11efeac2f834107d66b108dd35e
6,famous_le_10m,0,1.0,0.4,3,osl_siamese_cnn,fbfcfc02e5ab3fd5d056059a6a5bf6d5e297e11efeac2f834107d66b108dd35e
6,famous_le_10m,1,0.0,0.6,3,osl_siamese_cnn,fbfcfc02e5ab3fd5d056059a6a5bf6d5e297e11efeac2f834107d66b108dd35e
6,famous_le_10m,2,0.0,0.4,3,osl_siamese_cnn,fbfcfc02e5ab3fd5d056059a6a5bf6d5e297e11efeac2f834107d66b108dd35e
6,famous_le_10m,3,0.2,0.4,3,osl_siamese_cnn,fbfcfc02e5ab3fd5d056059a6a5bf6d5e297e11efeac2f834107d66b108dd35e
6,famous_le_10m,4,0.4,0.4,3,osl_siamese_cnn,fbfcfc02e5ab3fd5d056059a6a5bf6d5e297e11efeac2f834107d66b108dd35e
6,famous_le_10m,5,1.0,0.8,3,osl_siamese_cnn,fbfcfc02e5ab3fd5d056059a6a5bf6d5e297e11efeac2f834107d66b108dd35e
6,famous_le_10m,6,1.0,1.0,3,osl_siamese_cnn,fbfcfc02e5ab3fd5d056059a6a5bf6d5e297e11efeac2f834107d66b108dd35e
6,famous_le_10m,7,1.0,1.0,3,osl_siamese_cnn,fbfcfc02e5ab3fd5d056059a6a5bf6d5e297e11efeac2f834107d66b108dd35e
6,famous_le_10m,8,1.0,1.0,3,osl_siamese_cnn,fbfcfc02e5ab3fd5d056059a6a5bf6d5e297e11efeac2f834107d66b108dd35e
6,famous_le_10m,9,1.0,1.0,3,osl_siamese_cnn,fbfcfc02e5ab3fd5d056059a6a5bf6d5e297e11efeac2f834107d66b108dd35e
6,famous_le_10m,10,1.0,1.0,3,osl_siamese_cnn,fbfcfc02e5ab3fd5d056059a6a5bf6d5e297e11efeac2f834107d66b108dd35e
6,famous_le_10m,11,1.0,1.0,3,osl_siamese_cnn,fbfcfc02e5ab3fd5d056059a6a5bf6d5e297e11efeac2f834107d66b108dd35e
6,famous_le_10m,12,1.0,1.0,3,osl_siamese_cnn,fbfcfc02e5ab3fd5d056059a6a5bf6d5e297e11efeac2f834107d66b108dd35e
6,famous_le_10m,13,1.0,1.0,3,osl_siamese_cnn,fbfcfc02e5ab3fd5d056059a6a5bf6d5e297e11efeac2f834107d66b108dd35e
6,famous_le_10m,14,1.0,1.0,3,osl_siamese_cnn,fbfcfc02e5ab3fd5d056059a6a5bf6d5e297e11efeac2f834107d66b108dd35e
6,famous_le_10m,15,1.0,1.0,3,osl_siamese_cnn,fbfcfc02e5ab3fd5d056059a6a5bf6d5e297e11efeac2f834107d66b108dd35e
6,famous_le_10m,16,1.0,1.0,3,osl_siamese_cnn,fbfcfc02e5ab3fd5d056059a6a5bf6d5e297e11efeac2f834107d66b108dd35e
6,famous_le_10m,17,1.0,1.0,3,osl_siamese_cnn,fbfcfc02e5ab3fd5d056059a6a5bf6d5e297e11efeac2f834107d66b108dd35e
6,famous_le_10m,18,1.0,1.0,3,osl_siamese_cnn,fbfcfc02e5ab3fd5d056059a6a5bf6d5e297e11efeac2f834107d66b108dd35e
6,famous_le_10m,19,1.0,1.0,3,osl_siamese_cnn,fbfcfc02e5ab3fd5d056059a6a5bf6d5e297e11efeac2f834107d66b108dd35e
6,famous_le_10m,20,1.0,1.0,3,osl_siamese_cnn,fbfcfc02e5ab3fd5d056059a6a5bf6d5e297e11efeac2f834107d66b108dd35e
6,famous_le_10m,21,1.0,1.0,3,osl_siamese_cnn,fbfcfc02e5ab3fd5d056059a6a5bf6d5e297e11efeac2f834107d66b108dd35e
6,famous_le_10m,22,1.0,1.0,3,osl_siamese_cnn,fbfcfc02e5ab3fd5d056059a6a5bf6d5e297e11efeac2f834107d66b108dd35e
6,famous_le_10m,23,1.0,1.0,3,osl_siamese_cnn,fbfcfc02e5ab3fd5d056059a6a5bf6d5e297e11efeac2f834107d66b108dd35e
6,famous_le_100m,0,0.7857142857142857,0.35714285714285715,3,osl_siamese_cnn,fbfcfc02e5ab3fd5d056059a6a5bf6d5e297e11efeac2f834107d66b108dd35e
6,famous_le_100m,1,0.21428571428571427,0.6428571428571429,3,osl_siamese_cnn,fbfcfc02e5ab3fd5d056059a6a5bf6d5e297e11efeac2f834107d66b108dd35e
6,famous_le_100m,2,0.21428571428571427,0.5714285714285714,3,osl_siamese_cnn,fbfcfc02e5ab3fd5d056059a6a5bf6d5e297e11efeac2f834107d66b108dd35e
6,famous_le_100m,3,0.21428571428571427,0.5714285714285714,3,osl_siamese_cnn,fbfcfc02e5ab3fd5d056059a6a5bf6d5e297e11efeac2f834107d66b108dd35e
6,famous_le_100m,4,0.21428571428571427,0.5714285714285714,3,osl_siamese_cnn,fbfcfc02e5ab3fd5d056059a6a5bf6d5e297e11efeac2f834107d66b108dd35e
6,famous_le_100m,5,0.21428571428571427,0.5,3,osl_siamese_cnn,fbfcfc02e5ab3fd5d056059a6a5bf6d5e297e11efeac2f834107d66b108dd35e
6,famous_le_100m,6,0.42857142857142855,0.5714285714285714,3,osl_siamese_cnn,fbfcfc02e5ab3fd5d056059a6a5bf6d5e297e11efeac2f834107d66b108dd35e
6,famous_le_100m,7,0.5,0.7142857142857143,3,osl_siamese_cnn,fbfcfc02e5ab3fd5d056059a6a5bf6d5e297e11efeac2f834107d66b108dd35e
6,famous_le_100m,8,0.7142857142857143,0.7142857142857143,3,osl_siamese_cnn,fbfcfc02e5ab3fd5d056059a6a5bf6d5e297e11efeac2f834107d66b108dd35e
6,famous_le_100m,9,0.8571428571428571,0.8571428571428571,3,osl_siamese_cnn,fbfcfc02e5ab3fd5d056059a6a5bf6d5e297e11efeac2f834107d66b108dd35e
6,famous_le_100m,10,0.8571428571428571,0.8571428571428571,3,osl_siamese_cnn,fbfcfc02e5ab3fd5d056059a6a5bf6d5e297e11efeac2f834107d66b108dd35e
6,famous_le_100m,11,0.8571428571428571,0.8571428571428571,3,osl_siamese_cnn,fbfcfc02e5ab3fd5d056059a6a5bf6d5e297e11efeac2f834107d66b108dd35e
6,famous_le_100m,12,0.8571428571428571,0.9285714285714286,3,osl_siamese_cnn,fbfcfc02e5ab3fd5d056059a6a5bf6d5e297e11efeac2f834107d66b108dd35e
6,famous_le_100m,13,0.9285714285714286,0.9285714285714286,3,osl_siamese_cnn,fbfcfc02e5ab3fd5d056059a6a5bf6d5e297e11efeac2f834107d66b108dd35e
6,famous_le_100m,14,0.9285714285714286,0.8571428571428571,3,osl_siamese_cnn,fbfcfc02e5ab3fd5d056059a6a5bf6d5e297e11efeac2f834107d66b108dd35e
6,famous_le_100m,15,0.9285714285714286,1.0,3,osl_siamese_cnn,fbfcfc02e5ab3fd5d056059a6a5bf6d5e297e11efeac2f834107d66b108dd35e
6,famous_le_100m,16,0.9285714285714286,1.0,3,osl_siamese_cnn,fbfcfc02e5ab3fd5d056059a6a5bf6d5e297e11efeac2f834107d66b108dd35e
6,famous_le_100m,17,0.9285714285714286,0.9285714285714286,3,osl_siamese_cnn,fbfcfc02e5ab3fd5d056059a6a5bf6d5e297e11efeac2f834107d66b108dd35e
6,famous_le_100m,18,1.0,1.0,3,osl_siamese_cnn,fbfcfc02e5ab3fd5d056059a6a5bf6d5e297e11efeac2f834107d66b108dd35e
6,famous_le_100m,19,1.0,0.9285714285714286,3,osl_siamese_cnn,fbfcfc02e5ab3fd5d056059a6a5bf6d5e297e11efeac2f834107d66b108dd35e
6,famous_le_100m,20,1.0,1.0,3,osl_siamese_cnn,fbfcfc02e5ab3fd5d056059a6a5bf6d5e297e11efeac2f834107d66b108dd35e
6,famous_le_100m,21,1.0,1.0,3,osl_siamese_cnn,fbfcfc02e5ab3fd5d056059a6a5bf6d5e297e11efeac2f834107d66b108dd35e
6,famous_le_100m,22,1.0,1.0,3,osl_siamese_cnn,fbfcfc02e5ab3fd5d056059a6a5bf6d5e297e11efeac2f834107d66b108dd35e
6,famous_le_100m,23,1.0,1.0,3,osl_siamese_cnn,fbfcfc02e5ab3fd5d056059a6a5bf6d5e297e11efeac2f834107d66b108dd35e
7,torch_pretrained_classification,0,0.725,0.4875,3,osl_siamese_cnn,48c879a338a58a340157eb746264716d8a716cea31fbda1104ea3f6753b5cd78
7,famous_le_10m,0,1.0,0.4,3,osl_siamese_cnn,48c879a338a58a340157eb746264716d8a716cea31fbda1104ea3f6753b5cd78
7,famous_le_10m,1,0.0,0.6,3,osl_siamese_cnn,48c879a338a58a340157eb746264716d8a716cea31fbda1104ea3f6753b5cd78
7,famous_le_10m,2,0.0,0.4,3,osl_siamese_cnn,48c879a338a58a340157eb746264716d8a716cea31fbda1104ea3f6753b5cd78
7,famous_le_10m,3,0.2,0.0,3,osl_siamese_cnn,48c879a338a58a340157eb746264716d8a716cea31fbda1104ea3f6753b5cd78
7,famous_le_10m,4,0.8,0.4,3,osl_siamese_cnn,48c879a338a58a340157eb746264716d8a716cea31fbda1104ea3f6753b5cd78
7,famous_le_10m,5,1.0,1.0,3,osl_siamese_cnn,48c879a338a58a340157eb746264716d8a716cea31fbda1104ea3f6753b5cd78
7,famous_le_10m,6,1.0,1.0,3,osl_siamese_cnn,48c879a338a58a340157eb746264716d8a716cea31fbda1104ea3f6753b5cd78
7,famous_le_10m,7,1.0,1.0,3,osl_siamese_cnn,48c879a338a58a340157eb746264716d8a716cea31fbda1104ea3f6753b5cd78
7,famous_le_10m,8,1.0,1.0,3,osl_siamese_cnn,48c879a338a58a340157eb746264716d8a716cea31fbda1104ea3f6753b5cd78
7,famous_le_10m,9,1.0,1.0,3,osl_siamese_cnn,48c879a338a58a340157eb746264716d8a716cea31fbda1104ea3f6753b5cd78
7,famous_le_10m,10,1.0,1.0,3,osl_siamese_cnn,48c879a338a58a340157eb746264716d8a716cea31fbda1104ea3f6753b5cd78
7,famous_le_10m,11,1.0,1.0,3,osl_siamese_cnn,48c879a338a58a340157eb746264716d8a716cea31fbda1104ea3f6753b5cd78
7,famous_le_10m,12,1.0,1.0,3,osl_siamese_cnn,48c879a338a58a340157eb746264716d8a716cea31fbda1104ea3f6753b5cd78
7,famous_le_10m,13,1.0,1.0,3,osl_siamese_cnn,48c879a338a58a340157eb746264716d8a716cea31fbda1104ea3f6753b5cd78
7,famous_le_10m,14,1.0,1.0,3,osl_siamese_cnn,48c879a338a58a340157eb746264716d8a716cea31fbda1104ea3f6753b5cd78
7,famous_le_10m,15,1.0,1.0,3,osl_siamese_cnn,48c879a338a58a340157eb746264716d8a716cea31fbda1104ea3f6753b5cd78
7,famous_le_10m,16,1.0,1.0,3,osl_siamese_cnn,48c879a338a58a340157eb746264716d8a716cea31fbda1104ea3f6753b5cd78
7,famous_le_10m,17,1.0,1.0,3,osl_siamese_cnn,48c879a338a58a340157eb746264716d8a716cea31fbda1104ea3f6753b5cd78
7,famous_le_10m,18,1.0,1.0,3,osl_siamese_cnn,48c879a338a58a340157eb746264716d8a716cea31fbda1104ea3f6753b5cd78
7,famous_le_10m,19,1.0,1.0,3,osl_siamese_cnn,48c879a338a58a340157eb746264716d8a716cea31fbda1104ea3f6753b5cd78
7,famous_le_10m,20,1.0,1.0,3,osl_siamese_cnn,48c879a338a58a340157eb746264716d8a716cea31fbda1104ea3f6753b5cd78
7,famous_le_10m,21,1.0,1.0,3,osl_siamese_cnn,48c879a338a58a340157eb746264716d8a716cea31fbda1104ea3f6753b5cd78
7,famous_le_10m,22,1.0,1.0,3,osl_siamese_cnn,48c879a338a58a340157eb746264716d8a716cea31fbda1104ea3f6753b5cd78
7,famous_le_10m,23,1.0,1.0,3,osl_siamese_cnn,48c879a338a58a340157eb746264716d8a716cea31fbda1104ea3f6753b5cd78
7,famous_le_100m,0,0.7142857142857143,0.35714285714285715,3,osl_siamese_cnn,48c879a338a58a340157eb746264716d8a716cea31fbda1104ea3f6753b5cd78
7,famous_le_100m,1,0.2857142857142857,0.6428571428571429,3,osl_siamese_cnn,48c879a338a58a340157eb746264716d8a716cea31fbda1104ea3f6753b5cd78
7,famous_le_100m,2,0.2857142857142857,0.6428571428571429,3,osl_siamese_cnn,48c879a338a58a340157eb746264716d8a716cea31fbda1104ea3f6753b5cd78
7,famous_le_100m,3,0.2857142857142857,0.5714285714285714,3,osl_siamese_cnn,48c879a338a58a340157eb746264716d8a716cea31fbda1104ea3f6753b5cd78
7,famous_le_100m,4,0.2857142857142857,0.5,3,osl_siamese_cnn,48c879a338a58a340157eb746264716d8a716cea31fbda1104ea3f6753b5cd78
7,famous_le_100m,5,0.5714285714285714,0.5714285714285714,3,osl_siamese_cnn,48c879a338a58a340157eb746264716d8a716cea31fbda1104ea3f6753b5cd78
7,famous_le_100m,6,0.5714285714285714,0.7857142857142857,3,osl_siamese_cnn,48c879a338a58a340157eb746264716d8a716cea31fbda1104ea3f6753b5cd78
7,famous_le_100m,7,0.7142857142857143,0.6428571428571429,3,osl_siamese_cnn,48c879a338a58a340157eb746264716d8a716cea31fbda1104ea3f6753b5cd78
7,famous_le_100m,8,0.8571428571428571,0.9285714285714286,3,osl_siamese_cnn,48c879a338a58a340157eb746264716d8a716cea31fbda1104ea3f6753b5cd78
7,famous_le_100m,9,0.8571428571428571,1.0,3,osl_siamese_cnn,48c879a338a58a340157eb746264716d8a716cea31fbda1104ea3f6753b5cd78
7,famous_le_100m,10,0.8571428571428571,1.0,3,osl_siamese_cnn,48c879a338a58a340157eb746264716d8a716cea31fbda1104ea3f6753b5cd78
7,famous_le_100m,11,0.8571428571428571,0.9285714285714286,3,osl_siamese_cnn,48c879a338a58a340157eb746264716d8a716cea31fbda1104ea3f6753b5cd78
7,famous_le_100m,12,0.9285714285714286,0.9285714285714286,3,osl_siamese_cnn,48c879a338a58a340157eb746264716d8a716cea31fbda1104ea3f6753b5cd78
7,famous_le_100m,13,0.9285714285714286,1.0,3,osl_siamese_cnn,48c879a338a58a340157eb746264716d8a716cea31fbda1104ea3f6753b5cd78
7,famous_le_100m,14,0.9285714285714286,1.0,3,osl_siamese_cnn,48c879a338a58a340157eb746264716d8a716cea31fbda1104ea3f6753b5cd78
7,famous_le_100m,15,0.9285714285714286,1.0,3,osl_siamese_cnn,48c879a338a58a340157eb746264716d8a716cea31fbda1104ea3f6753b5cd78
7,famous_le_100m,16,0.9285714285714286,1.0,3,osl_siamese_cnn,48c879a338a58a340157eb746264716d8a716cea31fbda1104ea3f6753b5cd78
7,famous_le_100m,17,1.0,0.9285714285714286,3,osl_siamese_cnn,48c879a338a58a340157eb746264716d8a716cea31fbda1104ea3f6753b5cd78
7,famous_le_100m,18,1.0,1.0,3,osl_siamese_cnn,48c879a338a58a340157eb746264716d8a716cea31fbda1104ea3f6753b5cd78
7,famous_le_100m,19,1.0,1.0,3,osl_siamese_cnn,48c879a338a58a340157eb746264716d8a716cea31fbda1104ea3f6753b5cd78
7,famous_le_100m,20,1.0,1.0,3,osl_siamese_cnn,48c879a338a58a340157eb746264716d8a716cea31fbda1104ea3f6753b5cd78
7,famous_le_100m,21,1.0,1.0,3,osl_siamese_cnn,48c879a338a58a340157eb746264716d8a716cea31fbda1104ea3f6753b5cd78
7,famous_le_100m,22,1.0,1.0,3,osl_siamese_cnn,48c879a338a58a340157eb746264716d8a716cea31fbda1104ea3f6753b5cd78
7,famous_le_100m,23,1.0,1.0,3,osl_siamese_cnn,48c879a338a58a340157eb746264716d8a716cea31fbda1104ea3f6753b5cd78
8,torch_pretrained_classification,0,0.25,0.5375,3,osl_siamese_cnn,dc50701eabf2938f3cf2605724d303059634bf1622c5acb9a129492186771a6a
8,famous_le_10m,0,0.4,0.6,3,osl_siamese_cnn,dc50701eabf2938f3cf2605724d303059634bf1622c5acb9a129492186771a6a
8,famous_le_10m,1,0.8,0.4,3,osl_siamese_cnn,dc50701eabf2938f3cf2605724d303059634bf1622c5acb9a129492186771a6a
8,famous_le_10m,2,0.8,0.8,3,osl_siamese_cnn,dc50701eabf2938f3cf2605724d303059634bf1622c5acb9a129492186771a6a
8,famous_le_10m,3,0.8,0.6,3,osl_siamese_cnn,dc50701eabf2938f3cf2605724d303059634bf1622c5acb9a129492186771a6a
8,famous_le_10m,4,0.8,0.6,3,osl_siamese_cnn,dc50701eabf2938f3cf2605724d303059634bf1622c5acb9a129492186771a6a
8,famous_le_10m,5,0.4,1.0,3,osl_siamese_cnn,dc50701eabf2938f3cf2605724d303059634bf1622c5acb9a129492186771a6a
8,famous_le_10m,6,0.0,0.0,3,osl_siamese_cnn,dc50701eabf2938f3cf2605724d303059634bf1622c5acb9a129492186771a6a
8,famous_le_10m,7,0.0,0.0,3,osl_siamese_cnn,dc50701eabf2938f3cf2605724d303059634bf1622c5acb9a129492186771a6a
8,famous_le_10m,8,0.0,0.0,3,osl_siamese_cnn,dc50701eabf2938f3cf2605724d303059634bf1622c5acb9a129492186771a6a
8,famous_le_10m,9,0.0,0.0,3,osl_siamese_cnn,dc50701eabf2938f3cf2605724d303059634bf1622c5acb9a129492186771a6a
8,famous_le_10m,10,0.0,0.0,3,osl_siamese_cnn,dc50701eabf2938f3cf2605724d303059634bf1622c5acb9a129492186771a6a
8,famous_le_10m,11,0.0,0.0,3,osl_siamese_cnn,dc50701eabf2938f3cf2605724d303059634bf1622c5acb9a129492186771a6a
8,famous_le_10m,12,0.0,0.0,3,osl_siamese_cnn,dc50701eabf2938f3cf2605724d303059634bf1622c5acb9a129492186771a6a
8,famous_le_10m,13,0.0,0.0,3,osl_siamese_cnn,dc50701eabf2938f3cf2605724d303059634bf1622c5acb9a129492186771a6a
8,famous_le_10m,14,0.0,0.0,3,osl_siamese_cnn,dc50701eabf2938f3cf2605724d303059634bf1622c5acb9a129492186771a6a
8,famous_le_10m,15,0.0,0.0,3,osl_siamese_cnn,dc50701eabf2938f3cf2605724d303059634bf1622c5acb9a129492186771a6a
8,famous_le_10m,16,1.0,1.0,3,osl_siamese_cnn,dc50701eabf2938f3cf2605724d303059634bf1622c5acb9a129492186771a6a
8,famous_le_10m,17,0.0,0.0,3,osl_siamese_cnn,dc50701eabf2938f3cf2605724d303059634bf1622c5acb9a129492186771a6a
8,famous_le_10m,18,0.0,0.0,3,osl_siamese_cnn,dc50701eabf2938f3cf2605724d303059634bf1622c5acb9a129492186771a6a
8,famous_le_10m,19,0.0,0.0,3,osl_siamese_cnn,dc50701eabf2938f3cf2605724d303059634bf1622c5acb9a129492186771a6a
8,famous_le_10m,20,0.2,0.4,3,osl_siamese_cnn,dc50701eabf2938f3cf2605724d303059634bf1622c5acb9a129492186771a6a
8,famous_le_10m,21,0.0,0.0,3,osl_siamese_cnn,dc50701eabf2938f3cf2605724d303059634bf1622c5acb9a129492186771a6a
8,famous_le_10m,22,0.0,0.0,3,osl_siamese_cnn,dc50701eabf2938f3cf2605724d303059634bf1622c5acb9a129492186771a6a
8,famous_le_10m,23,0.0,0.0,3,osl_siamese_cnn,dc50701eabf2938f3cf2605724d303059634bf1622c5acb9a129492186771a6a
8,famous_le_100m,0,0.07142857142857142,0.9285714285714286,3,osl_siamese_cnn,dc50701eabf2938f3cf2605724d303059634bf1622c5acb9a129492186771a6a
8,famous_le_100m,1,0.9285714285714286,0.07142857142857142,3,osl_siamese_cnn,dc50701eabf2938f3cf2605724d303059634bf1622c5acb9a129492186771a6a
8,famous_le_100m,2,0.9285714285714286,0.07142857142857142,3,osl_siamese_cnn,dc50701eabf2938f3cf2605724d303059634bf1622c5acb9a129492186771a6a
8,famous_le_100m,3,0.9285714285714286,0.07142857142857142,3,osl_siamese_cnn,dc50701eabf2938f3cf2605724d303059634bf1622c5acb9a129492186771a6a
8,famous_le_100m,4,0.9285714285714286,0.07142857142857142,3,osl_siamese_cnn,dc50701eabf2938f3cf2605724d303059634bf1622c5acb9a129492186771a6a
8,famous_le_100m,5,0.9285714285714286,0.42857142857142855,3,osl_siamese_cnn,dc50701eabf2938f3cf2605724d303059634bf1622c5acb9a129492186771a6a
8,famous_le_100m,6,0.5,0.21428571428571427,3,osl_siamese_cnn,dc50701eabf2938f3cf2605724d303059634bf1622c5acb9a129492186771a6a
8,famous_le_100m,7,0.35714285714285715,0.42857142857142855,3,osl_siamese_cnn,dc50701eabf2938f3cf2605724d303059634bf1622c5acb9a129492186771a6a
8,famous_le_100m,8,0.07142857142857142,0.14285714285714285,3,osl_siamese_cnn,dc50701eabf2938f3cf2605724d303059634bf1622c5acb9a129492186771a6a
8,famous_le_100m,9,0.14285714285714285,0.14285714285714285,3,osl_siamese_cnn,dc50701eabf2938f3cf2605724d303059634bf1622c5acb9a129492186771a6a
8,famous_le_100m,10,0.07142857142857142,0.14285714285714285,3,osl_siamese_cnn,dc50701eabf2938f3cf2605724d303059634bf1622c5acb9a129492186771a6a
8,famous_le_100m,11,0.07142857142857142,0.14285714285714285,3,osl_siamese_cnn,dc50701eabf2938f3cf2605724d303059634bf1622c5acb9a129492186771a6a
8,famous_le_100m,12,0.07142857142857142,0.07142857142857142,3,osl_siamese_cnn,dc50701eabf2938f3cf2605724d303059634bf1622c5acb9a129492186771a6a
8,famous_le_100m,13,0.07142857142857142,0.07142857142857142,3,osl_siamese_cnn,dc50701eabf2938f3cf2605724d303059634bf1622c5acb9a129492186771a6a
8,famous_le_100m,14,0.21428571428571427,0.14285714285714285,3,osl_siamese_cnn,dc50701eabf2938f3cf2605724d303059634bf1622c5acb9a129492186771a6a
8,famous_le_100m,15,0.42857142857142855,0.5,3,osl_siamese_cnn,dc50701eabf2938f3cf2605724d303059634bf1622c5acb9a129492186771a6a
8,famous_le_100m,16,0.5714285714285714,0.5714285714285714,3,osl_siamese_cnn,dc50701eabf2938f3cf2605724d303059634bf1622c5acb9a129492186771a6a
8,famous_le_100m,17,0.7142857142857143,0.7142857142857143,3,osl_siamese_cnn,dc50701eabf2938f3cf2605724d303059634bf1622c5acb9a129492186771a6a
8,famous_le_100m,18,0.7857142857142857,0.6428571428571429,3,osl_siamese_cnn,dc50701eabf2938f3cf2605724d303059634bf1622c5acb9a129492186771a6a
8,famous_le_100m,19,0.7857142857142857,0.8571428571428571,3,osl_siamese_cnn,dc50701eabf2938f3cf2605724d303059634bf1622c5acb9a129492186771a6a
8,famous_le_100m,20,0.8571428571428571,0.7857142857142857,3,osl_siamese_cnn,dc50701eabf2938f3cf2605724d303059634bf1622c5acb9a129492186771a6a
8,famous_le_100m,21,0.8571428571428571,0.8571428571428571,3,osl_siamese_cnn,dc50701eabf2938f3cf2605724d303059634bf1622c5acb9a129492186771a6a
8,famous_le_100m,22,0.8571428571428571,0.7857142857142857,3,osl_siamese_cnn,dc50701eabf2938f3cf2605724d303059634bf1622c5acb9a129492186771a6a
8,famous_le_100m,23,0.7142857142857143,0.5714285714285714,3,osl_siamese_cnn,dc50701eabf2938f3cf2605724d303059634bf1622c5acb9a129492186771a6a
9,torch_pretrained_classification,0,0.2875,0.7125,3,osl_siamese_cnn,9b1977ee5d250160c058e5f6956727eed7619c5913e11895db0f7ac610092729
9,famous_le_10m,0,0.0,0.8,3,osl_siamese_cnn,9b1977ee5d250160c058e5f6956727eed7619c5913e11895db0f7ac610092729
9,famous_le_10m,1,1.0,0.2,3,osl_siamese_cnn,9b1977ee5d250160c058e5f6956727eed7619c5913e11895db0f7ac610092729
9,famous_le_10m,2,1.0,0.2,3,osl_siamese_cnn,9b1977ee5d250160c058e5f6956727eed7619c5913e11895db0f7ac610092729
9,famous_le_10m,3,1.0,0.2,3,osl_siamese_cnn,9b1977ee5d250160c058e5f6956727eed7619c5913e11895db0f7ac610092729
9,famous_le_10m,4,1.0,0.2,3,osl_siamese_cnn,9b1977ee5d250160c058e5f6956727eed7619c5913e11895db0f7ac610092729
9,famous_le_10m,5,1.0,0.8,3,osl_siamese_cnn,9b1977ee5d250160c058e5f6956727eed7619c5913e11895db0f7ac610092729
9,famous_le_10m,6,0.4,0.8,3,osl_siamese_cnn,9b1977ee5d250160c058e5f6956727eed7619c5913e11895db0f7ac610092729
9,famous_le_10m,7,0.0,0.0,3,osl_siamese_cnn,9b1977ee5d250160c058e5f6956727eed7619c5913e11895db0f7ac610092729
9,famous_le_10m,8,0.0,0.0,3,osl_siamese_cnn,9b1977ee5d250160c058e5f6956727eed7619c5913e11895db0f7ac610092729
9,famous_le_10m,9,0.0,0.0,3,osl_siamese_cnn,9b1977ee5d250160c058e5f6956727eed7619c5913e11895db0f7ac610092729
9,famous_le_10m,10,0.0,0.0,3,osl_siamese_cnn,9b1977ee5d250160c058e5f6956727eed7619c5913e11895db0f7ac610092729
9,famous_le_10m,11,0.0,0.0,3,osl_siamese_cnn,9b1977ee5d250160c058e5f6956727eed7619c5913e11895db0f7ac610092729
9,famous_le_10m,12,0.0,0.0,3,osl_siamese_cnn,9b1977ee5d250160c058e5f6956727eed7619c5913e11895db0f7ac610092729
9,famous_le_10m,13,0.0,0.0,3,osl_siamese_cnn,9b1977ee5d250160c058e5f6956727eed7619c5913e11895db0f7ac610092729
9,famous_le_10m,14,0.0,0.0,3,osl_siamese_cnn,9b1977ee5d250160c058e5f6956727eed7619c5913e11895db0f7ac610092729
9,famous_le_10m,15,0.0,0.0,3,osl_siamese_cnn,9b1977ee5d250160c058e5f6956727eed7619c5913e11895db0f7ac610092729
9,famous_le_10m,16,0.0,0.0,3,osl_siamese_cnn,9b1977ee5d250160c058e5f6956727eed7619c5913e11895db0f7ac610092729
9,famous_le_10m,17,0.0,0.0,3,osl_siamese_cnn,9b1977ee5d250160c058e5f6956727eed7619c5913e11895db0f7ac610092729
9,famous_le_10m,18,0.0,0.0,3,osl_siamese_cnn,9b1977ee5d250160c058e5f6956727eed7619c5913e11895db0f7ac610092729
9,famous_le_10m,19,0.0,0.0,3,osl_siamese_cnn,9b1977ee5d250160c058e5f6956727eed7619c5913e11895db0f7ac610092729
9,famous_le_10m,20,0.0,0.0,3,osl_siamese_cnn,9b1977ee5d250160c058e5f6956727eed7619c5913e11895db0f7ac610092729
9,famous_le_10m,21,0.0,0.0,3,osl_siamese_cnn,9b1977ee5d250160c058e5f6956727eed7619c5913e11895db0f7ac610092729
9,famous_le_10m,22,0.0,0.0,3,osl_siamese_cnn,9b1977ee5d250160c058e5f6956727eed7619c5913e11895db0f7ac610092729
9,famous_le_10m,23,0.0,0.0,3,osl_siamese_cnn,9b1977ee5d250160c058e5f6956727eed7619c5913e11895db0f7ac610092729
9,famous_le_100m,0,0.07142857142857142,0.5714285714285714,3,osl_siamese_cnn,9b1977ee5d250160c058e5f6956727eed7619c5913e11895db0f7ac610092729
9,famous_le_100m,1,0.9285714285714286,0.42857142857142855,3,osl_siamese_cnn,9b1977ee5d250160c058e5f6956727eed7619c5913e11895db0f7ac610092729
9,famous_le_100m,2,0.9285714285714286,0.42857142857142855,3,osl_siamese_cnn,9b1977ee5d250160c058e5f6956727eed7619c5913e11895db0f7ac610092729
9,famous_le_100m,3,0.9285714285714286,0.5,3,osl_siamese_cnn,9b1977ee5d250160c058e5f6956727eed7619c5913e11895db0f7ac610092729
9,famous_le_100m,4,0.9285714285714286,0.5714285714285714,3,osl_siamese_cnn,9b1977ee5d250160c058e5f6956727eed7619c5913e11895db0f7ac610092729
9,famous_le_100m,5,0.9285714285714286,0.5,3,osl_siamese_cnn,9b1977ee5d250160c058e5f6956727eed7619c5913e11895db0f7ac610092729
9,famous_le_100m,6,0.9285714285714286,0.5,3,osl_siamese_cnn,9b1977ee5d250160c058e5f6956727eed7619c5913e11895db0f7ac610092729
9,famous_le_100m,7,0.8571428571428571,0.5,3,osl_siamese_cnn,9b1977ee5d250160c058e5f6956727eed7619c5913e11895db0f7ac610092729
9,famous_le_100m,8,0.8571428571428571,0.6428571428571429,3,osl_siamese_cnn,9b1977ee5d250160c058e5f6956727eed7619c5913e11895db0f7ac610092729
9,famous_le_100m,9,0.8571428571428571,0.5,3,osl_siamese_cnn,9b1977ee5d250160c058e5f6956727eed7619c5913e11895db0f7ac610092729
9,famous_le_100m,10,0.7142857142857143,0.5,3,osl_siamese_cnn,9b1977ee5d250160c058e5f6956727eed7619c5913e11895db0f7ac610092729
9,famous_le_100m,11,0.7142857142857143,0.5,3,osl_siamese_cnn,9b1977ee5d250160c058e5f6956727eed7619c5913e11895db0f7ac610092729
9,famous_le_100m,12,0.5714285714285714,0.2857142857142857,3,osl_siamese_cnn,9b1977ee5d250160c058e5f6956727eed7619c5913e11895db0f7ac610092729
9,famous_le_100m,13,0.5714285714285714,0.14285714285714285,3,osl_siamese_cnn,9b1977ee5d250160c058e5f6956727eed7619c5913e11895db0f7ac610092729
9,famous_le_100m,14,0.5,0.21428571428571427,3,osl_siamese_cnn,9b1977ee5d250160c058e5f6956727eed7619c5913e11895db0f7ac610092729
9,famous_le_100m,15,0.21428571428571427,0.14285714285714285,3,osl_siamese_cnn,9b1977ee5d250160c058e5f6956727eed7619c5913e11895db0f7ac610092729
9,famous_le_100m,16,0.14285714285714285,0.07142857142857142,3,osl_siamese_cnn,9b1977ee5d250160c058e5f6956727eed7619c5913e11895db0f7ac610092729
9,famous_le_100m,17,0.14285714285714285,0.07142857142857142,3,osl_siamese_cnn,9b1977ee5d250160c058e5f6956727eed7619c5913e11895db0f7ac610092729
9,famous_le_100m,18,0.07142857142857142,0.0,3,osl_siamese_cnn,9b1977ee5d250160c058e5f6956727eed7619c5913e11895db0f7ac610092729
9,famous_le_100m,19,0.07142857142857142,0.0,3,osl_siamese_cnn,9b1977ee5d250160c058e5f6956727eed7619c5913e11895db0f7ac610092729
9,famous_le_100m,20,0.07142857142857142,0.07142857142857142,3,osl_siamese_cnn,9b1977ee5d250160c058e5f6956727eed7619c5913e11895db0f7ac610092729
9,famous_le_100m,21,0.07142857142857142,0.07142857142857142,3,osl_siamese_cnn,9b1977ee5d250160c058e5f6956727eed7619c5913e11895db0f7ac610092729
9,famous_le_100m,22,0.0,0.0,3,osl_siamese_cnn,9b1977ee5d250160c058e5f6956727eed7619c5913e11895db0f7ac610092729
9,famous_le_100m,23,0.0,0.0,3,osl_siamese_cnn,9b1977ee5d250160c058e5f6956727eed7619c5913e11895db0f7ac610092729
5,torch_pretrained_classification,0,0.6125,0.4875,4,osl_siamese_cnn,e6c458910b953a77a14cb2f0779e56fdc1c0da4d4faa61e73ac3fee0dabeddd9
5,famous_le_10m,0,0.8,0.6,4,osl_siamese_cnn,e6c458910b953a77a14cb2f0779e56fdc1c0da4d4faa61e73ac3fee0dabeddd9
5,famous_le_10m,1,0.2,0.4,4,osl_siamese_cnn,e6c458910b953a77a14cb2f0779e56fdc1c0da4d4faa61e73ac3fee0dabeddd9
5,famous_le_10m,2,0.2,0.4,4,osl_siamese_cnn,e6c458910b953a77a14cb2f0779e56fdc1c0da4d4faa61e73ac3fee0dabeddd9
5,famous_le_10m,3,0.2,0.8,4,osl_siamese_cnn,e6c458910b953a77a14cb2f0779e56fdc1c0da4d4faa61e73ac3fee0dabeddd9
5,famous_le_10m,4,0.2,0.6,4,osl_siamese_cnn,e6c458910b953a77a14cb2f0779e56fdc1c0da4d4faa61e73ac3fee0dabeddd9
5,famous_le_10m,5,0.4,0.6,4,osl_siamese_cnn,e6c458910b953a77a14cb2f0779e56fdc1c0da4d4faa61e73ac3fee0dabeddd9
5,famous_le_10m,6,0.8,0.4,4,osl_siamese_cnn,e6c458910b953a77a14cb2f0779e56fdc1c0da4d4faa61e73ac3fee0dabeddd9
5,famous_le_10m,7,1.0,0.6,4,osl_siamese_cnn,e6c458910b953a77a14cb2f0779e56fdc1c0da4d4faa61e73ac3fee0dabeddd9
5,famous_le_10m,8,1.0,1.0,4,osl_siamese_cnn,e6c458910b953a77a14cb2f0779e56fdc1c0da4d4faa61e73ac3fee0dabeddd9
5,famous_le_10m,9,1.0,1.0,4,osl_siamese_cnn,e6c458910b953a77a14cb2f0779e56fdc1c0da4d4faa61e73ac3fee0dabeddd9
5,famous_le_10m,10,1.0,1.0,4,osl_siamese_cnn,e6c458910b953a77a14cb2f0779e56fdc1c0da4d4faa61e73ac3fee0dabeddd9
5,famous_le_10m,11,1.0,1.0,4,osl_siamese_cnn,e6c458910b953a77a14cb2f0779e56fdc1c0da4d4faa61e73ac3fee0dabeddd9
5,famous_le_10m,12,1.0,1.0,4,osl_siamese_cnn,e6c458910b953a77a14cb2f0779e56fdc1c0da4d4faa61e73ac3fee0dabeddd9
5,famous_le_10m,13,1.0,1.0,4,osl_siamese_cnn,e6c458910b953a77a14cb2f0779e56fdc1c0da4d4faa61e73ac3fee0dabeddd9
5,famous_le_10m,14,1.0,1.0,4,osl_siamese_cnn,e6c458910b953a77a14cb2f0779e56fdc1c0da4d4faa61e73ac3fee0dabeddd9
5,famous_le_10m,15,1.0,1.0,4,osl_siamese_cnn,e6c458910b953a77a14cb2f0779e56fdc1c0da4d4faa61e73ac3fee0dabeddd9
5,famous_le_10m,16,1.0,1.0,4,osl_siamese_cnn,e6c458910b953a77a14cb2f0779e56fdc1c0da4d4faa61e73ac3fee0dabeddd9
5,famous_le_10m,17,1.0,1.0,4,osl_siamese_cnn,e6c458910b953a77a14cb2f0779e56fdc1c0da4d4faa61e73ac3fee0dabeddd9
5,famous_le_10m,18,1.0,1.0,4,osl_siamese_cnn,e6c458910b953a77a14cb2f0779e56fdc1c0da4d4faa61e73ac3fee0dabeddd9
5,famous_le_10m,19,1.0,1.0,4,osl_siamese_cnn,e6c458910b953a77a14cb2f0779e56fdc1c0da4d4faa61e73ac3fee0dabeddd9
5,famous_le_10m,20,1.0,1.0,4,osl_siamese_cnn,e6c458910b953a77a14cb2f0779e56fdc1c0da4d4faa61e73ac3fee0dabeddd9
5,famous_le_10m,21,1.0,1.0,4,osl_siamese_cnn,e6c458910b953a77a14cb2f0779e56fdc1c0da4d4faa61e73ac3fee0dabeddd9
5,famous_le_10m,22,1.0,1.0,4,osl_siamese_cnn,e6c458910b953a77a14cb2f0779e56fdc1c0da4d4faa61e73ac3fee0dabeddd9
5,famous_le_10m,23,1.0,1.0,4,osl_siamese_cnn,e6c458910b953a77a14cb2f0779e56fdc1c0da4d4faa61e73ac3fee0dabeddd9
5,famous_le_100m,0,0.7857142857142857,0.5714285714285714,4,osl_siamese_cnn,e6c458910b953a77a14cb2f0779e56fdc1c0da4d4faa61e73ac3fee0dabeddd9
5,famous_le_100m,1,0.21428571428571427,0.42857142857142855,4,osl_siamese_cnn,e6c458910b953a77a14cb2f0779e56fdc1c0da4d4faa61e73ac3fee0dabeddd9
5,famous_le_100m,2,0.21428571428571427,0.42857142857142855,4,osl_siamese_cnn,e6c458910b953a77a14cb2f0779e56fdc1c0da4d4faa61e73ac3fee0dabeddd9
5,famous_le_100m,3,0.21428571428571427,0.42857142857142855,4,osl_siamese_cnn,e6c458910b953a77a14cb2f0779e56fdc1c0da4d4faa61e73ac3fee0dabeddd9
5,famous_le_100m,4,0.21428571428571427,0.2857142857142857,4,osl_siamese_cnn,e6c458910b953a77a14cb2f0779e56fdc1c0da4d4faa61e73ac3fee0dabeddd9
5,famous_le_100m,5,0.21428571428571427,0.2857142857142857,4,osl_siamese_cnn,e6c458910b953a77a14cb2f0779e56fdc1c0da4d4faa61e73ac3fee0dabeddd9
5,famous_le_100m,6,0.21428571428571427,0.2857142857142857,4,osl_siamese_cnn,e6c458910b953a77a14cb2f0779e56fdc1c0da4d4faa61e73ac3fee0dabeddd9
5,famous_le_100m,7,0.2857142857142857,0.2857142857142857,4,osl_siamese_cnn,e6c458910b953a77a14cb2f0779e56fdc1c0da4d4faa61e73ac3fee0dabeddd9
5,famous_le_100m,8,0.21428571428571427,0.2857142857142857,4,osl_siamese_cnn,e6c458910b953a77a14cb2f0779e56fdc1c0da4d4faa61e73ac3fee0dabeddd9
5,famous_le_100m,9,0.14285714285714285,0.42857142857142855,4,osl_siamese_cnn,e6c458910b953a77a14cb2f0779e56fdc1c0da4d4faa61e73ac3fee0dabeddd9
5,famous_le_100m,10,0.07142857142857142,0.21428571428571427,4,osl_siamese_cnn,e6c458910b953a77a14cb2f0779e56fdc1c0da4d4faa61e73ac3fee0dabeddd9
5,famous_le_100m,11,0.21428571428571427,0.2857142857142857,4,osl_siamese_cnn,e6c458910b953a77a14cb2f0779e56fdc1c0da4d4faa61e73ac3fee0dabeddd9
5,famous_le_100m,12,0.21428571428571427,0.2857142857142857,4,osl_siamese_cnn,e6c458910b953a77a14cb2f0779e56fdc1c0da4d4faa61e73ac3fee0dabeddd9
5,famous_le_100m,13,0.21428571428571427,0.5,4,osl_siamese_cnn,e6c458910b953a77a14cb2f0779e56fdc1c0da4d4faa61e73ac3fee0dabeddd9
5,famous_le_100m,14,0.42857142857142855,0.42857142857142855,4,osl_siamese_cnn,e6c458910b953a77a14cb2f0779e56fdc1c0da4d4faa61e73ac3fee0dabeddd9
5,famous_le_100m,15,0.5,0.5714285714285714,4,osl_siamese_cnn,e6c458910b953a77a14cb2f0779e56fdc1c0da4d4faa61e73ac3fee0dabeddd9
5,famous_le_100m,16,0.7142857142857143,0.6428571428571429,4,osl_siamese_cnn,e6c458910b953a77a14cb2f0779e56fdc1c0da4d4faa61e73ac3fee0dabeddd9
5,famous_le_100m,17,0.8571428571428571,0.7142857142857143,4,osl_siamese_cnn,e6c458910b953a77a14cb2f0779e56fdc1c0da4d4faa61e73ac3fee0dabeddd9
5,famous_le_100m,18,0.8571428571428571,0.7857142857142857,4,osl_siamese_cnn,e6c458910b953a77a14cb2f0779e56fdc1c0da4d4faa61e73ac3fee0dabeddd9
5,famous_le_100m,19,0.8571428571428571,0.8571428571428571,4,osl_siamese_cnn,e6c458910b953a77a14cb2f0779e56fdc1c0da4d4faa61e73ac3fee0dabeddd9
5,famous_le_100m,20,0.8571428571428571,0.8571428571428571,4,osl_siamese_cnn,e6c458910b953a77a14cb2f0779e56fdc1c0da4d4faa61e73ac3fee0dabeddd9
5,famous_le_100m,21,0.9285714285714286,0.8571428571428571,4,osl_siamese_cnn,e6c458910b953a77a14cb2f0779e56fdc1c0da4d4faa61e73ac3fee0dabeddd9
5,famous_le_100m,22,1.0,1.0,4,osl_siamese_cnn,e6c458910b953a77a14cb2f0779e56fdc1c0da4d4faa61e73ac3fee0dabeddd9
5,famous_le_100m,23,1.0,1.0,4,osl_siamese_cnn,e6c458910b953a77a14cb2f0779e56fdc1c0da4d4faa61e73ac3fee0dabeddd9
6,torch_pretrained_classification,0,0.475,0.4375,4,osl_siamese_cnn,d0e5f57c71728a23e29a15d4cee882d0dd84be0c7add533070266e2bbf26e566
6,famous_le_10m,0,0.6,0.6,4,osl_siamese_cnn,d0e5f57c71728a23e29a15d4cee882d0dd84be0c7add533070266e2bbf26e566
6,famous_le_10m,1,0.4,0.4,4,osl_siamese_cnn,d0e5f57c71728a23e29a15d4cee882d0dd84be0c7add533070266e2bbf26e566
6,famous_le_10m,2,0.6,0.6,4,osl_siamese_cnn,d0e5f57c71728a23e29a15d4cee882d0dd84be0c7add533070266e2bbf26e566
6,famous_le_10m,3,0.6,0.6,4,osl_siamese_cnn,d0e5f57c71728a23e29a15d4cee882d0dd84be0c7add533070266e2bbf26e566
6,famous_le_10m,4,1.0,1.0,4,osl_siamese_cnn,d0e5f57c71728a23e29a15d4cee882d0dd84be0c7add533070266e2bbf26e566
6,famous_le_10m,5,1.0,1.0,4,osl_siamese_cnn,d0e5f57c71728a23e29a15d4cee882d0dd84be0c7add533070266e2bbf26e566
6,famous_le_10m,6,1.0,1.0,4,osl_siamese_cnn,d0e5f57c71728a23e29a15d4cee882d0dd84be0c7add533070266e2bbf26e566
6,famous_le_10m,7,1.0,1.0,4,osl_siamese_cnn,d0e5f57c71728a23e29a15d4cee882d0dd84be0c7add533070266e2bbf26e566
6,famous_le_10m,8,1.0,1.0,4,osl_siamese_cnn,d0e5f57c71728a23e29a15d4cee882d0dd84be0c7add533070266e2bbf26e566
6,famous_le_10m,9,1.0,1.0,4,osl_siamese_cnn,d0e5f57c71728a23e29a15d4cee882d0dd84be0c7add533070266e2bbf26e566
6,famous_le_10m,10,1.0,1.0,4,osl_siamese_cnn,d0e5f57c71728a23e29a15d4cee882d0dd84be0c7add533070266e2bbf26e566
6,famous_le_10m,11,1.0,1.0,4,osl_siamese_cnn,d0e5f57c71728a23e29a15d4cee882d0dd84be0c7add533070266e2bbf26e566
6,famous_le_10m,12,1.0,1.0,4,osl_siamese_cnn,d0e5f57c71728a23e29a15d4cee882d0dd84be0c7add533070266e2bbf26e566
6,famous_le_10m,13,1.0,1.0,4,osl_siamese_cnn,d0e5f57c71728a23e29a15d4cee882d0dd84be0c7add533070266e2bbf26e566
6,famous_le_10m,14,1.0,1.0,4,osl_siamese_cnn,d0e5f57c71728a23e29a15d4cee882d0dd84be0c7add533070266e2bbf26e566
6,famous_le_10m,15,1.0,1.0,4,osl_siamese_cnn,d0e5f57c71728a23e29a15d4cee882d0dd84be0c7add533070266e2bbf26e566
6,famous_le_10m,16,1.0,1.0,4,osl_siamese_cnn,d0e5f57c71728a23e29a15d4cee882d0dd84be0c7add533070266e2bbf26e566
6,famous_le_10m,17,0.8,0.8,4,osl_siamese_cnn,d0e5f57c71728a23e29a15d4cee882d0dd84be0c7add533070266e2bbf26e566
6,famous_le_10m,18,1.0,1.0,4,osl_siamese_cnn,d0e5f57c71728a23e29a15d4cee882d0dd84be0c7add533070266e2bbf26e566
6,famous_le_10m,19,0.8,0.8,4,osl_siamese_cnn,d0e5f57c71728a23e29a15d4cee882d0dd84be0c7add533070266e2bbf26e566
6,famous_le_10m,20,1.0,1.0,4,osl_siamese_cnn,d0e5f57c71728a23e29a15d4cee882d0dd84be0c7add533070266e2bbf26e566
6,famous_le_10m,21,1.0,1.0,4,osl_siamese_cnn,d0e5f57c71728a23e29a15d4cee882d0dd84be0c7add533070266e2bbf26e566
6,famous_le_10m,22,1.0,1.0,4,osl_siamese_cnn,d0e5f57c71728a23e29a15d4cee882d0dd84be0c7add533070266e2bbf26e566
6,famous_le_10m,23,0.8,0.8,4,osl_siamese_cnn,d0e5f57c71728a23e29a15d4cee882d0dd84be0c7add533070266e2bbf26e566
6,famous_le_100m,0,0.14285714285714285,0.14285714285714285,4,osl_siamese_cnn,d0e5f57c71728a23e29a15d4cee882d0dd84be0c7add533070266e2bbf26e566
6,famous_le_100m,1,0.8571428571428571,0.8571428571428571,4,osl_siamese_cnn,d0e5f57c71728a23e29a15d4cee882d0dd84be0c7add533070266e2bbf26e566
6,famous_le_100m,2,0.8571428571428571,0.8571428571428571,4,osl_siamese_cnn,d0e5f57c71728a23e29a15d4cee882d0dd84be0c7add533070266e2bbf26e566
6,famous_le_100m,3,0.8571428571428571,0.8571428571428571,4,osl_siamese_cnn,d0e5f57c71728a23e29a15d4cee882d0dd84be0c7add533070266e2bbf26e566
6,famous_le_100m,4,0.8571428571428571,0.8571428571428571,4,osl_siamese_cnn,d0e5f57c71728a23e29a15d4cee882d0dd84be0c7add533070266e2bbf26e566
6,famous_le_100m,5,0.8571428571428571,0.8571428571428571,4,osl_siamese_cnn,d0e5f57c71728a23e29a15d4cee882d0dd84be0c7add533070266e2bbf26e566
6,famous_le_100m,6,0.8571428571428571,0.8571428571428571,4,osl_siamese_cnn,d0e5f57c71728a23e29a15d4cee882d0dd84be0c7add533070266e2bbf26e566
6,famous_le_100m,7,0.8571428571428571,0.8571428571428571,4,osl_siamese_cnn,d0e5f57c71728a23e29a15d4cee882d0dd84be0c7add533070266e2bbf26e566
6,famous_le_100m,8,0.8571428571428571,0.8571428571428571,4,osl_siamese_cnn,d0e5f57c71728a23e29a15d4cee882d0dd84be0c7add533070266e2bbf26e566
6,famous_le_100m,9,0.8571428571428571,0.8571428571428571,4,osl_siamese_cnn,d0e5f57c71728a23e29a15d4cee882d0dd84be0c7add533070266e2bbf26e566
6,famous_le_100m,10,0.8571428571428571,0.9285714285714286,4,osl_siamese_cnn,d0e5f57c71728a23e29a15d4cee882d0dd84be0c7add533070266e2bbf26e566
6,famous_le_100m,11,0.9285714285714286,0.9285714285714286,4,osl_siamese_cnn,d0e5f57c71728a23e29a15d4cee882d0dd84be0c7add533070266e2bbf26e566
6,famous_le_100m,12,0.9285714285714286,0.9285714285714286,4,osl_siamese_cnn,d0e5f57c71728a23e29a15d4cee882d0dd84be0c7add533070266e2bbf26e566
6,famous_le_100m,13,0.9285714285714286,0.9285714285714286,4,osl_siamese_cnn,d0e5f57c71728a23e29a15d4cee882d0dd84be0c7add533070266e2bbf26e566
6,famous_le_100m,14,0.9285714285714286,0.9285714285714286,4,osl_siamese_cnn,d0e5f57c71728a23e29a15d4cee882d0dd84be0c7add533070266e2bbf26e566
6,famous_le_100m,15,1.0,1.0,4,osl_siamese_cnn,d0e5f57c71728a23e29a15d4cee882d0dd84be0c7add533070266e2bbf26e566
6,famous_le_100m,16,1.0,1.0,4,osl_siamese_cnn,d0e5f57c71728a23e29a15d4cee882d0dd84be0c7add533070266e2bbf26e566
6,famous_le_100m,17,1.0,1.0,4,osl_siamese_cnn,d0e5f57c71728a23e29a15d4cee882d0dd84be0c7add533070266e2bbf26e566
6,famous_le_100m,18,1.0,1.0,4,osl_siamese_cnn,d0e5f57c71728a23e29a15d4cee882d0dd84be0c7add533070266e2bbf26e566
6,famous_le_100m,19,1.0,1.0,4,osl_siamese_cnn,d0e5f57c71728a23e29a15d4cee882d0dd84be0c7add533070266e2bbf26e566
6,famous_le_100m,20,1.0,1.0,4,osl_siamese_cnn,d0e5f57c71728a23e29a15d4cee882d0dd84be0c7add533070266e2bbf26e566
6,famous_le_100m,21,1.0,1.0,4,osl_siamese_cnn,d0e5f57c71728a23e29a15d4cee882d0dd84be0c7add533070266e2bbf26e566
6,famous_le_100m,22,1.0,1.0,4,osl_siamese_cnn,d0e5f57c71728a23e29a15d4cee882d0dd84be0c7add533070266e2bbf26e566
6,famous_le_100m,23,1.0,1.0,4,osl_siamese_cnn,d0e5f57c71728a23e29a15d4cee882d0dd84be0c7add533070266e2bbf26e566
7,torch_pretrained_classification,0,0.8625,0.75,4,osl_siamese_cnn,cc73cc39cd898eb4dc181925e835ae84c0141333264454322a5ab689b84491f6
7,famous_le_10m,0,1.0,1.0,4,osl_siamese_cnn,cc73cc39cd898eb4dc181925e835ae84c0141333264454322a5ab689b84491f6
7,famous_le_10m,1,0.0,0.0,4,osl_siamese_cnn,cc73cc39cd898eb4dc181925e835ae84c0141333264454322a5ab689b84491f6
7,famous_le_10m,2,0.0,0.0,4,osl_siamese_cnn,cc73cc39cd898eb4dc181925e835ae84c0141333264454322a5ab689b84491f6
7,famous_le_10m,3,0.0,0.2,4,osl_siamese_cnn,cc73cc39cd898eb4dc181925e835ae84c0141333264454322a5ab689b84491f6
7,famous_le_10m,4,0.2,0.6,4,osl_siamese_cnn,cc73cc39cd898eb4dc181925e835ae84c0141333264454322a5ab689b84491f6
7,famous_le_10m,5,1.0,0.2,4,osl_siamese_cnn,cc73cc39cd898eb4dc181925e835ae84c0141333264454322a5ab689b84491f6
7,famous_le_10m,6,1.0,1.0,4,osl_siamese_cnn,cc73cc39cd898eb4dc181925e835ae84c0141333264454322a5ab689b84491f6
7,famous_le_10m,7,1.0,1.0,4,osl_siamese_cnn,cc73cc39cd898eb4dc181925e835ae84c0141333264454322a5ab689b84491f6
7,famous_le_10m,8,1.0,1.0,4,osl_siamese_cnn,cc73cc39cd898eb4dc181925e835ae84c0141333264454322a5ab689b84491f6
7,famous_le_10m,9,1.0,1.0,4,osl_siamese_cnn,cc73cc39cd898eb4dc181925e835ae84c0141333264454322a5ab689b84491f6
7,famous_le_10m,10,1.0,1.0,4,osl_siamese_cnn,cc73cc39cd898eb4dc181925e835ae84c0141333264454322a5ab689b84491f6
7,famous_le_10m,11,1.0,1.0,4,osl_siamese_cnn,cc73cc39cd898eb4dc181925e835ae84c0141333264454322a5ab689b84491f6
7,famous_le_10m,12,1.0,1.0,4,osl_siamese_cnn,cc73cc39cd898eb4dc181925e835ae84c0141333264454322a5ab689b84491f6
7,famous_le_10m,13,1.0,1.0,4,osl_siamese_cnn,cc73cc39cd898eb4dc181925e835ae84c0141333264454322a5ab689b84491f6
7,famous_le_10m,14,1.0,1.0,4,osl_siamese_cnn,cc73cc39cd898eb4dc181925e835ae84c0141333264454322a5ab689b84491f6
7,famous_le_10m,15,1.0,1.0,4,osl_siamese_cnn,cc73cc39cd898eb4dc181925e835ae84c0141333264454322a5ab689b84491f6
7,famous_le_10m,16,1.0,1.0,4,osl_siamese_cnn,cc73cc39cd898eb4dc181925e835ae84c0141333264454322a5ab689b84491f6
7,famous_le_10m,17,1.0,1.0,4,osl_siamese_cnn,cc73cc39cd898eb4dc181925e835ae84c0141333264454322a5ab689b84491f6
7,famous_le_10m,18,1.0,1.0,4,osl_siamese_cnn,cc73cc39cd898eb4dc181925e835ae84c0141333264454322a5ab689b84491f6
7,famous_le_10m,19,1.0,1.0,4,osl_siamese_cnn,cc73cc39cd898eb4dc181925e835ae84c0141333264454322a5ab689b84491f6
7,famous_le_10m,20,1.0,1.0,4,osl_siamese_cnn,cc73cc39cd898eb4dc181925e835ae84c0141333264454322a5ab689b84491f6
7,famous_le_10m,21,1.0,1.0,4,osl_siamese_cnn,cc73cc39cd898eb4dc181925e835ae84c0141333264454322a5ab689b84491f6
7,famous_le_10m,22,1.0,1.0,4,osl_siamese_cnn,cc73cc39cd898eb4dc181925e835ae84c0141333264454322a5ab689b84491f6
7,famous_le_10m,23,1.0,1.0,4,osl_siamese_cnn,cc73cc39cd898eb4dc181925e835ae84c0141333264454322a5ab689b84491f6
7,famous_le_100m,0,0.8571428571428571,0.7857142857142857,4,osl_siamese_cnn,cc73cc39cd898eb4dc181925e835ae84c0141333264454322a5ab689b84491f6
7,famous_le_100m,1,0.14285714285714285,0.21428571428571427,4,osl_siamese_cnn,cc73cc39cd898eb4dc181925e835ae84c0141333264454322a5ab689b84491f6
7,famous_le_100m,2,0.14285714285714285,0.21428571428571427,4,osl_siamese_cnn,cc73cc39cd898eb4dc181925e835ae84c0141333264454322a5ab689b84491f6
7,famous_le_100m,3,0.07142857142857142,0.21428571428571427,4,osl_siamese_cnn,cc73cc39cd898eb4dc181925e835ae84c0141333264454322a5ab689b84491f6
7,famous_le_100m,4,0.07142857142857142,0.2857142857142857,4,osl_siamese_cnn,cc73cc39cd898eb4dc181925e835ae84c0141333264454322a5ab689b84491f6
7,famous_le_100m,5,0.21428571428571427,0.35714285714285715,4,osl_siamese_cnn,cc73cc39cd898eb4dc181925e835ae84c0141333264454322a5ab689b84491f6
7,famous_le_100m,6,0.42857142857142855,0.5714285714285714,4,osl_siamese_cnn,cc73cc39cd898eb4dc181925e835ae84c0141333264454322a5ab689b84491f6
7,famous_le_100m,7,0.42857142857142855,0.7142857142857143,4,osl_siamese_cnn,cc73cc39cd898eb4dc181925e835ae84c0141333264454322a5ab689b84491f6
7,famous_le_100m,8,0.7857142857142857,0.7142857142857143,4,osl_siamese_cnn,cc73cc39cd898eb4dc181925e835ae84c0141333264454322a5ab689b84491f6
7,famous_le_100m,9,0.8571428571428571,0.7857142857142857,4,osl_siamese_cnn,cc73cc39cd898eb4dc181925e835ae84c0141333264454322a5ab689b84491f6
7,famous_le_100m,10,0.8571428571428571,0.8571428571428571,4,osl_siamese_cnn,cc73cc39cd898eb4dc181925e835ae84c0141333264454322a5ab689b84491f6
7,famous_le_100m,11,0.8571428571428571,0.8571428571428571,4,osl_siamese_cnn,cc73cc39cd898eb4dc181925e835ae84c0141333264454322a5ab689b84491f6
7,famous_le_100m,12,0.8571428571428571,0.9285714285714286,4,osl_siamese_cnn,cc73cc39cd898eb4dc181925e835ae84c0141333264454322a5ab689b84491f6
7,famous_le_100m,13,0.9285714285714286,0.9285714285714286,4,osl_siamese_cnn,cc73cc39cd898eb4dc181925e835ae84c0141333264454322a5ab689b84491f6
7,famous_le_100m,14,0.9285714285714286,0.9285714285714286,4,osl_siamese_cnn,cc73cc39cd898eb4dc181925e835ae84c0141333264454322a5ab689b84491f6
7,famous_le_100m,15,0.9285714285714286,0.9285714285714286,4,osl_siamese_cnn,cc73cc39cd898eb4dc181925e835ae84c0141333264454322a5ab689b84491f6
7,famous_le_100m,16,0.9285714285714286,1.0,4,osl_siamese_cnn,cc73cc39cd898eb4dc181925e835ae84c0141333264454322a5ab689b84491f6
7,famous_le_100m,17,1.0,0.9285714285714286,4,osl_siamese_cnn,cc73cc39cd898eb4dc181925e835ae84c0141333264454322a5ab689b84491f6
7,famous_le_100m,18,1.0,1.0,4,osl_siamese_cnn,cc73cc39cd898eb4dc181925e835ae84c0141333264454322a5ab689b84491f6
7,famous_le_100m,19,1.0,1.0,4,osl_siamese_cnn,cc73cc39cd898eb4dc181925e835ae84c0141333264454322a5ab689b84491f6
7,famous_le_100m,20,1.0,1.0,4,osl_siamese_cnn,cc73cc39cd898eb4dc181925e835ae84c0141333264454322a5ab689b84491f6
7,famous_le_100m,21,1.0,1.0,4,osl_siamese_cnn,cc73cc39cd898eb4dc181925e835ae84c0141333264454322a5ab689b84491f6
7,famous_le_100m,22,1.0,1.0,4,osl_siamese_cnn,cc73cc39cd898eb4dc181925e835ae84c0141333264454322a5ab689b84491f6
7,famous_le_100m,23,1.0,1.0,4,osl_siamese_cnn,cc73cc39cd898eb4dc181925e835ae84c0141333264454322a5ab689b84491f6
8,torch_pretrained_classification,0,0.9,0.9,4,osl_siamese_cnn,5252efbb6f2390abd19bc6872feb32687356e51bde4adfef82b05b76de94405f
8,famous_le_10m,0,1.0,1.0,4,osl_siamese_cnn,5252efbb6f2390abd19bc6872feb32687356e51bde4adfef82b05b76de94405f
8,famous_le_10m,1,0.0,0.0,4,osl_siamese_cnn,5252efbb6f2390abd19bc6872feb32687356e51bde4adfef82b05b76de94405f
8,famous_le_10m,2,0.0,0.0,4,osl_siamese_cnn,5252efbb6f2390abd19bc6872feb32687356e51bde4adfef82b05b76de94405f
8,famous_le_10m,3,0.0,0.2,4,osl_siamese_cnn,5252efbb6f2390abd19bc6872feb32687356e51bde4adfef82b05b76de94405f
8,famous_le_10m,4,0.8,0.8,4,osl_siamese_cnn,5252efbb6f2390abd19bc6872feb32687356e51bde4adfef82b05b76de94405f
8,famous_le_10m,5,1.0,1.0,4,osl_siamese_cnn,5252efbb6f2390abd19bc6872feb32687356e51bde4adfef82b05b76de94405f
8,famous_le_10m,6,1.0,1.0,4,osl_siamese_cnn,5252efbb6f2390abd19bc6872feb32687356e51bde4adfef82b05b76de94405f
8,famous_le_10m,7,1.0,1.0,4,osl_siamese_cnn,5252efbb6f2390abd19bc6872feb32687356e51bde4adfef82b05b76de94405f
8,famous_le_10m,8,1.0,1.0,4,osl_siamese_cnn,5252efbb6f2390abd19bc6872feb32687356e51bde4adfef82b05b76de94405f
8,famous_le_10m,9,1.0,1.0,4,osl_siamese_cnn,5252efbb6f2390abd19bc6872feb32687356e51bde4adfef82b05b76de94405f
8,famous_le_10m,10,1.0,1.0,4,osl_siamese_cnn,5252efbb6f2390abd19bc6872feb32687356e51bde4adfef82b05b76de94405f
8,famous_le_10m,11,1.0,1.0,4,osl_siamese_cnn,5252efbb6f2390abd19bc6872feb32687356e51bde4adfef82b05b76de94405f
8,famous_le_10m,12,1.0,1.0,4,osl_siamese_cnn,5252efbb6f2390abd19bc6872feb32687356e51bde4adfef82b05b76de94405f
8,famous_le_10m,13,1.0,1.0,4,osl_siamese_cnn,5252efbb6f2390abd19bc6872feb32687356e51bde4adfef82b05b76de94405f
8,famous_le_10m,14,1.0,1.0,4,osl_siamese_cnn,5252efbb6f2390abd19bc6872feb32687356e51bde4adfef82b05b76de94405f
8,famous_le_10m,15,1.0,1.0,4,osl_siamese_cnn,5252efbb6f2390abd19bc6872feb32687356e51bde4adfef82b05b76de94405f
8,famous_le_10m,16,1.0,1.0,4,osl_siamese_cnn,5252efbb6f2390abd19bc6872feb32687356e51bde4adfef82b05b76de94405f
8,famous_le_10m,17,1.0,1.0,4,osl_siamese_cnn,5252efbb6f2390abd19bc6872feb32687356e51bde4adfef82b05b76de94405f
8,famous_le_10m,18,1.0,1.0,4,osl_siamese_cnn,5252efbb6f2390abd19bc6872feb32687356e51bde4adfef82b05b76de94405f
8,famous_le_10m,19,1.0,1.0,4,osl_siamese_cnn,5252efbb6f2390abd19bc6872feb32687356e51bde4adfef82b05b76de94405f
8,famous_le_10m,20,1.0,1.0,4,osl_siamese_cnn,5252efbb6f2390abd19bc6872feb32687356e51bde4adfef82b05b76de94405f
8,famous_le_10m,21,1.0,1.0,4,osl_siamese_cnn,5252efbb6f2390abd19bc6872feb32687356e51bde4adfef82b05b76de94405f
8,famous_le_10m,22,1.0,1.0,4,osl_siamese_cnn,5252efbb6f2390abd19bc6872feb32687356e51bde4adfef82b05b76de94405f
8,famous_le_10m,23,1.0,1.0,4,osl_siamese_cnn,5252efbb6f2390abd19bc6872feb32687356e51bde4adfef82b05b76de94405f
8,famous_le_100m,0,0.7857142857142857,0.7857142857142857,4,osl_siamese_cnn,5252efbb6f2390abd19bc6872feb32687356e51bde4adfef82b05b76de94405f
8,famous_le_100m,1,0.21428571428571427,0.21428571428571427,4,osl_siamese_cnn,5252efbb6f2390abd19bc6872feb32687356e51bde4adfef82b05b76de94405f
8,famous_le_100m,2,0.14285714285714285,0.21428571428571427,4,osl_siamese_cnn,5252efbb6f2390abd19bc6872feb32687356e51bde4adfef82b05b76de94405f
8,famous_le_100m,3,0.14285714285714285,0.14285714285714285,4,osl_siamese_cnn,5252efbb6f2390abd19bc6872feb32687356e51bde4adfef82b05b76de94405f
8,famous_le_100m,4,0.14285714285714285,0.14285714285714285,4,osl_siamese_cnn,5252efbb6f2390abd19bc6872feb32687356e51bde4adfef82b05b76de94405f
8,famous_le_100m,5,0.2857142857142857,0.35714285714285715,4,osl_siamese_cnn,5252efbb6f2390abd19bc6872feb32687356e51bde4adfef82b05b76de94405f
8,famous_le_100m,6,0.42857142857142855,0.42857142857142855,4,osl_siamese_cnn,5252efbb6f2390abd19bc6872feb32687356e51bde4adfef82b05b76de94405f
8,famous_le_100m,7,0.5714285714285714,0.5714285714285714,4,osl_siamese_cnn,5252efbb6f2390abd19bc6872feb32687356e51bde4adfef82b05b76de94405f
8,famous_le_100m,8,0.7857142857142857,0.7857142857142857,4,osl_siamese_cnn,5252efbb6f2390abd19bc6872feb32687356e51bde4adfef82b05b76de94405f
8,famous_le_100m,9,0.8571428571428571,0.8571428571428571,4,osl_siamese_cnn,5252efbb6f2390abd19bc6872feb32687356e51bde4adfef82b05b76de94405f
8,famous_le_100m,10,0.8571428571428571,0.8571428571428571,4,osl_siamese_cnn,5252efbb6f2390abd19bc6872feb32687356e51bde4adfef82b05b76de94405f
8,famous_le_100m,11,0.8571428571428571,0.8571428571428571,4,osl_siamese_cnn,5252efbb6f2390abd19bc6872feb32687356e51bde4adfef82b05b76de94405f
8,famous_le_100m,12,0.9285714285714286,0.9285714285714286,4,osl_siamese_cnn,5252efbb6f2390abd19bc6872feb32687356e51bde4adfef82b05b76de94405f
8,famous_le_100m,13,0.9285714285714286,0.9285714285714286,4,osl_siamese_cnn,5252efbb6f2390abd19bc6872feb32687356e51bde4adfef82b05b76de94405f
8,famous_le_100m,14,0.9285714285714286,0.9285714285714286,4,osl_siamese_cnn,5252efbb6f2390abd19bc6872feb32687356e51bde4adfef82b05b76de94405f
8,famous_le_100m,15,0.9285714285714286,0.9285714285714286,4,osl_siamese_cnn,5252efbb6f2390abd19bc6872feb32687356e51bde4adfef82b05b76de94405f
8,famous_le_100m,16,0.9285714285714286,0.9285714285714286,4,osl_siamese_cnn,5252efbb6f2390abd19bc6872feb32687356e51bde4adfef82b05b76de94405f
8,famous_le_100m,17,1.0,1.0,4,osl_siamese_cnn,5252efbb6f2390abd19bc6872feb32687356e51bde4adfef82b05b76de94405f
8,famous_le_100m,18,1.0,1.0,4,osl_siamese_cnn,5252efbb6f2390abd19bc6872feb32687356e51bde4adfef82b05b76de94405f
8,famous_le_100m,19,1.0,1.0,4,osl_siamese_cnn,5252efbb6f2390abd19bc6872feb32687356e51bde4adfef82b05b76de94405f
8,famous_le_100m,20,1.0,1.0,4,osl_siamese_cnn,5252efbb6f2390abd19bc6872feb32687356e51bde4adfef82b05b76de94405f
8,famous_le_100m,21,1.0,1.0,4,osl_siamese_cnn,5252efbb6f2390abd19bc6872feb32687356e51bde4adfef82b05b76de94405f
8,famous_le_100m,22,1.0,1.0,4,osl_siamese_cnn,5252efbb6f2390abd19bc6872feb32687356e51bde4adfef82b05b76de94405f
8,famous_le_100m,23,1.0,1.0,4,osl_siamese_cnn,5252efbb6f2390abd19bc6872feb32687356e51bde4adfef82b05b76de94405f
9,torch_pretrained_classification,0,0.725,0.6125,4,osl_siamese_cnn,24345415de3e8ad7d1ea89223800032adcf39ca123af8b0e6937734c3ca27aba
9,famous_le_10m,0,1.0,1.0,4,osl_siamese_cnn,24345415de3e8ad7d1ea89223800032adcf39ca123af8b0e6937734c3ca27aba
9,famous_le_10m,1,0.0,0.0,4,osl_siamese_cnn,24345415de3e8ad7d1ea89223800032adcf39ca123af8b0e6937734c3ca27aba
9,famous_le_10m,2,0.0,0.2,4,osl_siamese_cnn,24345415de3e8ad7d1ea89223800032adcf39ca123af8b0e6937734c3ca27aba
9,famous_le_10m,3,0.0,0.6,4,osl_siamese_cnn,24345415de3e8ad7d1ea89223800032adcf39ca123af8b0e6937734c3ca27aba
9,famous_le_10m,4,0.6,0.4,4,osl_siamese_cnn,24345415de3e8ad7d1ea89223800032adcf39ca123af8b0e6937734c3ca27aba
9,famous_le_10m,5,1.0,0.6,4,osl_siamese_cnn,24345415de3e8ad7d1ea89223800032adcf39ca123af8b0e6937734c3ca27aba
9,famous_le_10m,6,1.0,1.0,4,osl_siamese_cnn,24345415de3e8ad7d1ea89223800032adcf39ca123af8b0e6937734c3ca27aba
9,famous_le_10m,7,1.0,1.0,4,osl_siamese_cnn,24345415de3e8ad7d1ea89223800032adcf39ca123af8b0e6937734c3ca27aba
9,famous_le_10m,8,1.0,1.0,4,osl_siamese_cnn,24345415de3e8ad7d1ea89223800032adcf39ca123af8b0e6937734c3ca27aba
9,famous_le_10m,9,1.0,1.0,4,osl_siamese_cnn,24345415de3e8ad7d1ea89223800032adcf39ca123af8b0e6937734c3ca27aba
9,famous_le_10m,10,1.0,1.0,4,osl_siamese_cnn,24345415de3e8ad7d1ea89223800032adcf39ca123af8b0e6937734c3ca27aba
9,famous_le_10m,11,1.0,1.0,4,osl_siamese_cnn,24345415de3e8ad7d1ea89223800032adcf39ca123af8b0e6937734c3ca27aba
9,famous_le_10m,12,1.0,1.0,4,osl_siamese_cnn,24345415de3e8ad7d1ea89223800032adcf39ca123af8b0e6937734c3ca27aba
9,famous_le_10m,13,1.0,1.0,4,osl_siamese_cnn,24345415de3e8ad7d1ea89223800032adcf39ca123af8b0e6937734c3ca27aba
9,famous_le_10m,14,1.0,1.0,4,osl_siamese_cnn,24345415de3e8ad7d1ea89223800032adcf39ca123af8b0e6937734c3ca27aba
9,famous_le_10m,15,1.0,1.0,4,osl_siamese_cnn,24345415de3e8ad7d1ea89223800032adcf39ca123af8b0e6937734c3ca27aba
9,famous_le_10m,16,1.0,1.0,4,osl_siamese_cnn,24345415de3e8ad7d1ea89223800032adcf39ca123af8b0e6937734c3ca27aba
9,famous_le_10m,17,1.0,1.0,4,osl_siamese_cnn,24345415de3e8ad7d1ea89223800032adcf39ca123af8b0e6937734c3ca27aba
9,famous_le_10m,18,1.0,1.0,4,osl_siamese_cnn,24345415de3e8ad7d1ea89223800032adcf39ca123af8b0e6937734c3ca27aba
9,famous_le_10m,19,1.0,1.0,4,osl_siamese_cnn,24345415de3e8ad7d1ea89223800032adcf39ca123af8b0e6937734c3ca27aba
9,famous_le_10m,20,1.0,1.0,4,osl_siamese_cnn,24345415de3e8ad7d1ea89223800032adcf39ca123af8b0e6937734c3ca27aba
9,famous_le_10m,21,1.0,1.0,4,osl_siamese_cnn,24345415de3e8ad7d1ea89223800032adcf39ca123af8b0e6937734c3ca27aba
9,famous_le_10m,22,1.0,1.0,4,osl_siamese_cnn,24345415de3e8ad7d1ea89223800032adcf39ca123af8b0e6937734c3ca27aba
9,famous_le_10m,23,1.0,1.0,4,osl_siamese_cnn,24345415de3e8ad7d1ea89223800032adcf39ca123af8b0e6937734c3ca27aba
9,famous_le_100m,0,0.7142857142857143,0.7857142857142857,4,osl_siamese_cnn,24345415de3e8ad7d1ea89223800032adcf39ca123af8b0e6937734c3ca27aba
9,famous_le_100m,1,0.2857142857142857,0.21428571428571427,4,osl_siamese_cnn,24345415de3e8ad7d1ea89223800032adcf39ca123af8b0e6937734c3ca27aba
9,famous_le_100m,2,0.2857142857142857,0.21428571428571427,4,osl_siamese_cnn,24345415de3e8ad7d1ea89223800032adcf39ca123af8b0e6937734c3ca27aba
9,famous_le_100m,3,0.21428571428571427,0.2857142857142857,4,osl_siamese_cnn,24345415de3e8ad7d1ea89223800032adcf39ca123af8b0e6937734c3ca27aba
9,famous_le_100m,4,0.21428571428571427,0.2857142857142857,4,osl_siamese_cnn,24345415de3e8ad7d1ea89223800032adcf39ca123af8b0e6937734c3ca27aba
9,famous_le_100m,5,0.2857142857142857,0.2857142857142857,4,osl_siamese_cnn,24345415de3e8ad7d1ea89223800032adcf39ca123af8b0e6937734c3ca27aba
9,famous_le_100m,6,0.5,0.2857142857142857,4,osl_siamese_cnn,24345415de3e8ad7d1ea89223800032adcf39ca123af8b0e6937734c3ca27aba
9,famous_le_100m,7,0.5,0.5,4,osl_siamese_cnn,24345415de3e8ad7d1ea89223800032adcf39ca123af8b0e6937734c3ca27aba
9,famous_le_100m,8,0.5,0.7142857142857143,4,osl_siamese_cnn,24345415de3e8ad7d1ea89223800032adcf39ca123af8b0e6937734c3ca27aba
9,famous_le_100m,9,0.7142857142857143,0.7142857142857143,4,osl_siamese_cnn,24345415de3e8ad7d1ea89223800032adcf39ca123af8b0e6937734c3ca27aba
9,famous_le_100m,10,0.8571428571428571,0.8571428571428571,4,osl_siamese_cnn,24345415de3e8ad7d1ea89223800032adcf39ca123af8b0e6937734c3ca27aba
9,famous_le_100m,11,0.8571428571428571,0.8571428571428571,4,osl_siamese_cnn,24345415de3e8ad7d1ea89223800032adcf39ca123af8b0e6937734c3ca27aba
9,famous_le_100m,12,0.8571428571428571,0.8571428571428571,4,osl_siamese_cnn,24345415de3e8ad7d1ea89223800032adcf39ca123af8b0e6937734c3ca27aba
9,famous_le_100m,13,0.8571428571428571,0.8571428571428571,4,osl_siamese_cnn,24345415de3e8ad7d1ea89223800032adcf39ca123af8b0e6937734c3ca27aba
9,famous_le_100m,14,0.9285714285714286,0.9285714285714286,4,osl_siamese_cnn,24345415de3e8ad7d1ea89223800032adcf39ca123af8b0e6937734c3ca27aba
9,famous_le_100m,15,0.9285714285714286,0.9285714285714286,4,osl_siamese_cnn,24345415de3e8ad7d1ea89223800032adcf39ca123af8b0e6937734c3ca27aba
9,famous_le_100m,16,0.9285714285714286,0.9285714285714286,4,osl_siamese_cnn,24345415de3e8ad7d1ea89223800032adcf39ca123af8b0e6937734c3ca27aba
9,famous_le_100m,17,0.9285714285714286,0.9285714285714286,4,osl_siamese_cnn,24345415de3e8ad7d1ea89223800032adcf39ca123af8b0e6937734c3ca27aba
9,famous_le_100m,18,0.9285714285714286,0.9285714285714286,4,osl_siamese_cnn,24345415de3e8ad7d1ea89223800032adcf39ca123af8b0e6937734c3ca27aba
9,famous_le_100m,19,0.9285714285714286,1.0,4,osl_siamese_cnn,24345415de3e8ad7d1ea89223800032adcf39ca123af8b0e6937734c3ca27aba
9,famous_le_100m,20,1.0,1.0,4,osl_siamese_cnn,24345415de3e8ad7d1ea89223800032adcf39ca123af8b0e6937734c3ca27aba
9,famous_le_100m,21,1.0,1.0,4,osl_siamese_cnn,24345415de3e8ad7d1ea89223800032adcf39ca123af8b0e6937734c3ca27aba
9,famous_le_100m,22,1.0,1.0,4,osl_siamese_cnn,24345415de3e8ad7d1ea89223800032adcf39ca123af8b0e6937734c3ca27aba
9,famous_le_100m,23,1.0,1.0,4,osl_siamese_cnn,24345415de3e8ad7d1ea89223800032adcf39ca123af8b0e6937734c3ca27aba
5,torch_pretrained_classification,0,0.925,0.925,5,osl_siamese_cnn,833c3c1a0def1a341071982b1206a03acd2a265348ef7f2fec93adaacefb11bc
5,famous_le_10m,0,1.0,1.0,5,osl_siamese_cnn,833c3c1a0def1a341071982b1206a03acd2a265348ef7f2fec93adaacefb11bc
5,famous_le_10m,1,0.0,0.0,5,osl_siamese_cnn,833c3c1a0def1a341071982b1206a03acd2a265348ef7f2fec93adaacefb11bc
5,famous_le_10m,2,0.0,0.0,5,osl_siamese_cnn,833c3c1a0def1a341071982b1206a03acd2a265348ef7f2fec93adaacefb11bc
5,famous_le_10m,3,0.0,0.0,5,osl_siamese_cnn,833c3c1a0def1a341071982b1206a03acd2a265348ef7f2fec93adaacefb11bc
5,famous_le_10m,4,0.6,0.6,5,osl_siamese_cnn,833c3c1a0def1a341071982b1206a03acd2a265348ef7f2fec93adaacefb11bc
5,famous_le_10m,5,1.0,1.0,5,osl_siamese_cnn,833c3c1a0def1a341071982b1206a03acd2a265348ef7f2fec93adaacefb11bc
5,famous_le_10m,6,1.0,1.0,5,osl_siamese_cnn,833c3c1a0def1a341071982b1206a03acd2a265348ef7f2fec93adaacefb11bc
5,famous_le_10m,7,1.0,1.0,5,osl_siamese_cnn,833c3c1a0def1a341071982b1206a03acd2a265348ef7f2fec93adaacefb11bc
5,famous_le_10m,8,1.0,1.0,5,osl_siamese_cnn,833c3c1a0def1a341071982b1206a03acd2a265348ef7f2fec93adaacefb11bc
5,famous_le_10m,9,1.0,1.0,5,osl_siamese_cnn,833c3c1a0def1a341071982b1206a03acd2a265348ef7f2fec93adaacefb11bc
5,famous_le_10m,10,1.0,1.0,5,osl_siamese_cnn,833c3c1a0def1a341071982b1206a03acd2a265348ef7f2fec93adaacefb11bc
5,famous_le_10m,11,1.0,1.0,5,osl_siamese_cnn,833c3c1a0def1a341071982b1206a03acd2a265348ef7f2fec93adaacefb11bc
5,famous_le_10m,12,1.0,1.0,5,osl_siamese_cnn,833c3c1a0def1a341071982b1206a03acd2a265348ef7f2fec93adaacefb11bc
5,famous_le_10m,13,1.0,1.0,5,osl_siamese_cnn,833c3c1a0def1a341071982b1206a03acd2a265348ef7f2fec93adaacefb11bc
5,famous_le_10m,14,1.0,1.0,5,osl_siamese_cnn,833c3c1a0def1a341071982b1206a03acd2a265348ef7f2fec93adaacefb11bc
5,famous_le_10m,15,1.0,1.0,5,osl_siamese_cnn,833c3c1a0def1a341071982b1206a03acd2a265348ef7f2fec93adaacefb11bc
5,famous_le_10m,16,1.0,1.0,5,osl_siamese_cnn,833c3c1a0def1a341071982b1206a03acd2a265348ef7f2fec93adaacefb11bc
5,famous_le_10m,17,1.0,1.0,5,osl_siamese_cnn,833c3c1a0def1a341071982b1206a03acd2a265348ef7f2fec93adaacefb11bc
5,famous_le_10m,18,1.0,1.0,5,osl_siamese_cnn,833c3c1a0def1a341071982b1206a03acd2a265348ef7f2fec93adaacefb11bc
5,famous_le_10m,19,1.0,1.0,5,osl_siamese_cnn,833c3c1a0def1a341071982b1206a03acd2a265348ef7f2fec93adaacefb11bc
5,famous_le_10m,20,1.0,1.0,5,osl_siamese_cnn,833c3c1a0def1a341071982b1206a03acd2a265348ef7f2fec93adaacefb11bc
5,famous_le_10m,21,1.0,1.0,5,osl_siamese_cnn,833c3c1a0def1a341071982b1206a03acd2a265348ef7f2fec93adaacefb11bc
5,famous_le_10m,22,1.0,1.0,5,osl_siamese_cnn,833c3c1a0def1a341071982b1206a03acd2a265348ef7f2fec93adaacefb11bc
5,famous_le_10m,23,1.0,1.0,5,osl_siamese_cnn,833c3c1a0def1a341071982b1206a03acd2a265348ef7f2fec93adaacefb11bc
5,famous_le_100m,0,0.8571428571428571,0.8571428571428571,5,osl_siamese_cnn,833c3c1a0def1a341071982b1206a03acd2a265348ef7f2fec93adaacefb11bc
5,famous_le_100m,1,0.14285714285714285,0.07142857142857142,5,osl_siamese_cnn,833c3c1a0def1a341071982b1206a03acd2a265348ef7f2fec93adaacefb11bc
5,famous_le_100m,2,0.07142857142857142,0.07142857142857142,5,osl_siamese_cnn,833c3c1a0def1a341071982b1206a03acd2a265348ef7f2fec93adaacefb11bc
5,famous_le_100m,3,0.07142857142857142,0.07142857142857142,5,osl_siamese_cnn,833c3c1a0def1a341071982b1206a03acd2a265348ef7f2fec93adaacefb11bc
5,famous_le_100m,4,0.07142857142857142,0.07142857142857142,5,osl_siamese_cnn,833c3c1a0def1a341071982b1206a03acd2a265348ef7f2fec93adaacefb11bc
5,famous_le_100m,5,0.2857142857142857,0.2857142857142857,5,osl_siamese_cnn,833c3c1a0def1a341071982b1206a03acd2a265348ef7f2fec93adaacefb11bc
5,famous_le_100m,6,0.42857142857142855,0.42857142857142855,5,osl_siamese_cnn,833c3c1a0def1a341071982b1206a03acd2a265348ef7f2fec93adaacefb11bc
5,famous_le_100m,7,0.5714285714285714,0.42857142857142855,5,osl_siamese_cnn,833c3c1a0def1a341071982b1206a03acd2a265348ef7f2fec93adaacefb11bc
5,famous_le_100m,8,0.7857142857142857,0.7857142857142857,5,osl_siamese_cnn,833c3c1a0def1a341071982b1206a03acd2a265348ef7f2fec93adaacefb11bc
5,famous_le_100m,9,0.8571428571428571,0.8571428571428571,5,osl_siamese_cnn,833c3c1a0def1a341071982b1206a03acd2a265348ef7f2fec93adaacefb11bc
5,famous_le_100m,10,0.8571428571428571,0.8571428571428571,5,osl_siamese_cnn,833c3c1a0def1a341071982b1206a03acd2a265348ef7f2fec93adaacefb11bc
5,famous_le_100m,11,0.8571428571428571,0.8571428571428571,5,osl_siamese_cnn,833c3c1a0def1a341071982b1206a03acd2a265348ef7f2fec93adaacefb11bc
5,famous_le_100m,12,0.9285714285714286,0.8571428571428571,5,osl_siamese_cnn,833c3c1a0def1a341071982b1206a03acd2a265348ef7f2fec93adaacefb11bc
5,famous_le_100m,13,0.9285714285714286,0.9285714285714286,5,osl_siamese_cnn,833c3c1a0def1a341071982b1206a03acd2a265348ef7f2fec93adaacefb11bc
5,famous_le_100m,14,0.9285714285714286,0.9285714285714286,5,osl_siamese_cnn,833c3c1a0def1a341071982b1206a03acd2a265348ef7f2fec93adaacefb11bc
5,famous_le_100m,15,0.9285714285714286,0.9285714285714286,5,osl_siamese_cnn,833c3c1a0def1a341071982b1206a03acd2a265348ef7f2fec93adaacefb11bc
5,famous_le_100m,16,0.9285714285714286,0.9285714285714286,5,osl_siamese_cnn,833c3c1a0def1a341071982b1206a03acd2a265348ef7f2fec93adaacefb11bc
5,famous_le_100m,17,1.0,1.0,5,osl_siamese_cnn,833c3c1a0def1a341071982b1206a03acd2a265348ef7f2fec93adaacefb11bc
5,famous_le_100m,18,1.0,1.0,5,osl_siamese_cnn,833c3c1a0def1a341071982b1206a03acd2a265348ef7f2fec93adaacefb11bc
5,famous_le_100m,19,1.0,1.0,5,osl_siamese_cnn,833c3c1a0def1a341071982b1206a03acd2a265348ef7f2fec93adaacefb11bc
5,famous_le_100m,20,1.0,1.0,5,osl_siamese_cnn,833c3c1a0def1a341071982b1206a03acd2a265348ef7f2fec93adaacefb11bc
5,famous_le_100m,21,1.0,1.0,5,osl_siamese_cnn,833c3c1a0def1a341071982b1206a03acd2a265348ef7f2fec93adaacefb11bc
5,famous_le_100m,22,1.0,1.0,5,osl_siamese_cnn,833c3c1a0def1a341071982b1206a03acd2a265348ef7f2fec93adaacefb11bc
5,famous_le_100m,23,1.0,1.0,5,osl_siamese_cnn,833c3c1a0def1a341071982b1206a03acd2a265348ef7f2fec93adaacefb11bc
6,torch_pretrained_classification,0,0.9,0.9,5,osl_siamese_cnn,fa1c78c6caf01a9697c85e5b0d9ac41296e2ec6a593a1a9a1156b53639db97b7
6,famous_le_10m,0,1.0,1.0,5,osl_siamese_cnn,fa1c78c6caf01a9697c85e5b0d9ac41296e2ec6a593a1a9a1156b53639db97b7
6,famous_le_10m,1,0.0,0.0,5,osl_siamese_cnn,fa1c78c6caf01a9697c85e5b0d9ac41296e2ec6a593a1a9a1156b53639db97b7
6,famous_le_10m,2,0.0,0.0,5,osl_siamese_cnn,fa1c78c6caf01a9697c85e5b0d9ac41296e2ec6a593a1a9a1156b53639db97b7
6,famous_le_10m,3,0.0,0.0,5,osl_siamese_cnn,fa1c78c6caf01a9697c85e5b0d9ac41296e2ec6a593a1a9a1156b53639db97b7
6,famous_le_10m,4,0.0,0.0,5,osl_siamese_cnn,fa1c78c6caf01a9697c85e5b0d9ac41296e2ec6a593a1a9a1156b53639db97b7
6,famous_le_10m,5,0.4,0.2,5,osl_siamese_cnn,fa1c78c6caf01a9697c85e5b0d9ac41296e2ec6a593a1a9a1156b53639db97b7
6,famous_le_10m,6,1.0,1.0,5,osl_siamese_cnn,fa1c78c6caf01a9697c85e5b0d9ac41296e2ec6a593a1a9a1156b53639db97b7
6,famous_le_10m,7,1.0,1.0,5,osl_siamese_cnn,fa1c78c6caf01a9697c85e5b0d9ac41296e2ec6a593a1a9a1156b53639db97b7
6,famous_le_10m,8,1.0,1.0,5,osl_siamese_cnn,fa1c78c6caf01a9697c85e5b0d9ac41296e2ec6a593a1a9a1156b53639db97b7
6,famous_le_10m,9,1.0,1.0,5,osl_siamese_cnn,fa1c78c6caf01a9697c85e5b0d9ac41296e2ec6a593a1a9a1156b53639db97b7
6,famous_le_10m,10,1.0,1.0,5,osl_siamese_cnn,fa1c78c6caf01a9697c85e5b0d9ac41296e2ec6a593a1a9a1156b53639db97b7
6,famous_le_10m,11,1.0,1.0,5,osl_siamese_cnn,fa1c78c6caf01a9697c85e5b0d9ac41296e2ec6a593a1a9a1156b53639db97b7
6,famous_le_10m,12,1.0,1.0,5,osl_siamese_cnn,fa1c78c6caf01a9697c85e5b0d9ac41296e2ec6a593a1a9a1156b53639db97b7
6,famous_le_10m,13,1.0,1.0,5,osl_siamese_cnn,fa1c78c6caf01a9697c85e5b0d9ac41296e2ec6a593a1a9a1156b53639db97b7
6,famous_le_10m,14,1.0,1.0,5,osl_siamese_cnn,fa1c78c6caf01a9697c85e5b0d9ac41296e2ec6a593a1a9a1156b53639db97b7
6,famous_le_10m,15,1.0,1.0,5,osl_siamese_cnn,fa1c78c6caf01a9697c85e5b0d9ac41296e2ec6a593a1a9a1156b53639db97b7
6,famous_le_10m,16,1.0,1.0,5,osl_siamese_cnn,fa1c78c6caf01a9697c85e5b0d9ac41296e2ec6a593a1a9a1156b53639db97b7
6,famous_le_10m,17,1.0,1.0,5,osl_siamese_cnn,fa1c78c6caf01a9697c85e5b0d9ac41296e2ec6a593a1a9a1156b53639db97b7
6,famous_le_10m,18,1.0,1.0,5,osl_siamese_cnn,fa1c78c6caf01a9697c85e5b0d9ac41296e2ec6a593a1a9a1156b53639db97b7
6,famous_le_10m,19,1.0,1.0,5,osl_siamese_cnn,fa1c78c6caf01a9697c85e5b0d9ac41296e2ec6a593a1a9a1156b53639db97b7
6,famous_le_10m,20,1.0,1.0,5,osl_siamese_cnn,fa1c78c6caf01a9697c85e5b0d9ac41296e2ec6a593a1a9a1156b53639db97b7
6,famous_le_10m,21,1.0,1.0,5,osl_siamese_cnn,fa1c78c6caf01a9697c85e5b0d9ac41296e2ec6a593a1a9a1156b53639db97b7
6,famous_le_10m,22,1.0,1.0,5,osl_siamese_cnn,fa1c78c6caf01a9697c85e5b0d9ac41296e2ec6a593a1a9a1156b53639db97b7
6,famous_le_10m,23,1.0,1.0,5,osl_siamese_cnn,fa1c78c6caf01a9697c85e5b0d9ac41296e2ec6a593a1a9a1156b53639db97b7
6,famous_le_100m,0,0.9285714285714286,0.9285714285714286,5,osl_siamese_cnn,fa1c78c6caf01a9697c85e5b0d9ac41296e2ec6a593a1a9a1156b53639db97b7
6,famous_le_100m,1,0.07142857142857142,0.07142857142857142,5,osl_siamese_cnn,fa1c78c6caf01a9697c85e5b0d9ac41296e2ec6a593a1a9a1156b53639db97b7
6,famous_le_100m,2,0.07142857142857142,0.07142857142857142,5,osl_siamese_cnn,fa1c78c6caf01a9697c85e5b0d9ac41296e2ec6a593a1a9a1156b53639db97b7
6,famous_le_100m,3,0.07142857142857142,0.07142857142857142,5,osl_siamese_cnn,fa1c78c6caf01a9697c85e5b0d9ac41296e2ec6a593a1a9a1156b53639db97b7
6,famous_le_100m,4,0.07142857142857142,0.07142857142857142,5,osl_siamese_cnn,fa1c78c6caf01a9697c85e5b0d9ac41296e2ec6a593a1a9a1156b53639db97b7
6,famous_le_100m,5,0.07142857142857142,0.07142857142857142,5,osl_siamese_cnn,fa1c78c6caf01a9697c85e5b0d9ac41296e2ec6a593a1a9a1156b53639db97b7
6,famous_le_100m,6,0.2857142857142857,0.2857142857142857,5,osl_siamese_cnn,fa1c78c6caf01a9697c85e5b0d9ac41296e2ec6a593a1a9a1156b53639db97b7
6,famous_le_100m,7,0.42857142857142855,0.42857142857142855,5,osl_siamese_cnn,fa1c78c6caf01a9697c85e5b0d9ac41296e2ec6a593a1a9a1156b53639db97b7
6,famous_le_100m,8,0.5714285714285714,0.5714285714285714,5,osl_siamese_cnn,fa1c78c6caf01a9697c85e5b0d9ac41296e2ec6a593a1a9a1156b53639db97b7
6,famous_le_100m,9,0.6428571428571429,0.6428571428571429,5,osl_siamese_cnn,fa1c78c6caf01a9697c85e5b0d9ac41296e2ec6a593a1a9a1156b53639db97b7
6,famous_le_100m,10,0.8571428571428571,0.8571428571428571,5,osl_siamese_cnn,fa1c78c6caf01a9697c85e5b0d9ac41296e2ec6a593a1a9a1156b53639db97b7
6,famous_le_100m,11,0.8571428571428571,0.8571428571428571,5,osl_siamese_cnn,fa1c78c6caf01a9697c85e5b0d9ac41296e2ec6a593a1a9a1156b53639db97b7
6,famous_le_100m,12,0.8571428571428571,0.8571428571428571,5,osl_siamese_cnn,fa1c78c6caf01a9697c85e5b0d9ac41296e2ec6a593a1a9a1156b53639db97b7
6,famous_le_100m,13,0.8571428571428571,0.8571428571428571,5,osl_siamese_cnn,fa1c78c6caf01a9697c85e5b0d9ac41296e2ec6a593a1a9a1156b53639db97b7
6,famous_le_100m,14,0.9285714285714286,0.9285714285714286,5,osl_siamese_cnn,fa1c78c6caf01a9697c85e5b0d9ac41296e2ec6a593a1a9a1156b53639db97b7
6,famous_le_100m,15,0.9285714285714286,0.9285714285714286,5,osl_siamese_cnn,fa1c78c6caf01a9697c85e5b0d9ac41296e2ec6a593a1a9a1156b53639db97b7
6,famous_le_100m,16,0.9285714285714286,0.9285714285714286,5,osl_siamese_cnn,fa1c78c6caf01a9697c85e5b0d9ac41296e2ec6a593a1a9a1156b53639db97b7
6,famous_le_100m,17,0.9285714285714286,0.9285714285714286,5,osl_siamese_cnn,fa1c78c6caf01a9697c85e5b0d9ac41296e2ec6a593a1a9a1156b53639db97b7
6,famous_le_100m,18,0.9285714285714286,0.9285714285714286,5,osl_siamese_cnn,fa1c78c6caf01a9697c85e5b0d9ac41296e2ec6a593a1a9a1156b53639db97b7
6,famous_le_100m,19,1.0,1.0,5,osl_siamese_cnn,fa1c78c6caf01a9697c85e5b0d9ac41296e2ec6a593a1a9a1156b53639db97b7
6,famous_le_100m,20,1.0,1.0,5,osl_siamese_cnn,fa1c78c6caf01a9697c85e5b0d9ac41296e2ec6a593a1a9a1156b53639db97b7
6,famous_le_100m,21,1.0,1.0,5,osl_siamese_cnn,fa1c78c6caf01a9697c85e5b0d9ac41296e2ec6a593a1a9a1156b53639db97b7
6,famous_le_100m,22,1.0,1.0,5,osl_siamese_cnn,fa1c78c6caf01a9697c85e5b0d9ac41296e2ec6a593a1a9a1156b53639db97b7
6,famous_le_100m,23,1.0,1.0,5,osl_siamese_cnn,fa1c78c6caf01a9697c85e5b0d9ac41296e2ec6a593a1a9a1156b53639db97b7
7,torch_pretrained_classification,0,0.5625,0.4,5,osl_siamese_cnn,392c8ed95501820e7ac247111446015f7b51ef849f802ab45d0d846a8fd9d0f0
7,famous_le_10m,0,0.4,0.2,5,osl_siamese_cnn,392c8ed95501820e7ac247111446015f7b51ef849f802ab45d0d846a8fd9d0f0
7,famous_le_10m,1,0.6,0.8,5,osl_siamese_cnn,392c8ed95501820e7ac247111446015f7b51ef849f802ab45d0d846a8fd9d0f0
7,famous_le_10m,2,0.8,0.8,5,osl_siamese_cnn,392c8ed95501820e7ac247111446015f7b51ef849f802ab45d0d846a8fd9d0f0
7,famous_le_10m,3,0.8,1.0,5,osl_siamese_cnn,392c8ed95501820e7ac247111446015f7b51ef849f802ab45d0d846a8fd9d0f0
7,famous_le_10m,4,1.0,1.0,5,osl_siamese_cnn,392c8ed95501820e7ac247111446015f7b51ef849f802ab45d0d846a8fd9d0f0
7,famous_le_10m,5,1.0,1.0,5,osl_siamese_cnn,392c8ed95501820e7ac247111446015f7b51ef849f802ab45d0d846a8fd9d0f0
7,famous_le_10m,6,1.0,1.0,5,osl_siamese_cnn,392c8ed95501820e7ac247111446015f7b51ef849f802ab45d0d846a8fd9d0f0
7,famous_le_10m,7,1.0,1.0,5,osl_siamese_cnn,392c8ed95501820e7ac247111446015f7b51ef849f802ab45d0d846a8fd9d0f0
7,famous_le_10m,8,1.0,1.0,5,osl_siamese_cnn,392c8ed95501820e7ac247111446015f7b51ef849f802ab45d0d846a8fd9d0f0
7,famous_le_10m,9,1.0,1.0,5,osl_siamese_cnn,392c8ed95501820e7ac247111446015f7b51ef849f802ab45d0d846a8fd9d0f0
7,famous_le_10m,10,1.0,1.0,5,osl_siamese_cnn,392c8ed95501820e7ac247111446015f7b51ef849f802ab45d0d846a8fd9d0f0
7,famous_le_10m,11,1.0,1.0,5,osl_siamese_cnn,392c8ed95501820e7ac247111446015f7b51ef849f802ab45d0d846a8fd9d0f0
7,famous_le_10m,12,1.0,1.0,5,osl_siamese_cnn,392c8ed95501820e7ac247111446015f7b51ef849f802ab45d0d846a8fd9d0f0
7,famous_le_10m,13,1.0,1.0,5,osl_siamese_cnn,392c8ed95501820e7ac247111446015f7b51ef849f802ab45d0d846a8fd9d0f0
7,famous_le_10m,14,1.0,1.0,5,osl_siamese_cnn,392c8ed95501820e7ac247111446015f7b51ef849f802ab45d0d846a8fd9d0f0
7,famous_le_10m,15,0.6,0.6,5,osl_siamese_cnn,392c8ed95501820e7ac247111446015f7b51ef849f802ab45d0d846a8fd9d0f0
7,famous_le_10m,16,0.0,0.0,5,osl_siamese_cnn,392c8ed95501820e7ac247111446015f7b51ef849f802ab45d0d846a8fd9d0f0
7,famous_le_10m,17,0.0,0.2,5,osl_siamese_cnn,392c8ed95501820e7ac247111446015f7b51ef849f802ab45d0d846a8fd9d0f0
7,famous_le_10m,18,0.0,0.0,5,osl_siamese_cnn,392c8ed95501820e7ac247111446015f7b51ef849f802ab45d0d846a8fd9d0f0
7,famous_le_10m,19,0.0,0.4,5,osl_siamese_cnn,392c8ed95501820e7ac247111446015f7b51ef849f802ab45d0d846a8fd9d0f0
7,famous_le_10m,20,0.0,0.0,5,osl_siamese_cnn,392c8ed95501820e7ac247111446015f7b51ef849f802ab45d0d846a8fd9d0f0
7,famous_le_10m,21,0.0,0.2,5,osl_siamese_cnn,392c8ed95501820e7ac247111446015f7b51ef849f802ab45d0d846a8fd9d0f0
7,famous_le_10m,22,0.0,0.0,5,osl_siamese_cnn,392c8ed95501820e7ac247111446015f7b51ef849f802ab45d0d846a8fd9d0f0
7,famous_le_10m,23,0.0,0.0,5,osl_siamese_cnn,392c8ed95501820e7ac247111446015f7b51ef849f802ab45d0d846a8fd9d0f0
7,famous_le_100m,0,0.21428571428571427,0.07142857142857142,5,osl_siamese_cnn,392c8ed95501820e7ac247111446015f7b51ef849f802ab45d0d846a8fd9d0f0
7,famous_le_100m,1,0.7857142857142857,0.9285714285714286,5,osl_siamese_cnn,392c8ed95501820e7ac247111446015f7b51ef849f802ab45d0d846a8fd9d0f0
7,famous_le_100m,2,0.7857142857142857,0.9285714285714286,5,osl_siamese_cnn,392c8ed95501820e7ac247111446015f7b51ef849f802ab45d0d846a8fd9d0f0
7,famous_le_100m,3,0.7857142857142857,0.8571428571428571,5,osl_siamese_cnn,392c8ed95501820e7ac247111446015f7b51ef849f802ab45d0d846a8fd9d0f0
7,famous_le_100m,4,0.7857142857142857,0.8571428571428571,5,osl_siamese_cnn,392c8ed95501820e7ac247111446015f7b51ef849f802ab45d0d846a8fd9d0f0
7,famous_le_100m,5,0.7142857142857143,0.8571428571428571,5,osl_siamese_cnn,392c8ed95501820e7ac247111446015f7b51ef849f802ab45d0d846a8fd9d0f0
7,famous_le_100m,6,0.7142857142857143,0.8571428571428571,5,osl_siamese_cnn,392c8ed95501820e7ac247111446015f7b51ef849f802ab45d0d846a8fd9d0f0
7,famous_le_100m,7,0.7142857142857143,0.9285714285714286,5,osl_siamese_cnn,392c8ed95501820e7ac247111446015f7b51ef849f802ab45d0d846a8fd9d0f0
7,famous_le_100m,8,0.9285714285714286,0.9285714285714286,5,osl_siamese_cnn,392c8ed95501820e7ac247111446015f7b51ef849f802ab45d0d846a8fd9d0f0
7,famous_le_100m,9,0.9285714285714286,0.9285714285714286,5,osl_siamese_cnn,392c8ed95501820e7ac247111446015f7b51ef849f802ab45d0d846a8fd9d0f0
7,famous_le_100m,10,0.9285714285714286,0.9285714285714286,5,osl_siamese_cnn,392c8ed95501820e7ac247111446015f7b51ef849f802ab45d0d846a8fd9d0f0
7,famous_le_100m,11,1.0,0.9285714285714286,5,osl_siamese_cnn,392c8ed95501820e7ac247111446015f7b51ef849f802ab45d0d846a8fd9d0f0
7,famous_le_100m,12,1.0,0.9285714285714286,5,osl_siamese_cnn,392c8ed95501820e7ac247111446015f7b51ef849f802ab45d0d846a8fd9d0f0
7,famous_le_100m,13,1.0,0.9285714285714286,5,osl_siamese_cnn,392c8ed95501820e7ac247111446015f7b51ef849f802ab45d0d846a8fd9d0f0
7,famous_le_100m,14,1.0,1.0,5,osl_siamese_cnn,392c8ed95501820e7ac247111446015f7b51ef849f802ab45d0d846a8fd9d0f0
7,famous_le_100m,15,1.0,1.0,5,osl_siamese_cnn,392c8ed95501820e7ac247111446015f7b51ef849f802ab45d0d846a8fd9d0f0
7,famous_le_100m,16,1.0,1.0,5,osl_siamese_cnn,392c8ed95501820e7ac247111446015f7b51ef849f802ab45d0d846a8fd9d0f0
7,famous_le_100m,17,1.0,1.0,5,osl_siamese_cnn,392c8ed95501820e7ac247111446015f7b51ef849f802ab45d0d846a8fd9d0f0
7,famous_le_100m,18,1.0,1.0,5,osl_siamese_cnn,392c8ed95501820e7ac247111446015f7b51ef849f802ab45d0d846a8fd9d0f0
7,famous_le_100m,19,1.0,1.0,5,osl_siamese_cnn,392c8ed95501820e7ac247111446015f7b51ef849f802ab45d0d846a8fd9d0f0
7,famous_le_100m,20,1.0,1.0,5,osl_siamese_cnn,392c8ed95501820e7ac247111446015f7b51ef849f802ab45d0d846a8fd9d0f0
7,famous_le_100m,21,1.0,1.0,5,osl_siamese_cnn,392c8ed95501820e7ac247111446015f7b51ef849f802ab45d0d846a8fd9d0f0
7,famous_le_100m,22,1.0,1.0,5,osl_siamese_cnn,392c8ed95501820e7ac247111446015f7b51ef849f802ab45d0d846a8fd9d0f0
7,famous_le_100m,23,0.5,0.6428571428571429,5,osl_siamese_cnn,392c8ed95501820e7ac247111446015f7b51ef849f802ab45d0d846a8fd9d0f0
8,torch_pretrained_classification,0,0.925,0.925,5,osl_siamese_cnn,ae37b2015991c0c7fffc3f8bb56ddc83645c228201a3dc32a09429a8fb0d1eac
8,famous_le_10m,0,1.0,1.0,5,osl_siamese_cnn,ae37b2015991c0c7fffc3f8bb56ddc83645c228201a3dc32a09429a8fb0d1eac
8,famous_le_10m,1,0.0,0.0,5,osl_siamese_cnn,ae37b2015991c0c7fffc3f8bb56ddc83645c228201a3dc32a09429a8fb0d1eac
8,famous_le_10m,2,0.0,0.0,5,osl_siamese_cnn,ae37b2015991c0c7fffc3f8bb56ddc83645c228201a3dc32a09429a8fb0d1eac
8,famous_le_10m,3,0.0,0.0,5,osl_siamese_cnn,ae37b2015991c0c7fffc3f8bb56ddc83645c228201a3dc32a09429a8fb0d1eac
8,famous_le_10m,4,0.0,0.0,5,osl_siamese_cnn,ae37b2015991c0c7fffc3f8bb56ddc83645c228201a3dc32a09429a8fb0d1eac
8,famous_le_10m,5,0.8,0.2,5,osl_siamese_cnn,ae37b2015991c0c7fffc3f8bb56ddc83645c228201a3dc32a09429a8fb0d1eac
8,famous_le_10m,6,1.0,1.0,5,osl_siamese_cnn,ae37b2015991c0c7fffc3f8bb56ddc83645c228201a3dc32a09429a8fb0d1eac
8,famous_le_10m,7,1.0,1.0,5,osl_siamese_cnn,ae37b2015991c0c7fffc3f8bb56ddc83645c228201a3dc32a09429a8fb0d1eac
8,famous_le_10m,8,1.0,1.0,5,osl_siamese_cnn,ae37b2015991c0c7fffc3f8bb56ddc83645c228201a3dc32a09429a8fb0d1eac
8,famous_le_10m,9,1.0,1.0,5,osl_siamese_cnn,ae37b2015991c0c7fffc3f8bb56ddc83645c228201a3dc32a09429a8fb0d1eac
8,famous_le_10m,10,1.0,1.0,5,osl_siamese_cnn,ae37b2015991c0c7fffc3f8bb56ddc83645c228201a3dc32a09429a8fb0d1eac
8,famous_le_10m,11,1.0,1.0,5,osl_siamese_cnn,ae37b2015991c0c7fffc3f8bb56ddc83645c228201a3dc32a09429a8fb0d1eac
8,famous_le_10m,12,1.0,1.0,5,osl_siamese_cnn,ae37b2015991c0c7fffc3f8bb56ddc83645c228201a3dc32a09429a8fb0d1eac
8,famous_le_10m,13,1.0,1.0,5,osl_siamese_cnn,ae37b2015991c0c7fffc3f8bb56ddc83645c228201a3dc32a09429a8fb0d1eac
8,famous_le_10m,14,1.0,1.0,5,osl_siamese_cnn,ae37b2015991c0c7fffc3f8bb56ddc83645c228201a3dc32a09429a8fb0d1eac
8,famous_le_10m,15,1.0,1.0,5,osl_siamese_cnn,ae37b2015991c0c7fffc3f8bb56ddc83645c228201a3dc32a09429a8fb0d1eac
8,famous_le_10m,16,1.0,1.0,5,osl_siamese_cnn,ae37b2015991c0c7fffc3f8bb56ddc83645c228201a3dc32a09429a8fb0d1eac
8,famous_le_10m,17,1.0,1.0,5,osl_siamese_cnn,ae37b2015991c0c7fffc3f8bb56ddc83645c228201a3dc32a09429a8fb0d1eac
8,famous_le_10m,18,1.0,1.0,5,osl_siamese_cnn,ae37b2015991c0c7fffc3f8bb56ddc83645c228201a3dc32a09429a8fb0d1eac
8,famous_le_10m,19,1.0,1.0,5,osl_siamese_cnn,ae37b2015991c0c7fffc3f8bb56ddc83645c228201a3dc32a09429a8fb0d1eac
8,famous_le_10m,20,1.0,1.0,5,osl_siamese_cnn,ae37b2015991c0c7fffc3f8bb56ddc83645c228201a3dc32a09429a8fb0d1eac
8,famous_le_10m,21,1.0,1.0,5,osl_siamese_cnn,ae37b2015991c0c7fffc3f8bb56ddc83645c228201a3dc32a09429a8fb0d1eac
8,famous_le_10m,22,1.0,1.0,5,osl_siamese_cnn,ae37b2015991c0c7fffc3f8bb56ddc83645c228201a3dc32a09429a8fb0d1eac
8,famous_le_10m,23,1.0,1.0,5,osl_siamese_cnn,ae37b2015991c0c7fffc3f8bb56ddc83645c228201a3dc32a09429a8fb0d1eac
8,famous_le_100m,0,0.9285714285714286,0.9285714285714286,5,osl_siamese_cnn,ae37b2015991c0c7fffc3f8bb56ddc83645c228201a3dc32a09429a8fb0d1eac
8,famous_le_100m,1,0.07142857142857142,0.07142857142857142,5,osl_siamese_cnn,ae37b2015991c0c7fffc3f8bb56ddc83645c228201a3dc32a09429a8fb0d1eac
8,famous_le_100m,2,0.07142857142857142,0.07142857142857142,5,osl_siamese_cnn,ae37b2015991c0c7fffc3f8bb56ddc83645c228201a3dc32a09429a8fb0d1eac
8,famous_le_100m,3,0.07142857142857142,0.07142857142857142,5,osl_siamese_cnn,ae37b2015991c0c7fffc3f8bb56ddc83645c228201a3dc32a09429a8fb0d1eac
8,famous_le_100m,4,0.07142857142857142,0.07142857142857142,5,osl_siamese_cnn,ae37b2015991c0c7fffc3f8bb56ddc83645c228201a3dc32a09429a8fb0d1eac
8,famous_le_100m,5,0.14285714285714285,0.07142857142857142,5,osl_siamese_cnn,ae37b2015991c0c7fffc3f8bb56ddc83645c228201a3dc32a09429a8fb0d1eac
8,famous_le_100m,6,0.42857142857142855,0.42857142857142855,5,osl_siamese_cnn,ae37b2015991c0c7fffc3f8bb56ddc83645c228201a3dc32a09429a8fb0d1eac
8,famous_le_100m,7,0.42857142857142855,0.42857142857142855,5,osl_siamese_cnn,ae37b2015991c0c7fffc3f8bb56ddc83645c228201a3dc32a09429a8fb0d1eac
8,famous_le_100m,8,0.6428571428571429,0.5714285714285714,5,osl_siamese_cnn,ae37b2015991c0c7fffc3f8bb56ddc83645c228201a3dc32a09429a8fb0d1eac
8,famous_le_100m,9,0.7857142857142857,0.7857142857142857,5,osl_siamese_cnn,ae37b2015991c0c7fffc3f8bb56ddc83645c228201a3dc32a09429a8fb0d1eac
8,famous_le_100m,10,0.8571428571428571,0.8571428571428571,5,osl_siamese_cnn,ae37b2015991c0c7fffc3f8bb56ddc83645c228201a3dc32a09429a8fb0d1eac
8,famous_le_100m,11,0.8571428571428571,0.8571428571428571,5,osl_siamese_cnn,ae37b2015991c0c7fffc3f8bb56ddc83645c228201a3dc32a09429a8fb0d1eac
8,famous_le_100m,12,0.8571428571428571,0.8571428571428571,5,osl_siamese_cnn,ae37b2015991c0c7fffc3f8bb56ddc83645c228201a3dc32a09429a8fb0d1eac
8,famous_le_100m,13,0.8571428571428571,0.8571428571428571,5,osl_siamese_cnn,ae37b2015991c0c7fffc3f8bb56ddc83645c228201a3dc32a09429a8fb0d1eac
8,famous_le_100m,14,0.9285714285714286,0.9285714285714286,5,osl_siamese_cnn,ae37b2015991c0c7fffc3f8bb56ddc83645c228201a3dc32a09429a8fb0d1eac
8,famous_le_100m,15,0.9285714285714286,0.9285714285714286,5,osl_siamese_cnn,ae37b2015991c0c7fffc3f8bb56ddc83645c228201a3dc32a09429a8fb0d1eac
8,famous_le_100m,16,0.9285714285714286,0.9285714285714286,5,osl_siamese_cnn,ae37b2015991c0c7fffc3f8bb56ddc83645c228201a3dc32a09429a8fb0d1eac
8,famous_le_100m,17,0.9285714285714286,0.9285714285714286,5,osl_siamese_cnn,ae37b2015991c0c7fffc3f8bb56ddc83645c228201a3dc32a09429a8fb0d1eac
8,famous_le_100m,18,1.0,1.0,5,osl_siamese_cnn,ae37b2015991c0c7fffc3f8bb56ddc83645c228201a3dc32a09429a8fb0d1eac
8,famous_le_100m,19,1.0,1.0,5,osl_siamese_cnn,ae37b2015991c0c7fffc3f8bb56ddc83645c228201a3dc32a09429a8fb0d1eac
8,famous_le_100m,20,1.0,1.0,5,osl_siamese_cnn,ae37b2015991c0c7fffc3f8bb56ddc83645c228201a3dc32a09429a8fb0d1eac
8,famous_le_100m,21,1.0,1.0,5,osl_siamese_cnn,ae37b2015991c0c7fffc3f8bb56ddc83645c228201a3dc32a09429a8fb0d1eac
8,famous_le_100m,22,1.0,1.0,5,osl_siamese_cnn,ae37b2015991c0c7fffc3f8bb56ddc83645c228201a3dc32a09429a8fb0d1eac
8,famous_le_100m,23,1.0,1.0,5,osl_siamese_cnn,ae37b2015991c0c7fffc3f8bb56ddc83645c228201a3dc32a09429a8fb0d1eac
9,torch_pretrained_classification,0,0.925,0.925,5,osl_siamese_cnn,b86c7fa3749678869e72b97fa25a4ad90ac2252bc2c7e8b25f17d6ed6db0c72a
9,famous_le_10m,0,1.0,1.0,5,osl_siamese_cnn,b86c7fa3749678869e72b97fa25a4ad90ac2252bc2c7e8b25f17d6ed6db0c72a
9,famous_le_10m,1,0.0,0.0,5,osl_siamese_cnn,b86c7fa3749678869e72b97fa25a4ad90ac2252bc2c7e8b25f17d6ed6db0c72a
9,famous_le_10m,2,0.0,0.0,5,osl_siamese_cnn,b86c7fa3749678869e72b97fa25a4ad90ac2252bc2c7e8b25f17d6ed6db0c72a
9,famous_le_10m,3,0.0,0.0,5,osl_siamese_cnn,b86c7fa3749678869e72b97fa25a4ad90ac2252bc2c7e8b25f17d6ed6db0c72a
9,famous_le_10m,4,0.0,0.0,5,osl_siamese_cnn,b86c7fa3749678869e72b97fa25a4ad90ac2252bc2c7e8b25f17d6ed6db0c72a
9,famous_le_10m,5,1.0,1.0,5,osl_siamese_cnn,b86c7fa3749678869e72b97fa25a4ad90ac2252bc2c7e8b25f17d6ed6db0c72a
9,famous_le_10m,6,1.0,1.0,5,osl_siamese_cnn,b86c7fa3749678869e72b97fa25a4ad90ac2252bc2c7e8b25f17d6ed6db0c72a
9,famous_le_10m,7,1.0,1.0,5,osl_siamese_cnn,b86c7fa3749678869e72b97fa25a4ad90ac2252bc2c7e8b25f17d6ed6db0c72a
9,famous_le_10m,8,1.0,1.0,5,osl_siamese_cnn,b86c7fa3749678869e72b97fa25a4ad90ac2252bc2c7e8b25f17d6ed6db0c72a
9,famous_le_10m,9,1.0,1.0,5,osl_siamese_cnn,b86c7fa3749678869e72b97fa25a4ad90ac2252bc2c7e8b25f17d6ed6db0c72a
9,famous_le_10m,10,1.0,1.0,5,osl_siamese_cnn,b86c7fa3749678869e72b97fa25a4ad90ac2252bc2c7e8b25f17d6ed6db0c72a
9,famous_le_10m,11,1.0,1.0,5,osl_siamese_cnn,b86c7fa3749678869e72b97fa25a4ad90ac2252bc2c7e8b25f17d6ed6db0c72a
9,famous_le_10m,12,1.0,1.0,5,osl_siamese_cnn,b86c7fa3749678869e72b97fa25a4ad90ac2252bc2c7e8b25f17d6ed6db0c72a
9,famous_le_10m,13,1.0,1.0,5,osl_siamese_cnn,b86c7fa3749678869e72b97fa25a4ad90ac2252bc2c7e8b25f17d6ed6db0c72a
9,famous_le_10m,14,1.0,1.0,5,osl_siamese_cnn,b86c7fa3749678869e72b97fa25a4ad90ac2252bc2c7e8b25f17d6ed6db0c72a
9,famous_le_10m,15,1.0,1.0,5,osl_siamese_cnn,b86c7fa3749678869e72b97fa25a4ad90ac2252bc2c7e8b25f17d6ed6db0c72a
9,famous_le_10m,16,1.0,1.0,5,osl_siamese_cnn,b86c7fa3749678869e72b97fa25a4ad90ac2252bc2c7e8b25f17d6ed6db0c72a
9,famous_le_10m,17,1.0,1.0,5,osl_siamese_cnn,b86c7fa3749678869e72b97fa25a4ad90ac2252bc2c7e8b25f17d6ed6db0c72a
9,famous_le_10m,18,1.0,1.0,5,osl_siamese_cnn,b86c7fa3749678869e72b97fa25a4ad90ac2252bc2c7e8b25f17d6ed6db0c72a
9,famous_le_10m,19,1.0,1.0,5,osl_siamese_cnn,b86c7fa3749678869e72b97fa25a4ad90ac2252bc2c7e8b25f17d6ed6db0c72a
9,famous_le_10m,20,1.0,1.0,5,osl_siamese_cnn,b86c7fa3749678869e72b97fa25a4ad90ac2252bc2c7e8b25f17d6ed6db0c72a
9,famous_le_10m,21,1.0,1.0,5,osl_siamese_cnn,b86c7fa3749678869e72b97fa25a4ad90ac2252bc2c7e8b25f17d6ed6db0c72a
9,famous_le_10m,22,1.0,1.0,5,osl_siamese_cnn,b86c7fa3749678869e72b97fa25a4ad90ac2252bc2c7e8b25f17d6ed6db0c72a
9,famous_le_10m,23,1.0,1.0,5,osl_siamese_cnn,b86c7fa3749678869e72b97fa25a4ad90ac2252bc2c7e8b25f17d6ed6db0c72a
9,famous_le_100m,0,0.9285714285714286,0.9285714285714286,5,osl_siamese_cnn,b86c7fa3749678869e72b97fa25a4ad90ac2252bc2c7e8b25f17d6ed6db0c72a
9,famous_le_100m,1,0.07142857142857142,0.07142857142857142,5,osl_siamese_cnn,b86c7fa3749678869e72b97fa25a4ad90ac2252bc2c7e8b25f17d6ed6db0c72a
9,famous_le_100m,2,0.07142857142857142,0.07142857142857142,5,osl_siamese_cnn,b86c7fa3749678869e72b97fa25a4ad90ac2252bc2c7e8b25f17d6ed6db0c72a
9,famous_le_100m,3,0.07142857142857142,0.07142857142857142,5,osl_siamese_cnn,b86c7fa3749678869e72b97fa25a4ad90ac2252bc2c7e8b25f17d6ed6db0c72a
9,famous_le_100m,4,0.07142857142857142,0.07142857142857142,5,osl_siamese_cnn,b86c7fa3749678869e72b97fa25a4ad90ac2252bc2c7e8b25f17d6ed6db0c72a
9,famous_le_100m,5,0.14285714285714285,0.14285714285714285,5,osl_siamese_cnn,b86c7fa3749678869e72b97fa25a4ad90ac2252bc2c7e8b25f17d6ed6db0c72a
9,famous_le_100m,6,0.42857142857142855,0.42857142857142855,5,osl_siamese_cnn,b86c7fa3749678869e72b97fa25a4ad90ac2252bc2c7e8b25f17d6ed6db0c72a
9,famous_le_100m,7,0.42857142857142855,0.42857142857142855,5,osl_siamese_cnn,b86c7fa3749678869e72b97fa25a4ad90ac2252bc2c7e8b25f17d6ed6db0c72a
9,famous_le_100m,8,0.6428571428571429,0.6428571428571429,5,osl_siamese_cnn,b86c7fa3749678869e72b97fa25a4ad90ac2252bc2c7e8b25f17d6ed6db0c72a
9,famous_le_100m,9,0.8571428571428571,0.8571428571428571,5,osl_siamese_cnn,b86c7fa3749678869e72b97fa25a4ad90ac2252bc2c7e8b25f17d6ed6db0c72a
9,famous_le_100m,10,0.8571428571428571,0.8571428571428571,5,osl_siamese_cnn,b86c7fa3749678869e72b97fa25a4ad90ac2252bc2c7e8b25f17d6ed6db0c72a
9,famous_le_100m,11,0.8571428571428571,0.8571428571428571,5,osl_siamese_cnn,b86c7fa3749678869e72b97fa25a4ad90ac2252bc2c7e8b25f17d6ed6db0c72a
9,famous_le_100m,12,0.8571428571428571,0.8571428571428571,5,osl_siamese_cnn,b86c7fa3749678869e72b97fa25a4ad90ac2252bc2c7e8b25f17d6ed6db0c72a
9,famous_le_100m,13,0.9285714285714286,0.9285714285714286,5,osl_siamese_cnn,b86c7fa3749678869e72b97fa25a4ad90ac2252bc2c7e8b25f17d6ed6db0c72a
9,famous_le_100m,14,0.9285714285714286,0.9285714285714286,5,osl_siamese_cnn,b86c7fa3749678869e72b97fa25a4ad90ac2252bc2c7e8b25f17d6ed6db0c72a
9,famous_le_100m,15,0.9285714285714286,0.9285714285714286,5,osl_siamese_cnn,b86c7fa3749678869e72b97fa25a4ad90ac2252bc2c7e8b25f17d6ed6db0c72a
9,famous_le_100m,16,0.9285714285714286,0.9285714285714286,5,osl_siamese_cnn,b86c7fa3749678869e72b97fa25a4ad90ac2252bc2c7e8b25f17d6ed6db0c72a
9,famous_le_100m,17,0.9285714285714286,0.9285714285714286,5,osl_siamese_cnn,b86c7fa3749678869e72b97fa25a4ad90ac2252bc2c7e8b25f17d6ed6db0c72a
9,famous_le_100m,18,1.0,1.0,5,osl_siamese_cnn,b86c7fa3749678869e72b97fa25a4ad90ac2252bc2c7e8b25f17d6ed6db0c72a
9,famous_le_100m,19,1.0,1.0,5,osl_siamese_cnn,b86c7fa3749678869e72b97fa25a4ad90ac2252bc2c7e8b25f17d6ed6db0c72a
9,famous_le_100m,20,1.0,1.0,5,osl_siamese_cnn,b86c7fa3749678869e72b97fa25a4ad90ac2252bc2c7e8b25f17d6ed6db0c72a
9,famous_le_100m,21,1.0,1.0,5,osl_siamese_cnn,b86c7fa3749678869e72b97fa25a4ad90ac2252bc2c7e8b25f17d6ed6db0c72a
9,famous_le_100m,22,1.0,1.0,5,osl_siamese_cnn,b86c7fa3749678869e72b97fa25a4ad90ac2252bc2c7e8b25f17d6ed6db0c72a
9,famous_le_100m,23,1.0,1.0,5,osl_siamese_cnn,b86c7fa3749678869e72b97fa25a4ad90ac2252bc2c7e8b25f17d6ed6db0c72a
5,torch_pretrained_classification,0,0.95,0.95,6,osl_siamese_cnn,261dc26ca17f35e34ee3f43111fc5541dbe2c310f7f6380d69c6ecccd537da43
5,famous_le_10m,0,1.0,1.0,6,osl_siamese_cnn,261dc26ca17f35e34ee3f43111fc5541dbe2c310f7f6380d69c6ecccd537da43
5,famous_le_10m,1,0.0,0.0,6,osl_siamese_cnn,261dc26ca17f35e34ee3f43111fc5541dbe2c310f7f6380d69c6ecccd537da43
5,famous_le_10m,2,0.0,0.0,6,osl_siamese_cnn,261dc26ca17f35e34ee3f43111fc5541dbe2c310f7f6380d69c6ecccd537da43
5,famous_le_10m,3,0.0,0.0,6,osl_siamese_cnn,261dc26ca17f35e34ee3f43111fc5541dbe2c310f7f6380d69c6ecccd537da43
5,famous_le_10m,4,0.0,0.0,6,osl_siamese_cnn,261dc26ca17f35e34ee3f43111fc5541dbe2c310f7f6380d69c6ecccd537da43
5,famous_le_10m,5,0.2,0.0,6,osl_siamese_cnn,261dc26ca17f35e34ee3f43111fc5541dbe2c310f7f6380d69c6ecccd537da43
5,famous_le_10m,6,1.0,1.0,6,osl_siamese_cnn,261dc26ca17f35e34ee3f43111fc5541dbe2c310f7f6380d69c6ecccd537da43
5,famous_le_10m,7,1.0,1.0,6,osl_siamese_cnn,261dc26ca17f35e34ee3f43111fc5541dbe2c310f7f6380d69c6ecccd537da43
5,famous_le_10m,8,1.0,1.0,6,osl_siamese_cnn,261dc26ca17f35e34ee3f43111fc5541dbe2c310f7f6380d69c6ecccd537da43
5,famous_le_10m,9,1.0,1.0,6,osl_siamese_cnn,261dc26ca17f35e34ee3f43111fc5541dbe2c310f7f6380d69c6ecccd537da43
5,famous_le_10m,10,1.0,1.0,6,osl_siamese_cnn,261dc26ca17f35e34ee3f43111fc5541dbe2c310f7f6380d69c6ecccd537da43
5,famous_le_10m,11,1.0,1.0,6,osl_siamese_cnn,261dc26ca17f35e34ee3f43111fc5541dbe2c310f7f6380d69c6ecccd537da43
5,famous_le_10m,12,1.0,1.0,6,osl_siamese_cnn,261dc26ca17f35e34ee3f43111fc5541dbe2c310f7f6380d69c6ecccd537da43
5,famous_le_10m,13,1.0,1.0,6,osl_siamese_cnn,261dc26ca17f35e34ee3f43111fc5541dbe2c310f7f6380d69c6ecccd537da43
5,famous_le_10m,14,1.0,1.0,6,osl_siamese_cnn,261dc26ca17f35e34ee3f43111fc5541dbe2c310f7f6380d69c6ecccd537da43
5,famous_le_10m,15,1.0,1.0,6,osl_siamese_cnn,261dc26ca17f35e34ee3f43111fc5541dbe2c310f7f6380d69c6ecccd537da43
5,famous_le_10m,16,1.0,1.0,6,osl_siamese_cnn,261dc26ca17f35e34ee3f43111fc5541dbe2c310f7f6380d69c6ecccd537da43
5,famous_le_10m,17,1.0,1.0,6,osl_siamese_cnn,261dc26ca17f35e34ee3f43111fc5541dbe2c310f7f6380d69c6ecccd537da43
5,famous_le_10m,18,1.0,1.0,6,osl_siamese_cnn,261dc26ca17f35e34ee3f43111fc5541dbe2c310f7f6380d69c6ecccd537da43
5,famous_le_10m,19,1.0,1.0,6,osl_siamese_cnn,261dc26ca17f35e34ee3f43111fc5541dbe2c310f7f6380d69c6ecccd537da43
5,famous_le_10m,20,1.0,1.0,6,osl_siamese_cnn,261dc26ca17f35e34ee3f43111fc5541dbe2c310f7f6380d69c6ecccd537da43
5,famous_le_10m,21,1.0,1.0,6,osl_siamese_cnn,261dc26ca17f35e34ee3f43111fc5541dbe2c310f7f6380d69c6ecccd537da43
5,famous_le_10m,22,1.0,1.0,6,osl_siamese_cnn,261dc26ca17f35e34ee3f43111fc5541dbe2c310f7f6380d69c6ecccd537da43
5,famous_le_10m,23,1.0,1.0,6,osl_siamese_cnn,261dc26ca17f35e34ee3f43111fc5541dbe2c310f7f6380d69c6ecccd537da43
5,famous_le_100m,0,0.9285714285714286,0.9285714285714286,6,osl_siamese_cnn,261dc26ca17f35e34ee3f43111fc5541dbe2c310f7f6380d69c6ecccd537da43
5,famous_le_100m,1,0.07142857142857142,0.07142857142857142,6,osl_siamese_cnn,261dc26ca17f35e34ee3f43111fc5541dbe2c310f7f6380d69c6ecccd537da43
5,famous_le_100m,2,0.07142857142857142,0.07142857142857142,6,osl_siamese_cnn,261dc26ca17f35e34ee3f43111fc5541dbe2c310f7f6380d69c6ecccd537da43
5,famous_le_100m,3,0.07142857142857142,0.07142857142857142,6,osl_siamese_cnn,261dc26ca17f35e34ee3f43111fc5541dbe2c310f7f6380d69c6ecccd537da43
5,famous_le_100m,4,0.07142857142857142,0.07142857142857142,6,osl_siamese_cnn,261dc26ca17f35e34ee3f43111fc5541dbe2c310f7f6380d69c6ecccd537da43
5,famous_le_100m,5,0.07142857142857142,0.07142857142857142,6,osl_siamese_cnn,261dc26ca17f35e34ee3f43111fc5541dbe2c310f7f6380d69c6ecccd537da43
5,famous_le_100m,6,0.14285714285714285,0.14285714285714285,6,osl_siamese_cnn,261dc26ca17f35e34ee3f43111fc5541dbe2c310f7f6380d69c6ecccd537da43
5,famous_le_100m,7,0.42857142857142855,0.42857142857142855,6,osl_siamese_cnn,261dc26ca17f35e34ee3f43111fc5541dbe2c310f7f6380d69c6ecccd537da43
5,famous_le_100m,8,0.42857142857142855,0.42857142857142855,6,osl_siamese_cnn,261dc26ca17f35e34ee3f43111fc5541dbe2c310f7f6380d69c6ecccd537da43
5,famous_le_100m,9,0.5,0.42857142857142855,6,osl_siamese_cnn,261dc26ca17f35e34ee3f43111fc5541dbe2c310f7f6380d69c6ecccd537da43
5,famous_le_100m,10,0.6428571428571429,0.6428571428571429,6,osl_siamese_cnn,261dc26ca17f35e34ee3f43111fc5541dbe2c310f7f6380d69c6ecccd537da43
5,famous_le_100m,11,0.8571428571428571,0.7857142857142857,6,osl_siamese_cnn,261dc26ca17f35e34ee3f43111fc5541dbe2c310f7f6380d69c6ecccd537da43
5,famous_le_100m,12,0.8571428571428571,0.8571428571428571,6,osl_siamese_cnn,261dc26ca17f35e34ee3f43111fc5541dbe2c310f7f6380d69c6ecccd537da43
5,famous_le_100m,13,0.8571428571428571,0.8571428571428571,6,osl_siamese_cnn,261dc26ca17f35e34ee3f43111fc5541dbe2c310f7f6380d69c6ecccd537da43
5,famous_le_100m,14,0.8571428571428571,0.8571428571428571,6,osl_siamese_cnn,261dc26ca17f35e34ee3f43111fc5541dbe2c310f7f6380d69c6ecccd537da43
5,famous_le_100m,15,0.9285714285714286,0.8571428571428571,6,osl_siamese_cnn,261dc26ca17f35e34ee3f43111fc5541dbe2c310f7f6380d69c6ecccd537da43
5,famous_le_100m,16,0.9285714285714286,0.9285714285714286,6,osl_siamese_cnn,261dc26ca17f35e34ee3f43111fc5541dbe2c310f7f6380d69c6ecccd537da43
5,famous_le_100m,17,0.9285714285714286,0.9285714285714286,6,osl_siamese_cnn,261dc26ca17f35e34ee3f43111fc5541dbe2c310f7f6380d69c6ecccd537da43
5,famous_le_100m,18,0.9285714285714286,0.9285714285714286,6,osl_siamese_cnn,261dc26ca17f35e34ee3f43111fc5541dbe2c310f7f6380d69c6ecccd537da43
5,famous_le_100m,19,0.9285714285714286,0.9285714285714286,6,osl_siamese_cnn,261dc26ca17f35e34ee3f43111fc5541dbe2c310f7f6380d69c6ecccd537da43
5,famous_le_100m,20,1.0,1.0,6,osl_siamese_cnn,261dc26ca17f35e34ee3f43111fc5541dbe2c310f7f6380d69c6ecccd537da43
5,famous_le_100m,21,1.0,1.0,6,osl_siamese_cnn,261dc26ca17f35e34ee3f43111fc5541dbe2c310f7f6380d69c6ecccd537da43
5,famous_le_100m,22,1.0,1.0,6,osl_siamese_cnn,261dc26ca17f35e34ee3f43111fc5541dbe2c310f7f6380d69c6ecccd537da43
5,famous_le_100m,23,1.0,1.0,6,osl_siamese_cnn,261dc26ca17f35e34ee3f43111fc5541dbe2c310f7f6380d69c6ecccd537da43
6,torch_pretrained_classification,0,0.95,0.95,6,osl_siamese_cnn,718ea9aa13840880417d4da8eb1662a5d2155a11301c20b443b5037b9ec9fa6f
6,famous_le_10m,0,1.0,1.0,6,osl_siamese_cnn,718ea9aa13840880417d4da8eb1662a5d2155a11301c20b443b5037b9ec9fa6f
6,famous_le_10m,1,0.0,0.0,6,osl_siamese_cnn,718ea9aa13840880417d4da8eb1662a5d2155a11301c20b443b5037b9ec9fa6f
6,famous_le_10m,2,0.0,0.0,6,osl_siamese_cnn,718ea9aa13840880417d4da8eb1662a5d2155a11301c20b443b5037b9ec9fa6f
6,famous_le_10m,3,0.0,0.0,6,osl_siamese_cnn,718ea9aa13840880417d4da8eb1662a5d2155a11301c20b443b5037b9ec9fa6f
6,famous_le_10m,4,0.0,0.0,6,osl_siamese_cnn,718ea9aa13840880417d4da8eb1662a5d2155a11301c20b443b5037b9ec9fa6f
6,famous_le_10m,5,0.2,0.0,6,osl_siamese_cnn,718ea9aa13840880417d4da8eb1662a5d2155a11301c20b443b5037b9ec9fa6f
6,famous_le_10m,6,1.0,0.6,6,osl_siamese_cnn,718ea9aa13840880417d4da8eb1662a5d2155a11301c20b443b5037b9ec9fa6f
6,famous_le_10m,7,1.0,1.0,6,osl_siamese_cnn,718ea9aa13840880417d4da8eb1662a5d2155a11301c20b443b5037b9ec9fa6f
6,famous_le_10m,8,1.0,1.0,6,osl_siamese_cnn,718ea9aa13840880417d4da8eb1662a5d2155a11301c20b443b5037b9ec9fa6f
6,famous_le_10m,9,1.0,1.0,6,osl_siamese_cnn,718ea9aa13840880417d4da8eb1662a5d2155a11301c20b443b5037b9ec9fa6f
6,famous_le_10m,10,1.0,1.0,6,osl_siamese_cnn,718ea9aa13840880417d4da8eb1662a5d2155a11301c20b443b5037b9ec9fa6f
6,famous_le_10m,11,1.0,1.0,6,osl_siamese_cnn,718ea9aa13840880417d4da8eb1662a5d2155a11301c20b443b5037b9ec9fa6f
6,famous_le_10m,12,1.0,1.0,6,osl_siamese_cnn,718ea9aa13840880417d4da8eb1662a5d2155a11301c20b443b5037b9ec9fa6f
6,famous_le_10m,13,1.0,1.0,6,osl_siamese_cnn,718ea9aa13840880417d4da8eb1662a5d2155a11301c20b443b5037b9ec9fa6f
6,famous_le_10m,14,1.0,1.0,6,osl_siamese_cnn,718ea9aa13840880417d4da8eb1662a5d2155a11301c20b443b5037b9ec9fa6f
6,famous_le_10m,15,1.0,1.0,6,osl_siamese_cnn,718ea9aa13840880417d4da8eb1662a5d2155a11301c20b443b5037b9ec9fa6f
6,famous_le_10m,16,1.0,1.0,6,osl_siamese_cnn,718ea9aa13840880417d4da8eb1662a5d2155a11301c20b443b5037b9ec9fa6f
6,famous_le_10m,17,1.0,1.0,6,osl_siamese_cnn,718ea9aa13840880417d4da8eb1662a5d2155a11301c20b443b5037b9ec9fa6f
6,famous_le_10m,18,1.0,1.0,6,osl_siamese_cnn,718ea9aa13840880417d4da8eb1662a5d2155a11301c20b443b5037b9ec9fa6f
6,famous_le_10m,19,1.0,1.0,6,osl_siamese_cnn,718ea9aa13840880417d4da8eb1662a5d2155a11301c20b443b5037b9ec9fa6f
6,famous_le_10m,20,1.0,1.0,6,osl_siamese_cnn,718ea9aa13840880417d4da8eb1662a5d2155a11301c20b443b5037b9ec9fa6f
6,famous_le_10m,21,1.0,1.0,6,osl_siamese_cnn,718ea9aa13840880417d4da8eb1662a5d2155a11301c20b443b5037b9ec9fa6f
6,famous_le_10m,22,1.0,1.0,6,osl_siamese_cnn,718ea9aa13840880417d4da8eb1662a5d2155a11301c20b443b5037b9ec9fa6f
6,famous_le_10m,23,1.0,1.0,6,osl_siamese_cnn,718ea9aa13840880417d4da8eb1662a5d2155a11301c20b443b5037b9ec9fa6f
6,famous_le_100m,0,0.9285714285714286,0.9285714285714286,6,osl_siamese_cnn,718ea9aa13840880417d4da8eb1662a5d2155a11301c20b443b5037b9ec9fa6f
6,famous_le_100m,1,0.07142857142857142,0.07142857142857142,6,osl_siamese_cnn,718ea9aa13840880417d4da8eb1662a5d2155a11301c20b443b5037b9ec9fa6f
6,famous_le_100m,2,0.07142857142857142,0.07142857142857142,6,osl_siamese_cnn,718ea9aa13840880417d4da8eb1662a5d2155a11301c20b443b5037b9ec9fa6f
6,famous_le_100m,3,0.07142857142857142,0.07142857142857142,6,osl_siamese_cnn,718ea9aa13840880417d4da8eb1662a5d2155a11301c20b443b5037b9ec9fa6f
6,famous_le_100m,4,0.07142857142857142,0.07142857142857142,6,osl_siamese_cnn,718ea9aa13840880417d4da8eb1662a5d2155a11301c20b443b5037b9ec9fa6f
6,famous_le_100m,5,0.07142857142857142,0.07142857142857142,6,osl_siamese_cnn,718ea9aa13840880417d4da8eb1662a5d2155a11301c20b443b5037b9ec9fa6f
6,famous_le_100m,6,0.21428571428571427,0.14285714285714285,6,osl_siamese_cnn,718ea9aa13840880417d4da8eb1662a5d2155a11301c20b443b5037b9ec9fa6f
6,famous_le_100m,7,0.42857142857142855,0.42857142857142855,6,osl_siamese_cnn,718ea9aa13840880417d4da8eb1662a5d2155a11301c20b443b5037b9ec9fa6f
6,famous_le_100m,8,0.42857142857142855,0.42857142857142855,6,osl_siamese_cnn,718ea9aa13840880417d4da8eb1662a5d2155a11301c20b443b5037b9ec9fa6f
6,famous_le_100m,9,0.6428571428571429,0.6428571428571429,6,osl_siamese_cnn,718ea9aa13840880417d4da8eb1662a5d2155a11301c20b443b5037b9ec9fa6f
6,famous_le_100m,10,0.7857142857142857,0.7857142857142857,6,osl_siamese_cnn,718ea9aa13840880417d4da8eb1662a5d2155a11301c20b443b5037b9ec9fa6f
6,famous_le_100m,11,0.8571428571428571,0.8571428571428571,6,osl_siamese_cnn,718ea9aa13840880417d4da8eb1662a5d2155a11301c20b443b5037b9ec9fa6f
6,famous_le_100m,12,0.8571428571428571,0.8571428571428571,6,osl_siamese_cnn,718ea9aa13840880417d4da8eb1662a5d2155a11301c20b443b5037b9ec9fa6f
6,famous_le_100m,13,0.8571428571428571,0.8571428571428571,6,osl_siamese_cnn,718ea9aa13840880417d4da8eb1662a5d2155a11301c20b443b5037b9ec9fa6f
6,famous_le_100m,14,0.8571428571428571,0.8571428571428571,6,osl_siamese_cnn,718ea9aa13840880417d4da8eb1662a5d2155a11301c20b443b5037b9ec9fa6f
6,famous_le_100m,15,0.9285714285714286,0.9285714285714286,6,osl_siamese_cnn,718ea9aa13840880417d4da8eb1662a5d2155a11301c20b443b5037b9ec9fa6f
6,famous_le_100m,16,0.9285714285714286,0.9285714285714286,6,osl_siamese_cnn,718ea9aa13840880417d4da8eb1662a5d2155a11301c20b443b5037b9ec9fa6f
6,famous_le_100m,17,0.9285714285714286,0.9285714285714286,6,osl_siamese_cnn,718ea9aa13840880417d4da8eb1662a5d2155a11301c20b443b5037b9ec9fa6f
6,famous_le_100m,18,0.9285714285714286,0.9285714285714286,6,osl_siamese_cnn,718ea9aa13840880417d4da8eb1662a5d2155a11301c20b443b5037b9ec9fa6f
6,famous_le_100m,19,1.0,1.0,6,osl_siamese_cnn,718ea9aa13840880417d4da8eb1662a5d2155a11301c20b443b5037b9ec9fa6f
6,famous_le_100m,20,1.0,1.0,6,osl_siamese_cnn,718ea9aa13840880417d4da8eb1662a5d2155a11301c20b443b5037b9ec9fa6f
6,famous_le_100m,21,1.0,1.0,6,osl_siamese_cnn,718ea9aa13840880417d4da8eb1662a5d2155a11301c20b443b5037b9ec9fa6f
6,famous_le_100m,22,1.0,1.0,6,osl_siamese_cnn,718ea9aa13840880417d4da8eb1662a5d2155a11301c20b443b5037b9ec9fa6f
6,famous_le_100m,23,1.0,1.0,6,osl_siamese_cnn,718ea9aa13840880417d4da8eb1662a5d2155a11301c20b443b5037b9ec9fa6f
7,torch_pretrained_classification,0,0.975,0.9625,6,osl_siamese_cnn,3850d1c7f6d9c6c80d06f420f9caca4a53cb81f9727ef026706f4a99a2d996f5
7,famous_le_10m,0,1.0,1.0,6,osl_siamese_cnn,3850d1c7f6d9c6c80d06f420f9caca4a53cb81f9727ef026706f4a99a2d996f5
7,famous_le_10m,1,0.0,0.0,6,osl_siamese_cnn,3850d1c7f6d9c6c80d06f420f9caca4a53cb81f9727ef026706f4a99a2d996f5
7,famous_le_10m,2,0.0,0.0,6,osl_siamese_cnn,3850d1c7f6d9c6c80d06f420f9caca4a53cb81f9727ef026706f4a99a2d996f5
7,famous_le_10m,3,0.0,0.0,6,osl_siamese_cnn,3850d1c7f6d9c6c80d06f420f9caca4a53cb81f9727ef026706f4a99a2d996f5
7,famous_le_10m,4,0.0,0.0,6,osl_siamese_cnn,3850d1c7f6d9c6c80d06f420f9caca4a53cb81f9727ef026706f4a99a2d996f5
7,famous_le_10m,5,0.0,0.0,6,osl_siamese_cnn,3850d1c7f6d9c6c80d06f420f9caca4a53cb81f9727ef026706f4a99a2d996f5
7,famous_le_10m,6,0.8,1.0,6,osl_siamese_cnn,3850d1c7f6d9c6c80d06f420f9caca4a53cb81f9727ef026706f4a99a2d996f5
7,famous_le_10m,7,1.0,1.0,6,osl_siamese_cnn,3850d1c7f6d9c6c80d06f420f9caca4a53cb81f9727ef026706f4a99a2d996f5
7,famous_le_10m,8,1.0,1.0,6,osl_siamese_cnn,3850d1c7f6d9c6c80d06f420f9caca4a53cb81f9727ef026706f4a99a2d996f5
7,famous_le_10m,9,1.0,1.0,6,osl_siamese_cnn,3850d1c7f6d9c6c80d06f420f9caca4a53cb81f9727ef026706f4a99a2d996f5
7,famous_le_10m,10,1.0,1.0,6,osl_siamese_cnn,3850d1c7f6d9c6c80d06f420f9caca4a53cb81f9727ef026706f4a99a2d996f5
7,famous_le_10m,11,1.0,1.0,6,osl_siamese_cnn,3850d1c7f6d9c6c80d06f420f9caca4a53cb81f9727ef026706f4a99a2d996f5
7,famous_le_10m,12,1.0,1.0,6,osl_siamese_cnn,3850d1c7f6d9c6c80d06f420f9caca4a53cb81f9727ef026706f4a99a2d996f5
7,famous_le_10m,13,1.0,1.0,6,osl_siamese_cnn,3850d1c7f6d9c6c80d06f420f9caca4a53cb81f9727ef026706f4a99a2d996f5
7,famous_le_10m,14,1.0,1.0,6,osl_siamese_cnn,3850d1c7f6d9c6c80d06f420f9caca4a53cb81f9727ef026706f4a99a2d996f5
7,famous_le_10m,15,1.0,1.0,6,osl_siamese_cnn,3850d1c7f6d9c6c80d06f420f9caca4a53cb81f9727ef026706f4a99a2d996f5
7,famous_le_10m,16,1.0,1.0,6,osl_siamese_cnn,3850d1c7f6d9c6c80d06f420f9caca4a53cb81f9727ef026706f4a99a2d996f5
7,famous_le_10m,17,0.8,0.8,6,osl_siamese_cnn,3850d1c7f6d9c6c80d06f420f9caca4a53cb81f9727ef026706f4a99a2d996f5
7,famous_le_10m,18,1.0,1.0,6,osl_siamese_cnn,3850d1c7f6d9c6c80d06f420f9caca4a53cb81f9727ef026706f4a99a2d996f5
7,famous_le_10m,19,0.8,1.0,6,osl_siamese_cnn,3850d1c7f6d9c6c80d06f420f9caca4a53cb81f9727ef026706f4a99a2d996f5
7,famous_le_10m,20,1.0,1.0,6,osl_siamese_cnn,3850d1c7f6d9c6c80d06f420f9caca4a53cb81f9727ef026706f4a99a2d996f5
7,famous_le_10m,21,1.0,1.0,6,osl_siamese_cnn,3850d1c7f6d9c6c80d06f420f9caca4a53cb81f9727ef026706f4a99a2d996f5
7,famous_le_10m,22,1.0,1.0,6,osl_siamese_cnn,3850d1c7f6d9c6c80d06f420f9caca4a53cb81f9727ef026706f4a99a2d996f5
7,famous_le_10m,23,1.0,1.0,6,osl_siamese_cnn,3850d1c7f6d9c6c80d06f420f9caca4a53cb81f9727ef026706f4a99a2d996f5
7,famous_le_100m,0,1.0,0.9285714285714286,6,osl_siamese_cnn,3850d1c7f6d9c6c80d06f420f9caca4a53cb81f9727ef026706f4a99a2d996f5
7,famous_le_100m,1,0.0,0.07142857142857142,6,osl_siamese_cnn,3850d1c7f6d9c6c80d06f420f9caca4a53cb81f9727ef026706f4a99a2d996f5
7,famous_le_100m,2,0.0,0.0,6,osl_siamese_cnn,3850d1c7f6d9c6c80d06f420f9caca4a53cb81f9727ef026706f4a99a2d996f5
7,famous_le_100m,3,0.0,0.0,6,osl_siamese_cnn,3850d1c7f6d9c6c80d06f420f9caca4a53cb81f9727ef026706f4a99a2d996f5
7,famous_le_100m,4,0.0,0.0,6,osl_siamese_cnn,3850d1c7f6d9c6c80d06f420f9caca4a53cb81f9727ef026706f4a99a2d996f5
7,famous_le_100m,5,0.0,0.0,6,osl_siamese_cnn,3850d1c7f6d9c6c80d06f420f9caca4a53cb81f9727ef026706f4a99a2d996f5
7,famous_le_100m,6,0.0,0.0,6,osl_siamese_cnn,3850d1c7f6d9c6c80d06f420f9caca4a53cb81f9727ef026706f4a99a2d996f5
7,famous_le_100m,7,0.2857142857142857,0.2857142857142857,6,osl_siamese_cnn,3850d1c7f6d9c6c80d06f420f9caca4a53cb81f9727ef026706f4a99a2d996f5
7,famous_le_100m,8,0.42857142857142855,0.42857142857142855,6,osl_siamese_cnn,3850d1c7f6d9c6c80d06f420f9caca4a53cb81f9727ef026706f4a99a2d996f5
7,famous_le_100m,9,0.42857142857142855,0.42857142857142855,6,osl_siamese_cnn,3850d1c7f6d9c6c80d06f420f9caca4a53cb81f9727ef026706f4a99a2d996f5
7,famous_le_100m,10,0.42857142857142855,0.42857142857142855,6,osl_siamese_cnn,3850d1c7f6d9c6c80d06f420f9caca4a53cb81f9727ef026706f4a99a2d996f5
7,famous_le_100m,11,0.42857142857142855,0.42857142857142855,6,osl_siamese_cnn,3850d1c7f6d9c6c80d06f420f9caca4a53cb81f9727ef026706f4a99a2d996f5
7,famous_le_100m,12,0.42857142857142855,0.42857142857142855,6,osl_siamese_cnn,3850d1c7f6d9c6c80d06f420f9caca4a53cb81f9727ef026706f4a99a2d996f5
7,famous_le_100m,13,0.5714285714285714,0.5714285714285714,6,osl_siamese_cnn,3850d1c7f6d9c6c80d06f420f9caca4a53cb81f9727ef026706f4a99a2d996f5
7,famous_le_100m,14,0.6428571428571429,0.6428571428571429,6,osl_siamese_cnn,3850d1c7f6d9c6c80d06f420f9caca4a53cb81f9727ef026706f4a99a2d996f5
7,famous_le_100m,15,0.6428571428571429,0.6428571428571429,6,osl_siamese_cnn,3850d1c7f6d9c6c80d06f420f9caca4a53cb81f9727ef026706f4a99a2d996f5
7,famous_le_100m,16,0.6428571428571429,0.6428571428571429,6,osl_siamese_cnn,3850d1c7f6d9c6c80d06f420f9caca4a53cb81f9727ef026706f4a99a2d996f5
7,famous_le_100m,17,0.7142857142857143,0.7142857142857143,6,osl_siamese_cnn,3850d1c7f6d9c6c80d06f420f9caca4a53cb81f9727ef026706f4a99a2d996f5
7,famous_le_100m,18,0.7857142857142857,0.7857142857142857,6,osl_siamese_cnn,3850d1c7f6d9c6c80d06f420f9caca4a53cb81f9727ef026706f4a99a2d996f5
7,famous_le_100m,19,0.7142857142857143,0.7142857142857143,6,osl_siamese_cnn,3850d1c7f6d9c6c80d06f420f9caca4a53cb81f9727ef026706f4a99a2d996f5
7,famous_le_100m,20,0.8571428571428571,0.8571428571428571,6,osl_siamese_cnn,3850d1c7f6d9c6c80d06f420f9caca4a53cb81f9727ef026706f4a99a2d996f5
7,famous_le_100m,21,0.8571428571428571,0.8571428571428571,6,osl_siamese_cnn,3850d1c7f6d9c6c80d06f420f9caca4a53cb81f9727ef026706f4a99a2d996f5
7,famous_le_100m,22,1.0,1.0,6,osl_siamese_cnn,3850d1c7f6d9c6c80d06f420f9caca4a53cb81f9727ef026706f4a99a2d996f5
7,famous_le_100m,23,1.0,1.0,6,osl_siamese_cnn,3850d1c7f6d9c6c80d06f420f9caca4a53cb81f9727ef026706f4a99a2d996f5
8,torch_pretrained_classification,0,0.95,0.95,6,osl_siamese_cnn,6bfa756883e102aa51a0c6c8773489186788166ba7b41b199b2d0bb91c003aee
8,famous_le_10m,0,1.0,1.0,6,osl_siamese_cnn,6bfa756883e102aa51a0c6c8773489186788166ba7b41b199b2d0bb91c003aee
8,famous_le_10m,1,0.0,0.0,6,osl_siamese_cnn,6bfa756883e102aa51a0c6c8773489186788166ba7b41b199b2d0bb91c003aee
8,famous_le_10m,2,0.0,0.0,6,osl_siamese_cnn,6bfa756883e102aa51a0c6c8773489186788166ba7b41b199b2d0bb91c003aee
8,famous_le_10m,3,0.0,0.0,6,osl_siamese_cnn,6bfa756883e102aa51a0c6c8773489186788166ba7b41b199b2d0bb91c003aee
8,famous_le_10m,4,0.0,0.0,6,osl_siamese_cnn,6bfa756883e102aa51a0c6c8773489186788166ba7b41b199b2d0bb91c003aee
8,famous_le_10m,5,0.0,0.0,6,osl_siamese_cnn,6bfa756883e102aa51a0c6c8773489186788166ba7b41b199b2d0bb91c003aee
8,famous_le_10m,6,1.0,0.8,6,osl_siamese_cnn,6bfa756883e102aa51a0c6c8773489186788166ba7b41b199b2d0bb91c003aee
8,famous_le_10m,7,1.0,1.0,6,osl_siamese_cnn,6bfa756883e102aa51a0c6c8773489186788166ba7b41b199b2d0bb91c003aee
8,famous_le_10m,8,1.0,1.0,6,osl_siamese_cnn,6bfa756883e102aa51a0c6c8773489186788166ba7b41b199b2d0bb91c003aee
8,famous_le_10m,9,1.0,1.0,6,osl_siamese_cnn,6bfa756883e102aa51a0c6c8773489186788166ba7b41b199b2d0bb91c003aee
8,famous_le_10m,10,1.0,1.0,6,osl_siamese_cnn,6bfa756883e102aa51a0c6c8773489186788166ba7b41b199b2d0bb91c003aee
8,famous_le_10m,11,1.0,1.0,6,osl_siamese_cnn,6bfa756883e102aa51a0c6c8773489186788166ba7b41b199b2d0bb91c003aee
8,famous_le_10m,12,1.0,1.0,6,osl_siamese_cnn,6bfa756883e102aa51a0c6c8773489186788166ba7b41b199b2d0bb91c003aee
8,famous_le_10m,13,1.0,1.0,6,osl_siamese_cnn,6bfa756883e102aa51a0c6c8773489186788166ba7b41b199b2d0bb91c003aee
8,famous_le_10m,14,1.0,1.0,6,osl_siamese_cnn,6bfa756883e102aa51a0c6c8773489186788166ba7b41b199b2d0bb91c003aee
8,famous_le_10m,15,1.0,1.0,6,osl_siamese_cnn,6bfa756883e102aa51a0c6c8773489186788166ba7b41b199b2d0bb91c003aee
8,famous_le_10m,16,1.0,1.0,6,osl_siamese_cnn,6bfa756883e102aa51a0c6c8773489186788166ba7b41b199b2d0bb91c003aee
8,famous_le_10m,17,1.0,1.0,6,osl_siamese_cnn,6bfa756883e102aa51a0c6c8773489186788166ba7b41b199b2d0bb91c003aee
8,famous_le_10m,18,1.0,1.0,6,osl_siamese_cnn,6bfa756883e102aa51a0c6c8773489186788166ba7b41b199b2d0bb91c003aee
8,famous_le_10m,19,1.0,1.0,6,osl_siamese_cnn,6bfa756883e102aa51a0c6c8773489186788166ba7b41b199b2d0bb91c003aee
8,famous_le_10m,20,1.0,1.0,6,osl_siamese_cnn,6bfa756883e102aa51a0c6c8773489186788166ba7b41b199b2d0bb91c003aee
8,famous_le_10m,21,1.0,1.0,6,osl_siamese_cnn,6bfa756883e102aa51a0c6c8773489186788166ba7b41b199b2d0bb91c003aee
8,famous_le_10m,22,1.0,1.0,6,osl_siamese_cnn,6bfa756883e102aa51a0c6c8773489186788166ba7b41b199b2d0bb91c003aee
8,famous_le_10m,23,1.0,1.0,6,osl_siamese_cnn,6bfa756883e102aa51a0c6c8773489186788166ba7b41b199b2d0bb91c003aee
8,famous_le_100m,0,0.9285714285714286,0.9285714285714286,6,osl_siamese_cnn,6bfa756883e102aa51a0c6c8773489186788166ba7b41b199b2d0bb91c003aee
8,famous_le_100m,1,0.07142857142857142,0.07142857142857142,6,osl_siamese_cnn,6bfa756883e102aa51a0c6c8773489186788166ba7b41b199b2d0bb91c003aee
8,famous_le_100m,2,0.07142857142857142,0.07142857142857142,6,osl_siamese_cnn,6bfa756883e102aa51a0c6c8773489186788166ba7b41b199b2d0bb91c003aee
8,famous_le_100m,3,0.07142857142857142,0.07142857142857142,6,osl_siamese_cnn,6bfa756883e102aa51a0c6c8773489186788166ba7b41b199b2d0bb91c003aee
8,famous_le_100m,4,0.07142857142857142,0.07142857142857142,6,osl_siamese_cnn,6bfa756883e102aa51a0c6c8773489186788166ba7b41b199b2d0bb91c003aee
8,famous_le_100m,5,0.07142857142857142,0.07142857142857142,6,osl_siamese_cnn,6bfa756883e102aa51a0c6c8773489186788166ba7b41b199b2d0bb91c003aee
8,famous_le_100m,6,0.21428571428571427,0.21428571428571427,6,osl_siamese_cnn,6bfa756883e102aa51a0c6c8773489186788166ba7b41b199b2d0bb91c003aee
8,famous_le_100m,7,0.42857142857142855,0.42857142857142855,6,osl_siamese_cnn,6bfa756883e102aa51a0c6c8773489186788166ba7b41b199b2d0bb91c003aee
8,famous_le_100m,8,0.5714285714285714,0.42857142857142855,6,osl_siamese_cnn,6bfa756883e102aa51a0c6c8773489186788166ba7b41b199b2d0bb91c003aee
8,famous_le_100m,9,0.7142857142857143,0.6428571428571429,6,osl_siamese_cnn,6bfa756883e102aa51a0c6c8773489186788166ba7b41b199b2d0bb91c003aee
8,famous_le_100m,10,0.8571428571428571,0.7857142857142857,6,osl_siamese_cnn,6bfa756883e102aa51a0c6c8773489186788166ba7b41b199b2d0bb91c003aee
8,famous_le_100m,11,0.8571428571428571,0.8571428571428571,6,osl_siamese_cnn,6bfa756883e102aa51a0c6c8773489186788166ba7b41b199b2d0bb91c003aee
8,famous_le_100m,12,0.8571428571428571,0.8571428571428571,6,osl_siamese_cnn,6bfa756883e102aa51a0c6c8773489186788166ba7b41b199b2d0bb91c003aee
8,famous_le_100m,13,0.8571428571428571,0.8571428571428571,6,osl_siamese_cnn,6bfa756883e102aa51a0c6c8773489186788166ba7b41b199b2d0bb91c003aee
8,famous_le_100m,14,0.9285714285714286,0.8571428571428571,6,osl_siamese_cnn,6bfa756883e102aa51a0c6c8773489186788166ba7b41b199b2d0bb91c003aee
8,famous_le_100m,15,0.9285714285714286,0.9285714285714286,6,osl_siamese_cnn,6bfa756883e102aa51a0c6c8773489186788166ba7b41b199b2d0bb91c003aee
8,famous_le_100m,16,0.9285714285714286,0.9285714285714286,6,osl_siamese_cnn,6bfa756883e102aa51a0c6c8773489186788166ba7b41b199b2d0bb91c003aee
8,famous_le_100m,17,0.9285714285714286,0.9285714285714286,6,osl_siamese_cnn,6bfa756883e102aa51a0c6c8773489186788166ba7b41b199b2d0bb91c003aee
8,famous_le_100m,18,0.9285714285714286,0.9285714285714286,6,osl_siamese_cnn,6bfa756883e102aa51a0c6c8773489186788166ba7b41b199b2d0bb91c003aee
8,famous_le_100m,19,1.0,1.0,6,osl_siamese_cnn,6bfa756883e102aa51a0c6c8773489186788166ba7b41b199b2d0bb91c003aee
8,famous_le_100m,20,1.0,1.0,6,osl_siamese_cnn,6bfa756883e102aa51a0c6c8773489186788166ba7b41b199b2d0bb91c003aee
8,famous_le_100m,21,1.0,1.0,6,osl_siamese_cnn,6bfa756883e102aa51a0c6c8773489186788166ba7b41b199b2d0bb91c003aee
8,famous_le_100m,22,1.0,1.0,6,osl_siamese_cnn,6bfa756883e102aa51a0c6c8773489186788166ba7b41b199b2d0bb91c003aee
8,famous_le_100m,23,1.0,1.0,6,osl_siamese_cnn,6bfa756883e102aa51a0c6c8773489186788166ba7b41b199b2d0bb91c003aee
9,torch_pretrained_classification,0,0.95,0.95,6,osl_siamese_cnn,f31f6cda496541e3cd1897aebb28552759b97098b8274946fe2a1e672ac7b0fd
9,famous_le_10m,0,1.0,1.0,6,osl_siamese_cnn,f31f6cda496541e3cd1897aebb28552759b97098b8274946fe2a1e672ac7b0fd
9,famous_le_10m,1,0.0,0.0,6,osl_siamese_cnn,f31f6cda496541e3cd1897aebb28552759b97098b8274946fe2a1e672ac7b0fd
9,famous_le_10m,2,0.0,0.0,6,osl_siamese_cnn,f31f6cda496541e3cd1897aebb28552759b97098b8274946fe2a1e672ac7b0fd
9,famous_le_10m,3,0.0,0.0,6,osl_siamese_cnn,f31f6cda496541e3cd1897aebb28552759b97098b8274946fe2a1e672ac7b0fd
9,famous_le_10m,4,0.0,0.0,6,osl_siamese_cnn,f31f6cda496541e3cd1897aebb28552759b97098b8274946fe2a1e672ac7b0fd
9,famous_le_10m,5,0.0,0.0,6,osl_siamese_cnn,f31f6cda496541e3cd1897aebb28552759b97098b8274946fe2a1e672ac7b0fd
9,famous_le_10m,6,1.0,1.0,6,osl_siamese_cnn,f31f6cda496541e3cd1897aebb28552759b97098b8274946fe2a1e672ac7b0fd
9,famous_le_10m,7,1.0,1.0,6,osl_siamese_cnn,f31f6cda496541e3cd1897aebb28552759b97098b8274946fe2a1e672ac7b0fd
9,famous_le_10m,8,1.0,1.0,6,osl_siamese_cnn,f31f6cda496541e3cd1897aebb28552759b97098b8274946fe2a1e672ac7b0fd
9,famous_le_10m,9,1.0,1.0,6,osl_siamese_cnn,f31f6cda496541e3cd1897aebb28552759b97098b8274946fe2a1e672ac7b0fd
9,famous_le_10m,10,1.0,1.0,6,osl_siamese_cnn,f31f6cda496541e3cd1897aebb28552759b97098b8274946fe2a1e672ac7b0fd
9,famous_le_10m,11,1.0,1.0,6,osl_siamese_cnn,f31f6cda496541e3cd1897aebb28552759b97098b8274946fe2a1e672ac7b0fd
9,famous_le_10m,12,1.0,1.0,6,osl_siamese_cnn,f31f6cda496541e3cd1897aebb28552759b97098b8274946fe2a1e672ac7b0fd
9,famous_le_10m,13,1.0,1.0,6,osl_siamese_cnn,f31f6cda496541e3cd1897aebb28552759b97098b8274946fe2a1e672ac7b0fd
9,famous_le_10m,14,1.0,1.0,6,osl_siamese_cnn,f31f6cda496541e3cd1897aebb28552759b97098b8274946fe2a1e672ac7b0fd
9,famous_le_10m,15,1.0,1.0,6,osl_siamese_cnn,f31f6cda496541e3cd1897aebb28552759b97098b8274946fe2a1e672ac7b0fd
9,famous_le_10m,16,1.0,1.0,6,osl_siamese_cnn,f31f6cda496541e3cd1897aebb28552759b97098b8274946fe2a1e672ac7b0fd
9,famous_le_10m,17,1.0,1.0,6,osl_siamese_cnn,f31f6cda496541e3cd1897aebb28552759b97098b8274946fe2a1e672ac7b0fd
9,famous_le_10m,18,1.0,1.0,6,osl_siamese_cnn,f31f6cda496541e3cd1897aebb28552759b97098b8274946fe2a1e672ac7b0fd
9,famous_le_10m,19,1.0,1.0,6,osl_siamese_cnn,f31f6cda496541e3cd1897aebb28552759b97098b8274946fe2a1e672ac7b0fd
9,famous_le_10m,20,1.0,1.0,6,osl_siamese_cnn,f31f6cda496541e3cd1897aebb28552759b97098b8274946fe2a1e672ac7b0fd
9,famous_le_10m,21,1.0,1.0,6,osl_siamese_cnn,f31f6cda496541e3cd1897aebb28552759b97098b8274946fe2a1e672ac7b0fd
9,famous_le_10m,22,1.0,1.0,6,osl_siamese_cnn,f31f6cda496541e3cd1897aebb28552759b97098b8274946fe2a1e672ac7b0fd
9,famous_le_10m,23,1.0,1.0,6,osl_siamese_cnn,f31f6cda496541e3cd1897aebb28552759b97098b8274946fe2a1e672ac7b0fd
9,famous_le_100m,0,0.9285714285714286,0.9285714285714286,6,osl_siamese_cnn,f31f6cda496541e3cd1897aebb28552759b97098b8274946fe2a1e672ac7b0fd
9,famous_le_100m,1,0.07142857142857142,0.07142857142857142,6,osl_siamese_cnn,f31f6cda496541e3cd1897aebb28552759b97098b8274946fe2a1e672ac7b0fd
9,famous_le_100m,2,0.07142857142857142,0.07142857142857142,6,osl_siamese_cnn,f31f6cda496541e3cd1897aebb28552759b97098b8274946fe2a1e672ac7b0fd
9,famous_le_100m,3,0.07142857142857142,0.07142857142857142,6,osl_siamese_cnn,f31f6cda496541e3cd1897aebb28552759b97098b8274946fe2a1e672ac7b0fd
9,famous_le_100m,4,0.07142857142857142,0.07142857142857142,6,osl_siamese_cnn,f31f6cda496541e3cd1897aebb28552759b97098b8274946fe2a1e672ac7b0fd
9,famous_le_100m,5,0.07142857142857142,0.07142857142857142,6,osl_siamese_cnn,f31f6cda496541e3cd1897aebb28552759b97098b8274946fe2a1e672ac7b0fd
9,famous_le_100m,6,0.21428571428571427,0.21428571428571427,6,osl_siamese_cnn,f31f6cda496541e3cd1897aebb28552759b97098b8274946fe2a1e672ac7b0fd
9,famous_le_100m,7,0.42857142857142855,0.42857142857142855,6,osl_siamese_cnn,f31f6cda496541e3cd1897aebb28552759b97098b8274946fe2a1e672ac7b0fd
9,famous_le_100m,8,0.42857142857142855,0.42857142857142855,6,osl_siamese_cnn,f31f6cda496541e3cd1897aebb28552759b97098b8274946fe2a1e672ac7b0fd
9,famous_le_100m,9,0.7142857142857143,0.6428571428571429,6,osl_siamese_cnn,f31f6cda496541e3cd1897aebb28552759b97098b8274946fe2a1e672ac7b0fd
9,famous_le_100m,10,0.7857142857142857,0.7857142857142857,6,osl_siamese_cnn,f31f6cda496541e3cd1897aebb28552759b97098b8274946fe2a1e672ac7b0fd
9,famous_le_100m,11,0.8571428571428571,0.8571428571428571,6,osl_siamese_cnn,f31f6cda496541e3cd1897aebb28552759b97098b8274946fe2a1e672ac7b0fd
9,famous_le_100m,12,0.8571428571428571,0.8571428571428571,6,osl_siamese_cnn,f31f6cda496541e3cd1897aebb28552759b97098b8274946fe2a1e672ac7b0fd
9,famous_le_100m,13,0.8571428571428571,0.8571428571428571,6,osl_siamese_cnn,f31f6cda496541e3cd1897aebb28552759b97098b8274946fe2a1e672ac7b0fd
9,famous_le_100m,14,0.8571428571428571,0.8571428571428571,6,osl_siamese_cnn,f31f6cda496541e3cd1897aebb28552759b97098b8274946fe2a1e672ac7b0fd
9,famous_le_100m,15,0.9285714285714286,0.9285714285714286,6,osl_siamese_cnn,f31f6cda496541e3cd1897aebb28552759b97098b8274946fe2a1e672ac7b0fd
9,famous_le_100m,16,0.9285714285714286,0.9285714285714286,6,osl_siamese_cnn,f31f6cda496541e3cd1897aebb28552759b97098b8274946fe2a1e672ac7b0fd
9,famous_le_100m,17,0.9285714285714286,0.9285714285714286,6,osl_siamese_cnn,f31f6cda496541e3cd1897aebb28552759b97098b8274946fe2a1e672ac7b0fd
9,famous_le_100m,18,0.9285714285714286,0.9285714285714286,6,osl_siamese_cnn,f31f6cda496541e3cd1897aebb28552759b97098b8274946fe2a1e672ac7b0fd
9,famous_le_100m,19,1.0,1.0,6,osl_siamese_cnn,f31f6cda496541e3cd1897aebb28552759b97098b8274946fe2a1e672ac7b0fd
9,famous_le_100m,20,1.0,1.0,6,osl_siamese_cnn,f31f6cda496541e3cd1897aebb28552759b97098b8274946fe2a1e672ac7b0fd
9,famous_le_100m,21,1.0,1.0,6,osl_siamese_cnn,f31f6cda496541e3cd1897aebb28552759b97098b8274946fe2a1e672ac7b0fd
9,famous_le_100m,22,1.0,1.0,6,osl_siamese_cnn,f31f6cda496541e3cd1897aebb28552759b97098b8274946fe2a1e672ac7b0fd
9,famous_le_100m,23,1.0,1.0,6,osl_siamese_cnn,f31f6cda496541e3cd1897aebb28552759b97098b8274946fe2a1e672ac7b0fd
5,torch_pretrained_classification,0,0.975,0.975,7,osl_siamese_cnn,e9fe83807be2957848bd7a20408aa1cc3dd7b5173792f6a03a5b37d0e47007eb
5,famous_le_10m,0,1.0,1.0,7,osl_siamese_cnn,e9fe83807be2957848bd7a20408aa1cc3dd7b5173792f6a03a5b37d0e47007eb
5,famous_le_10m,1,0.0,0.0,7,osl_siamese_cnn,e9fe83807be2957848bd7a20408aa1cc3dd7b5173792f6a03a5b37d0e47007eb
5,famous_le_10m,2,0.0,0.0,7,osl_siamese_cnn,e9fe83807be2957848bd7a20408aa1cc3dd7b5173792f6a03a5b37d0e47007eb
5,famous_le_10m,3,0.0,0.0,7,osl_siamese_cnn,e9fe83807be2957848bd7a20408aa1cc3dd7b5173792f6a03a5b37d0e47007eb
5,famous_le_10m,4,0.0,0.0,7,osl_siamese_cnn,e9fe83807be2957848bd7a20408aa1cc3dd7b5173792f6a03a5b37d0e47007eb
5,famous_le_10m,5,0.0,0.0,7,osl_siamese_cnn,e9fe83807be2957848bd7a20408aa1cc3dd7b5173792f6a03a5b37d0e47007eb
5,famous_le_10m,6,0.2,0.2,7,osl_siamese_cnn,e9fe83807be2957848bd7a20408aa1cc3dd7b5173792f6a03a5b37d0e47007eb
5,famous_le_10m,7,1.0,1.0,7,osl_siamese_cnn,e9fe83807be2957848bd7a20408aa1cc3dd7b5173792f6a03a5b37d0e47007eb
5,famous_le_10m,8,1.0,1.0,7,osl_siamese_cnn,e9fe83807be2957848bd7a20408aa1cc3dd7b5173792f6a03a5b37d0e47007eb
5,famous_le_10m,9,1.0,1.0,7,osl_siamese_cnn,e9fe83807be2957848bd7a20408aa1cc3dd7b5173792f6a03a5b37d0e47007eb
5,famous_le_10m,10,1.0,1.0,7,osl_siamese_cnn,e9fe83807be2957848bd7a20408aa1cc3dd7b5173792f6a03a5b37d0e47007eb
5,famous_le_10m,11,1.0,1.0,7,osl_siamese_cnn,e9fe83807be2957848bd7a20408aa1cc3dd7b5173792f6a03a5b37d0e47007eb
5,famous_le_10m,12,1.0,1.0,7,osl_siamese_cnn,e9fe83807be2957848bd7a20408aa1cc3dd7b5173792f6a03a5b37d0e47007eb
5,famous_le_10m,13,1.0,1.0,7,osl_siamese_cnn,e9fe83807be2957848bd7a20408aa1cc3dd7b5173792f6a03a5b37d0e47007eb
5,famous_le_10m,14,1.0,1.0,7,osl_siamese_cnn,e9fe83807be2957848bd7a20408aa1cc3dd7b5173792f6a03a5b37d0e47007eb
5,famous_le_10m,15,1.0,1.0,7,osl_siamese_cnn,e9fe83807be2957848bd7a20408aa1cc3dd7b5173792f6a03a5b37d0e47007eb
5,famous_le_10m,16,1.0,1.0,7,osl_siamese_cnn,e9fe83807be2957848bd7a20408aa1cc3dd7b5173792f6a03a5b37d0e47007eb
5,famous_le_10m,17,1.0,1.0,7,osl_siamese_cnn,e9fe83807be2957848bd7a20408aa1cc3dd7b5173792f6a03a5b37d0e47007eb
5,famous_le_10m,18,1.0,1.0,7,osl_siamese_cnn,e9fe83807be2957848bd7a20408aa1cc3dd7b5173792f6a03a5b37d0e47007eb
5,famous_le_10m,19,1.0,1.0,7,osl_siamese_cnn,e9fe83807be2957848bd7a20408aa1cc3dd7b5173792f6a03a5b37d0e47007eb
5,famous_le_10m,20,1.0,1.0,7,osl_siamese_cnn,e9fe83807be2957848bd7a20408aa1cc3dd7b5173792f6a03a5b37d0e47007eb
5,famous_le_10m,21,1.0,1.0,7,osl_siamese_cnn,e9fe83807be2957848bd7a20408aa1cc3dd7b5173792f6a03a5b37d0e47007eb
5,famous_le_10m,22,1.0,1.0,7,osl_siamese_cnn,e9fe83807be2957848bd7a20408aa1cc3dd7b5173792f6a03a5b37d0e47007eb
5,famous_le_10m,23,1.0,1.0,7,osl_siamese_cnn,e9fe83807be2957848bd7a20408aa1cc3dd7b5173792f6a03a5b37d0e47007eb
5,famous_le_100m,0,0.9285714285714286,1.0,7,osl_siamese_cnn,e9fe83807be2957848bd7a20408aa1cc3dd7b5173792f6a03a5b37d0e47007eb
5,famous_le_100m,1,0.0,0.0,7,osl_siamese_cnn,e9fe83807be2957848bd7a20408aa1cc3dd7b5173792f6a03a5b37d0e47007eb
5,famous_le_100m,2,0.0,0.0,7,osl_siamese_cnn,e9fe83807be2957848bd7a20408aa1cc3dd7b5173792f6a03a5b37d0e47007eb
5,famous_le_100m,3,0.0,0.0,7,osl_siamese_cnn,e9fe83807be2957848bd7a20408aa1cc3dd7b5173792f6a03a5b37d0e47007eb
5,famous_le_100m,4,0.0,0.0,7,osl_siamese_cnn,e9fe83807be2957848bd7a20408aa1cc3dd7b5173792f6a03a5b37d0e47007eb
5,famous_le_100m,5,0.0,0.0,7,osl_siamese_cnn,e9fe83807be2957848bd7a20408aa1cc3dd7b5173792f6a03a5b37d0e47007eb
5,famous_le_100m,6,0.07142857142857142,0.07142857142857142,7,osl_siamese_cnn,e9fe83807be2957848bd7a20408aa1cc3dd7b5173792f6a03a5b37d0e47007eb
5,famous_le_100m,7,0.2857142857142857,0.2857142857142857,7,osl_siamese_cnn,e9fe83807be2957848bd7a20408aa1cc3dd7b5173792f6a03a5b37d0e47007eb
5,famous_le_100m,8,0.42857142857142855,0.42857142857142855,7,osl_siamese_cnn,e9fe83807be2957848bd7a20408aa1cc3dd7b5173792f6a03a5b37d0e47007eb
5,famous_le_100m,9,0.42857142857142855,0.42857142857142855,7,osl_siamese_cnn,e9fe83807be2957848bd7a20408aa1cc3dd7b5173792f6a03a5b37d0e47007eb
5,famous_le_100m,10,0.5714285714285714,0.5714285714285714,7,osl_siamese_cnn,e9fe83807be2957848bd7a20408aa1cc3dd7b5173792f6a03a5b37d0e47007eb
5,famous_le_100m,11,0.7857142857142857,0.7142857142857143,7,osl_siamese_cnn,e9fe83807be2957848bd7a20408aa1cc3dd7b5173792f6a03a5b37d0e47007eb
5,famous_le_100m,12,0.8571428571428571,0.8571428571428571,7,osl_siamese_cnn,e9fe83807be2957848bd7a20408aa1cc3dd7b5173792f6a03a5b37d0e47007eb
5,famous_le_100m,13,0.8571428571428571,0.8571428571428571,7,osl_siamese_cnn,e9fe83807be2957848bd7a20408aa1cc3dd7b5173792f6a03a5b37d0e47007eb
5,famous_le_100m,14,0.8571428571428571,0.8571428571428571,7,osl_siamese_cnn,e9fe83807be2957848bd7a20408aa1cc3dd7b5173792f6a03a5b37d0e47007eb
5,famous_le_100m,15,0.8571428571428571,0.8571428571428571,7,osl_siamese_cnn,e9fe83807be2957848bd7a20408aa1cc3dd7b5173792f6a03a5b37d0e47007eb
5,famous_le_100m,16,0.9285714285714286,0.9285714285714286,7,osl_siamese_cnn,e9fe83807be2957848bd7a20408aa1cc3dd7b5173792f6a03a5b37d0e47007eb
5,famous_le_100m,17,0.9285714285714286,0.9285714285714286,7,osl_siamese_cnn,e9fe83807be2957848bd7a20408aa1cc3dd7b5173792f6a03a5b37d0e47007eb
5,famous_le_100m,18,0.9285714285714286,0.9285714285714286,7,osl_siamese_cnn,e9fe83807be2957848bd7a20408aa1cc3dd7b5173792f6a03a5b37d0e47007eb
5,famous_le_100m,19,0.9285714285714286,0.9285714285714286,7,osl_siamese_cnn,e9fe83807be2957848bd7a20408aa1cc3dd7b5173792f6a03a5b37d0e47007eb
5,famous_le_100m,20,1.0,0.9285714285714286,7,osl_siamese_cnn,e9fe83807be2957848bd7a20408aa1cc3dd7b5173792f6a03a5b37d0e47007eb
5,famous_le_100m,21,1.0,1.0,7,osl_siamese_cnn,e9fe83807be2957848bd7a20408aa1cc3dd7b5173792f6a03a5b37d0e47007eb
5,famous_le_100m,22,1.0,1.0,7,osl_siamese_cnn,e9fe83807be2957848bd7a20408aa1cc3dd7b5173792f6a03a5b37d0e47007eb
5,famous_le_100m,23,1.0,1.0,7,osl_siamese_cnn,e9fe83807be2957848bd7a20408aa1cc3dd7b5173792f6a03a5b37d0e47007eb
6,torch_pretrained_classification,0,0.975,0.975,7,osl_siamese_cnn,67bf0945404bd8c758df0ecba5877129dc994a965e5ed4c12e97a93615c96cd1
6,famous_le_10m,0,1.0,1.0,7,osl_siamese_cnn,67bf0945404bd8c758df0ecba5877129dc994a965e5ed4c12e97a93615c96cd1
6,famous_le_10m,1,0.0,0.0,7,osl_siamese_cnn,67bf0945404bd8c758df0ecba5877129dc994a965e5ed4c12e97a93615c96cd1
6,famous_le_10m,2,0.0,0.0,7,osl_siamese_cnn,67bf0945404bd8c758df0ecba5877129dc994a965e5ed4c12e97a93615c96cd1
6,famous_le_10m,3,0.0,0.0,7,osl_siamese_cnn,67bf0945404bd8c758df0ecba5877129dc994a965e5ed4c12e97a93615c96cd1
6,famous_le_10m,4,0.0,0.0,7,osl_siamese_cnn,67bf0945404bd8c758df0ecba5877129dc994a965e5ed4c12e97a93615c96cd1
6,famous_le_10m,5,0.0,0.0,7,osl_siamese_cnn,67bf0945404bd8c758df0ecba5877129dc994a965e5ed4c12e97a93615c96cd1
6,famous_le_10m,6,0.2,0.2,7,osl_siamese_cnn,67bf0945404bd8c758df0ecba5877129dc994a965e5ed4c12e97a93615c96cd1
6,famous_le_10m,7,1.0,1.0,7,osl_siamese_cnn,67bf0945404bd8c758df0ecba5877129dc994a965e5ed4c12e97a93615c96cd1
6,famous_le_10m,8,1.0,1.0,7,osl_siamese_cnn,67bf0945404bd8c758df0ecba5877129dc994a965e5ed4c12e97a93615c96cd1
6,famous_le_10m,9,1.0,1.0,7,osl_siamese_cnn,67bf0945404bd8c758df0ecba5877129dc994a965e5ed4c12e97a93615c96cd1
6,famous_le_10m,10,1.0,1.0,7,osl_siamese_cnn,67bf0945404bd8c758df0ecba5877129dc994a965e5ed4c12e97a93615c96cd1
6,famous_le_10m,11,1.0,1.0,7,osl_siamese_cnn,67bf0945404bd8c758df0ecba5877129dc994a965e5ed4c12e97a93615c96cd1
6,famous_le_10m,12,1.0,1.0,7,osl_siamese_cnn,67bf0945404bd8c758df0ecba5877129dc994a965e5ed4c12e97a93615c96cd1
6,famous_le_10m,13,1.0,1.0,7,osl_siamese_cnn,67bf0945404bd8c758df0ecba5877129dc994a965e5ed4c12e97a93615c96cd1
6,famous_le_10m,14,1.0,1.0,7,osl_siamese_cnn,67bf0945404bd8c758df0ecba5877129dc994a965e5ed4c12e97a93615c96cd1
6,famous_le_10m,15,1.0,1.0,7,osl_siamese_cnn,67bf0945404bd8c758df0ecba5877129dc994a965e5ed4c12e97a93615c96cd1
6,famous_le_10m,16,1.0,1.0,7,osl_siamese_cnn,67bf0945404bd8c758df0ecba5877129dc994a965e5ed4c12e97a93615c96cd1
6,famous_le_10m,17,1.0,1.0,7,osl_siamese_cnn,67bf0945404bd8c758df0ecba5877129dc994a965e5ed4c12e97a93615c96cd1
6,famous_le_10m,18,1.0,1.0,7,osl_siamese_cnn,67bf0945404bd8c758df0ecba5877129dc994a965e5ed4c12e97a93615c96cd1
6,famous_le_10m,19,1.0,1.0,7,osl_siamese_cnn,67bf0945404bd8c758df0ecba5877129dc994a965e5ed4c12e97a93615c96cd1
6,famous_le_10m,20,1.0,1.0,7,osl_siamese_cnn,67bf0945404bd8c758df0ecba5877129dc994a965e5ed4c12e97a93615c96cd1
6,famous_le_10m,21,1.0,1.0,7,osl_siamese_cnn,67bf0945404bd8c758df0ecba5877129dc994a965e5ed4c12e97a93615c96cd1
6,famous_le_10m,22,1.0,1.0,7,osl_siamese_cnn,67bf0945404bd8c758df0ecba5877129dc994a965e5ed4c12e97a93615c96cd1
6,famous_le_10m,23,1.0,1.0,7,osl_siamese_cnn,67bf0945404bd8c758df0ecba5877129dc994a965e5ed4c12e97a93615c96cd1
6,famous_le_100m,0,0.9285714285714286,0.9285714285714286,7,osl_siamese_cnn,67bf0945404bd8c758df0ecba5877129dc994a965e5ed4c12e97a93615c96cd1
6,famous_le_100m,1,0.07142857142857142,0.07142857142857142,7,osl_siamese_cnn,67bf0945404bd8c758df0ecba5877129dc994a965e5ed4c12e97a93615c96cd1
6,famous_le_100m,2,0.07142857142857142,0.0,7,osl_siamese_cnn,67bf0945404bd8c758df0ecba5877129dc994a965e5ed4c12e97a93615c96cd1
6,famous_le_100m,3,0.0,0.0,7,osl_siamese_cnn,67bf0945404bd8c758df0ecba5877129dc994a965e5ed4c12e97a93615c96cd1
6,famous_le_100m,4,0.0,0.0,7,osl_siamese_cnn,67bf0945404bd8c758df0ecba5877129dc994a965e5ed4c12e97a93615c96cd1
6,famous_le_100m,5,0.0,0.0,7,osl_siamese_cnn,67bf0945404bd8c758df0ecba5877129dc994a965e5ed4c12e97a93615c96cd1
6,famous_le_100m,6,0.07142857142857142,0.07142857142857142,7,osl_siamese_cnn,67bf0945404bd8c758df0ecba5877129dc994a965e5ed4c12e97a93615c96cd1
6,famous_le_100m,7,0.42857142857142855,0.42857142857142855,7,osl_siamese_cnn,67bf0945404bd8c758df0ecba5877129dc994a965e5ed4c12e97a93615c96cd1
6,famous_le_100m,8,0.42857142857142855,0.42857142857142855,7,osl_siamese_cnn,67bf0945404bd8c758df0ecba5877129dc994a965e5ed4c12e97a93615c96cd1
6,famous_le_100m,9,0.42857142857142855,0.42857142857142855,7,osl_siamese_cnn,67bf0945404bd8c758df0ecba5877129dc994a965e5ed4c12e97a93615c96cd1
6,famous_le_100m,10,0.5714285714285714,0.5714285714285714,7,osl_siamese_cnn,67bf0945404bd8c758df0ecba5877129dc994a965e5ed4c12e97a93615c96cd1
6,famous_le_100m,11,0.6428571428571429,0.6428571428571429,7,osl_siamese_cnn,67bf0945404bd8c758df0ecba5877129dc994a965e5ed4c12e97a93615c96cd1
6,famous_le_100m,12,0.7857142857142857,0.7857142857142857,7,osl_siamese_cnn,67bf0945404bd8c758df0ecba5877129dc994a965e5ed4c12e97a93615c96cd1
6,famous_le_100m,13,0.8571428571428571,0.8571428571428571,7,osl_siamese_cnn,67bf0945404bd8c758df0ecba5877129dc994a965e5ed4c12e97a93615c96cd1
6,famous_le_100m,14,0.8571428571428571,0.8571428571428571,7,osl_siamese_cnn,67bf0945404bd8c758df0ecba5877129dc994a965e5ed4c12e97a93615c96cd1
6,famous_le_100m,15,0.8571428571428571,0.8571428571428571,7,osl_siamese_cnn,67bf0945404bd8c758df0ecba5877129dc994a965e5ed4c12e97a93615c96cd1
6,famous_le_100m,16,0.8571428571428571,0.8571428571428571,7,osl_siamese_cnn,67bf0945404bd8c758df0ecba5877129dc994a965e5ed4c12e97a93615c96cd1
6,famous_le_100m,17,0.9285714285714286,0.9285714285714286,7,osl_siamese_cnn,67bf0945404bd8c758df0ecba5877129dc994a965e5ed4c12e97a93615c96cd1
6,famous_le_100m,18,0.9285714285714286,0.9285714285714286,7,osl_siamese_cnn,67bf0945404bd8c758df0ecba5877129dc994a965e5ed4c12e97a93615c96cd1
6,famous_le_100m,19,0.9285714285714286,0.9285714285714286,7,osl_siamese_cnn,67bf0945404bd8c758df0ecba5877129dc994a965e5ed4c12e97a93615c96cd1
6,famous_le_100m,20,0.9285714285714286,0.9285714285714286,7,osl_siamese_cnn,67bf0945404bd8c758df0ecba5877129dc994a965e5ed4c12e97a93615c96cd1
6,famous_le_100m,21,1.0,1.0,7,osl_siamese_cnn,67bf0945404bd8c758df0ecba5877129dc994a965e5ed4c12e97a93615c96cd1
6,famous_le_100m,22,1.0,1.0,7,osl_siamese_cnn,67bf0945404bd8c758df0ecba5877129dc994a965e5ed4c12e97a93615c96cd1
6,famous_le_100m,23,1.0,1.0,7,osl_siamese_cnn,67bf0945404bd8c758df0ecba5877129dc994a965e5ed4c12e97a93615c96cd1
7,torch_pretrained_classification,0,0.975,0.975,7,osl_siamese_cnn,da9981e67a1f6a0525926df04082c2f08c49b815e4f13e6e7239aa4d4df7a307
7,famous_le_10m,0,1.0,1.0,7,osl_siamese_cnn,da9981e67a1f6a0525926df04082c2f08c49b815e4f13e6e7239aa4d4df7a307
7,famous_le_10m,1,0.0,0.0,7,osl_siamese_cnn,da9981e67a1f6a0525926df04082c2f08c49b815e4f13e6e7239aa4d4df7a307
7,famous_le_10m,2,0.0,0.0,7,osl_siamese_cnn,da9981e67a1f6a0525926df04082c2f08c49b815e4f13e6e7239aa4d4df7a307
7,famous_le_10m,3,0.0,0.0,7,osl_siamese_cnn,da9981e67a1f6a0525926df04082c2f08c49b815e4f13e6e7239aa4d4df7a307
7,famous_le_10m,4,0.0,0.0,7,osl_siamese_cnn,da9981e67a1f6a0525926df04082c2f08c49b815e4f13e6e7239aa4d4df7a307
7,famous_le_10m,5,0.0,0.0,7,osl_siamese_cnn,da9981e67a1f6a0525926df04082c2f08c49b815e4f13e6e7239aa4d4df7a307
7,famous_le_10m,6,0.2,0.0,7,osl_siamese_cnn,da9981e67a1f6a0525926df04082c2f08c49b815e4f13e6e7239aa4d4df7a307
7,famous_le_10m,7,1.0,1.0,7,osl_siamese_cnn,da9981e67a1f6a0525926df04082c2f08c49b815e4f13e6e7239aa4d4df7a307
7,famous_le_10m,8,1.0,1.0,7,osl_siamese_cnn,da9981e67a1f6a0525926df04082c2f08c49b815e4f13e6e7239aa4d4df7a307
7,famous_le_10m,9,1.0,1.0,7,osl_siamese_cnn,da9981e67a1f6a0525926df04082c2f08c49b815e4f13e6e7239aa4d4df7a307
7,famous_le_10m,10,1.0,1.0,7,osl_siamese_cnn,da9981e67a1f6a0525926df04082c2f08c49b815e4f13e6e7239aa4d4df7a307
7,famous_le_10m,11,1.0,1.0,7,osl_siamese_cnn,da9981e67a1f6a0525926df04082c2f08c49b815e4f13e6e7239aa4d4df7a307
7,famous_le_10m,12,1.0,1.0,7,osl_siamese_cnn,da9981e67a1f6a0525926df04082c2f08c49b815e4f13e6e7239aa4d4df7a307
7,famous_le_10m,13,1.0,1.0,7,osl_siamese_cnn,da9981e67a1f6a0525926df04082c2f08c49b815e4f13e6e7239aa4d4df7a307
7,famous_le_10m,14,1.0,1.0,7,osl_siamese_cnn,da9981e67a1f6a0525926df04082c2f08c49b815e4f13e6e7239aa4d4df7a307
7,famous_le_10m,15,1.0,1.0,7,osl_siamese_cnn,da9981e67a1f6a0525926df04082c2f08c49b815e4f13e6e7239aa4d4df7a307
7,famous_le_10m,16,1.0,1.0,7,osl_siamese_cnn,da9981e67a1f6a0525926df04082c2f08c49b815e4f13e6e7239aa4d4df7a307
7,famous_le_10m,17,1.0,1.0,7,osl_siamese_cnn,da9981e67a1f6a0525926df04082c2f08c49b815e4f13e6e7239aa4d4df7a307
7,famous_le_10m,18,1.0,1.0,7,osl_siamese_cnn,da9981e67a1f6a0525926df04082c2f08c49b815e4f13e6e7239aa4d4df7a307
7,famous_le_10m,19,1.0,1.0,7,osl_siamese_cnn,da9981e67a1f6a0525926df04082c2f08c49b815e4f13e6e7239aa4d4df7a307
7,famous_le_10m,20,1.0,1.0,7,osl_siamese_cnn,da9981e67a1f6a0525926df04082c2f08c49b815e4f13e6e7239aa4d4df7a307
7,famous_le_10m,21,1.0,1.0,7,osl_siamese_cnn,da9981e67a1f6a0525926df04082c2f08c49b815e4f13e6e7239aa4d4df7a307
7,famous_le_10m,22,1.0,1.0,7,osl_siamese_cnn,da9981e67a1f6a0525926df04082c2f08c49b815e4f13e6e7239aa4d4df7a307
7,famous_le_10m,23,1.0,1.0,7,osl_siamese_cnn,da9981e67a1f6a0525926df04082c2f08c49b815e4f13e6e7239aa4d4df7a307
7,famous_le_100m,0,1.0,1.0,7,osl_siamese_cnn,da9981e67a1f6a0525926df04082c2f08c49b815e4f13e6e7239aa4d4df7a307
7,famous_le_100m,1,0.0,0.0,7,osl_siamese_cnn,da9981e67a1f6a0525926df04082c2f08c49b815e4f13e6e7239aa4d4df7a307
7,famous_le_100m,2,0.0,0.0,7,osl_siamese_cnn,da9981e67a1f6a0525926df04082c2f08c49b815e4f13e6e7239aa4d4df7a307
7,famous_le_100m,3,0.0,0.0,7,osl_siamese_cnn,da9981e67a1f6a0525926df04082c2f08c49b815e4f13e6e7239aa4d4df7a307
7,famous_le_100m,4,0.0,0.0,7,osl_siamese_cnn,da9981e67a1f6a0525926df04082c2f08c49b815e4f13e6e7239aa4d4df7a307
7,famous_le_100m,5,0.0,0.0,7,osl_siamese_cnn,da9981e67a1f6a0525926df04082c2f08c49b815e4f13e6e7239aa4d4df7a307
7,famous_le_100m,6,0.07142857142857142,0.07142857142857142,7,osl_siamese_cnn,da9981e67a1f6a0525926df04082c2f08c49b815e4f13e6e7239aa4d4df7a307
7,famous_le_100m,7,0.2857142857142857,0.2857142857142857,7,osl_siamese_cnn,da9981e67a1f6a0525926df04082c2f08c49b815e4f13e6e7239aa4d4df7a307
7,famous_le_100m,8,0.42857142857142855,0.42857142857142855,7,osl_siamese_cnn,da9981e67a1f6a0525926df04082c2f08c49b815e4f13e6e7239aa4d4df7a307
7,famous_le_100m,9,0.42857142857142855,0.42857142857142855,7,osl_siamese_cnn,da9981e67a1f6a0525926df04082c2f08c49b815e4f13e6e7239aa4d4df7a307
7,famous_le_100m,10,0.5714285714285714,0.5714285714285714,7,osl_siamese_cnn,da9981e67a1f6a0525926df04082c2f08c49b815e4f13e6e7239aa4d4df7a307
7,famous_le_100m,11,0.7142857142857143,0.7142857142857143,7,osl_siamese_cnn,da9981e67a1f6a0525926df04082c2f08c49b815e4f13e6e7239aa4d4df7a307
7,famous_le_100m,12,0.8571428571428571,0.8571428571428571,7,osl_siamese_cnn,da9981e67a1f6a0525926df04082c2f08c49b815e4f13e6e7239aa4d4df7a307
7,famous_le_100m,13,0.8571428571428571,0.8571428571428571,7,osl_siamese_cnn,da9981e67a1f6a0525926df04082c2f08c49b815e4f13e6e7239aa4d4df7a307
7,famous_le_100m,14,0.8571428571428571,0.8571428571428571,7,osl_siamese_cnn,da9981e67a1f6a0525926df04082c2f08c49b815e4f13e6e7239aa4d4df7a307
7,famous_le_100m,15,0.8571428571428571,0.8571428571428571,7,osl_siamese_cnn,da9981e67a1f6a0525926df04082c2f08c49b815e4f13e6e7239aa4d4df7a307
7,famous_le_100m,16,0.9285714285714286,0.9285714285714286,7,osl_siamese_cnn,da9981e67a1f6a0525926df04082c2f08c49b815e4f13e6e7239aa4d4df7a307
7,famous_le_100m,17,0.9285714285714286,0.9285714285714286,7,osl_siamese_cnn,da9981e67a1f6a0525926df04082c2f08c49b815e4f13e6e7239aa4d4df7a307
7,famous_le_100m,18,0.9285714285714286,0.9285714285714286,7,osl_siamese_cnn,da9981e67a1f6a0525926df04082c2f08c49b815e4f13e6e7239aa4d4df7a307
7,famous_le_100m,19,0.9285714285714286,0.9285714285714286,7,osl_siamese_cnn,da9981e67a1f6a0525926df04082c2f08c49b815e4f13e6e7239aa4d4df7a307
7,famous_le_100m,20,1.0,1.0,7,osl_siamese_cnn,da9981e67a1f6a0525926df04082c2f08c49b815e4f13e6e7239aa4d4df7a307
7,famous_le_100m,21,1.0,1.0,7,osl_siamese_cnn,da9981e67a1f6a0525926df04082c2f08c49b815e4f13e6e7239aa4d4df7a307
7,famous_le_100m,22,1.0,1.0,7,osl_siamese_cnn,da9981e67a1f6a0525926df04082c2f08c49b815e4f13e6e7239aa4d4df7a307
7,famous_le_100m,23,1.0,1.0,7,osl_siamese_cnn,da9981e67a1f6a0525926df04082c2f08c49b815e4f13e6e7239aa4d4df7a307
8,torch_pretrained_classification,0,0.9625,0.95,7,osl_siamese_cnn,04172915ab583238b35964e142bdb748d0e8a232cbc4430653f25762ae29ce0d
8,famous_le_10m,0,1.0,1.0,7,osl_siamese_cnn,04172915ab583238b35964e142bdb748d0e8a232cbc4430653f25762ae29ce0d
8,famous_le_10m,1,0.0,0.0,7,osl_siamese_cnn,04172915ab583238b35964e142bdb748d0e8a232cbc4430653f25762ae29ce0d
8,famous_le_10m,2,0.0,0.0,7,osl_siamese_cnn,04172915ab583238b35964e142bdb748d0e8a232cbc4430653f25762ae29ce0d
8,famous_le_10m,3,0.0,0.0,7,osl_siamese_cnn,04172915ab583238b35964e142bdb748d0e8a232cbc4430653f25762ae29ce0d
8,famous_le_10m,4,0.0,0.0,7,osl_siamese_cnn,04172915ab583238b35964e142bdb748d0e8a232cbc4430653f25762ae29ce0d
8,famous_le_10m,5,0.0,0.0,7,osl_siamese_cnn,04172915ab583238b35964e142bdb748d0e8a232cbc4430653f25762ae29ce0d
8,famous_le_10m,6,0.2,0.2,7,osl_siamese_cnn,04172915ab583238b35964e142bdb748d0e8a232cbc4430653f25762ae29ce0d
8,famous_le_10m,7,1.0,1.0,7,osl_siamese_cnn,04172915ab583238b35964e142bdb748d0e8a232cbc4430653f25762ae29ce0d
8,famous_le_10m,8,1.0,1.0,7,osl_siamese_cnn,04172915ab583238b35964e142bdb748d0e8a232cbc4430653f25762ae29ce0d
8,famous_le_10m,9,1.0,1.0,7,osl_siamese_cnn,04172915ab583238b35964e142bdb748d0e8a232cbc4430653f25762ae29ce0d
8,famous_le_10m,10,1.0,1.0,7,osl_siamese_cnn,04172915ab583238b35964e142bdb748d0e8a232cbc4430653f25762ae29ce0d
8,famous_le_10m,11,1.0,1.0,7,osl_siamese_cnn,04172915ab583238b35964e142bdb748d0e8a232cbc4430653f25762ae29ce0d
8,famous_le_10m,12,1.0,1.0,7,osl_siamese_cnn,04172915ab583238b35964e142bdb748d0e8a232cbc4430653f25762ae29ce0d
8,famous_le_10m,13,1.0,1.0,7,osl_siamese_cnn,04172915ab583238b35964e142bdb748d0e8a232cbc4430653f25762ae29ce0d
8,famous_le_10m,14,1.0,1.0,7,osl_siamese_cnn,04172915ab583238b35964e142bdb748d0e8a232cbc4430653f25762ae29ce0d
8,famous_le_10m,15,1.0,1.0,7,osl_siamese_cnn,04172915ab583238b35964e142bdb748d0e8a232cbc4430653f25762ae29ce0d
8,famous_le_10m,16,1.0,1.0,7,osl_siamese_cnn,04172915ab583238b35964e142bdb748d0e8a232cbc4430653f25762ae29ce0d
8,famous_le_10m,17,1.0,1.0,7,osl_siamese_cnn,04172915ab583238b35964e142bdb748d0e8a232cbc4430653f25762ae29ce0d
8,famous_le_10m,18,1.0,1.0,7,osl_siamese_cnn,04172915ab583238b35964e142bdb748d0e8a232cbc4430653f25762ae29ce0d
8,famous_le_10m,19,1.0,1.0,7,osl_siamese_cnn,04172915ab583238b35964e142bdb748d0e8a232cbc4430653f25762ae29ce0d
8,famous_le_10m,20,1.0,1.0,7,osl_siamese_cnn,04172915ab583238b35964e142bdb748d0e8a232cbc4430653f25762ae29ce0d
8,famous_le_10m,21,1.0,1.0,7,osl_siamese_cnn,04172915ab583238b35964e142bdb748d0e8a232cbc4430653f25762ae29ce0d
8,famous_le_10m,22,1.0,1.0,7,osl_siamese_cnn,04172915ab583238b35964e142bdb748d0e8a232cbc4430653f25762ae29ce0d
8,famous_le_10m,23,1.0,1.0,7,osl_siamese_cnn,04172915ab583238b35964e142bdb748d0e8a232cbc4430653f25762ae29ce0d
8,famous_le_100m,0,1.0,0.9285714285714286,7,osl_siamese_cnn,04172915ab583238b35964e142bdb748d0e8a232cbc4430653f25762ae29ce0d
8,famous_le_100m,1,0.0,0.07142857142857142,7,osl_siamese_cnn,04172915ab583238b35964e142bdb748d0e8a232cbc4430653f25762ae29ce0d
8,famous_le_100m,2,0.0,0.0,7,osl_siamese_cnn,04172915ab583238b35964e142bdb748d0e8a232cbc4430653f25762ae29ce0d
8,famous_le_100m,3,0.0,0.0,7,osl_siamese_cnn,04172915ab583238b35964e142bdb748d0e8a232cbc4430653f25762ae29ce0d
8,famous_le_100m,4,0.0,0.0,7,osl_siamese_cnn,04172915ab583238b35964e142bdb748d0e8a232cbc4430653f25762ae29ce0d
8,famous_le_100m,5,0.07142857142857142,0.07142857142857142,7,osl_siamese_cnn,04172915ab583238b35964e142bdb748d0e8a232cbc4430653f25762ae29ce0d
8,famous_le_100m,6,0.2857142857142857,0.2857142857142857,7,osl_siamese_cnn,04172915ab583238b35964e142bdb748d0e8a232cbc4430653f25762ae29ce0d
8,famous_le_100m,7,0.42857142857142855,0.42857142857142855,7,osl_siamese_cnn,04172915ab583238b35964e142bdb748d0e8a232cbc4430653f25762ae29ce0d
8,famous_le_100m,8,0.6428571428571429,0.6428571428571429,7,osl_siamese_cnn,04172915ab583238b35964e142bdb748d0e8a232cbc4430653f25762ae29ce0d
8,famous_le_100m,9,0.7142857142857143,0.7142857142857143,7,osl_siamese_cnn,04172915ab583238b35964e142bdb748d0e8a232cbc4430653f25762ae29ce0d
8,famous_le_100m,10,0.8571428571428571,0.8571428571428571,7,osl_siamese_cnn,04172915ab583238b35964e142bdb748d0e8a232cbc4430653f25762ae29ce0d
8,famous_le_100m,11,0.8571428571428571,0.8571428571428571,7,osl_siamese_cnn,04172915ab583238b35964e142bdb748d0e8a232cbc4430653f25762ae29ce0d
8,famous_le_100m,12,0.8571428571428571,0.8571428571428571,7,osl_siamese_cnn,04172915ab583238b35964e142bdb748d0e8a232cbc4430653f25762ae29ce0d
8,famous_le_100m,13,0.8571428571428571,0.8571428571428571,7,osl_siamese_cnn,04172915ab583238b35964e142bdb748d0e8a232cbc4430653f25762ae29ce0d
8,famous_le_100m,14,0.9285714285714286,0.9285714285714286,7,osl_siamese_cnn,04172915ab583238b35964e142bdb748d0e8a232cbc4430653f25762ae29ce0d
8,famous_le_100m,15,0.9285714285714286,0.9285714285714286,7,osl_siamese_cnn,04172915ab583238b35964e142bdb748d0e8a232cbc4430653f25762ae29ce0d
8,famous_le_100m,16,0.9285714285714286,0.9285714285714286,7,osl_siamese_cnn,04172915ab583238b35964e142bdb748d0e8a232cbc4430653f25762ae29ce0d
8,famous_le_100m,17,0.9285714285714286,0.9285714285714286,7,osl_siamese_cnn,04172915ab583238b35964e142bdb748d0e8a232cbc4430653f25762ae29ce0d
8,famous_le_100m,18,0.9285714285714286,0.9285714285714286,7,osl_siamese_cnn,04172915ab583238b35964e142bdb748d0e8a232cbc4430653f25762ae29ce0d
8,famous_le_100m,19,0.9285714285714286,0.9285714285714286,7,osl_siamese_cnn,04172915ab583238b35964e142bdb748d0e8a232cbc4430653f25762ae29ce0d
8,famous_le_100m,20,1.0,1.0,7,osl_siamese_cnn,04172915ab583238b35964e142bdb748d0e8a232cbc4430653f25762ae29ce0d
8,famous_le_100m,21,1.0,1.0,7,osl_siamese_cnn,04172915ab583238b35964e142bdb748d0e8a232cbc4430653f25762ae29ce0d
8,famous_le_100m,22,1.0,1.0,7,osl_siamese_cnn,04172915ab583238b35964e142bdb748d0e8a232cbc4430653f25762ae29ce0d
8,famous_le_100m,23,1.0,1.0,7,osl_siamese_cnn,04172915ab583238b35964e142bdb748d0e8a232cbc4430653f25762ae29ce0d
9,torch_pretrained_classification,0,0.975,0.975,7,osl_siamese_cnn,e2c54e17cc89df94c1f412c939a218432a0c0421415854ad46ea3ea4ad32d1bc
9,famous_le_10m,0,1.0,1.0,7,osl_siamese_cnn,e2c54e17cc89df94c1f412c939a218432a0c0421415854ad46ea3ea4ad32d1bc
9,famous_le_10m,1,0.0,0.0,7,osl_siamese_cnn,e2c54e17cc89df94c1f412c939a218432a0c0421415854ad46ea3ea4ad32d1bc
9,famous_le_10m,2,0.0,0.0,7,osl_siamese_cnn,e2c54e17cc89df94c1f412c939a218432a0c0421415854ad46ea3ea4ad32d1bc
9,famous_le_10m,3,0.0,0.0,7,osl_siamese_cnn,e2c54e17cc89df94c1f412c939a218432a0c0421415854ad46ea3ea4ad32d1bc
9,famous_le_10m,4,0.0,0.0,7,osl_siamese_cnn,e2c54e17cc89df94c1f412c939a218432a0c0421415854ad46ea3ea4ad32d1bc
9,famous_le_10m,5,0.0,0.0,7,osl_siamese_cnn,e2c54e17cc89df94c1f412c939a218432a0c0421415854ad46ea3ea4ad32d1bc
9,famous_le_10m,6,0.2,0.0,7,osl_siamese_cnn,e2c54e17cc89df94c1f412c939a218432a0c0421415854ad46ea3ea4ad32d1bc
9,famous_le_10m,7,1.0,1.0,7,osl_siamese_cnn,e2c54e17cc89df94c1f412c939a218432a0c0421415854ad46ea3ea4ad32d1bc
9,famous_le_10m,8,1.0,1.0,7,osl_siamese_cnn,e2c54e17cc89df94c1f412c939a218432a0c0421415854ad46ea3ea4ad32d1bc
9,famous_le_10m,9,1.0,1.0,7,osl_siamese_cnn,e2c54e17cc89df94c1f412c939a218432a0c0421415854ad46ea3ea4ad32d1bc
9,famous_le_10m,10,1.0,1.0,7,osl_siamese_cnn,e2c54e17cc89df94c1f412c939a218432a0c0421415854ad46ea3ea4ad32d1bc
9,famous_le_10m,11,1.0,1.0,7,osl_siamese_cnn,e2c54e17cc89df94c1f412c939a218432a0c0421415854ad46ea3ea4ad32d1bc
9,famous_le_10m,12,1.0,1.0,7,osl_siamese_cnn,e2c54e17cc89df94c1f412c939a218432a0c0421415854ad46ea3ea4ad32d1bc
9,famous_le_10m,13,1.0,1.0,7,osl_siamese_cnn,e2c54e17cc89df94c1f412c939a218432a0c0421415854ad46ea3ea4ad32d1bc
9,famous_le_10m,14,1.0,1.0,7,osl_siamese_cnn,e2c54e17cc89df94c1f412c939a218432a0c0421415854ad46ea3ea4ad32d1bc
9,famous_le_10m,15,1.0,1.0,7,osl_siamese_cnn,e2c54e17cc89df94c1f412c939a218432a0c0421415854ad46ea3ea4ad32d1bc
9,famous_le_10m,16,1.0,1.0,7,osl_siamese_cnn,e2c54e17cc89df94c1f412c939a218432a0c0421415854ad46ea3ea4ad32d1bc
9,famous_le_10m,17,1.0,1.0,7,osl_siamese_cnn,e2c54e17cc89df94c1f412c939a218432a0c0421415854ad46ea3ea4ad32d1bc
9,famous_le_10m,18,1.0,1.0,7,osl_siamese_cnn,e2c54e17cc89df94c1f412c939a218432a0c0421415854ad46ea3ea4ad32d1bc
9,famous_le_10m,19,1.0,1.0,7,osl_siamese_cnn,e2c54e17cc89df94c1f412c939a218432a0c0421415854ad46ea3ea4ad32d1bc
9,famous_le_10m,20,1.0,1.0,7,osl_siamese_cnn,e2c54e17cc89df94c1f412c939a218432a0c0421415854ad46ea3ea4ad32d1bc
9,famous_le_10m,21,1.0,1.0,7,osl_siamese_cnn,e2c54e17cc89df94c1f412c939a218432a0c0421415854ad46ea3ea4ad32d1bc
9,famous_le_10m,22,1.0,1.0,7,osl_siamese_cnn,e2c54e17cc89df94c1f412c939a218432a0c0421415854ad46ea3ea4ad32d1bc
9,famous_le_10m,23,1.0,1.0,7,osl_siamese_cnn,e2c54e17cc89df94c1f412c939a218432a0c0421415854ad46ea3ea4ad32d1bc
9,famous_le_100m,0,1.0,1.0,7,osl_siamese_cnn,e2c54e17cc89df94c1f412c939a218432a0c0421415854ad46ea3ea4ad32d1bc
9,famous_le_100m,1,0.0,0.0,7,osl_siamese_cnn,e2c54e17cc89df94c1f412c939a218432a0c0421415854ad46ea3ea4ad32d1bc
9,famous_le_100m,2,0.0,0.0,7,osl_siamese_cnn,e2c54e17cc89df94c1f412c939a218432a0c0421415854ad46ea3ea4ad32d1bc
9,famous_le_100m,3,0.0,0.0,7,osl_siamese_cnn,e2c54e17cc89df94c1f412c939a218432a0c0421415854ad46ea3ea4ad32d1bc
9,famous_le_100m,4,0.0,0.0,7,osl_siamese_cnn,e2c54e17cc89df94c1f412c939a218432a0c0421415854ad46ea3ea4ad32d1bc
9,famous_le_100m,5,0.0,0.0,7,osl_siamese_cnn,e2c54e17cc89df94c1f412c939a218432a0c0421415854ad46ea3ea4ad32d1bc
9,famous_le_100m,6,0.07142857142857142,0.07142857142857142,7,osl_siamese_cnn,e2c54e17cc89df94c1f412c939a218432a0c0421415854ad46ea3ea4ad32d1bc
9,famous_le_100m,7,0.2857142857142857,0.2857142857142857,7,osl_siamese_cnn,e2c54e17cc89df94c1f412c939a218432a0c0421415854ad46ea3ea4ad32d1bc
9,famous_le_100m,8,0.42857142857142855,0.42857142857142855,7,osl_siamese_cnn,e2c54e17cc89df94c1f412c939a218432a0c0421415854ad46ea3ea4ad32d1bc
9,famous_le_100m,9,0.42857142857142855,0.42857142857142855,7,osl_siamese_cnn,e2c54e17cc89df94c1f412c939a218432a0c0421415854ad46ea3ea4ad32d1bc
9,famous_le_100m,10,0.6428571428571429,0.6428571428571429,7,osl_siamese_cnn,e2c54e17cc89df94c1f412c939a218432a0c0421415854ad46ea3ea4ad32d1bc
9,famous_le_100m,11,0.7857142857142857,0.7857142857142857,7,osl_siamese_cnn,e2c54e17cc89df94c1f412c939a218432a0c0421415854ad46ea3ea4ad32d1bc
9,famous_le_100m,12,0.8571428571428571,0.8571428571428571,7,osl_siamese_cnn,e2c54e17cc89df94c1f412c939a218432a0c0421415854ad46ea3ea4ad32d1bc
9,famous_le_100m,13,0.8571428571428571,0.8571428571428571,7,osl_siamese_cnn,e2c54e17cc89df94c1f412c939a218432a0c0421415854ad46ea3ea4ad32d1bc
9,famous_le_100m,14,0.8571428571428571,0.8571428571428571,7,osl_siamese_cnn,e2c54e17cc89df94c1f412c939a218432a0c0421415854ad46ea3ea4ad32d1bc
9,famous_le_100m,15,0.9285714285714286,0.8571428571428571,7,osl_siamese_cnn,e2c54e17cc89df94c1f412c939a218432a0c0421415854ad46ea3ea4ad32d1bc
9,famous_le_100m,16,0.9285714285714286,0.9285714285714286,7,osl_siamese_cnn,e2c54e17cc89df94c1f412c939a218432a0c0421415854ad46ea3ea4ad32d1bc
9,famous_le_100m,17,0.9285714285714286,0.9285714285714286,7,osl_siamese_cnn,e2c54e17cc89df94c1f412c939a218432a0c0421415854ad46ea3ea4ad32d1bc
9,famous_le_100m,18,0.9285714285714286,0.9285714285714286,7,osl_siamese_cnn,e2c54e17cc89df94c1f412c939a218432a0c0421415854ad46ea3ea4ad32d1bc
9,famous_le_100m,19,0.9285714285714286,0.9285714285714286,7,osl_siamese_cnn,e2c54e17cc89df94c1f412c939a218432a0c0421415854ad46ea3ea4ad32d1bc
9,famous_le_100m,20,1.0,1.0,7,osl_siamese_cnn,e2c54e17cc89df94c1f412c939a218432a0c0421415854ad46ea3ea4ad32d1bc
9,famous_le_100m,21,1.0,1.0,7,osl_siamese_cnn,e2c54e17cc89df94c1f412c939a218432a0c0421415854ad46ea3ea4ad32d1bc
9,famous_le_100m,22,1.0,1.0,7,osl_siamese_cnn,e2c54e17cc89df94c1f412c939a218432a0c0421415854ad46ea3ea4ad32d1bc
9,famous_le_100m,23,1.0,1.0,7,osl_siamese_cnn,e2c54e17cc89df94c1f412c939a218432a0c0421415854ad46ea3ea4ad32d1bc
5,torch_pretrained_classification,0,0.975,0.975,8,osl_siamese_cnn,5ee9a1be9e60afcfee225efbec7e60fd5b76b8e6f5d8a36fb4842732719787a1
5,famous_le_10m,0,1.0,1.0,8,osl_siamese_cnn,5ee9a1be9e60afcfee225efbec7e60fd5b76b8e6f5d8a36fb4842732719787a1
5,famous_le_10m,1,0.0,0.0,8,osl_siamese_cnn,5ee9a1be9e60afcfee225efbec7e60fd5b76b8e6f5d8a36fb4842732719787a1
5,famous_le_10m,2,0.0,0.0,8,osl_siamese_cnn,5ee9a1be9e60afcfee225efbec7e60fd5b76b8e6f5d8a36fb4842732719787a1
5,famous_le_10m,3,0.0,0.0,8,osl_siamese_cnn,5ee9a1be9e60afcfee225efbec7e60fd5b76b8e6f5d8a36fb4842732719787a1
5,famous_le_10m,4,0.0,0.0,8,osl_siamese_cnn,5ee9a1be9e60afcfee225efbec7e60fd5b76b8e6f5d8a36fb4842732719787a1
5,famous_le_10m,5,0.0,0.0,8,osl_siamese_cnn,5ee9a1be9e60afcfee225efbec7e60fd5b76b8e6f5d8a36fb4842732719787a1
5,famous_le_10m,6,0.0,0.0,8,osl_siamese_cnn,5ee9a1be9e60afcfee225efbec7e60fd5b76b8e6f5d8a36fb4842732719787a1
5,famous_le_10m,7,0.0,0.0,8,osl_siamese_cnn,5ee9a1be9e60afcfee225efbec7e60fd5b76b8e6f5d8a36fb4842732719787a1
5,famous_le_10m,8,1.0,1.0,8,osl_siamese_cnn,5ee9a1be9e60afcfee225efbec7e60fd5b76b8e6f5d8a36fb4842732719787a1
5,famous_le_10m,9,1.0,1.0,8,osl_siamese_cnn,5ee9a1be9e60afcfee225efbec7e60fd5b76b8e6f5d8a36fb4842732719787a1
5,famous_le_10m,10,1.0,1.0,8,osl_siamese_cnn,5ee9a1be9e60afcfee225efbec7e60fd5b76b8e6f5d8a36fb4842732719787a1
5,famous_le_10m,11,1.0,1.0,8,osl_siamese_cnn,5ee9a1be9e60afcfee225efbec7e60fd5b76b8e6f5d8a36fb4842732719787a1
5,famous_le_10m,12,1.0,1.0,8,osl_siamese_cnn,5ee9a1be9e60afcfee225efbec7e60fd5b76b8e6f5d8a36fb4842732719787a1
5,famous_le_10m,13,1.0,1.0,8,osl_siamese_cnn,5ee9a1be9e60afcfee225efbec7e60fd5b76b8e6f5d8a36fb4842732719787a1
5,famous_le_10m,14,1.0,1.0,8,osl_siamese_cnn,5ee9a1be9e60afcfee225efbec7e60fd5b76b8e6f5d8a36fb4842732719787a1
5,famous_le_10m,15,1.0,1.0,8,osl_siamese_cnn,5ee9a1be9e60afcfee225efbec7e60fd5b76b8e6f5d8a36fb4842732719787a1
5,famous_le_10m,16,0.6,0.6,8,osl_siamese_cnn,5ee9a1be9e60afcfee225efbec7e60fd5b76b8e6f5d8a36fb4842732719787a1
5,famous_le_10m,17,1.0,1.0,8,osl_siamese_cnn,5ee9a1be9e60afcfee225efbec7e60fd5b76b8e6f5d8a36fb4842732719787a1
5,famous_le_10m,18,1.0,1.0,8,osl_siamese_cnn,5ee9a1be9e60afcfee225efbec7e60fd5b76b8e6f5d8a36fb4842732719787a1
5,famous_le_10m,19,1.0,1.0,8,osl_siamese_cnn,5ee9a1be9e60afcfee225efbec7e60fd5b76b8e6f5d8a36fb4842732719787a1
5,famous_le_10m,20,0.6,0.6,8,osl_siamese_cnn,5ee9a1be9e60afcfee225efbec7e60fd5b76b8e6f5d8a36fb4842732719787a1
5,famous_le_10m,21,1.0,1.0,8,osl_siamese_cnn,5ee9a1be9e60afcfee225efbec7e60fd5b76b8e6f5d8a36fb4842732719787a1
5,famous_le_10m,22,1.0,1.0,8,osl_siamese_cnn,5ee9a1be9e60afcfee225efbec7e60fd5b76b8e6f5d8a36fb4842732719787a1
5,famous_le_10m,23,1.0,1.0,8,osl_siamese_cnn,5ee9a1be9e60afcfee225efbec7e60fd5b76b8e6f5d8a36fb4842732719787a1
5,famous_le_100m,0,1.0,1.0,8,osl_siamese_cnn,5ee9a1be9e60afcfee225efbec7e60fd5b76b8e6f5d8a36fb4842732719787a1
5,famous_le_100m,1,0.0,0.0,8,osl_siamese_cnn,5ee9a1be9e60afcfee225efbec7e60fd5b76b8e6f5d8a36fb4842732719787a1
5,famous_le_100m,2,0.0,0.0,8,osl_siamese_cnn,5ee9a1be9e60afcfee225efbec7e60fd5b76b8e6f5d8a36fb4842732719787a1
5,famous_le_100m,3,0.0,0.0,8,osl_siamese_cnn,5ee9a1be9e60afcfee225efbec7e60fd5b76b8e6f5d8a36fb4842732719787a1
5,famous_le_100m,4,0.0,0.0,8,osl_siamese_cnn,5ee9a1be9e60afcfee225efbec7e60fd5b76b8e6f5d8a36fb4842732719787a1
5,famous_le_100m,5,0.0,0.0,8,osl_siamese_cnn,5ee9a1be9e60afcfee225efbec7e60fd5b76b8e6f5d8a36fb4842732719787a1
5,famous_le_100m,6,0.0,0.0,8,osl_siamese_cnn,5ee9a1be9e60afcfee225efbec7e60fd5b76b8e6f5d8a36fb4842732719787a1
5,famous_le_100m,7,0.0,0.0,8,osl_siamese_cnn,5ee9a1be9e60afcfee225efbec7e60fd5b76b8e6f5d8a36fb4842732719787a1
5,famous_le_100m,8,0.42857142857142855,0.42857142857142855,8,osl_siamese_cnn,5ee9a1be9e60afcfee225efbec7e60fd5b76b8e6f5d8a36fb4842732719787a1
5,famous_le_100m,9,0.42857142857142855,0.42857142857142855,8,osl_siamese_cnn,5ee9a1be9e60afcfee225efbec7e60fd5b76b8e6f5d8a36fb4842732719787a1
5,famous_le_100m,10,0.6428571428571429,0.6428571428571429,8,osl_siamese_cnn,5ee9a1be9e60afcfee225efbec7e60fd5b76b8e6f5d8a36fb4842732719787a1
5,famous_le_100m,11,0.6428571428571429,0.6428571428571429,8,osl_siamese_cnn,5ee9a1be9e60afcfee225efbec7e60fd5b76b8e6f5d8a36fb4842732719787a1
5,famous_le_100m,12,0.7857142857142857,0.7857142857142857,8,osl_siamese_cnn,5ee9a1be9e60afcfee225efbec7e60fd5b76b8e6f5d8a36fb4842732719787a1
5,famous_le_100m,13,0.7857142857142857,0.7857142857142857,8,osl_siamese_cnn,5ee9a1be9e60afcfee225efbec7e60fd5b76b8e6f5d8a36fb4842732719787a1
5,famous_le_100m,14,0.8571428571428571,0.8571428571428571,8,osl_siamese_cnn,5ee9a1be9e60afcfee225efbec7e60fd5b76b8e6f5d8a36fb4842732719787a1
5,famous_le_100m,15,0.7857142857142857,0.7857142857142857,8,osl_siamese_cnn,5ee9a1be9e60afcfee225efbec7e60fd5b76b8e6f5d8a36fb4842732719787a1
5,famous_le_100m,16,0.5,0.5,8,osl_siamese_cnn,5ee9a1be9e60afcfee225efbec7e60fd5b76b8e6f5d8a36fb4842732719787a1
5,famous_le_100m,17,0.5,0.5,8,osl_siamese_cnn,5ee9a1be9e60afcfee225efbec7e60fd5b76b8e6f5d8a36fb4842732719787a1
5,famous_le_100m,18,0.5,0.5,8,osl_siamese_cnn,5ee9a1be9e60afcfee225efbec7e60fd5b76b8e6f5d8a36fb4842732719787a1
5,famous_le_100m,19,0.5,0.5,8,osl_siamese_cnn,5ee9a1be9e60afcfee225efbec7e60fd5b76b8e6f5d8a36fb4842732719787a1
5,famous_le_100m,20,0.5,0.5,8,osl_siamese_cnn,5ee9a1be9e60afcfee225efbec7e60fd5b76b8e6f5d8a36fb4842732719787a1
5,famous_le_100m,21,0.7142857142857143,0.7142857142857143,8,osl_siamese_cnn,5ee9a1be9e60afcfee225efbec7e60fd5b76b8e6f5d8a36fb4842732719787a1
5,famous_le_100m,22,0.9285714285714286,0.9285714285714286,8,osl_siamese_cnn,5ee9a1be9e60afcfee225efbec7e60fd5b76b8e6f5d8a36fb4842732719787a1
5,famous_le_100m,23,1.0,1.0,8,osl_siamese_cnn,5ee9a1be9e60afcfee225efbec7e60fd5b76b8e6f5d8a36fb4842732719787a1
6,torch_pretrained_classification,0,0.975,0.975,8,osl_siamese_cnn,14e19a945abab32e7aaef45332f91a4cb4eeea4017e614b58cc0dcf8d12dbcce
6,famous_le_10m,0,1.0,1.0,8,osl_siamese_cnn,14e19a945abab32e7aaef45332f91a4cb4eeea4017e614b58cc0dcf8d12dbcce
6,famous_le_10m,1,0.0,0.0,8,osl_siamese_cnn,14e19a945abab32e7aaef45332f91a4cb4eeea4017e614b58cc0dcf8d12dbcce
6,famous_le_10m,2,0.0,0.0,8,osl_siamese_cnn,14e19a945abab32e7aaef45332f91a4cb4eeea4017e614b58cc0dcf8d12dbcce
6,famous_le_10m,3,0.0,0.0,8,osl_siamese_cnn,14e19a945abab32e7aaef45332f91a4cb4eeea4017e614b58cc0dcf8d12dbcce
6,famous_le_10m,4,0.0,0.0,8,osl_siamese_cnn,14e19a945abab32e7aaef45332f91a4cb4eeea4017e614b58cc0dcf8d12dbcce
6,famous_le_10m,5,0.0,0.0,8,osl_siamese_cnn,14e19a945abab32e7aaef45332f91a4cb4eeea4017e614b58cc0dcf8d12dbcce
6,famous_le_10m,6,0.0,0.0,8,osl_siamese_cnn,14e19a945abab32e7aaef45332f91a4cb4eeea4017e614b58cc0dcf8d12dbcce
6,famous_le_10m,7,0.4,0.6,8,osl_siamese_cnn,14e19a945abab32e7aaef45332f91a4cb4eeea4017e614b58cc0dcf8d12dbcce
6,famous_le_10m,8,1.0,1.0,8,osl_siamese_cnn,14e19a945abab32e7aaef45332f91a4cb4eeea4017e614b58cc0dcf8d12dbcce
6,famous_le_10m,9,1.0,1.0,8,osl_siamese_cnn,14e19a945abab32e7aaef45332f91a4cb4eeea4017e614b58cc0dcf8d12dbcce
6,famous_le_10m,10,1.0,1.0,8,osl_siamese_cnn,14e19a945abab32e7aaef45332f91a4cb4eeea4017e614b58cc0dcf8d12dbcce
6,famous_le_10m,11,1.0,1.0,8,osl_siamese_cnn,14e19a945abab32e7aaef45332f91a4cb4eeea4017e614b58cc0dcf8d12dbcce
6,famous_le_10m,12,1.0,1.0,8,osl_siamese_cnn,14e19a945abab32e7aaef45332f91a4cb4eeea4017e614b58cc0dcf8d12dbcce
6,famous_le_10m,13,1.0,1.0,8,osl_siamese_cnn,14e19a945abab32e7aaef45332f91a4cb4eeea4017e614b58cc0dcf8d12dbcce
6,famous_le_10m,14,1.0,1.0,8,osl_siamese_cnn,14e19a945abab32e7aaef45332f91a4cb4eeea4017e614b58cc0dcf8d12dbcce
6,famous_le_10m,15,1.0,1.0,8,osl_siamese_cnn,14e19a945abab32e7aaef45332f91a4cb4eeea4017e614b58cc0dcf8d12dbcce
6,famous_le_10m,16,1.0,1.0,8,osl_siamese_cnn,14e19a945abab32e7aaef45332f91a4cb4eeea4017e614b58cc0dcf8d12dbcce
6,famous_le_10m,17,1.0,1.0,8,osl_siamese_cnn,14e19a945abab32e7aaef45332f91a4cb4eeea4017e614b58cc0dcf8d12dbcce
6,famous_le_10m,18,1.0,1.0,8,osl_siamese_cnn,14e19a945abab32e7aaef45332f91a4cb4eeea4017e614b58cc0dcf8d12dbcce
6,famous_le_10m,19,1.0,1.0,8,osl_siamese_cnn,14e19a945abab32e7aaef45332f91a4cb4eeea4017e614b58cc0dcf8d12dbcce
6,famous_le_10m,20,1.0,1.0,8,osl_siamese_cnn,14e19a945abab32e7aaef45332f91a4cb4eeea4017e614b58cc0dcf8d12dbcce
6,famous_le_10m,21,1.0,1.0,8,osl_siamese_cnn,14e19a945abab32e7aaef45332f91a4cb4eeea4017e614b58cc0dcf8d12dbcce
6,famous_le_10m,22,1.0,1.0,8,osl_siamese_cnn,14e19a945abab32e7aaef45332f91a4cb4eeea4017e614b58cc0dcf8d12dbcce
6,famous_le_10m,23,1.0,1.0,8,osl_siamese_cnn,14e19a945abab32e7aaef45332f91a4cb4eeea4017e614b58cc0dcf8d12dbcce
6,famous_le_100m,0,1.0,1.0,8,osl_siamese_cnn,14e19a945abab32e7aaef45332f91a4cb4eeea4017e614b58cc0dcf8d12dbcce
6,famous_le_100m,1,0.0,0.0,8,osl_siamese_cnn,14e19a945abab32e7aaef45332f91a4cb4eeea4017e614b58cc0dcf8d12dbcce
6,famous_le_100m,2,0.0,0.0,8,osl_siamese_cnn,14e19a945abab32e7aaef45332f91a4cb4eeea4017e614b58cc0dcf8d12dbcce
6,famous_le_100m,3,0.0,0.0,8,osl_siamese_cnn,14e19a945abab32e7aaef45332f91a4cb4eeea4017e614b58cc0dcf8d12dbcce
6,famous_le_100m,4,0.0,0.0,8,osl_siamese_cnn,14e19a945abab32e7aaef45332f91a4cb4eeea4017e614b58cc0dcf8d12dbcce
6,famous_le_100m,5,0.0,0.0,8,osl_siamese_cnn,14e19a945abab32e7aaef45332f91a4cb4eeea4017e614b58cc0dcf8d12dbcce
6,famous_le_100m,6,0.07142857142857142,0.07142857142857142,8,osl_siamese_cnn,14e19a945abab32e7aaef45332f91a4cb4eeea4017e614b58cc0dcf8d12dbcce
6,famous_le_100m,7,0.07142857142857142,0.07142857142857142,8,osl_siamese_cnn,14e19a945abab32e7aaef45332f91a4cb4eeea4017e614b58cc0dcf8d12dbcce
6,famous_le_100m,8,0.6428571428571429,0.7857142857142857,8,osl_siamese_cnn,14e19a945abab32e7aaef45332f91a4cb4eeea4017e614b58cc0dcf8d12dbcce
6,famous_le_100m,9,0.8571428571428571,0.8571428571428571,8,osl_siamese_cnn,14e19a945abab32e7aaef45332f91a4cb4eeea4017e614b58cc0dcf8d12dbcce
6,famous_le_100m,10,0.8571428571428571,0.8571428571428571,8,osl_siamese_cnn,14e19a945abab32e7aaef45332f91a4cb4eeea4017e614b58cc0dcf8d12dbcce
6,famous_le_100m,11,0.8571428571428571,0.8571428571428571,8,osl_siamese_cnn,14e19a945abab32e7aaef45332f91a4cb4eeea4017e614b58cc0dcf8d12dbcce
6,famous_le_100m,12,0.8571428571428571,0.8571428571428571,8,osl_siamese_cnn,14e19a945abab32e7aaef45332f91a4cb4eeea4017e614b58cc0dcf8d12dbcce
6,famous_le_100m,13,0.9285714285714286,0.9285714285714286,8,osl_siamese_cnn,14e19a945abab32e7aaef45332f91a4cb4eeea4017e614b58cc0dcf8d12dbcce
6,famous_le_100m,14,0.9285714285714286,0.9285714285714286,8,osl_siamese_cnn,14e19a945abab32e7aaef45332f91a4cb4eeea4017e614b58cc0dcf8d12dbcce
6,famous_le_100m,15,0.9285714285714286,0.9285714285714286,8,osl_siamese_cnn,14e19a945abab32e7aaef45332f91a4cb4eeea4017e614b58cc0dcf8d12dbcce
6,famous_le_100m,16,1.0,1.0,8,osl_siamese_cnn,14e19a945abab32e7aaef45332f91a4cb4eeea4017e614b58cc0dcf8d12dbcce
6,famous_le_100m,17,1.0,1.0,8,osl_siamese_cnn,14e19a945abab32e7aaef45332f91a4cb4eeea4017e614b58cc0dcf8d12dbcce
6,famous_le_100m,18,1.0,1.0,8,osl_siamese_cnn,14e19a945abab32e7aaef45332f91a4cb4eeea4017e614b58cc0dcf8d12dbcce
6,famous_le_100m,19,1.0,1.0,8,osl_siamese_cnn,14e19a945abab32e7aaef45332f91a4cb4eeea4017e614b58cc0dcf8d12dbcce
6,famous_le_100m,20,1.0,1.0,8,osl_siamese_cnn,14e19a945abab32e7aaef45332f91a4cb4eeea4017e614b58cc0dcf8d12dbcce
6,famous_le_100m,21,1.0,1.0,8,osl_siamese_cnn,14e19a945abab32e7aaef45332f91a4cb4eeea4017e614b58cc0dcf8d12dbcce
6,famous_le_100m,22,1.0,1.0,8,osl_siamese_cnn,14e19a945abab32e7aaef45332f91a4cb4eeea4017e614b58cc0dcf8d12dbcce
6,famous_le_100m,23,1.0,1.0,8,osl_siamese_cnn,14e19a945abab32e7aaef45332f91a4cb4eeea4017e614b58cc0dcf8d12dbcce
7,torch_pretrained_classification,0,0.975,0.975,8,osl_siamese_cnn,d81b0531562baf006a64a685ee64bfca7931381cfca9f8356467f2efeca2176c
7,famous_le_10m,0,1.0,1.0,8,osl_siamese_cnn,d81b0531562baf006a64a685ee64bfca7931381cfca9f8356467f2efeca2176c
7,famous_le_10m,1,0.0,0.0,8,osl_siamese_cnn,d81b0531562baf006a64a685ee64bfca7931381cfca9f8356467f2efeca2176c
7,famous_le_10m,2,0.0,0.0,8,osl_siamese_cnn,d81b0531562baf006a64a685ee64bfca7931381cfca9f8356467f2efeca2176c
7,famous_le_10m,3,0.0,0.0,8,osl_siamese_cnn,d81b0531562baf006a64a685ee64bfca7931381cfca9f8356467f2efeca2176c
7,famous_le_10m,4,0.0,0.0,8,osl_siamese_cnn,d81b0531562baf006a64a685ee64bfca7931381cfca9f8356467f2efeca2176c
7,famous_le_10m,5,0.0,0.0,8,osl_siamese_cnn,d81b0531562baf006a64a685ee64bfca7931381cfca9f8356467f2efeca2176c
7,famous_le_10m,6,0.0,0.0,8,osl_siamese_cnn,d81b0531562baf006a64a685ee64bfca7931381cfca9f8356467f2efeca2176c
7,famous_le_10m,7,0.4,0.2,8,osl_siamese_cnn,d81b0531562baf006a64a685ee64bfca7931381cfca9f8356467f2efeca2176c
7,famous_le_10m,8,1.0,1.0,8,osl_siamese_cnn,d81b0531562baf006a64a685ee64bfca7931381cfca9f8356467f2efeca2176c
7,famous_le_10m,9,1.0,1.0,8,osl_siamese_cnn,d81b0531562baf006a64a685ee64bfca7931381cfca9f8356467f2efeca2176c
7,famous_le_10m,10,1.0,1.0,8,osl_siamese_cnn,d81b0531562baf006a64a685ee64bfca7931381cfca9f8356467f2efeca2176c
7,famous_le_10m,11,1.0,1.0,8,osl_siamese_cnn,d81b0531562baf006a64a685ee64bfca7931381cfca9f8356467f2efeca2176c
7,famous_le_10m,12,1.0,1.0,8,osl_siamese_cnn,d81b0531562baf006a64a685ee64bfca7931381cfca9f8356467f2efeca2176c
7,famous_le_10m,13,1.0,1.0,8,osl_siamese_cnn,d81b0531562baf006a64a685ee64bfca7931381cfca9f8356467f2efeca2176c
7,famous_le_10m,14,1.0,1.0,8,osl_siamese_cnn,d81b0531562baf006a64a685ee64bfca7931381cfca9f8356467f2efeca2176c
7,famous_le_10m,15,1.0,1.0,8,osl_siamese_cnn,d81b0531562baf006a64a685ee64bfca7931381cfca9f8356467f2efeca2176c
7,famous_le_10m,16,1.0,1.0,8,osl_siamese_cnn,d81b0531562baf006a64a685ee64bfca7931381cfca9f8356467f2efeca2176c
7,famous_le_10m,17,1.0,1.0,8,osl_siamese_cnn,d81b0531562baf006a64a685ee64bfca7931381cfca9f8356467f2efeca2176c
7,famous_le_10m,18,1.0,1.0,8,osl_siamese_cnn,d81b0531562baf006a64a685ee64bfca7931381cfca9f8356467f2efeca2176c
7,famous_le_10m,19,1.0,1.0,8,osl_siamese_cnn,d81b0531562baf006a64a685ee64bfca7931381cfca9f8356467f2efeca2176c
7,famous_le_10m,20,1.0,1.0,8,osl_siamese_cnn,d81b0531562baf006a64a685ee64bfca7931381cfca9f8356467f2efeca2176c
7,famous_le_10m,21,1.0,1.0,8,osl_siamese_cnn,d81b0531562baf006a64a685ee64bfca7931381cfca9f8356467f2efeca2176c
7,famous_le_10m,22,1.0,1.0,8,osl_siamese_cnn,d81b0531562baf006a64a685ee64bfca7931381cfca9f8356467f2efeca2176c
7,famous_le_10m,23,1.0,1.0,8,osl_siamese_cnn,d81b0531562baf006a64a685ee64bfca7931381cfca9f8356467f2efeca2176c
7,famous_le_100m,0,1.0,1.0,8,osl_siamese_cnn,d81b0531562baf006a64a685ee64bfca7931381cfca9f8356467f2efeca2176c
7,famous_le_100m,1,0.0,0.0,8,osl_siamese_cnn,d81b0531562baf006a64a685ee64bfca7931381cfca9f8356467f2efeca2176c
7,famous_le_100m,2,0.0,0.0,8,osl_siamese_cnn,d81b0531562baf006a64a685ee64bfca7931381cfca9f8356467f2efeca2176c
7,famous_le_100m,3,0.0,0.0,8,osl_siamese_cnn,d81b0531562baf006a64a685ee64bfca7931381cfca9f8356467f2efeca2176c
7,famous_le_100m,4,0.0,0.0,8,osl_siamese_cnn,d81b0531562baf006a64a685ee64bfca7931381cfca9f8356467f2efeca2176c
7,famous_le_100m,5,0.0,0.0,8,osl_siamese_cnn,d81b0531562baf006a64a685ee64bfca7931381cfca9f8356467f2efeca2176c
7,famous_le_100m,6,0.0,0.0,8,osl_siamese_cnn,d81b0531562baf006a64a685ee64bfca7931381cfca9f8356467f2efeca2176c
7,famous_le_100m,7,0.0,0.0,8,osl_siamese_cnn,d81b0531562baf006a64a685ee64bfca7931381cfca9f8356467f2efeca2176c
7,famous_le_100m,8,0.42857142857142855,0.42857142857142855,8,osl_siamese_cnn,d81b0531562baf006a64a685ee64bfca7931381cfca9f8356467f2efeca2176c
7,famous_le_100m,9,0.42857142857142855,0.42857142857142855,8,osl_siamese_cnn,d81b0531562baf006a64a685ee64bfca7931381cfca9f8356467f2efeca2176c
7,famous_le_100m,10,0.42857142857142855,0.42857142857142855,8,osl_siamese_cnn,d81b0531562baf006a64a685ee64bfca7931381cfca9f8356467f2efeca2176c
7,famous_le_100m,11,0.42857142857142855,0.42857142857142855,8,osl_siamese_cnn,d81b0531562baf006a64a685ee64bfca7931381cfca9f8356467f2efeca2176c
7,famous_le_100m,12,0.42857142857142855,0.42857142857142855,8,osl_siamese_cnn,d81b0531562baf006a64a685ee64bfca7931381cfca9f8356467f2efeca2176c
7,famous_le_100m,13,0.5714285714285714,0.5714285714285714,8,osl_siamese_cnn,d81b0531562baf006a64a685ee64bfca7931381cfca9f8356467f2efeca2176c
7,famous_le_100m,14,0.7142857142857143,0.7142857142857143,8,osl_siamese_cnn,d81b0531562baf006a64a685ee64bfca7931381cfca9f8356467f2efeca2176c
7,famous_le_100m,15,0.7857142857142857,0.7857142857142857,8,osl_siamese_cnn,d81b0531562baf006a64a685ee64bfca7931381cfca9f8356467f2efeca2176c
7,famous_le_100m,16,0.8571428571428571,0.8571428571428571,8,osl_siamese_cnn,d81b0531562baf006a64a685ee64bfca7931381cfca9f8356467f2efeca2176c
7,famous_le_100m,17,0.8571428571428571,0.8571428571428571,8,osl_siamese_cnn,d81b0531562baf006a64a685ee64bfca7931381cfca9f8356467f2efeca2176c
7,famous_le_100m,18,0.8571428571428571,0.8571428571428571,8,osl_siamese_cnn,d81b0531562baf006a64a685ee64bfca7931381cfca9f8356467f2efeca2176c
7,famous_le_100m,19,0.8571428571428571,0.8571428571428571,8,osl_siamese_cnn,d81b0531562baf006a64a685ee64bfca7931381cfca9f8356467f2efeca2176c
7,famous_le_100m,20,0.8571428571428571,0.8571428571428571,8,osl_siamese_cnn,d81b0531562baf006a64a685ee64bfca7931381cfca9f8356467f2efeca2176c
7,famous_le_100m,21,0.8571428571428571,0.8571428571428571,8,osl_siamese_cnn,d81b0531562baf006a64a685ee64bfca7931381cfca9f8356467f2efeca2176c
7,famous_le_100m,22,0.9285714285714286,0.9285714285714286,8,osl_siamese_cnn,d81b0531562baf006a64a685ee64bfca7931381cfca9f8356467f2efeca2176c
7,famous_le_100m,23,1.0,1.0,8,osl_siamese_cnn,d81b0531562baf006a64a685ee64bfca7931381cfca9f8356467f2efeca2176c
8,torch_pretrained_classification,0,0.975,0.975,8,osl_siamese_cnn,c22864174aa5d6ae032a6ddbc536fe2c267d745ea5eb561543b073ddd61e1609
8,famous_le_10m,0,1.0,1.0,8,osl_siamese_cnn,c22864174aa5d6ae032a6ddbc536fe2c267d745ea5eb561543b073ddd61e1609
8,famous_le_10m,1,0.0,0.0,8,osl_siamese_cnn,c22864174aa5d6ae032a6ddbc536fe2c267d745ea5eb561543b073ddd61e1609
8,famous_le_10m,2,0.0,0.0,8,osl_siamese_cnn,c22864174aa5d6ae032a6ddbc536fe2c267d745ea5eb561543b073ddd61e1609
8,famous_le_10m,3,0.0,0.0,8,osl_siamese_cnn,c22864174aa5d6ae032a6ddbc536fe2c267d745ea5eb561543b073ddd61e1609
8,famous_le_10m,4,0.0,0.0,8,osl_siamese_cnn,c22864174aa5d6ae032a6ddbc536fe2c267d745ea5eb561543b073ddd61e1609
8,famous_le_10m,5,0.0,0.0,8,osl_siamese_cnn,c22864174aa5d6ae032a6ddbc536fe2c267d745ea5eb561543b073ddd61e1609
8,famous_le_10m,6,0.0,0.0,8,osl_siamese_cnn,c22864174aa5d6ae032a6ddbc536fe2c267d745ea5eb561543b073ddd61e1609
8,famous_le_10m,7,0.0,0.0,8,osl_siamese_cnn,c22864174aa5d6ae032a6ddbc536fe2c267d745ea5eb561543b073ddd61e1609
8,famous_le_10m,8,1.0,1.0,8,osl_siamese_cnn,c22864174aa5d6ae032a6ddbc536fe2c267d745ea5eb561543b073ddd61e1609
8,famous_le_10m,9,0.2,0.2,8,osl_siamese_cnn,c22864174aa5d6ae032a6ddbc536fe2c267d745ea5eb561543b073ddd61e1609
8,famous_le_10m,10,0.4,0.4,8,osl_siamese_cnn,c22864174aa5d6ae032a6ddbc536fe2c267d745ea5eb561543b073ddd61e1609
8,famous_le_10m,11,0.4,0.4,8,osl_siamese_cnn,c22864174aa5d6ae032a6ddbc536fe2c267d745ea5eb561543b073ddd61e1609
8,famous_le_10m,12,0.4,0.4,8,osl_siamese_cnn,c22864174aa5d6ae032a6ddbc536fe2c267d745ea5eb561543b073ddd61e1609
8,famous_le_10m,13,0.4,0.4,8,osl_siamese_cnn,c22864174aa5d6ae032a6ddbc536fe2c267d745ea5eb561543b073ddd61e1609
8,famous_le_10m,14,0.4,0.4,8,osl_siamese_cnn,c22864174aa5d6ae032a6ddbc536fe2c267d745ea5eb561543b073ddd61e1609
8,famous_le_10m,15,0.4,0.4,8,osl_siamese_cnn,c22864174aa5d6ae032a6ddbc536fe2c267d745ea5eb561543b073ddd61e1609
8,famous_le_10m,16,0.4,0.4,8,osl_siamese_cnn,c22864174aa5d6ae032a6ddbc536fe2c267d745ea5eb561543b073ddd61e1609
8,famous_le_10m,17,0.2,0.2,8,osl_siamese_cnn,c22864174aa5d6ae032a6ddbc536fe2c267d745ea5eb561543b073ddd61e1609
8,famous_le_10m,18,0.2,0.2,8,osl_siamese_cnn,c22864174aa5d6ae032a6ddbc536fe2c267d745ea5eb561543b073ddd61e1609
8,famous_le_10m,19,0.0,0.0,8,osl_siamese_cnn,c22864174aa5d6ae032a6ddbc536fe2c267d745ea5eb561543b073ddd61e1609
8,famous_le_10m,20,0.2,0.2,8,osl_siamese_cnn,c22864174aa5d6ae032a6ddbc536fe2c267d745ea5eb561543b073ddd61e1609
8,famous_le_10m,21,0.0,0.0,8,osl_siamese_cnn,c22864174aa5d6ae032a6ddbc536fe2c267d745ea5eb561543b073ddd61e1609
8,famous_le_10m,22,0.0,0.0,8,osl_siamese_cnn,c22864174aa5d6ae032a6ddbc536fe2c267d745ea5eb561543b073ddd61e1609
8,famous_le_10m,23,0.0,0.0,8,osl_siamese_cnn,c22864174aa5d6ae032a6ddbc536fe2c267d745ea5eb561543b073ddd61e1609
8,famous_le_100m,0,1.0,1.0,8,osl_siamese_cnn,c22864174aa5d6ae032a6ddbc536fe2c267d745ea5eb561543b073ddd61e1609
8,famous_le_100m,1,0.0,0.0,8,osl_siamese_cnn,c22864174aa5d6ae032a6ddbc536fe2c267d745ea5eb561543b073ddd61e1609
8,famous_le_100m,2,0.0,0.0,8,osl_siamese_cnn,c22864174aa5d6ae032a6ddbc536fe2c267d745ea5eb561543b073ddd61e1609
8,famous_le_100m,3,0.0,0.0,8,osl_siamese_cnn,c22864174aa5d6ae032a6ddbc536fe2c267d745ea5eb561543b073ddd61e1609
8,famous_le_100m,4,0.0,0.0,8,osl_siamese_cnn,c22864174aa5d6ae032a6ddbc536fe2c267d745ea5eb561543b073ddd61e1609
8,famous_le_100m,5,0.0,0.0,8,osl_siamese_cnn,c22864174aa5d6ae032a6ddbc536fe2c267d745ea5eb561543b073ddd61e1609
8,famous_le_100m,6,0.0,0.0,8,osl_siamese_cnn,c22864174aa5d6ae032a6ddbc536fe2c267d745ea5eb561543b073ddd61e1609
8,famous_le_100m,7,0.0,0.0,8,osl_siamese_cnn,c22864174aa5d6ae032a6ddbc536fe2c267d745ea5eb561543b073ddd61e1609
8,famous_le_100m,8,0.2857142857142857,0.2857142857142857,8,osl_siamese_cnn,c22864174aa5d6ae032a6ddbc536fe2c267d745ea5eb561543b073ddd61e1609
8,famous_le_100m,9,0.42857142857142855,0.42857142857142855,8,osl_siamese_cnn,c22864174aa5d6ae032a6ddbc536fe2c267d745ea5eb561543b073ddd61e1609
8,famous_le_100m,10,0.42857142857142855,0.42857142857142855,8,osl_siamese_cnn,c22864174aa5d6ae032a6ddbc536fe2c267d745ea5eb561543b073ddd61e1609
8,famous_le_100m,11,0.42857142857142855,0.42857142857142855,8,osl_siamese_cnn,c22864174aa5d6ae032a6ddbc536fe2c267d745ea5eb561543b073ddd61e1609
8,famous_le_100m,12,0.42857142857142855,0.42857142857142855,8,osl_siamese_cnn,c22864174aa5d6ae032a6ddbc536fe2c267d745ea5eb561543b073ddd61e1609
8,famous_le_100m,13,0.5,0.5,8,osl_siamese_cnn,c22864174aa5d6ae032a6ddbc536fe2c267d745ea5eb561543b073ddd61e1609
8,famous_le_100m,14,0.35714285714285715,0.35714285714285715,8,osl_siamese_cnn,c22864174aa5d6ae032a6ddbc536fe2c267d745ea5eb561543b073ddd61e1609
8,famous_le_100m,15,0.21428571428571427,0.21428571428571427,8,osl_siamese_cnn,c22864174aa5d6ae032a6ddbc536fe2c267d745ea5eb561543b073ddd61e1609
8,famous_le_100m,16,0.0,0.0,8,osl_siamese_cnn,c22864174aa5d6ae032a6ddbc536fe2c267d745ea5eb561543b073ddd61e1609
8,famous_le_100m,17,0.14285714285714285,0.07142857142857142,8,osl_siamese_cnn,c22864174aa5d6ae032a6ddbc536fe2c267d745ea5eb561543b073ddd61e1609
8,famous_le_100m,18,0.14285714285714285,0.14285714285714285,8,osl_siamese_cnn,c22864174aa5d6ae032a6ddbc536fe2c267d745ea5eb561543b073ddd61e1609
8,famous_le_100m,19,0.2857142857142857,0.2857142857142857,8,osl_siamese_cnn,c22864174aa5d6ae032a6ddbc536fe2c267d745ea5eb561543b073ddd61e1609
8,famous_le_100m,20,0.35714285714285715,0.35714285714285715,8,osl_siamese_cnn,c22864174aa5d6ae032a6ddbc536fe2c267d745ea5eb561543b073ddd61e1609
8,famous_le_100m,21,0.5714285714285714,0.5714285714285714,8,osl_siamese_cnn,c22864174aa5d6ae032a6ddbc536fe2c267d745ea5eb561543b073ddd61e1609
8,famous_le_100m,22,0.7142857142857143,0.7142857142857143,8,osl_siamese_cnn,c22864174aa5d6ae032a6ddbc536fe2c267d745ea5eb561543b073ddd61e1609
8,famous_le_100m,23,0.9285714285714286,0.9285714285714286,8,osl_siamese_cnn,c22864174aa5d6ae032a6ddbc536fe2c267d745ea5eb561543b073ddd61e1609
9,torch_pretrained_classification,0,0.975,0.975,8,osl_siamese_cnn,82ddb1f8b72e90ae0effd020f1db90bd3c480361d9dcbf2a4818bd5235aa933f
9,famous_le_10m,0,1.0,1.0,8,osl_siamese_cnn,82ddb1f8b72e90ae0effd020f1db90bd3c480361d9dcbf2a4818bd5235aa933f
9,famous_le_10m,1,0.0,0.0,8,osl_siamese_cnn,82ddb1f8b72e90ae0effd020f1db90bd3c480361d9dcbf2a4818bd5235aa933f
9,famous_le_10m,2,0.0,0.0,8,osl_siamese_cnn,82ddb1f8b72e90ae0effd020f1db90bd3c480361d9dcbf2a4818bd5235aa933f
9,famous_le_10m,3,0.0,0.0,8,osl_siamese_cnn,82ddb1f8b72e90ae0effd020f1db90bd3c480361d9dcbf2a4818bd5235aa933f
9,famous_le_10m,4,0.0,0.0,8,osl_siamese_cnn,82ddb1f8b72e90ae0effd020f1db90bd3c480361d9dcbf2a4818bd5235aa933f
9,famous_le_10m,5,0.0,0.0,8,osl_siamese_cnn,82ddb1f8b72e90ae0effd020f1db90bd3c480361d9dcbf2a4818bd5235aa933f
9,famous_le_10m,6,0.0,0.0,8,osl_siamese_cnn,82ddb1f8b72e90ae0effd020f1db90bd3c480361d9dcbf2a4818bd5235aa933f
9,famous_le_10m,7,0.4,0.4,8,osl_siamese_cnn,82ddb1f8b72e90ae0effd020f1db90bd3c480361d9dcbf2a4818bd5235aa933f
9,famous_le_10m,8,1.0,1.0,8,osl_siamese_cnn,82ddb1f8b72e90ae0effd020f1db90bd3c480361d9dcbf2a4818bd5235aa933f
9,famous_le_10m,9,1.0,1.0,8,osl_siamese_cnn,82ddb1f8b72e90ae0effd020f1db90bd3c480361d9dcbf2a4818bd5235aa933f
9,famous_le_10m,10,1.0,1.0,8,osl_siamese_cnn,82ddb1f8b72e90ae0effd020f1db90bd3c480361d9dcbf2a4818bd5235aa933f
9,famous_le_10m,11,1.0,1.0,8,osl_siamese_cnn,82ddb1f8b72e90ae0effd020f1db90bd3c480361d9dcbf2a4818bd5235aa933f
9,famous_le_10m,12,1.0,1.0,8,osl_siamese_cnn,82ddb1f8b72e90ae0effd020f1db90bd3c480361d9dcbf2a4818bd5235aa933f
9,famous_le_10m,13,1.0,1.0,8,osl_siamese_cnn,82ddb1f8b72e90ae0effd020f1db90bd3c480361d9dcbf2a4818bd5235aa933f
9,famous_le_10m,14,1.0,1.0,8,osl_siamese_cnn,82ddb1f8b72e90ae0effd020f1db90bd3c480361d9dcbf2a4818bd5235aa933f
9,famous_le_10m,15,1.0,1.0,8,osl_siamese_cnn,82ddb1f8b72e90ae0effd020f1db90bd3c480361d9dcbf2a4818bd5235aa933f
9,famous_le_10m,16,1.0,1.0,8,osl_siamese_cnn,82ddb1f8b72e90ae0effd020f1db90bd3c480361d9dcbf2a4818bd5235aa933f
9,famous_le_10m,17,1.0,1.0,8,osl_siamese_cnn,82ddb1f8b72e90ae0effd020f1db90bd3c480361d9dcbf2a4818bd5235aa933f
9,famous_le_10m,18,1.0,1.0,8,osl_siamese_cnn,82ddb1f8b72e90ae0effd020f1db90bd3c480361d9dcbf2a4818bd5235aa933f
9,famous_le_10m,19,1.0,1.0,8,osl_siamese_cnn,82ddb1f8b72e90ae0effd020f1db90bd3c480361d9dcbf2a4818bd5235aa933f
9,famous_le_10m,20,1.0,1.0,8,osl_siamese_cnn,82ddb1f8b72e90ae0effd020f1db90bd3c480361d9dcbf2a4818bd5235aa933f
9,famous_le_10m,21,1.0,1.0,8,osl_siamese_cnn,82ddb1f8b72e90ae0effd020f1db90bd3c480361d9dcbf2a4818bd5235aa933f
9,famous_le_10m,22,1.0,1.0,8,osl_siamese_cnn,82ddb1f8b72e90ae0effd020f1db90bd3c480361d9dcbf2a4818bd5235aa933f
9,famous_le_10m,23,1.0,1.0,8,osl_siamese_cnn,82ddb1f8b72e90ae0effd020f1db90bd3c480361d9dcbf2a4818bd5235aa933f
9,famous_le_100m,0,1.0,1.0,8,osl_siamese_cnn,82ddb1f8b72e90ae0effd020f1db90bd3c480361d9dcbf2a4818bd5235aa933f
9,famous_le_100m,1,0.0,0.0,8,osl_siamese_cnn,82ddb1f8b72e90ae0effd020f1db90bd3c480361d9dcbf2a4818bd5235aa933f
9,famous_le_100m,2,0.0,0.0,8,osl_siamese_cnn,82ddb1f8b72e90ae0effd020f1db90bd3c480361d9dcbf2a4818bd5235aa933f
9,famous_le_100m,3,0.0,0.0,8,osl_siamese_cnn,82ddb1f8b72e90ae0effd020f1db90bd3c480361d9dcbf2a4818bd5235aa933f
9,famous_le_100m,4,0.0,0.0,8,osl_siamese_cnn,82ddb1f8b72e90ae0effd020f1db90bd3c480361d9dcbf2a4818bd5235aa933f
9,famous_le_100m,5,0.0,0.0,8,osl_siamese_cnn,82ddb1f8b72e90ae0effd020f1db90bd3c480361d9dcbf2a4818bd5235aa933f
9,famous_le_100m,6,0.0,0.0,8,osl_siamese_cnn,82ddb1f8b72e90ae0effd020f1db90bd3c480361d9dcbf2a4818bd5235aa933f
9,famous_le_100m,7,0.07142857142857142,0.07142857142857142,8,osl_siamese_cnn,82ddb1f8b72e90ae0effd020f1db90bd3c480361d9dcbf2a4818bd5235aa933f
9,famous_le_100m,8,0.2857142857142857,0.2857142857142857,8,osl_siamese_cnn,82ddb1f8b72e90ae0effd020f1db90bd3c480361d9dcbf2a4818bd5235aa933f
9,famous_le_100m,9,0.42857142857142855,0.42857142857142855,8,osl_siamese_cnn,82ddb1f8b72e90ae0effd020f1db90bd3c480361d9dcbf2a4818bd5235aa933f
9,famous_le_100m,10,0.42857142857142855,0.42857142857142855,8,osl_siamese_cnn,82ddb1f8b72e90ae0effd020f1db90bd3c480361d9dcbf2a4818bd5235aa933f
9,famous_le_100m,11,0.42857142857142855,0.42857142857142855,8,osl_siamese_cnn,82ddb1f8b72e90ae0effd020f1db90bd3c480361d9dcbf2a4818bd5235aa933f
9,famous_le_100m,12,0.42857142857142855,0.42857142857142855,8,osl_siamese_cnn,82ddb1f8b72e90ae0effd020f1db90bd3c480361d9dcbf2a4818bd5235aa933f
9,famous_le_100m,13,0.7142857142857143,0.6428571428571429,8,osl_siamese_cnn,82ddb1f8b72e90ae0effd020f1db90bd3c480361d9dcbf2a4818bd5235aa933f
9,famous_le_100m,14,0.7857142857142857,0.7857142857142857,8,osl_siamese_cnn,82ddb1f8b72e90ae0effd020f1db90bd3c480361d9dcbf2a4818bd5235aa933f
9,famous_le_100m,15,0.9285714285714286,0.8571428571428571,8,osl_siamese_cnn,82ddb1f8b72e90ae0effd020f1db90bd3c480361d9dcbf2a4818bd5235aa933f
9,famous_le_100m,16,0.9285714285714286,0.9285714285714286,8,osl_siamese_cnn,82ddb1f8b72e90ae0effd020f1db90bd3c480361d9dcbf2a4818bd5235aa933f
9,famous_le_100m,17,1.0,1.0,8,osl_siamese_cnn,82ddb1f8b72e90ae0effd020f1db90bd3c480361d9dcbf2a4818bd5235aa933f
9,famous_le_100m,18,1.0,1.0,8,osl_siamese_cnn,82ddb1f8b72e90ae0effd020f1db90bd3c480361d9dcbf2a4818bd5235aa933f
9,famous_le_100m,19,1.0,1.0,8,osl_siamese_cnn,82ddb1f8b72e90ae0effd020f1db90bd3c480361d9dcbf2a4818bd5235aa933f
9,famous_le_100m,20,1.0,1.0,8,osl_siamese_cnn,82ddb1f8b72e90ae0effd020f1db90bd3c480361d9dcbf2a4818bd5235aa933f
9,famous_le_100m,21,1.0,1.0,8,osl_siamese_cnn,82ddb1f8b72e90ae0effd020f1db90bd3c480361d9dcbf2a4818bd5235aa933f
9,famous_le_100m,22,1.0,1.0,8,osl_siamese_cnn,82ddb1f8b72e90ae0effd020f1db90bd3c480361d9dcbf2a4818bd5235aa933f
9,famous_le_100m,23,1.0,1.0,8,osl_siamese_cnn,82ddb1f8b72e90ae0effd020f1db90bd3c480361d9dcbf2a4818bd5235aa933f
