run num,mc,lsb,test_acc_centroid,test_acc_nn,model_lsb,model_arch,model_sha256
0,torch_pretrained_classification,0,0.35,0.2875,1,osl_siamese_cnn,db5f88b83a794f3c82f7afe0fabf42be2da7196ec9e8f59d0c328dad35df8160
0,famous_le_10m,0,0.0,0.8,1,osl_siamese_cnn,db5f88b83a794f3c82f7afe0fabf42be2da7196ec9e8f59d0c328dad35df8160
0,famous_le_10m,1,1.0,0.2,1,osl_siamese_cnn,db5f88b83a794f3c82f7afe0fabf42be2da7196ec9e8f59d0c328dad35df8160
0,famous_le_10m,2,1.0,0.2,1,osl_siamese_cnn,db5f88b83a794f3c82f7afe0fabf42be2da7196ec9e8f59d0c328dad35df8160
0,famous_le_10m,3,1.0,0.2,1,osl_siamese_cnn,db5f88b83a794f3c82f7afe0fabf42be2da7196ec9e8f59d0c328dad35df8160
0,famous_le_10m,4,1.0,0.0,1,osl_siamese_cnn,db5f88b83a794f3c82f7afe0fabf42be2da7196ec9e8f59d0c328dad35df8160
0,famous_le_10m,5,1.0,0.0,1,osl_siamese_cnn,db5f88b83a794f3c82f7afe0fabf42be2da7196ec9e8f59d0c328dad35df8160
0,famous_le_10m,6,0.8,0.2,1,osl_siamese_cnn,db5f88b83a794f3c82f7afe0fabf42be2da7196ec9e8f59d0c328dad35df8160
0,famous_le_10m,7,0.8,0.4,1,osl_siamese_cnn,db5f88b83a794f3c82f7afe0fabf42be2da7196ec9e8f59d0c328dad35df8160
0,famous_le_10m,8,0.0,0.8,1,osl_siamese_cnn,db5f88b83a794f3c82f7afe0fabf42be2da7196ec9e8f59d0c328dad35df8160
0,famous_le_10m,9,0.0,0.8,1,osl_siamese_cnn,db5f88b83a794f3c82f7afe0fabf42be2da7196ec9e8f59d0c328dad35df8160
0,famous_le_10m,10,0.2,0.8,1,osl_siamese_cnn,db5f88b83a794f3c82f7afe0fabf42be2da7196ec9e8f59d0c328dad35df8160
0,famous_le_10m,11,0.4,0.8,1,osl_siamese_cnn,db5f88b83a794f3c82f7afe0fabf42be2da7196ec9e8f59d0c328dad35df8160
0,famous_le_10m,12,0.8,0.4,1,osl_siamese_cnn,db5f88b83a794f3c82f7afe0fabf42be2da7196ec9e8f59d0c328dad35df8160
0,famous_le_10m,13,0.6,0.6,1,osl_siamese_cnn,db5f88b83a794f3c82f7afe0fabf42be2da7196ec9e8f59d0c328dad35df8160
0,famous_le_10m,14,1.0,0.4,1,osl_siamese_cnn,db5f88b83a794f3c82f7afe0fabf42be2da7196ec9e8f59d0c328dad35df8160
0,famous_le_10m,15,1.0,0.4,1,osl_siamese_cnn,db5f88b83a794f3c82f7afe0fabf42be2da7196ec9e8f59d0c328dad35df8160
0,famous_le_10m,16,1.0,1.0,1,osl_siamese_cnn,db5f88b83a794f3c82f7afe0fabf42be2da7196ec9e8f59d0c328dad35df8160
0,famous_le_10m,17,1.0,0.4,1,osl_siamese_cnn,db5f88b83a794f3c82f7afe0fabf42be2da7196ec9e8f59d0c328dad35df8160
0,famous_le_10m,18,1.0,1.0,1,osl_siamese_cnn,db5f88b83a794f3c82f7afe0fabf42be2da7196ec9e8f59d0c328dad35df8160
0,famous_le_10m,19,1.0,0.4,1,osl_siamese_cnn,db5f88b83a794f3c82f7afe0fabf42be2da7196ec9e8f59d0c328dad35df8160
0,famous_le_10m,20,1.0,1.0,1,osl_siamese_cnn,db5f88b83a794f3c82f7afe0fabf42be2da7196ec9e8f59d0c328dad35df8160
0,famous_le_10m,21,1.0,0.4,1,osl_siamese_cnn,db5f88b83a794f3c82f7afe0fabf42be2da7196ec9e8f59d0c328dad35df8160
0,famous_le_10m,22,1.0,1.0,1,osl_siamese_cnn,db5f88b83a794f3c82f7afe0fabf42be2da7196ec9e8f59d0c328dad35df8160
0,famous_le_10m,23,1.0,1.0,1,osl_siamese_cnn,db5f88b83a794f3c82f7afe0fabf42be2da7196ec9e8f59d0c328dad35df8160
0,famous_le_100m,0,0.5,0.35714285714285715,1,osl_siamese_cnn,db5f88b83a794f3c82f7afe0fabf42be2da7196ec9e8f59d0c328dad35df8160
0,famous_le_100m,1,0.5,0.6428571428571429,1,osl_siamese_cnn,db5f88b83a794f3c82f7afe0fabf42be2da7196ec9e8f59d0c328dad35df8160
0,famous_le_100m,2,0.5,0.6428571428571429,1,osl_siamese_cnn,db5f88b83a794f3c82f7afe0fabf42be2da7196ec9e8f59d0c328dad35df8160
0,famous_le_100m,3,0.5,0.6428571428571429,1,osl_siamese_cnn,db5f88b83a794f3c82f7afe0fabf42be2da7196ec9e8f59d0c328dad35df8160
0,famous_le_100m,4,0.5,0.6428571428571429,1,osl_siamese_cnn,db5f88b83a794f3c82f7afe0fabf42be2da7196ec9e8f59d0c328dad35df8160
0,famous_le_100m,5,0.42857142857142855,0.7142857142857143,1,osl_siamese_cnn,db5f88b83a794f3c82f7afe0fabf42be2da7196ec9e8f59d0c328dad35df8160
0,famous_le_100m,6,0.42857142857142855,0.5714285714285714,1,osl_siamese_cnn,db5f88b83a794f3c82f7afe0fabf42be2da7196ec9e8f59d0c328dad35df8160
0,famous_le_100m,7,0.35714285714285715,0.35714285714285715,1,osl_siamese_cnn,db5f88b83a794f3c82f7afe0fabf42be2da7196ec9e8f59d0c328dad35df8160
0,famous_le_100m,8,0.42857142857142855,0.2857142857142857,1,osl_siamese_cnn,db5f88b83a794f3c82f7afe0fabf42be2da7196ec9e8f59d0c328dad35df8160
0,famous_le_100m,9,0.35714285714285715,0.21428571428571427,1,osl_siamese_cnn,db5f88b83a794f3c82f7afe0fabf42be2da7196ec9e8f59d0c328dad35df8160
0,famous_le_100m,10,0.35714285714285715,0.07142857142857142,1,osl_siamese_cnn,db5f88b83a794f3c82f7afe0fabf42be2da7196ec9e8f59d0c328dad35df8160
0,famous_le_100m,11,0.21428571428571427,0.14285714285714285,1,osl_siamese_cnn,db5f88b83a794f3c82f7afe0fabf42be2da7196ec9e8f59d0c328dad35df8160
0,famous_le_100m,12,0.14285714285714285,0.14285714285714285,1,osl_siamese_cnn,db5f88b83a794f3c82f7afe0fabf42be2da7196ec9e8f59d0c328dad35df8160
0,famous_le_100m,13,0.14285714285714285,0.0,1,osl_siamese_cnn,db5f88b83a794f3c82f7afe0fabf42be2da7196ec9e8f59d0c328dad35df8160
0,famous_le_100m,14,0.14285714285714285,0.0,1,osl_siamese_cnn,db5f88b83a794f3c82f7afe0fabf42be2da7196ec9e8f59d0c328dad35df8160
0,famous_le_100m,15,0.14285714285714285,0.07142857142857142,1,osl_siamese_cnn,db5f88b83a794f3c82f7afe0fabf42be2da7196ec9e8f59d0c328dad35df8160
0,famous_le_100m,16,0.35714285714285715,0.21428571428571427,1,osl_siamese_cnn,db5f88b83a794f3c82f7afe0fabf42be2da7196ec9e8f59d0c328dad35df8160
0,famous_le_100m,17,0.2857142857142857,0.5,1,osl_siamese_cnn,db5f88b83a794f3c82f7afe0fabf42be2da7196ec9e8f59d0c328dad35df8160
0,famous_le_100m,18,0.42857142857142855,0.5,1,osl_siamese_cnn,db5f88b83a794f3c82f7afe0fabf42be2da7196ec9e8f59d0c328dad35df8160
0,famous_le_100m,19,0.5,0.42857142857142855,1,osl_siamese_cnn,db5f88b83a794f3c82f7afe0fabf42be2da7196ec9e8f59d0c328dad35df8160
0,famous_le_100m,20,0.5,0.5,1,osl_siamese_cnn,db5f88b83a794f3c82f7afe0fabf42be2da7196ec9e8f59d0c328dad35df8160
0,famous_le_100m,21,0.5,0.5714285714285714,1,osl_siamese_cnn,db5f88b83a794f3c82f7afe0fabf42be2da7196ec9e8f59d0c328dad35df8160
0,famous_le_100m,22,0.8571428571428571,0.7142857142857143,1,osl_siamese_cnn,db5f88b83a794f3c82f7afe0fabf42be2da7196ec9e8f59d0c328dad35df8160
0,famous_le_100m,23,1.0,1.0,1,osl_siamese_cnn,db5f88b83a794f3c82f7afe0fabf42be2da7196ec9e8f59d0c328dad35df8160
1,torch_pretrained_classification,0,0.3375,0.4,1,osl_siamese_cnn,d8a72977df812fb86bd6eda5f9c5ddcc25456b5ab894f1e4b33c3473385abe0a
1,famous_le_10m,0,0.0,0.8,1,osl_siamese_cnn,d8a72977df812fb86bd6eda5f9c5ddcc25456b5ab894f1e4b33c3473385abe0a
1,famous_le_10m,1,1.0,0.2,1,osl_siamese_cnn,d8a72977df812fb86bd6eda5f9c5ddcc25456b5ab894f1e4b33c3473385abe0a
1,famous_le_10m,2,0.8,0.2,1,osl_siamese_cnn,d8a72977df812fb86bd6eda5f9c5ddcc25456b5ab894f1e4b33c3473385abe0a
1,famous_le_10m,3,0.8,0.2,1,osl_siamese_cnn,d8a72977df812fb86bd6eda5f9c5ddcc25456b5ab894f1e4b33c3473385abe0a
1,famous_le_10m,4,0.8,0.2,1,osl_siamese_cnn,d8a72977df812fb86bd6eda5f9c5ddcc25456b5ab894f1e4b33c3473385abe0a
1,famous_le_10m,5,1.0,0.0,1,osl_siamese_cnn,d8a72977df812fb86bd6eda5f9c5ddcc25456b5ab894f1e4b33c3473385abe0a
1,famous_le_10m,6,0.6,0.4,1,osl_siamese_cnn,d8a72977df812fb86bd6eda5f9c5ddcc25456b5ab894f1e4b33c3473385abe0a
1,famous_le_10m,7,0.4,0.4,1,osl_siamese_cnn,d8a72977df812fb86bd6eda5f9c5ddcc25456b5ab894f1e4b33c3473385abe0a
1,famous_le_10m,8,0.0,0.0,1,osl_siamese_cnn,d8a72977df812fb86bd6eda5f9c5ddcc25456b5ab894f1e4b33c3473385abe0a
1,famous_le_10m,9,0.0,0.0,1,osl_siamese_cnn,d8a72977df812fb86bd6eda5f9c5ddcc25456b5ab894f1e4b33c3473385abe0a
1,famous_le_10m,10,0.0,0.0,1,osl_siamese_cnn,d8a72977df812fb86bd6eda5f9c5ddcc25456b5ab894f1e4b33c3473385abe0a
1,famous_le_10m,11,0.0,0.6,1,osl_siamese_cnn,d8a72977df812fb86bd6eda5f9c5ddcc25456b5ab894f1e4b33c3473385abe0a
1,famous_le_10m,12,0.0,0.6,1,osl_siamese_cnn,d8a72977df812fb86bd6eda5f9c5ddcc25456b5ab894f1e4b33c3473385abe0a
1,famous_le_10m,13,0.0,0.8,1,osl_siamese_cnn,d8a72977df812fb86bd6eda5f9c5ddcc25456b5ab894f1e4b33c3473385abe0a
1,famous_le_10m,14,0.2,0.8,1,osl_siamese_cnn,d8a72977df812fb86bd6eda5f9c5ddcc25456b5ab894f1e4b33c3473385abe0a
1,famous_le_10m,15,0.4,0.8,1,osl_siamese_cnn,d8a72977df812fb86bd6eda5f9c5ddcc25456b5ab894f1e4b33c3473385abe0a
1,famous_le_10m,16,0.8,1.0,1,osl_siamese_cnn,d8a72977df812fb86bd6eda5f9c5ddcc25456b5ab894f1e4b33c3473385abe0a
1,famous_le_10m,17,0.4,0.8,1,osl_siamese_cnn,d8a72977df812fb86bd6eda5f9c5ddcc25456b5ab894f1e4b33c3473385abe0a
1,famous_le_10m,18,1.0,0.4,1,osl_siamese_cnn,d8a72977df812fb86bd6eda5f9c5ddcc25456b5ab894f1e4b33c3473385abe0a
1,famous_le_10m,19,0.4,1.0,1,osl_siamese_cnn,d8a72977df812fb86bd6eda5f9c5ddcc25456b5ab894f1e4b33c3473385abe0a
1,famous_le_10m,20,1.0,1.0,1,osl_siamese_cnn,d8a72977df812fb86bd6eda5f9c5ddcc25456b5ab894f1e4b33c3473385abe0a
1,famous_le_10m,21,0.4,1.0,1,osl_siamese_cnn,d8a72977df812fb86bd6eda5f9c5ddcc25456b5ab894f1e4b33c3473385abe0a
1,famous_le_10m,22,0.6,0.8,1,osl_siamese_cnn,d8a72977df812fb86bd6eda5f9c5ddcc25456b5ab894f1e4b33c3473385abe0a
1,famous_le_10m,23,0.4,1.0,1,osl_siamese_cnn,d8a72977df812fb86bd6eda5f9c5ddcc25456b5ab894f1e4b33c3473385abe0a
1,famous_le_100m,0,0.5714285714285714,0.35714285714285715,1,osl_siamese_cnn,d8a72977df812fb86bd6eda5f9c5ddcc25456b5ab894f1e4b33c3473385abe0a
1,famous_le_100m,1,0.42857142857142855,0.6428571428571429,1,osl_siamese_cnn,d8a72977df812fb86bd6eda5f9c5ddcc25456b5ab894f1e4b33c3473385abe0a
1,famous_le_100m,2,0.42857142857142855,0.6428571428571429,1,osl_siamese_cnn,d8a72977df812fb86bd6eda5f9c5ddcc25456b5ab894f1e4b33c3473385abe0a
1,famous_le_100m,3,0.42857142857142855,0.6428571428571429,1,osl_siamese_cnn,d8a72977df812fb86bd6eda5f9c5ddcc25456b5ab894f1e4b33c3473385abe0a
1,famous_le_100m,4,0.42857142857142855,0.6428571428571429,1,osl_siamese_cnn,d8a72977df812fb86bd6eda5f9c5ddcc25456b5ab894f1e4b33c3473385abe0a
1,famous_le_100m,5,0.42857142857142855,0.6428571428571429,1,osl_siamese_cnn,d8a72977df812fb86bd6eda5f9c5ddcc25456b5ab894f1e4b33c3473385abe0a
1,famous_le_100m,6,0.42857142857142855,0.35714285714285715,1,osl_siamese_cnn,d8a72977df812fb86bd6eda5f9c5ddcc25456b5ab894f1e4b33c3473385abe0a
1,famous_le_100m,7,0.35714285714285715,0.2857142857142857,1,osl_siamese_cnn,d8a72977df812fb86bd6eda5f9c5ddcc25456b5ab894f1e4b33c3473385abe0a
1,famous_le_100m,8,0.35714285714285715,0.07142857142857142,1,osl_siamese_cnn,d8a72977df812fb86bd6eda5f9c5ddcc25456b5ab894f1e4b33c3473385abe0a
1,famous_le_100m,9,0.35714285714285715,0.07142857142857142,1,osl_siamese_cnn,d8a72977df812fb86bd6eda5f9c5ddcc25456b5ab894f1e4b33c3473385abe0a
1,famous_le_100m,10,0.21428571428571427,0.14285714285714285,1,osl_siamese_cnn,d8a72977df812fb86bd6eda5f9c5ddcc25456b5ab894f1e4b33c3473385abe0a
1,famous_le_100m,11,0.14285714285714285,0.07142857142857142,1,osl_siamese_cnn,d8a72977df812fb86bd6eda5f9c5ddcc25456b5ab894f1e4b33c3473385abe0a
1,famous_le_100m,12,0.07142857142857142,0.07142857142857142,1,osl_siamese_cnn,d8a72977df812fb86bd6eda5f9c5ddcc25456b5ab894f1e4b33c3473385abe0a
1,famous_le_100m,13,0.07142857142857142,0.07142857142857142,1,osl_siamese_cnn,d8a72977df812fb86bd6eda5f9c5ddcc25456b5ab894f1e4b33c3473385abe0a
1,famous_le_100m,14,0.07142857142857142,0.07142857142857142,1,osl_siamese_cnn,d8a72977df812fb86bd6eda5f9c5ddcc25456b5ab894f1e4b33c3473385abe0a
1,famous_le_100m,15,0.07142857142857142,0.0,1,osl_siamese_cnn,d8a72977df812fb86bd6eda5f9c5ddcc25456b5ab894f1e4b33c3473385abe0a
1,famous_le_100m,16,0.0,0.07142857142857142,1,osl_siamese_cnn,d8a72977df812fb86bd6eda5f9c5ddcc25456b5ab894f1e4b33c3473385abe0a
1,famous_le_100m,17,0.0,0.07142857142857142,1,osl_siamese_cnn,d8a72977df812fb86bd6eda5f9c5ddcc25456b5ab894f1e4b33c3473385abe0a
1,famous_le_100m,18,0.0,0.0,1,osl_siamese_cnn,d8a72977df812fb86bd6eda5f9c5ddcc25456b5ab894f1e4b33c3473385abe0a
1,famous_le_100m,19,0.0,0.0,1,osl_siamese_cnn,d8a72977df812fb86bd6eda5f9c5ddcc25456b5ab894f1e4b33c3473385abe0a
1,famous_le_100m,20,0.0,0.0,1,osl_siamese_cnn,d8a72977df812fb86bd6eda5f9c5ddcc25456b5ab894f1e4b33c3473385abe0a
1,famous_le_100m,21,0.0,0.0,1,osl_siamese_cnn,d8a72977df812fb86bd6eda5f9c5ddcc25456b5ab894f1e4b33c3473385abe0a
1,famous_le_100m,22,0.0,0.0,1,osl_siamese_cnn,d8a72977df812fb86bd6eda5f9c5ddcc25456b5ab894f1e4b33c3473385abe0a
1,famous_le_100m,23,0.0,0.0,1,osl_siamese_cnn,d8a72977df812fb86bd6eda5f9c5ddcc25456b5ab894f1e4b33c3473385abe0a
2,torch_pretrained_classification,0,0.225,0.5875,1,osl_siamese_cnn,9ddd9bd7fdd7582fb6dcded2fa53193665f4345429808f8675a6e517968197e9
2,famous_le_10m,0,0.0,1.0,1,osl_siamese_cnn,9ddd9bd7fdd7582fb6dcded2fa53193665f4345429808f8675a6e517968197e9
2,famous_le_10m,1,1.0,0.0,1,osl_siamese_cnn,9ddd9bd7fdd7582fb6dcded2fa53193665f4345429808f8675a6e517968197e9
2,famous_le_10m,2,1.0,0.0,1,osl_siamese_cnn,9ddd9bd7fdd7582fb6dcded2fa53193665f4345429808f8675a6e517968197e9
2,famous_le_10m,3,1.0,0.0,1,osl_siamese_cnn,9ddd9bd7fdd7582fb6dcded2fa53193665f4345429808f8675a6e517968197e9
2,famous_le_10m,4,1.0,0.0,1,osl_siamese_cnn,9ddd9bd7fdd7582fb6dcded2fa53193665f4345429808f8675a6e517968197e9
2,famous_le_10m,5,1.0,0.2,1,osl_siamese_cnn,9ddd9bd7fdd7582fb6dcded2fa53193665f4345429808f8675a6e517968197e9
2,famous_le_10m,6,1.0,0.2,1,osl_siamese_cnn,9ddd9bd7fdd7582fb6dcded2fa53193665f4345429808f8675a6e517968197e9
2,famous_le_10m,7,1.0,0.4,1,osl_siamese_cnn,9ddd9bd7fdd7582fb6dcded2fa53193665f4345429808f8675a6e517968197e9
2,famous_le_10m,8,1.0,0.0,1,osl_siamese_cnn,9ddd9bd7fdd7582fb6dcded2fa53193665f4345429808f8675a6e517968197e9
2,famous_le_10m,9,0.8,0.4,1,osl_siamese_cnn,9ddd9bd7fdd7582fb6dcded2fa53193665f4345429808f8675a6e517968197e9
2,famous_le_10m,10,0.6,0.0,1,osl_siamese_cnn,9ddd9bd7fdd7582fb6dcded2fa53193665f4345429808f8675a6e517968197e9
2,famous_le_10m,11,0.4,0.0,1,osl_siamese_cnn,9ddd9bd7fdd7582fb6dcded2fa53193665f4345429808f8675a6e517968197e9
2,famous_le_10m,12,1.0,0.2,1,osl_siamese_cnn,9ddd9bd7fdd7582fb6dcded2fa53193665f4345429808f8675a6e517968197e9
2,famous_le_10m,13,1.0,0.4,1,osl_siamese_cnn,9ddd9bd7fdd7582fb6dcded2fa53193665f4345429808f8675a6e517968197e9
2,famous_le_10m,14,1.0,0.4,1,osl_siamese_cnn,9ddd9bd7fdd7582fb6dcded2fa53193665f4345429808f8675a6e517968197e9
2,famous_le_10m,15,1.0,0.6,1,osl_siamese_cnn,9ddd9bd7fdd7582fb6dcded2fa53193665f4345429808f8675a6e517968197e9
2,famous_le_10m,16,1.0,1.0,1,osl_siamese_cnn,9ddd9bd7fdd7582fb6dcded2fa53193665f4345429808f8675a6e517968197e9
2,famous_le_10m,17,1.0,1.0,1,osl_siamese_cnn,9ddd9bd7fdd7582fb6dcded2fa53193665f4345429808f8675a6e517968197e9
2,famous_le_10m,18,1.0,1.0,1,osl_siamese_cnn,9ddd9bd7fdd7582fb6dcded2fa53193665f4345429808f8675a6e517968197e9
2,famous_le_10m,19,1.0,1.0,1,osl_siamese_cnn,9ddd9bd7fdd7582fb6dcded2fa53193665f4345429808f8675a6e517968197e9
2,famous_le_10m,20,1.0,1.0,1,osl_siamese_cnn,9ddd9bd7fdd7582fb6dcded2fa53193665f4345429808f8675a6e517968197e9
2,famous_le_10m,21,1.0,1.0,1,osl_siamese_cnn,9ddd9bd7fdd7582fb6dcded2fa53193665f4345429808f8675a6e517968197e9
2,famous_le_10m,22,1.0,1.0,1,osl_siamese_cnn,9ddd9bd7fdd7582fb6dcded2fa53193665f4345429808f8675a6e517968197e9
2,famous_le_10m,23,1.0,1.0,1,osl_siamese_cnn,9ddd9bd7fdd7582fb6dcded2fa53193665f4345429808f8675a6e517968197e9
2,famous_le_100m,0,0.14285714285714285,0.7142857142857143,1,osl_siamese_cnn,9ddd9bd7fdd7582fb6dcded2fa53193665f4345429808f8675a6e517968197e9
2,famous_le_100m,1,0.8571428571428571,0.2857142857142857,1,osl_siamese_cnn,9ddd9bd7fdd7582fb6dcded2fa53193665f4345429808f8675a6e517968197e9
2,famous_le_100m,2,0.8571428571428571,0.2857142857142857,1,osl_siamese_cnn,9ddd9bd7fdd7582fb6dcded2fa53193665f4345429808f8675a6e517968197e9
2,famous_le_100m,3,0.8571428571428571,0.2857142857142857,1,osl_siamese_cnn,9ddd9bd7fdd7582fb6dcded2fa53193665f4345429808f8675a6e517968197e9
2,famous_le_100m,4,0.8571428571428571,0.2857142857142857,1,osl_siamese_cnn,9ddd9bd7fdd7582fb6dcded2fa53193665f4345429808f8675a6e517968197e9
2,famous_le_100m,5,0.7857142857142857,0.35714285714285715,1,osl_siamese_cnn,9ddd9bd7fdd7582fb6dcded2fa53193665f4345429808f8675a6e517968197e9
2,famous_le_100m,6,0.5714285714285714,0.35714285714285715,1,osl_siamese_cnn,9ddd9bd7fdd7582fb6dcded2fa53193665f4345429808f8675a6e517968197e9
2,famous_le_100m,7,0.5,0.2857142857142857,1,osl_siamese_cnn,9ddd9bd7fdd7582fb6dcded2fa53193665f4345429808f8675a6e517968197e9
2,famous_le_100m,8,0.5714285714285714,0.21428571428571427,1,osl_siamese_cnn,9ddd9bd7fdd7582fb6dcded2fa53193665f4345429808f8675a6e517968197e9
2,famous_le_100m,9,0.6428571428571429,0.2857142857142857,1,osl_siamese_cnn,9ddd9bd7fdd7582fb6dcded2fa53193665f4345429808f8675a6e517968197e9
2,famous_le_100m,10,0.5714285714285714,0.35714285714285715,1,osl_siamese_cnn,9ddd9bd7fdd7582fb6dcded2fa53193665f4345429808f8675a6e517968197e9
2,famous_le_100m,11,0.42857142857142855,0.2857142857142857,1,osl_siamese_cnn,9ddd9bd7fdd7582fb6dcded2fa53193665f4345429808f8675a6e517968197e9
2,famous_le_100m,12,0.8571428571428571,0.35714285714285715,1,osl_siamese_cnn,9ddd9bd7fdd7582fb6dcded2fa53193665f4345429808f8675a6e517968197e9
2,famous_le_100m,13,0.6428571428571429,0.21428571428571427,1,osl_siamese_cnn,9ddd9bd7fdd7582fb6dcded2fa53193665f4345429808f8675a6e517968197e9
2,famous_le_100m,14,0.9285714285714286,0.5,1,osl_siamese_cnn,9ddd9bd7fdd7582fb6dcded2fa53193665f4345429808f8675a6e517968197e9
2,famous_le_100m,15,0.9285714285714286,0.7142857142857143,1,osl_siamese_cnn,9ddd9bd7fdd7582fb6dcded2fa53193665f4345429808f8675a6e517968197e9
2,famous_le_100m,16,1.0,0.8571428571428571,1,osl_siamese_cnn,9ddd9bd7fdd7582fb6dcded2fa53193665f4345429808f8675a6e517968197e9
2,famous_le_100m,17,0.9285714285714286,0.7857142857142857,1,osl_siamese_cnn,9ddd9bd7fdd7582fb6dcded2fa53193665f4345429808f8675a6e517968197e9
2,famous_le_100m,18,0.9285714285714286,0.8571428571428571,1,osl_siamese_cnn,9ddd9bd7fdd7582fb6dcded2fa53193665f4345429808f8675a6e517968197e9
2,famous_le_100m,19,1.0,0.8571428571428571,1,osl_siamese_cnn,9ddd9bd7fdd7582fb6dcded2fa53193665f4345429808f8675a6e517968197e9
2,famous_le_100m,20,1.0,0.9285714285714286,1,osl_siamese_cnn,9ddd9bd7fdd7582fb6dcded2fa53193665f4345429808f8675a6e517968197e9
2,famous_le_100m,21,1.0,1.0,1,osl_siamese_cnn,9ddd9bd7fdd7582fb6dcded2fa53193665f4345429808f8675a6e517968197e9
2,famous_le_100m,22,1.0,1.0,1,osl_siamese_cnn,9ddd9bd7fdd7582fb6dcded2fa53193665f4345429808f8675a6e517968197e9
2,famous_le_100m,23,1.0,1.0,1,osl_siamese_cnn,9ddd9bd7fdd7582fb6dcded2fa53193665f4345429808f8675a6e517968197e9
3,torch_pretrained_classification,0,0.3625,0.4,1,osl_siamese_cnn,56006d6d50ac8230f03d05d13f80c6aed685cbaea16ca4494fee0682bdb87367
3,famous_le_10m,0,0.0,1.0,1,osl_siamese_cnn,56006d6d50ac8230f03d05d13f80c6aed685cbaea16ca4494fee0682bdb87367
3,famous_le_10m,1,1.0,0.0,1,osl_siamese_cnn,56006d6d50ac8230f03d05d13f80c6aed685cbaea16ca4494fee0682bdb87367
3,famous_le_10m,2,1.0,0.0,1,osl_siamese_cnn,56006d6d50ac8230f03d05d13f80c6aed685cbaea16ca4494fee0682bdb87367
3,famous_le_10m,3,1.0,0.0,1,osl_siamese_cnn,56006d6d50ac8230f03d05d13f80c6aed685cbaea16ca4494fee0682bdb87367
3,famous_le_10m,4,1.0,0.0,1,osl_siamese_cnn,56006d6d50ac8230f03d05d13f80c6aed685cbaea16ca4494fee0682bdb87367
3,famous_le_10m,5,0.8,0.2,1,osl_siamese_cnn,56006d6d50ac8230f03d05d13f80c6aed685cbaea16ca4494fee0682bdb87367
3,famous_le_10m,6,0.8,0.2,1,osl_siamese_cnn,56006d6d50ac8230f03d05d13f80c6aed685cbaea16ca4494fee0682bdb87367
3,famous_le_10m,7,0.6,0.4,1,osl_siamese_cnn,56006d6d50ac8230f03d05d13f80c6aed685cbaea16ca4494fee0682bdb87367
3,famous_le_10m,8,0.6,0.0,1,osl_siamese_cnn,56006d6d50ac8230f03d05d13f80c6aed685cbaea16ca4494fee0682bdb87367
3,famous_le_10m,9,0.6,0.2,1,osl_siamese_cnn,56006d6d50ac8230f03d05d13f80c6aed685cbaea16ca4494fee0682bdb87367
3,famous_le_10m,10,0.6,0.0,1,osl_siamese_cnn,56006d6d50ac8230f03d05d13f80c6aed685cbaea16ca4494fee0682bdb87367
3,famous_le_10m,11,0.6,0.0,1,osl_siamese_cnn,56006d6d50ac8230f03d05d13f80c6aed685cbaea16ca4494fee0682bdb87367
3,famous_le_10m,12,0.6,0.2,1,osl_siamese_cnn,56006d6d50ac8230f03d05d13f80c6aed685cbaea16ca4494fee0682bdb87367
3,famous_le_10m,13,0.8,0.4,1,osl_siamese_cnn,56006d6d50ac8230f03d05d13f80c6aed685cbaea16ca4494fee0682bdb87367
3,famous_le_10m,14,0.8,0.4,1,osl_siamese_cnn,56006d6d50ac8230f03d05d13f80c6aed685cbaea16ca4494fee0682bdb87367
3,famous_le_10m,15,1.0,0.4,1,osl_siamese_cnn,56006d6d50ac8230f03d05d13f80c6aed685cbaea16ca4494fee0682bdb87367
3,famous_le_10m,16,1.0,1.0,1,osl_siamese_cnn,56006d6d50ac8230f03d05d13f80c6aed685cbaea16ca4494fee0682bdb87367
3,famous_le_10m,17,1.0,0.4,1,osl_siamese_cnn,56006d6d50ac8230f03d05d13f80c6aed685cbaea16ca4494fee0682bdb87367
3,famous_le_10m,18,1.0,1.0,1,osl_siamese_cnn,56006d6d50ac8230f03d05d13f80c6aed685cbaea16ca4494fee0682bdb87367
3,famous_le_10m,19,1.0,0.8,1,osl_siamese_cnn,56006d6d50ac8230f03d05d13f80c6aed685cbaea16ca4494fee0682bdb87367
3,famous_le_10m,20,1.0,1.0,1,osl_siamese_cnn,56006d6d50ac8230f03d05d13f80c6aed685cbaea16ca4494fee0682bdb87367
3,famous_le_10m,21,1.0,1.0,1,osl_siamese_cnn,56006d6d50ac8230f03d05d13f80c6aed685cbaea16ca4494fee0682bdb87367
3,famous_le_10m,22,1.0,1.0,1,osl_siamese_cnn,56006d6d50ac8230f03d05d13f80c6aed685cbaea16ca4494fee0682bdb87367
3,famous_le_10m,23,1.0,0.6,1,osl_siamese_cnn,56006d6d50ac8230f03d05d13f80c6aed685cbaea16ca4494fee0682bdb87367
3,famous_le_100m,0,0.5,0.35714285714285715,1,osl_siamese_cnn,56006d6d50ac8230f03d05d13f80c6aed685cbaea16ca4494fee0682bdb87367
3,famous_le_100m,1,0.5,0.6428571428571429,1,osl_siamese_cnn,56006d6d50ac8230f03d05d13f80c6aed685cbaea16ca4494fee0682bdb87367
3,famous_le_100m,2,0.5,0.6428571428571429,1,osl_siamese_cnn,56006d6d50ac8230f03d05d13f80c6aed685cbaea16ca4494fee0682bdb87367
3,famous_le_100m,3,0.5,0.6428571428571429,1,osl_siamese_cnn,56006d6d50ac8230f03d05d13f80c6aed685cbaea16ca4494fee0682bdb87367
3,famous_le_100m,4,0.5714285714285714,0.5714285714285714,1,osl_siamese_cnn,56006d6d50ac8230f03d05d13f80c6aed685cbaea16ca4494fee0682bdb87367
3,famous_le_100m,5,0.5,0.6428571428571429,1,osl_siamese_cnn,56006d6d50ac8230f03d05d13f80c6aed685cbaea16ca4494fee0682bdb87367
3,famous_le_100m,6,0.5,0.6428571428571429,1,osl_siamese_cnn,56006d6d50ac8230f03d05d13f80c6aed685cbaea16ca4494fee0682bdb87367
3,famous_le_100m,7,0.5714285714285714,0.42857142857142855,1,osl_siamese_cnn,56006d6d50ac8230f03d05d13f80c6aed685cbaea16ca4494fee0682bdb87367
3,famous_le_100m,8,0.35714285714285715,0.6428571428571429,1,osl_siamese_cnn,56006d6d50ac8230f03d05d13f80c6aed685cbaea16ca4494fee0682bdb87367
3,famous_le_100m,9,0.5,0.2857142857142857,1,osl_siamese_cnn,56006d6d50ac8230f03d05d13f80c6aed685cbaea16ca4494fee0682bdb87367
3,famous_le_100m,10,0.5,0.2857142857142857,1,osl_siamese_cnn,56006d6d50ac8230f03d05d13f80c6aed685cbaea16ca4494fee0682bdb87367
3,famous_le_100m,11,0.35714285714285715,0.42857142857142855,1,osl_siamese_cnn,56006d6d50ac8230f03d05d13f80c6aed685cbaea16ca4494fee0682bdb87367
3,famous_le_100m,12,0.42857142857142855,0.35714285714285715,1,osl_siamese_cnn,56006d6d50ac8230f03d05d13f80c6aed685cbaea16ca4494fee0682bdb87367
3,famous_le_100m,13,0.42857142857142855,0.14285714285714285,1,osl_siamese_cnn,56006d6d50ac8230f03d05d13f80c6aed685cbaea16ca4494fee0682bdb87367
3,famous_le_100m,14,0.42857142857142855,0.14285714285714285,1,osl_siamese_cnn,56006d6d50ac8230f03d05d13f80c6aed685cbaea16ca4494fee0682bdb87367
3,famous_le_100m,15,0.2857142857142857,0.14285714285714285,1,osl_siamese_cnn,56006d6d50ac8230f03d05d13f80c6aed685cbaea16ca4494fee0682bdb87367
3,famous_le_100m,16,0.14285714285714285,0.2857142857142857,1,osl_siamese_cnn,56006d6d50ac8230f03d05d13f80c6aed685cbaea16ca4494fee0682bdb87367
3,famous_le_100m,17,0.2857142857142857,0.35714285714285715,1,osl_siamese_cnn,56006d6d50ac8230f03d05d13f80c6aed685cbaea16ca4494fee0682bdb87367
3,famous_le_100m,18,0.2857142857142857,0.7142857142857143,1,osl_siamese_cnn,56006d6d50ac8230f03d05d13f80c6aed685cbaea16ca4494fee0682bdb87367
3,famous_le_100m,19,0.2857142857142857,0.6428571428571429,1,osl_siamese_cnn,56006d6d50ac8230f03d05d13f80c6aed685cbaea16ca4494fee0682bdb87367
3,famous_le_100m,20,0.2857142857142857,0.7857142857142857,1,osl_siamese_cnn,56006d6d50ac8230f03d05d13f80c6aed685cbaea16ca4494fee0682bdb87367
3,famous_le_100m,21,0.5,0.5714285714285714,1,osl_siamese_cnn,56006d6d50ac8230f03d05d13f80c6aed685cbaea16ca4494fee0682bdb87367
3,famous_le_100m,22,0.7142857142857143,0.42857142857142855,1,osl_siamese_cnn,56006d6d50ac8230f03d05d13f80c6aed685cbaea16ca4494fee0682bdb87367
3,famous_le_100m,23,0.7142857142857143,0.8571428571428571,1,osl_siamese_cnn,56006d6d50ac8230f03d05d13f80c6aed685cbaea16ca4494fee0682bdb87367
4,torch_pretrained_classification,0,0.3125,0.475,1,osl_siamese_cnn,1e3e063d7df870172b1aa6a0ec0e117b58b6575c8534bb979f576a3c045afc74
4,famous_le_10m,0,0.2,0.0,1,osl_siamese_cnn,1e3e063d7df870172b1aa6a0ec0e117b58b6575c8534bb979f576a3c045afc74
4,famous_le_10m,1,0.8,1.0,1,osl_siamese_cnn,1e3e063d7df870172b1aa6a0ec0e117b58b6575c8534bb979f576a3c045afc74
4,famous_le_10m,2,0.8,1.0,1,osl_siamese_cnn,1e3e063d7df870172b1aa6a0ec0e117b58b6575c8534bb979f576a3c045afc74
4,famous_le_10m,3,0.8,1.0,1,osl_siamese_cnn,1e3e063d7df870172b1aa6a0ec0e117b58b6575c8534bb979f576a3c045afc74
4,famous_le_10m,4,0.8,1.0,1,osl_siamese_cnn,1e3e063d7df870172b1aa6a0ec0e117b58b6575c8534bb979f576a3c045afc74
4,famous_le_10m,5,0.8,1.0,1,osl_siamese_cnn,1e3e063d7df870172b1aa6a0ec0e117b58b6575c8534bb979f576a3c045afc74
4,famous_le_10m,6,1.0,1.0,1,osl_siamese_cnn,1e3e063d7df870172b1aa6a0ec0e117b58b6575c8534bb979f576a3c045afc74
4,famous_le_10m,7,1.0,0.8,1,osl_siamese_cnn,1e3e063d7df870172b1aa6a0ec0e117b58b6575c8534bb979f576a3c045afc74
4,famous_le_10m,8,0.8,1.0,1,osl_siamese_cnn,1e3e063d7df870172b1aa6a0ec0e117b58b6575c8534bb979f576a3c045afc74
4,famous_le_10m,9,1.0,1.0,1,osl_siamese_cnn,1e3e063d7df870172b1aa6a0ec0e117b58b6575c8534bb979f576a3c045afc74
4,famous_le_10m,10,0.8,1.0,1,osl_siamese_cnn,1e3e063d7df870172b1aa6a0ec0e117b58b6575c8534bb979f576a3c045afc74
4,famous_le_10m,11,0.8,1.0,1,osl_siamese_cnn,1e3e063d7df870172b1aa6a0ec0e117b58b6575c8534bb979f576a3c045afc74
4,famous_le_10m,12,0.6,1.0,1,osl_siamese_cnn,1e3e063d7df870172b1aa6a0ec0e117b58b6575c8534bb979f576a3c045afc74
4,famous_le_10m,13,1.0,0.8,1,osl_siamese_cnn,1e3e063d7df870172b1aa6a0ec0e117b58b6575c8534bb979f576a3c045afc74
4,famous_le_10m,14,1.0,0.2,1,osl_siamese_cnn,1e3e063d7df870172b1aa6a0ec0e117b58b6575c8534bb979f576a3c045afc74
4,famous_le_10m,15,1.0,0.2,1,osl_siamese_cnn,1e3e063d7df870172b1aa6a0ec0e117b58b6575c8534bb979f576a3c045afc74
4,famous_le_10m,16,1.0,0.0,1,osl_siamese_cnn,1e3e063d7df870172b1aa6a0ec0e117b58b6575c8534bb979f576a3c045afc74
4,famous_le_10m,17,1.0,0.0,1,osl_siamese_cnn,1e3e063d7df870172b1aa6a0ec0e117b58b6575c8534bb979f576a3c045afc74
4,famous_le_10m,18,1.0,0.0,1,osl_siamese_cnn,1e3e063d7df870172b1aa6a0ec0e117b58b6575c8534bb979f576a3c045afc74
4,famous_le_10m,19,1.0,0.0,1,osl_siamese_cnn,1e3e063d7df870172b1aa6a0ec0e117b58b6575c8534bb979f576a3c045afc74
4,famous_le_10m,20,1.0,0.0,1,osl_siamese_cnn,1e3e063d7df870172b1aa6a0ec0e117b58b6575c8534bb979f576a3c045afc74
4,famous_le_10m,21,1.0,0.0,1,osl_siamese_cnn,1e3e063d7df870172b1aa6a0ec0e117b58b6575c8534bb979f576a3c045afc74
4,famous_le_10m,22,1.0,0.0,1,osl_siamese_cnn,1e3e063d7df870172b1aa6a0ec0e117b58b6575c8534bb979f576a3c045afc74
4,famous_le_10m,23,1.0,0.0,1,osl_siamese_cnn,1e3e063d7df870172b1aa6a0ec0e117b58b6575c8534bb979f576a3c045afc74
4,famous_le_100m,0,0.14285714285714285,0.2857142857142857,1,osl_siamese_cnn,1e3e063d7df870172b1aa6a0ec0e117b58b6575c8534bb979f576a3c045afc74
4,famous_le_100m,1,0.8571428571428571,0.7142857142857143,1,osl_siamese_cnn,1e3e063d7df870172b1aa6a0ec0e117b58b6575c8534bb979f576a3c045afc74
4,famous_le_100m,2,0.8571428571428571,0.7142857142857143,1,osl_siamese_cnn,1e3e063d7df870172b1aa6a0ec0e117b58b6575c8534bb979f576a3c045afc74
4,famous_le_100m,3,0.8571428571428571,0.7142857142857143,1,osl_siamese_cnn,1e3e063d7df870172b1aa6a0ec0e117b58b6575c8534bb979f576a3c045afc74
4,famous_le_100m,4,0.8571428571428571,0.7142857142857143,1,osl_siamese_cnn,1e3e063d7df870172b1aa6a0ec0e117b58b6575c8534bb979f576a3c045afc74
4,famous_le_100m,5,0.8571428571428571,0.7142857142857143,1,osl_siamese_cnn,1e3e063d7df870172b1aa6a0ec0e117b58b6575c8534bb979f576a3c045afc74
4,famous_le_100m,6,0.8571428571428571,0.6428571428571429,1,osl_siamese_cnn,1e3e063d7df870172b1aa6a0ec0e117b58b6575c8534bb979f576a3c045afc74
4,famous_le_100m,7,0.9285714285714286,0.35714285714285715,1,osl_siamese_cnn,1e3e063d7df870172b1aa6a0ec0e117b58b6575c8534bb979f576a3c045afc74
4,famous_le_100m,8,1.0,0.21428571428571427,1,osl_siamese_cnn,1e3e063d7df870172b1aa6a0ec0e117b58b6575c8534bb979f576a3c045afc74
4,famous_le_100m,9,1.0,0.21428571428571427,1,osl_siamese_cnn,1e3e063d7df870172b1aa6a0ec0e117b58b6575c8534bb979f576a3c045afc74
4,famous_le_100m,10,1.0,0.35714285714285715,1,osl_siamese_cnn,1e3e063d7df870172b1aa6a0ec0e117b58b6575c8534bb979f576a3c045afc74
4,famous_le_100m,11,0.8571428571428571,0.2857142857142857,1,osl_siamese_cnn,1e3e063d7df870172b1aa6a0ec0e117b58b6575c8534bb979f576a3c045afc74
4,famous_le_100m,12,0.9285714285714286,0.2857142857142857,1,osl_siamese_cnn,1e3e063d7df870172b1aa6a0ec0e117b58b6575c8534bb979f576a3c045afc74
4,famous_le_100m,13,0.9285714285714286,0.35714285714285715,1,osl_siamese_cnn,1e3e063d7df870172b1aa6a0ec0e117b58b6575c8534bb979f576a3c045afc74
4,famous_le_100m,14,0.9285714285714286,0.5714285714285714,1,osl_siamese_cnn,1e3e063d7df870172b1aa6a0ec0e117b58b6575c8534bb979f576a3c045afc74
4,famous_le_100m,15,0.9285714285714286,0.35714285714285715,1,osl_siamese_cnn,1e3e063d7df870172b1aa6a0ec0e117b58b6575c8534bb979f576a3c045afc74
4,famous_le_100m,16,0.8571428571428571,0.35714285714285715,1,osl_siamese_cnn,1e3e063d7df870172b1aa6a0ec0e117b58b6575c8534bb979f576a3c045afc74
4,famous_le_100m,17,0.7857142857142857,0.35714285714285715,1,osl_siamese_cnn,1e3e063d7df870172b1aa6a0ec0e117b58b6575c8534bb979f576a3c045afc74
4,famous_le_100m,18,0.9285714285714286,0.21428571428571427,1,osl_siamese_cnn,1e3e063d7df870172b1aa6a0ec0e117b58b6575c8534bb979f576a3c045afc74
4,famous_le_100m,19,0.8571428571428571,0.21428571428571427,1,osl_siamese_cnn,1e3e063d7df870172b1aa6a0ec0e117b58b6575c8534bb979f576a3c045afc74
4,famous_le_100m,20,0.8571428571428571,0.2857142857142857,1,osl_siamese_cnn,1e3e063d7df870172b1aa6a0ec0e117b58b6575c8534bb979f576a3c045afc74
4,famous_le_100m,21,0.8571428571428571,0.07142857142857142,1,osl_siamese_cnn,1e3e063d7df870172b1aa6a0ec0e117b58b6575c8534bb979f576a3c045afc74
4,famous_le_100m,22,1.0,0.0,1,osl_siamese_cnn,1e3e063d7df870172b1aa6a0ec0e117b58b6575c8534bb979f576a3c045afc74
4,famous_le_100m,23,1.0,0.0,1,osl_siamese_cnn,1e3e063d7df870172b1aa6a0ec0e117b58b6575c8534bb979f576a3c045afc74
0,torch_pretrained_classification,0,0.7375,0.5875,2,osl_siamese_cnn,bcc20ed19d40f0923bba583ea363629a51eeb74a4d46d0d2807a3a1e32871918
0,famous_le_10m,0,1.0,0.8,2,osl_siamese_cnn,bcc20ed19d40f0923bba583ea363629a51eeb74a4d46d0d2807a3a1e32871918
0,famous_le_10m,1,0.0,0.2,2,osl_siamese_cnn,bcc20ed19d40f0923bba583ea363629a51eeb74a4d46d0d2807a3a1e32871918
0,famous_le_10m,2,0.0,0.2,2,osl_siamese_cnn,bcc20ed19d40f0923bba583ea363629a51eeb74a4d46d0d2807a3a1e32871918
0,famous_le_10m,3,0.0,0.2,2,osl_siamese_cnn,bcc20ed19d40f0923bba583ea363629a51eeb74a4d46d0d2807a3a1e32871918
0,famous_le_10m,4,0.0,0.2,2,osl_siamese_cnn,bcc20ed19d40f0923bba583ea363629a51eeb74a4d46d0d2807a3a1e32871918
0,famous_le_10m,5,0.0,0.6,2,osl_siamese_cnn,bcc20ed19d40f0923bba583ea363629a51eeb74a4d46d0d2807a3a1e32871918
0,famous_le_10m,6,0.0,0.8,2,osl_siamese_cnn,bcc20ed19d40f0923bba583ea363629a51eeb74a4d46d0d2807a3a1e32871918
0,famous_le_10m,7,0.0,1.0,2,osl_siamese_cnn,bcc20ed19d40f0923bba583ea363629a51eeb74a4d46d0d2807a3a1e32871918
0,famous_le_10m,8,0.0,1.0,2,osl_siamese_cnn,bcc20ed19d40f0923bba583ea363629a51eeb74a4d46d0d2807a3a1e32871918
0,famous_le_10m,9,0.0,1.0,2,osl_siamese_cnn,bcc20ed19d40f0923bba583ea363629a51eeb74a4d46d0d2807a3a1e32871918
0,famous_le_10m,10,0.0,1.0,2,osl_siamese_cnn,bcc20ed19d40f0923bba583ea363629a51eeb74a4d46d0d2807a3a1e32871918
0,famous_le_10m,11,0.0,1.0,2,osl_siamese_cnn,bcc20ed19d40f0923bba583ea363629a51eeb74a4d46d0d2807a3a1e32871918
0,famous_le_10m,12,0.0,1.0,2,osl_siamese_cnn,bcc20ed19d40f0923bba583ea363629a51eeb74a4d46d0d2807a3a1e32871918
0,famous_le_10m,13,0.0,1.0,2,osl_siamese_cnn,bcc20ed19d40f0923bba583ea363629a51eeb74a4d46d0d2807a3a1e32871918
0,famous_le_10m,14,0.0,1.0,2,osl_siamese_cnn,bcc20ed19d40f0923bba583ea363629a51eeb74a4d46d0d2807a3a1e32871918
0,famous_le_10m,15,0.0,1.0,2,osl_siamese_cnn,bcc20ed19d40f0923bba583ea363629a51eeb74a4d46d0d2807a3a1e32871918
0,famous_le_10m,16,0.0,1.0,2,osl_siamese_cnn,bcc20ed19d40f0923bba583ea363629a51eeb74a4d46d0d2807a3a1e32871918
0,famous_le_10m,17,0.0,1.0,2,osl_siamese_cnn,bcc20ed19d40f0923bba583ea363629a51eeb74a4d46d0d2807a3a1e32871918
0,famous_le_10m,18,0.0,1.0,2,osl_siamese_cnn,bcc20ed19d40f0923bba583ea363629a51eeb74a4d46d0d2807a3a1e32871918
0,famous_le_10m,19,0.0,1.0,2,osl_siamese_cnn,bcc20ed19d40f0923bba583ea363629a51eeb74a4d46d0d2807a3a1e32871918
0,famous_le_10m,20,0.0,1.0,2,osl_siamese_cnn,bcc20ed19d40f0923bba583ea363629a51eeb74a4d46d0d2807a3a1e32871918
0,famous_le_10m,21,0.0,1.0,2,osl_siamese_cnn,bcc20ed19d40f0923bba583ea363629a51eeb74a4d46d0d2807a3a1e32871918
0,famous_le_10m,22,0.0,1.0,2,osl_siamese_cnn,bcc20ed19d40f0923bba583ea363629a51eeb74a4d46d0d2807a3a1e32871918
0,famous_le_10m,23,0.0,1.0,2,osl_siamese_cnn,bcc20ed19d40f0923bba583ea363629a51eeb74a4d46d0d2807a3a1e32871918
0,famous_le_100m,0,0.5,0.6428571428571429,2,osl_siamese_cnn,bcc20ed19d40f0923bba583ea363629a51eeb74a4d46d0d2807a3a1e32871918
0,famous_le_100m,1,0.5,0.35714285714285715,2,osl_siamese_cnn,bcc20ed19d40f0923bba583ea363629a51eeb74a4d46d0d2807a3a1e32871918
0,famous_le_100m,2,0.5,0.2857142857142857,2,osl_siamese_cnn,bcc20ed19d40f0923bba583ea363629a51eeb74a4d46d0d2807a3a1e32871918
0,famous_le_100m,3,0.5,0.2857142857142857,2,osl_siamese_cnn,bcc20ed19d40f0923bba583ea363629a51eeb74a4d46d0d2807a3a1e32871918
0,famous_le_100m,4,0.5714285714285714,0.2857142857142857,2,osl_siamese_cnn,bcc20ed19d40f0923bba583ea363629a51eeb74a4d46d0d2807a3a1e32871918
0,famous_le_100m,5,0.5714285714285714,0.2857142857142857,2,osl_siamese_cnn,bcc20ed19d40f0923bba583ea363629a51eeb74a4d46d0d2807a3a1e32871918
0,famous_le_100m,6,0.5,0.2857142857142857,2,osl_siamese_cnn,bcc20ed19d40f0923bba583ea363629a51eeb74a4d46d0d2807a3a1e32871918
0,famous_le_100m,7,0.5,0.5714285714285714,2,osl_siamese_cnn,bcc20ed19d40f0923bba583ea363629a51eeb74a4d46d0d2807a3a1e32871918
0,famous_le_100m,8,0.5,0.5714285714285714,2,osl_siamese_cnn,bcc20ed19d40f0923bba583ea363629a51eeb74a4d46d0d2807a3a1e32871918
0,famous_le_100m,9,0.5714285714285714,0.6428571428571429,2,osl_siamese_cnn,bcc20ed19d40f0923bba583ea363629a51eeb74a4d46d0d2807a3a1e32871918
0,famous_le_100m,10,0.5,0.6428571428571429,2,osl_siamese_cnn,bcc20ed19d40f0923bba583ea363629a51eeb74a4d46d0d2807a3a1e32871918
0,famous_le_100m,11,0.42857142857142855,0.6428571428571429,2,osl_siamese_cnn,bcc20ed19d40f0923bba583ea363629a51eeb74a4d46d0d2807a3a1e32871918
0,famous_le_100m,12,0.5,0.6428571428571429,2,osl_siamese_cnn,bcc20ed19d40f0923bba583ea363629a51eeb74a4d46d0d2807a3a1e32871918
0,famous_le_100m,13,0.5714285714285714,0.6428571428571429,2,osl_siamese_cnn,bcc20ed19d40f0923bba583ea363629a51eeb74a4d46d0d2807a3a1e32871918
0,famous_le_100m,14,0.5714285714285714,0.5714285714285714,2,osl_siamese_cnn,bcc20ed19d40f0923bba583ea363629a51eeb74a4d46d0d2807a3a1e32871918
0,famous_le_100m,15,0.7142857142857143,0.5714285714285714,2,osl_siamese_cnn,bcc20ed19d40f0923bba583ea363629a51eeb74a4d46d0d2807a3a1e32871918
0,famous_le_100m,16,0.7142857142857143,0.7142857142857143,2,osl_siamese_cnn,bcc20ed19d40f0923bba583ea363629a51eeb74a4d46d0d2807a3a1e32871918
0,famous_le_100m,17,0.7142857142857143,0.7857142857142857,2,osl_siamese_cnn,bcc20ed19d40f0923bba583ea363629a51eeb74a4d46d0d2807a3a1e32871918
0,famous_le_100m,18,0.6428571428571429,0.8571428571428571,2,osl_siamese_cnn,bcc20ed19d40f0923bba583ea363629a51eeb74a4d46d0d2807a3a1e32871918
0,famous_le_100m,19,0.6428571428571429,0.8571428571428571,2,osl_siamese_cnn,bcc20ed19d40f0923bba583ea363629a51eeb74a4d46d0d2807a3a1e32871918
0,famous_le_100m,20,0.7142857142857143,0.7857142857142857,2,osl_siamese_cnn,bcc20ed19d40f0923bba583ea363629a51eeb74a4d46d0d2807a3a1e32871918
0,famous_le_100m,21,0.5714285714285714,0.9285714285714286,2,osl_siamese_cnn,bcc20ed19d40f0923bba583ea363629a51eeb74a4d46d0d2807a3a1e32871918
0,famous_le_100m,22,0.2857142857142857,0.7857142857142857,2,osl_siamese_cnn,bcc20ed19d40f0923bba583ea363629a51eeb74a4d46d0d2807a3a1e32871918
0,famous_le_100m,23,0.0,1.0,2,osl_siamese_cnn,bcc20ed19d40f0923bba583ea363629a51eeb74a4d46d0d2807a3a1e32871918
1,torch_pretrained_classification,0,0.6875,0.5375,2,osl_siamese_cnn,6cd2fb0f02bc8ff2d00cb9bd4722814e05501296b4275ab5e6611dc1d285e7bd
1,famous_le_10m,0,1.0,0.8,2,osl_siamese_cnn,6cd2fb0f02bc8ff2d00cb9bd4722814e05501296b4275ab5e6611dc1d285e7bd
1,famous_le_10m,1,0.0,0.2,2,osl_siamese_cnn,6cd2fb0f02bc8ff2d00cb9bd4722814e05501296b4275ab5e6611dc1d285e7bd
1,famous_le_10m,2,0.0,0.2,2,osl_siamese_cnn,6cd2fb0f02bc8ff2d00cb9bd4722814e05501296b4275ab5e6611dc1d285e7bd
1,famous_le_10m,3,0.0,0.0,2,osl_siamese_cnn,6cd2fb0f02bc8ff2d00cb9bd4722814e05501296b4275ab5e6611dc1d285e7bd
1,famous_le_10m,4,0.2,0.2,2,osl_siamese_cnn,6cd2fb0f02bc8ff2d00cb9bd4722814e05501296b4275ab5e6611dc1d285e7bd
1,famous_le_10m,5,0.2,0.2,2,osl_siamese_cnn,6cd2fb0f02bc8ff2d00cb9bd4722814e05501296b4275ab5e6611dc1d285e7bd
1,famous_le_10m,6,0.2,0.2,2,osl_siamese_cnn,6cd2fb0f02bc8ff2d00cb9bd4722814e05501296b4275ab5e6611dc1d285e7bd
1,famous_le_10m,7,0.2,0.0,2,osl_siamese_cnn,6cd2fb0f02bc8ff2d00cb9bd4722814e05501296b4275ab5e6611dc1d285e7bd
1,famous_le_10m,8,0.6,0.4,2,osl_siamese_cnn,6cd2fb0f02bc8ff2d00cb9bd4722814e05501296b4275ab5e6611dc1d285e7bd
1,famous_le_10m,9,0.6,0.2,2,osl_siamese_cnn,6cd2fb0f02bc8ff2d00cb9bd4722814e05501296b4275ab5e6611dc1d285e7bd
1,famous_le_10m,10,0.8,0.2,2,osl_siamese_cnn,6cd2fb0f02bc8ff2d00cb9bd4722814e05501296b4275ab5e6611dc1d285e7bd
1,famous_le_10m,11,0.8,0.6,2,osl_siamese_cnn,6cd2fb0f02bc8ff2d00cb9bd4722814e05501296b4275ab5e6611dc1d285e7bd
1,famous_le_10m,12,0.6,0.2,2,osl_siamese_cnn,6cd2fb0f02bc8ff2d00cb9bd4722814e05501296b4275ab5e6611dc1d285e7bd
1,famous_le_10m,13,0.6,0.2,2,osl_siamese_cnn,6cd2fb0f02bc8ff2d00cb9bd4722814e05501296b4275ab5e6611dc1d285e7bd
1,famous_le_10m,14,0.4,0.4,2,osl_siamese_cnn,6cd2fb0f02bc8ff2d00cb9bd4722814e05501296b4275ab5e6611dc1d285e7bd
1,famous_le_10m,15,0.0,0.4,2,osl_siamese_cnn,6cd2fb0f02bc8ff2d00cb9bd4722814e05501296b4275ab5e6611dc1d285e7bd
1,famous_le_10m,16,0.0,1.0,2,osl_siamese_cnn,6cd2fb0f02bc8ff2d00cb9bd4722814e05501296b4275ab5e6611dc1d285e7bd
1,famous_le_10m,17,0.0,0.8,2,osl_siamese_cnn,6cd2fb0f02bc8ff2d00cb9bd4722814e05501296b4275ab5e6611dc1d285e7bd
1,famous_le_10m,18,0.0,1.0,2,osl_siamese_cnn,6cd2fb0f02bc8ff2d00cb9bd4722814e05501296b4275ab5e6611dc1d285e7bd
1,famous_le_10m,19,0.0,1.0,2,osl_siamese_cnn,6cd2fb0f02bc8ff2d00cb9bd4722814e05501296b4275ab5e6611dc1d285e7bd
1,famous_le_10m,20,0.0,1.0,2,osl_siamese_cnn,6cd2fb0f02bc8ff2d00cb9bd4722814e05501296b4275ab5e6611dc1d285e7bd
1,famous_le_10m,21,0.0,1.0,2,osl_siamese_cnn,6cd2fb0f02bc8ff2d00cb9bd4722814e05501296b4275ab5e6611dc1d285e7bd
1,famous_le_10m,22,0.0,1.0,2,osl_siamese_cnn,6cd2fb0f02bc8ff2d00cb9bd4722814e05501296b4275ab5e6611dc1d285e7bd
1,famous_le_10m,23,0.0,1.0,2,osl_siamese_cnn,6cd2fb0f02bc8ff2d00cb9bd4722814e05501296b4275ab5e6611dc1d285e7bd
1,famous_le_100m,0,0.5,0.5714285714285714,2,osl_siamese_cnn,6cd2fb0f02bc8ff2d00cb9bd4722814e05501296b4275ab5e6611dc1d285e7bd
1,famous_le_100m,1,0.5,0.42857142857142855,2,osl_siamese_cnn,6cd2fb0f02bc8ff2d00cb9bd4722814e05501296b4275ab5e6611dc1d285e7bd
1,famous_le_100m,2,0.5,0.42857142857142855,2,osl_siamese_cnn,6cd2fb0f02bc8ff2d00cb9bd4722814e05501296b4275ab5e6611dc1d285e7bd
1,famous_le_100m,3,0.5,0.42857142857142855,2,osl_siamese_cnn,6cd2fb0f02bc8ff2d00cb9bd4722814e05501296b4275ab5e6611dc1d285e7bd
1,famous_le_100m,4,0.5714285714285714,0.42857142857142855,2,osl_siamese_cnn,6cd2fb0f02bc8ff2d00cb9bd4722814e05501296b4275ab5e6611dc1d285e7bd
1,famous_le_100m,5,0.5714285714285714,0.42857142857142855,2,osl_siamese_cnn,6cd2fb0f02bc8ff2d00cb9bd4722814e05501296b4275ab5e6611dc1d285e7bd
1,famous_le_100m,6,0.5714285714285714,0.6428571428571429,2,osl_siamese_cnn,6cd2fb0f02bc8ff2d00cb9bd4722814e05501296b4275ab5e6611dc1d285e7bd
1,famous_le_100m,7,0.6428571428571429,0.8571428571428571,2,osl_siamese_cnn,6cd2fb0f02bc8ff2d00cb9bd4722814e05501296b4275ab5e6611dc1d285e7bd
1,famous_le_100m,8,0.7857142857142857,0.6428571428571429,2,osl_siamese_cnn,6cd2fb0f02bc8ff2d00cb9bd4722814e05501296b4275ab5e6611dc1d285e7bd
1,famous_le_100m,9,0.8571428571428571,0.7857142857142857,2,osl_siamese_cnn,6cd2fb0f02bc8ff2d00cb9bd4722814e05501296b4275ab5e6611dc1d285e7bd
1,famous_le_100m,10,0.8571428571428571,0.8571428571428571,2,osl_siamese_cnn,6cd2fb0f02bc8ff2d00cb9bd4722814e05501296b4275ab5e6611dc1d285e7bd
1,famous_le_100m,11,0.9285714285714286,0.8571428571428571,2,osl_siamese_cnn,6cd2fb0f02bc8ff2d00cb9bd4722814e05501296b4275ab5e6611dc1d285e7bd
1,famous_le_100m,12,0.9285714285714286,0.8571428571428571,2,osl_siamese_cnn,6cd2fb0f02bc8ff2d00cb9bd4722814e05501296b4275ab5e6611dc1d285e7bd
1,famous_le_100m,13,0.9285714285714286,0.9285714285714286,2,osl_siamese_cnn,6cd2fb0f02bc8ff2d00cb9bd4722814e05501296b4275ab5e6611dc1d285e7bd
1,famous_le_100m,14,1.0,0.9285714285714286,2,osl_siamese_cnn,6cd2fb0f02bc8ff2d00cb9bd4722814e05501296b4275ab5e6611dc1d285e7bd
1,famous_le_100m,15,1.0,0.9285714285714286,2,osl_siamese_cnn,6cd2fb0f02bc8ff2d00cb9bd4722814e05501296b4275ab5e6611dc1d285e7bd
1,famous_le_100m,16,1.0,1.0,2,osl_siamese_cnn,6cd2fb0f02bc8ff2d00cb9bd4722814e05501296b4275ab5e6611dc1d285e7bd
1,famous_le_100m,17,1.0,1.0,2,osl_siamese_cnn,6cd2fb0f02bc8ff2d00cb9bd4722814e05501296b4275ab5e6611dc1d285e7bd
1,famous_le_100m,18,1.0,1.0,2,osl_siamese_cnn,6cd2fb0f02bc8ff2d00cb9bd4722814e05501296b4275ab5e6611dc1d285e7bd
1,famous_le_100m,19,1.0,1.0,2,osl_siamese_cnn,6cd2fb0f02bc8ff2d00cb9bd4722814e05501296b4275ab5e6611dc1d285e7bd
1,famous_le_100m,20,1.0,1.0,2,osl_siamese_cnn,6cd2fb0f02bc8ff2d00cb9bd4722814e05501296b4275ab5e6611dc1d285e7bd
1,famous_le_100m,21,1.0,1.0,2,osl_siamese_cnn,6cd2fb0f02bc8ff2d00cb9bd4722814e05501296b4275ab5e6611dc1d285e7bd
1,famous_le_100m,22,1.0,1.0,2,osl_siamese_cnn,6cd2fb0f02bc8ff2d00cb9bd4722814e05501296b4275ab5e6611dc1d285e7bd
1,famous_le_100m,23,0.7857142857142857,0.6428571428571429,2,osl_siamese_cnn,6cd2fb0f02bc8ff2d00cb9bd4722814e05501296b4275ab5e6611dc1d285e7bd
2,torch_pretrained_classification,0,0.6625,0.6375,2,osl_siamese_cnn,48cd35316b941a3bee6bd6c59267c164a0966fd695ab826546a337586e028cfe
2,famous_le_10m,0,1.0,1.0,2,osl_siamese_cnn,48cd35316b941a3bee6bd6c59267c164a0966fd695ab826546a337586e028cfe
2,famous_le_10m,1,0.0,0.0,2,osl_siamese_cnn,48cd35316b941a3bee6bd6c59267c164a0966fd695ab826546a337586e028cfe
2,famous_le_10m,2,0.0,0.0,2,osl_siamese_cnn,48cd35316b941a3bee6bd6c59267c164a0966fd695ab826546a337586e028cfe
2,famous_le_10m,3,0.0,0.0,2,osl_siamese_cnn,48cd35316b941a3bee6bd6c59267c164a0966fd695ab826546a337586e028cfe
2,famous_le_10m,4,0.0,0.0,2,osl_siamese_cnn,48cd35316b941a3bee6bd6c59267c164a0966fd695ab826546a337586e028cfe
2,famous_le_10m,5,0.2,0.0,2,osl_siamese_cnn,48cd35316b941a3bee6bd6c59267c164a0966fd695ab826546a337586e028cfe
2,famous_le_10m,6,0.2,0.0,2,osl_siamese_cnn,48cd35316b941a3bee6bd6c59267c164a0966fd695ab826546a337586e028cfe
2,famous_le_10m,7,1.0,0.2,2,osl_siamese_cnn,48cd35316b941a3bee6bd6c59267c164a0966fd695ab826546a337586e028cfe
2,famous_le_10m,8,1.0,1.0,2,osl_siamese_cnn,48cd35316b941a3bee6bd6c59267c164a0966fd695ab826546a337586e028cfe
2,famous_le_10m,9,1.0,0.8,2,osl_siamese_cnn,48cd35316b941a3bee6bd6c59267c164a0966fd695ab826546a337586e028cfe
2,famous_le_10m,10,1.0,0.8,2,osl_siamese_cnn,48cd35316b941a3bee6bd6c59267c164a0966fd695ab826546a337586e028cfe
2,famous_le_10m,11,1.0,0.8,2,osl_siamese_cnn,48cd35316b941a3bee6bd6c59267c164a0966fd695ab826546a337586e028cfe
2,famous_le_10m,12,1.0,0.8,2,osl_siamese_cnn,48cd35316b941a3bee6bd6c59267c164a0966fd695ab826546a337586e028cfe
2,famous_le_10m,13,1.0,0.6,2,osl_siamese_cnn,48cd35316b941a3bee6bd6c59267c164a0966fd695ab826546a337586e028cfe
2,famous_le_10m,14,1.0,0.6,2,osl_siamese_cnn,48cd35316b941a3bee6bd6c59267c164a0966fd695ab826546a337586e028cfe
2,famous_le_10m,15,0.8,0.8,2,osl_siamese_cnn,48cd35316b941a3bee6bd6c59267c164a0966fd695ab826546a337586e028cfe
2,famous_le_10m,16,0.8,0.4,2,osl_siamese_cnn,48cd35316b941a3bee6bd6c59267c164a0966fd695ab826546a337586e028cfe
2,famous_le_10m,17,0.8,0.8,2,osl_siamese_cnn,48cd35316b941a3bee6bd6c59267c164a0966fd695ab826546a337586e028cfe
2,famous_le_10m,18,0.8,0.8,2,osl_siamese_cnn,48cd35316b941a3bee6bd6c59267c164a0966fd695ab826546a337586e028cfe
2,famous_le_10m,19,0.8,0.8,2,osl_siamese_cnn,48cd35316b941a3bee6bd6c59267c164a0966fd695ab826546a337586e028cfe
2,famous_le_10m,20,1.0,0.4,2,osl_siamese_cnn,48cd35316b941a3bee6bd6c59267c164a0966fd695ab826546a337586e028cfe
2,famous_le_10m,21,1.0,1.0,2,osl_siamese_cnn,48cd35316b941a3bee6bd6c59267c164a0966fd695ab826546a337586e028cfe
2,famous_le_10m,22,1.0,0.8,2,osl_siamese_cnn,48cd35316b941a3bee6bd6c59267c164a0966fd695ab826546a337586e028cfe
2,famous_le_10m,23,1.0,1.0,2,osl_siamese_cnn,48cd35316b941a3bee6bd6c59267c164a0966fd695ab826546a337586e028cfe
2,famous_le_100m,0,0.5714285714285714,0.6428571428571429,2,osl_siamese_cnn,48cd35316b941a3bee6bd6c59267c164a0966fd695ab826546a337586e028cfe
2,famous_le_100m,1,0.42857142857142855,0.35714285714285715,2,osl_siamese_cnn,48cd35316b941a3bee6bd6c59267c164a0966fd695ab826546a337586e028cfe
2,famous_le_100m,2,0.42857142857142855,0.35714285714285715,2,osl_siamese_cnn,48cd35316b941a3bee6bd6c59267c164a0966fd695ab826546a337586e028cfe
2,famous_le_100m,3,0.42857142857142855,0.35714285714285715,2,osl_siamese_cnn,48cd35316b941a3bee6bd6c59267c164a0966fd695ab826546a337586e028cfe
2,famous_le_100m,4,0.5714285714285714,0.35714285714285715,2,osl_siamese_cnn,48cd35316b941a3bee6bd6c59267c164a0966fd695ab826546a337586e028cfe
2,famous_le_100m,5,0.5714285714285714,0.35714285714285715,2,osl_siamese_cnn,48cd35316b941a3bee6bd6c59267c164a0966fd695ab826546a337586e028cfe
2,famous_le_100m,6,0.6428571428571429,0.6428571428571429,2,osl_siamese_cnn,48cd35316b941a3bee6bd6c59267c164a0966fd695ab826546a337586e028cfe
2,famous_le_100m,7,0.6428571428571429,0.5714285714285714,2,osl_siamese_cnn,48cd35316b941a3bee6bd6c59267c164a0966fd695ab826546a337586e028cfe
2,famous_le_100m,8,0.6428571428571429,0.6428571428571429,2,osl_siamese_cnn,48cd35316b941a3bee6bd6c59267c164a0966fd695ab826546a337586e028cfe
2,famous_le_100m,9,0.7142857142857143,0.6428571428571429,2,osl_siamese_cnn,48cd35316b941a3bee6bd6c59267c164a0966fd695ab826546a337586e028cfe
2,famous_le_100m,10,0.8571428571428571,0.6428571428571429,2,osl_siamese_cnn,48cd35316b941a3bee6bd6c59267c164a0966fd695ab826546a337586e028cfe
2,famous_le_100m,11,0.9285714285714286,0.8571428571428571,2,osl_siamese_cnn,48cd35316b941a3bee6bd6c59267c164a0966fd695ab826546a337586e028cfe
2,famous_le_100m,12,0.9285714285714286,0.8571428571428571,2,osl_siamese_cnn,48cd35316b941a3bee6bd6c59267c164a0966fd695ab826546a337586e028cfe
2,famous_le_100m,13,0.9285714285714286,0.8571428571428571,2,osl_siamese_cnn,48cd35316b941a3bee6bd6c59267c164a0966fd695ab826546a337586e028cfe
2,famous_le_100m,14,0.9285714285714286,0.9285714285714286,2,osl_siamese_cnn,48cd35316b941a3bee6bd6c59267c164a0966fd695ab826546a337586e028cfe
2,famous_le_100m,15,1.0,0.9285714285714286,2,osl_siamese_cnn,48cd35316b941a3bee6bd6c59267c164a0966fd695ab826546a337586e028cfe
2,famous_le_100m,16,1.0,1.0,2,osl_siamese_cnn,48cd35316b941a3bee6bd6c59267c164a0966fd695ab826546a337586e028cfe
2,famous_le_100m,17,1.0,1.0,2,osl_siamese_cnn,48cd35316b941a3bee6bd6c59267c164a0966fd695ab826546a337586e028cfe
2,famous_le_100m,18,1.0,1.0,2,osl_siamese_cnn,48cd35316b941a3bee6bd6c59267c164a0966fd695ab826546a337586e028cfe
2,famous_le_100m,19,1.0,1.0,2,osl_siamese_cnn,48cd35316b941a3bee6bd6c59267c164a0966fd695ab826546a337586e028cfe
2,famous_le_100m,20,1.0,1.0,2,osl_siamese_cnn,48cd35316b941a3bee6bd6c59267c164a0966fd695ab826546a337586e028cfe
2,famous_le_100m,21,1.0,1.0,2,osl_siamese_cnn,48cd35316b941a3bee6bd6c59267c164a0966fd695ab826546a337586e028cfe
2,famous_le_100m,22,1.0,0.8571428571428571,2,osl_siamese_cnn,48cd35316b941a3bee6bd6c59267c164a0966fd695ab826546a337586e028cfe
2,famous_le_100m,23,1.0,0.7857142857142857,2,osl_siamese_cnn,48cd35316b941a3bee6bd6c59267c164a0966fd695ab826546a337586e028cfe
3,torch_pretrained_classification,0,0.8125,0.55,2,osl_siamese_cnn,e517aec56de1d0bf55cff80407e85a192f0ab37b7ad1150f1ee87098856608c7
3,famous_le_10m,0,0.8,0.8,2,osl_siamese_cnn,e517aec56de1d0bf55cff80407e85a192f0ab37b7ad1150f1ee87098856608c7
3,famous_le_10m,1,0.2,0.2,2,osl_siamese_cnn,e517aec56de1d0bf55cff80407e85a192f0ab37b7ad1150f1ee87098856608c7
3,famous_le_10m,2,0.2,0.2,2,osl_siamese_cnn,e517aec56de1d0bf55cff80407e85a192f0ab37b7ad1150f1ee87098856608c7
3,famous_le_10m,3,0.2,0.4,2,osl_siamese_cnn,e517aec56de1d0bf55cff80407e85a192f0ab37b7ad1150f1ee87098856608c7
3,famous_le_10m,4,0.0,0.4,2,osl_siamese_cnn,e517aec56de1d0bf55cff80407e85a192f0ab37b7ad1150f1ee87098856608c7
3,famous_le_10m,5,0.0,0.6,2,osl_siamese_cnn,e517aec56de1d0bf55cff80407e85a192f0ab37b7ad1150f1ee87098856608c7
3,famous_le_10m,6,0.0,0.8,2,osl_siamese_cnn,e517aec56de1d0bf55cff80407e85a192f0ab37b7ad1150f1ee87098856608c7
3,famous_le_10m,7,0.0,1.0,2,osl_siamese_cnn,e517aec56de1d0bf55cff80407e85a192f0ab37b7ad1150f1ee87098856608c7
3,famous_le_10m,8,0.0,1.0,2,osl_siamese_cnn,e517aec56de1d0bf55cff80407e85a192f0ab37b7ad1150f1ee87098856608c7
3,famous_le_10m,9,0.0,1.0,2,osl_siamese_cnn,e517aec56de1d0bf55cff80407e85a192f0ab37b7ad1150f1ee87098856608c7
3,famous_le_10m,10,0.0,1.0,2,osl_siamese_cnn,e517aec56de1d0bf55cff80407e85a192f0ab37b7ad1150f1ee87098856608c7
3,famous_le_10m,11,0.0,1.0,2,osl_siamese_cnn,e517aec56de1d0bf55cff80407e85a192f0ab37b7ad1150f1ee87098856608c7
3,famous_le_10m,12,0.0,1.0,2,osl_siamese_cnn,e517aec56de1d0bf55cff80407e85a192f0ab37b7ad1150f1ee87098856608c7
3,famous_le_10m,13,0.0,1.0,2,osl_siamese_cnn,e517aec56de1d0bf55cff80407e85a192f0ab37b7ad1150f1ee87098856608c7
3,famous_le_10m,14,0.0,1.0,2,osl_siamese_cnn,e517aec56de1d0bf55cff80407e85a192f0ab37b7ad1150f1ee87098856608c7
3,famous_le_10m,15,0.0,1.0,2,osl_siamese_cnn,e517aec56de1d0bf55cff80407e85a192f0ab37b7ad1150f1ee87098856608c7
3,famous_le_10m,16,0.0,1.0,2,osl_siamese_cnn,e517aec56de1d0bf55cff80407e85a192f0ab37b7ad1150f1ee87098856608c7
3,famous_le_10m,17,0.0,1.0,2,osl_siamese_cnn,e517aec56de1d0bf55cff80407e85a192f0ab37b7ad1150f1ee87098856608c7
3,famous_le_10m,18,0.0,1.0,2,osl_siamese_cnn,e517aec56de1d0bf55cff80407e85a192f0ab37b7ad1150f1ee87098856608c7
3,famous_le_10m,19,0.0,1.0,2,osl_siamese_cnn,e517aec56de1d0bf55cff80407e85a192f0ab37b7ad1150f1ee87098856608c7
3,famous_le_10m,20,0.0,1.0,2,osl_siamese_cnn,e517aec56de1d0bf55cff80407e85a192f0ab37b7ad1150f1ee87098856608c7
3,famous_le_10m,21,0.0,1.0,2,osl_siamese_cnn,e517aec56de1d0bf55cff80407e85a192f0ab37b7ad1150f1ee87098856608c7
3,famous_le_10m,22,0.0,1.0,2,osl_siamese_cnn,e517aec56de1d0bf55cff80407e85a192f0ab37b7ad1150f1ee87098856608c7
3,famous_le_10m,23,0.0,1.0,2,osl_siamese_cnn,e517aec56de1d0bf55cff80407e85a192f0ab37b7ad1150f1ee87098856608c7
3,famous_le_100m,0,0.8571428571428571,0.7142857142857143,2,osl_siamese_cnn,e517aec56de1d0bf55cff80407e85a192f0ab37b7ad1150f1ee87098856608c7
3,famous_le_100m,1,0.14285714285714285,0.2857142857142857,2,osl_siamese_cnn,e517aec56de1d0bf55cff80407e85a192f0ab37b7ad1150f1ee87098856608c7
3,famous_le_100m,2,0.14285714285714285,0.2857142857142857,2,osl_siamese_cnn,e517aec56de1d0bf55cff80407e85a192f0ab37b7ad1150f1ee87098856608c7
3,famous_le_100m,3,0.14285714285714285,0.2857142857142857,2,osl_siamese_cnn,e517aec56de1d0bf55cff80407e85a192f0ab37b7ad1150f1ee87098856608c7
3,famous_le_100m,4,0.14285714285714285,0.2857142857142857,2,osl_siamese_cnn,e517aec56de1d0bf55cff80407e85a192f0ab37b7ad1150f1ee87098856608c7
3,famous_le_100m,5,0.14285714285714285,0.35714285714285715,2,osl_siamese_cnn,e517aec56de1d0bf55cff80407e85a192f0ab37b7ad1150f1ee87098856608c7
3,famous_le_100m,6,0.42857142857142855,0.35714285714285715,2,osl_siamese_cnn,e517aec56de1d0bf55cff80407e85a192f0ab37b7ad1150f1ee87098856608c7
3,famous_le_100m,7,0.5,0.35714285714285715,2,osl_siamese_cnn,e517aec56de1d0bf55cff80407e85a192f0ab37b7ad1150f1ee87098856608c7
3,famous_le_100m,8,0.5714285714285714,0.42857142857142855,2,osl_siamese_cnn,e517aec56de1d0bf55cff80407e85a192f0ab37b7ad1150f1ee87098856608c7
3,famous_le_100m,9,0.42857142857142855,0.35714285714285715,2,osl_siamese_cnn,e517aec56de1d0bf55cff80407e85a192f0ab37b7ad1150f1ee87098856608c7
3,famous_le_100m,10,0.35714285714285715,0.42857142857142855,2,osl_siamese_cnn,e517aec56de1d0bf55cff80407e85a192f0ab37b7ad1150f1ee87098856608c7
3,famous_le_100m,11,0.35714285714285715,0.42857142857142855,2,osl_siamese_cnn,e517aec56de1d0bf55cff80407e85a192f0ab37b7ad1150f1ee87098856608c7
3,famous_le_100m,12,0.42857142857142855,0.5714285714285714,2,osl_siamese_cnn,e517aec56de1d0bf55cff80407e85a192f0ab37b7ad1150f1ee87098856608c7
3,famous_le_100m,13,0.42857142857142855,0.8571428571428571,2,osl_siamese_cnn,e517aec56de1d0bf55cff80407e85a192f0ab37b7ad1150f1ee87098856608c7
3,famous_le_100m,14,0.5,0.7857142857142857,2,osl_siamese_cnn,e517aec56de1d0bf55cff80407e85a192f0ab37b7ad1150f1ee87098856608c7
3,famous_le_100m,15,0.5714285714285714,0.9285714285714286,2,osl_siamese_cnn,e517aec56de1d0bf55cff80407e85a192f0ab37b7ad1150f1ee87098856608c7
3,famous_le_100m,16,0.5714285714285714,0.9285714285714286,2,osl_siamese_cnn,e517aec56de1d0bf55cff80407e85a192f0ab37b7ad1150f1ee87098856608c7
3,famous_le_100m,17,0.5714285714285714,0.8571428571428571,2,osl_siamese_cnn,e517aec56de1d0bf55cff80407e85a192f0ab37b7ad1150f1ee87098856608c7
3,famous_le_100m,18,0.5714285714285714,0.8571428571428571,2,osl_siamese_cnn,e517aec56de1d0bf55cff80407e85a192f0ab37b7ad1150f1ee87098856608c7
3,famous_le_100m,19,0.35714285714285715,0.5714285714285714,2,osl_siamese_cnn,e517aec56de1d0bf55cff80407e85a192f0ab37b7ad1150f1ee87098856608c7
3,famous_le_100m,20,0.21428571428571427,0.6428571428571429,2,osl_siamese_cnn,e517aec56de1d0bf55cff80407e85a192f0ab37b7ad1150f1ee87098856608c7
3,famous_le_100m,21,0.07142857142857142,0.8571428571428571,2,osl_siamese_cnn,e517aec56de1d0bf55cff80407e85a192f0ab37b7ad1150f1ee87098856608c7
3,famous_le_100m,22,0.0,1.0,2,osl_siamese_cnn,e517aec56de1d0bf55cff80407e85a192f0ab37b7ad1150f1ee87098856608c7
3,famous_le_100m,23,0.0,1.0,2,osl_siamese_cnn,e517aec56de1d0bf55cff80407e85a192f0ab37b7ad1150f1ee87098856608c7
4,torch_pretrained_classification,0,0.2875,0.3625,2,osl_siamese_cnn,17984505f2dcb7298be2d85034fc404a128c4d1743ed1ab89a8e07675171cca1
4,famous_le_10m,0,0.0,0.8,2,osl_siamese_cnn,17984505f2dcb7298be2d85034fc404a128c4d1743ed1ab89a8e07675171cca1
4,famous_le_10m,1,1.0,0.2,2,osl_siamese_cnn,17984505f2dcb7298be2d85034fc404a128c4d1743ed1ab89a8e07675171cca1
4,famous_le_10m,2,1.0,0.2,2,osl_siamese_cnn,17984505f2dcb7298be2d85034fc404a128c4d1743ed1ab89a8e07675171cca1
4,famous_le_10m,3,1.0,0.2,2,osl_siamese_cnn,17984505f2dcb7298be2d85034fc404a128c4d1743ed1ab89a8e07675171cca1
4,famous_le_10m,4,1.0,0.4,2,osl_siamese_cnn,17984505f2dcb7298be2d85034fc404a128c4d1743ed1ab89a8e07675171cca1
4,famous_le_10m,5,1.0,0.4,2,osl_siamese_cnn,17984505f2dcb7298be2d85034fc404a128c4d1743ed1ab89a8e07675171cca1
4,famous_le_10m,6,1.0,0.8,2,osl_siamese_cnn,17984505f2dcb7298be2d85034fc404a128c4d1743ed1ab89a8e07675171cca1
4,famous_le_10m,7,1.0,1.0,2,osl_siamese_cnn,17984505f2dcb7298be2d85034fc404a128c4d1743ed1ab89a8e07675171cca1
4,famous_le_10m,8,1.0,1.0,2,osl_siamese_cnn,17984505f2dcb7298be2d85034fc404a128c4d1743ed1ab89a8e07675171cca1
4,famous_le_10m,9,1.0,1.0,2,osl_siamese_cnn,17984505f2dcb7298be2d85034fc404a128c4d1743ed1ab89a8e07675171cca1
4,famous_le_10m,10,1.0,1.0,2,osl_siamese_cnn,17984505f2dcb7298be2d85034fc404a128c4d1743ed1ab89a8e07675171cca1
4,famous_le_10m,11,1.0,1.0,2,osl_siamese_cnn,17984505f2dcb7298be2d85034fc404a128c4d1743ed1ab89a8e07675171cca1
4,famous_le_10m,12,1.0,1.0,2,osl_siamese_cnn,17984505f2dcb7298be2d85034fc404a128c4d1743ed1ab89a8e07675171cca1
4,famous_le_10m,13,1.0,1.0,2,osl_siamese_cnn,17984505f2dcb7298be2d85034fc404a128c4d1743ed1ab89a8e07675171cca1
4,famous_le_10m,14,1.0,1.0,2,osl_siamese_cnn,17984505f2dcb7298be2d85034fc404a128c4d1743ed1ab89a8e07675171cca1
4,famous_le_10m,15,1.0,1.0,2,osl_siamese_cnn,17984505f2dcb7298be2d85034fc404a128c4d1743ed1ab89a8e07675171cca1
4,famous_le_10m,16,1.0,1.0,2,osl_siamese_cnn,17984505f2dcb7298be2d85034fc404a128c4d1743ed1ab89a8e07675171cca1
4,famous_le_10m,17,1.0,1.0,2,osl_siamese_cnn,17984505f2dcb7298be2d85034fc404a128c4d1743ed1ab89a8e07675171cca1
4,famous_le_10m,18,1.0,1.0,2,osl_siamese_cnn,17984505f2dcb7298be2d85034fc404a128c4d1743ed1ab89a8e07675171cca1
4,famous_le_10m,19,1.0,1.0,2,osl_siamese_cnn,17984505f2dcb7298be2d85034fc404a128c4d1743ed1ab89a8e07675171cca1
4,famous_le_10m,20,1.0,1.0,2,osl_siamese_cnn,17984505f2dcb7298be2d85034fc404a128c4d1743ed1ab89a8e07675171cca1
4,famous_le_10m,21,1.0,1.0,2,osl_siamese_cnn,17984505f2dcb7298be2d85034fc404a128c4d1743ed1ab89a8e07675171cca1
4,famous_le_10m,22,1.0,1.0,2,osl_siamese_cnn,17984505f2dcb7298be2d85034fc404a128c4d1743ed1ab89a8e07675171cca1
4,famous_le_10m,23,1.0,1.0,2,osl_siamese_cnn,17984505f2dcb7298be2d85034fc404a128c4d1743ed1ab89a8e07675171cca1
4,famous_le_100m,0,0.42857142857142855,0.35714285714285715,2,osl_siamese_cnn,17984505f2dcb7298be2d85034fc404a128c4d1743ed1ab89a8e07675171cca1
4,famous_le_100m,1,0.5714285714285714,0.6428571428571429,2,osl_siamese_cnn,17984505f2dcb7298be2d85034fc404a128c4d1743ed1ab89a8e07675171cca1
4,famous_le_100m,2,0.5714285714285714,0.6428571428571429,2,osl_siamese_cnn,17984505f2dcb7298be2d85034fc404a128c4d1743ed1ab89a8e07675171cca1
4,famous_le_100m,3,0.5714285714285714,0.6428571428571429,2,osl_siamese_cnn,17984505f2dcb7298be2d85034fc404a128c4d1743ed1ab89a8e07675171cca1
4,famous_le_100m,4,0.5714285714285714,0.6428571428571429,2,osl_siamese_cnn,17984505f2dcb7298be2d85034fc404a128c4d1743ed1ab89a8e07675171cca1
4,famous_le_100m,5,0.5714285714285714,0.5714285714285714,2,osl_siamese_cnn,17984505f2dcb7298be2d85034fc404a128c4d1743ed1ab89a8e07675171cca1
4,famous_le_100m,6,0.5714285714285714,0.5714285714285714,2,osl_siamese_cnn,17984505f2dcb7298be2d85034fc404a128c4d1743ed1ab89a8e07675171cca1
4,famous_le_100m,7,0.7142857142857143,0.6428571428571429,2,osl_siamese_cnn,17984505f2dcb7298be2d85034fc404a128c4d1743ed1ab89a8e07675171cca1
4,famous_le_100m,8,0.7857142857142857,0.7142857142857143,2,osl_siamese_cnn,17984505f2dcb7298be2d85034fc404a128c4d1743ed1ab89a8e07675171cca1
4,famous_le_100m,9,0.7857142857142857,0.7142857142857143,2,osl_siamese_cnn,17984505f2dcb7298be2d85034fc404a128c4d1743ed1ab89a8e07675171cca1
4,famous_le_100m,10,0.7857142857142857,0.6428571428571429,2,osl_siamese_cnn,17984505f2dcb7298be2d85034fc404a128c4d1743ed1ab89a8e07675171cca1
4,famous_le_100m,11,0.7857142857142857,0.6428571428571429,2,osl_siamese_cnn,17984505f2dcb7298be2d85034fc404a128c4d1743ed1ab89a8e07675171cca1
4,famous_le_100m,12,0.9285714285714286,0.5,2,osl_siamese_cnn,17984505f2dcb7298be2d85034fc404a128c4d1743ed1ab89a8e07675171cca1
4,famous_le_100m,13,0.9285714285714286,0.6428571428571429,2,osl_siamese_cnn,17984505f2dcb7298be2d85034fc404a128c4d1743ed1ab89a8e07675171cca1
4,famous_le_100m,14,0.9285714285714286,0.7857142857142857,2,osl_siamese_cnn,17984505f2dcb7298be2d85034fc404a128c4d1743ed1ab89a8e07675171cca1
4,famous_le_100m,15,0.9285714285714286,0.7857142857142857,2,osl_siamese_cnn,17984505f2dcb7298be2d85034fc404a128c4d1743ed1ab89a8e07675171cca1
4,famous_le_100m,16,0.8571428571428571,0.9285714285714286,2,osl_siamese_cnn,17984505f2dcb7298be2d85034fc404a128c4d1743ed1ab89a8e07675171cca1
4,famous_le_100m,17,0.8571428571428571,0.9285714285714286,2,osl_siamese_cnn,17984505f2dcb7298be2d85034fc404a128c4d1743ed1ab89a8e07675171cca1
4,famous_le_100m,18,0.8571428571428571,1.0,2,osl_siamese_cnn,17984505f2dcb7298be2d85034fc404a128c4d1743ed1ab89a8e07675171cca1
4,famous_le_100m,19,0.9285714285714286,0.9285714285714286,2,osl_siamese_cnn,17984505f2dcb7298be2d85034fc404a128c4d1743ed1ab89a8e07675171cca1
4,famous_le_100m,20,1.0,0.8571428571428571,2,osl_siamese_cnn,17984505f2dcb7298be2d85034fc404a128c4d1743ed1ab89a8e07675171cca1
4,famous_le_100m,21,1.0,1.0,2,osl_siamese_cnn,17984505f2dcb7298be2d85034fc404a128c4d1743ed1ab89a8e07675171cca1
4,famous_le_100m,22,1.0,1.0,2,osl_siamese_cnn,17984505f2dcb7298be2d85034fc404a128c4d1743ed1ab89a8e07675171cca1
4,famous_le_100m,23,1.0,1.0,2,osl_siamese_cnn,17984505f2dcb7298be2d85034fc404a128c4d1743ed1ab89a8e07675171cca1
0,torch_pretrained_classification,0,0.7125,0.6125,3,osl_siamese_cnn,c50eb9ecd5b196d16d5fa6e1357d3243f948a98bc4fec70c0079b6a6d574bf26
0,famous_le_10m,0,0.4,0.8,3,osl_siamese_cnn,c50eb9ecd5b196d16d5fa6e1357d3243f948a98bc4fec70c0079b6a6d574bf26
0,famous_le_10m,1,0.6,0.2,3,osl_siamese_cnn,c50eb9ecd5b196d16d5fa6e1357d3243f948a98bc4fec70c0079b6a6d574bf26
0,famous_le_10m,2,0.6,0.2,3,osl_siamese_cnn,c50eb9ecd5b196d16d5fa6e1357d3243f948a98bc4fec70c0079b6a6d574bf26
0,famous_le_10m,3,0.4,0.4,3,osl_siamese_cnn,c50eb9ecd5b196d16d5fa6e1357d3243f948a98bc4fec70c0079b6a6d574bf26
0,famous_le_10m,4,0.4,0.6,3,osl_siamese_cnn,c50eb9ecd5b196d16d5fa6e1357d3243f948a98bc4fec70c0079b6a6d574bf26
0,famous_le_10m,5,0.2,0.4,3,osl_siamese_cnn,c50eb9ecd5b196d16d5fa6e1357d3243f948a98bc4fec70c0079b6a6d574bf26
0,famous_le_10m,6,0.2,0.4,3,osl_siamese_cnn,c50eb9ecd5b196d16d5fa6e1357d3243f948a98bc4fec70c0079b6a6d574bf26
0,famous_le_10m,7,0.2,0.2,3,osl_siamese_cnn,c50eb9ecd5b196d16d5fa6e1357d3243f948a98bc4fec70c0079b6a6d574bf26
0,famous_le_10m,8,0.2,0.0,3,osl_siamese_cnn,c50eb9ecd5b196d16d5fa6e1357d3243f948a98bc4fec70c0079b6a6d574bf26
0,famous_le_10m,9,0.0,0.0,3,osl_siamese_cnn,c50eb9ecd5b196d16d5fa6e1357d3243f948a98bc4fec70c0079b6a6d574bf26
0,famous_le_10m,10,0.0,0.4,3,osl_siamese_cnn,c50eb9ecd5b196d16d5fa6e1357d3243f948a98bc4fec70c0079b6a6d574bf26
0,famous_le_10m,11,0.0,0.4,3,osl_siamese_cnn,c50eb9ecd5b196d16d5fa6e1357d3243f948a98bc4fec70c0079b6a6d574bf26
0,famous_le_10m,12,0.0,0.0,3,osl_siamese_cnn,c50eb9ecd5b196d16d5fa6e1357d3243f948a98bc4fec70c0079b6a6d574bf26
0,famous_le_10m,13,0.0,0.4,3,osl_siamese_cnn,c50eb9ecd5b196d16d5fa6e1357d3243f948a98bc4fec70c0079b6a6d574bf26
0,famous_le_10m,14,0.0,0.0,3,osl_siamese_cnn,c50eb9ecd5b196d16d5fa6e1357d3243f948a98bc4fec70c0079b6a6d574bf26
0,famous_le_10m,15,0.0,0.0,3,osl_siamese_cnn,c50eb9ecd5b196d16d5fa6e1357d3243f948a98bc4fec70c0079b6a6d574bf26
0,famous_le_10m,16,0.0,0.0,3,osl_siamese_cnn,c50eb9ecd5b196d16d5fa6e1357d3243f948a98bc4fec70c0079b6a6d574bf26
0,famous_le_10m,17,0.0,0.0,3,osl_siamese_cnn,c50eb9ecd5b196d16d5fa6e1357d3243f948a98bc4fec70c0079b6a6d574bf26
0,famous_le_10m,18,0.0,0.0,3,osl_siamese_cnn,c50eb9ecd5b196d16d5fa6e1357d3243f948a98bc4fec70c0079b6a6d574bf26
0,famous_le_10m,19,0.0,0.0,3,osl_siamese_cnn,c50eb9ecd5b196d16d5fa6e1357d3243f948a98bc4fec70c0079b6a6d574bf26
0,famous_le_10m,20,0.0,0.0,3,osl_siamese_cnn,c50eb9ecd5b196d16d5fa6e1357d3243f948a98bc4fec70c0079b6a6d574bf26
0,famous_le_10m,21,0.0,0.0,3,osl_siamese_cnn,c50eb9ecd5b196d16d5fa6e1357d3243f948a98bc4fec70c0079b6a6d574bf26
0,famous_le_10m,22,0.0,0.0,3,osl_siamese_cnn,c50eb9ecd5b196d16d5fa6e1357d3243f948a98bc4fec70c0079b6a6d574bf26
0,famous_le_10m,23,0.0,0.0,3,osl_siamese_cnn,c50eb9ecd5b196d16d5fa6e1357d3243f948a98bc4fec70c0079b6a6d574bf26
0,famous_le_100m,0,0.5714285714285714,0.5714285714285714,3,osl_siamese_cnn,c50eb9ecd5b196d16d5fa6e1357d3243f948a98bc4fec70c0079b6a6d574bf26
0,famous_le_100m,1,0.42857142857142855,0.42857142857142855,3,osl_siamese_cnn,c50eb9ecd5b196d16d5fa6e1357d3243f948a98bc4fec70c0079b6a6d574bf26
0,famous_le_100m,2,0.42857142857142855,0.42857142857142855,3,osl_siamese_cnn,c50eb9ecd5b196d16d5fa6e1357d3243f948a98bc4fec70c0079b6a6d574bf26
0,famous_le_100m,3,0.42857142857142855,0.42857142857142855,3,osl_siamese_cnn,c50eb9ecd5b196d16d5fa6e1357d3243f948a98bc4fec70c0079b6a6d574bf26
0,famous_le_100m,4,0.5,0.35714285714285715,3,osl_siamese_cnn,c50eb9ecd5b196d16d5fa6e1357d3243f948a98bc4fec70c0079b6a6d574bf26
0,famous_le_100m,5,0.5714285714285714,0.2857142857142857,3,osl_siamese_cnn,c50eb9ecd5b196d16d5fa6e1357d3243f948a98bc4fec70c0079b6a6d574bf26
0,famous_le_100m,6,0.5714285714285714,0.6428571428571429,3,osl_siamese_cnn,c50eb9ecd5b196d16d5fa6e1357d3243f948a98bc4fec70c0079b6a6d574bf26
0,famous_le_100m,7,0.6428571428571429,0.5714285714285714,3,osl_siamese_cnn,c50eb9ecd5b196d16d5fa6e1357d3243f948a98bc4fec70c0079b6a6d574bf26
0,famous_le_100m,8,0.6428571428571429,0.7857142857142857,3,osl_siamese_cnn,c50eb9ecd5b196d16d5fa6e1357d3243f948a98bc4fec70c0079b6a6d574bf26
0,famous_le_100m,9,0.7142857142857143,0.9285714285714286,3,osl_siamese_cnn,c50eb9ecd5b196d16d5fa6e1357d3243f948a98bc4fec70c0079b6a6d574bf26
0,famous_le_100m,10,0.8571428571428571,0.8571428571428571,3,osl_siamese_cnn,c50eb9ecd5b196d16d5fa6e1357d3243f948a98bc4fec70c0079b6a6d574bf26
0,famous_le_100m,11,0.8571428571428571,0.9285714285714286,3,osl_siamese_cnn,c50eb9ecd5b196d16d5fa6e1357d3243f948a98bc4fec70c0079b6a6d574bf26
0,famous_le_100m,12,0.8571428571428571,1.0,3,osl_siamese_cnn,c50eb9ecd5b196d16d5fa6e1357d3243f948a98bc4fec70c0079b6a6d574bf26
0,famous_le_100m,13,0.9285714285714286,0.8571428571428571,3,osl_siamese_cnn,c50eb9ecd5b196d16d5fa6e1357d3243f948a98bc4fec70c0079b6a6d574bf26
0,famous_le_100m,14,0.8571428571428571,0.7857142857142857,3,osl_siamese_cnn,c50eb9ecd5b196d16d5fa6e1357d3243f948a98bc4fec70c0079b6a6d574bf26
0,famous_le_100m,15,0.6428571428571429,0.6428571428571429,3,osl_siamese_cnn,c50eb9ecd5b196d16d5fa6e1357d3243f948a98bc4fec70c0079b6a6d574bf26
0,famous_le_100m,16,0.5,0.5714285714285714,3,osl_siamese_cnn,c50eb9ecd5b196d16d5fa6e1357d3243f948a98bc4fec70c0079b6a6d574bf26
0,famous_le_100m,17,0.5,0.5714285714285714,3,osl_siamese_cnn,c50eb9ecd5b196d16d5fa6e1357d3243f948a98bc4fec70c0079b6a6d574bf26
0,famous_le_100m,18,0.5714285714285714,0.35714285714285715,3,osl_siamese_cnn,c50eb9ecd5b196d16d5fa6e1357d3243f948a98bc4fec70c0079b6a6d574bf26
0,famous_le_100m,19,0.35714285714285715,0.5,3,osl_siamese_cnn,c50eb9ecd5b196d16d5fa6e1357d3243f948a98bc4fec70c0079b6a6d574bf26
0,famous_le_100m,20,0.21428571428571427,0.21428571428571427,3,osl_siamese_cnn,c50eb9ecd5b196d16d5fa6e1357d3243f948a98bc4fec70c0079b6a6d574bf26
0,famous_le_100m,21,0.14285714285714285,0.07142857142857142,3,osl_siamese_cnn,c50eb9ecd5b196d16d5fa6e1357d3243f948a98bc4fec70c0079b6a6d574bf26
0,famous_le_100m,22,0.0,0.0,3,osl_siamese_cnn,c50eb9ecd5b196d16d5fa6e1357d3243f948a98bc4fec70c0079b6a6d574bf26
0,famous_le_100m,23,0.0,0.0,3,osl_siamese_cnn,c50eb9ecd5b196d16d5fa6e1357d3243f948a98bc4fec70c0079b6a6d574bf26
1,torch_pretrained_classification,0,0.7375,0.475,3,osl_siamese_cnn,b2bf3f52b26c1c44319ccfbdeb45a380f734d717b38cf85bb26901e08440dda4
1,famous_le_10m,0,1.0,0.8,3,osl_siamese_cnn,b2bf3f52b26c1c44319ccfbdeb45a380f734d717b38cf85bb26901e08440dda4
1,famous_le_10m,1,0.0,0.2,3,osl_siamese_cnn,b2bf3f52b26c1c44319ccfbdeb45a380f734d717b38cf85bb26901e08440dda4
1,famous_le_10m,2,0.0,0.2,3,osl_siamese_cnn,b2bf3f52b26c1c44319ccfbdeb45a380f734d717b38cf85bb26901e08440dda4
1,famous_le_10m,3,0.0,0.2,3,osl_siamese_cnn,b2bf3f52b26c1c44319ccfbdeb45a380f734d717b38cf85bb26901e08440dda4
1,famous_le_10m,4,0.0,0.6,3,osl_siamese_cnn,b2bf3f52b26c1c44319ccfbdeb45a380f734d717b38cf85bb26901e08440dda4
1,famous_le_10m,5,0.0,0.6,3,osl_siamese_cnn,b2bf3f52b26c1c44319ccfbdeb45a380f734d717b38cf85bb26901e08440dda4
1,famous_le_10m,6,0.0,1.0,3,osl_siamese_cnn,b2bf3f52b26c1c44319ccfbdeb45a380f734d717b38cf85bb26901e08440dda4
1,famous_le_10m,7,0.0,1.0,3,osl_siamese_cnn,b2bf3f52b26c1c44319ccfbdeb45a380f734d717b38cf85bb26901e08440dda4
1,famous_le_10m,8,0.0,1.0,3,osl_siamese_cnn,b2bf3f52b26c1c44319ccfbdeb45a380f734d717b38cf85bb26901e08440dda4
1,famous_le_10m,9,0.0,1.0,3,osl_siamese_cnn,b2bf3f52b26c1c44319ccfbdeb45a380f734d717b38cf85bb26901e08440dda4
1,famous_le_10m,10,0.0,1.0,3,osl_siamese_cnn,b2bf3f52b26c1c44319ccfbdeb45a380f734d717b38cf85bb26901e08440dda4
1,famous_le_10m,11,0.0,1.0,3,osl_siamese_cnn,b2bf3f52b26c1c44319ccfbdeb45a380f734d717b38cf85bb26901e08440dda4
1,famous_le_10m,12,0.0,1.0,3,osl_siamese_cnn,b2bf3f52b26c1c44319ccfbdeb45a380f734d717b38cf85bb26901e08440dda4
1,famous_le_10m,13,0.0,1.0,3,osl_siamese_cnn,b2bf3f52b26c1c44319ccfbdeb45a380f734d717b38cf85bb26901e08440dda4
1,famous_le_10m,14,0.0,1.0,3,osl_siamese_cnn,b2bf3f52b26c1c44319ccfbdeb45a380f734d717b38cf85bb26901e08440dda4
1,famous_le_10m,15,0.0,1.0,3,osl_siamese_cnn,b2bf3f52b26c1c44319ccfbdeb45a380f734d717b38cf85bb26901e08440dda4
1,famous_le_10m,16,0.0,1.0,3,osl_siamese_cnn,b2bf3f52b26c1c44319ccfbdeb45a380f734d717b38cf85bb26901e08440dda4
1,famous_le_10m,17,0.0,1.0,3,osl_siamese_cnn,b2bf3f52b26c1c44319ccfbdeb45a380f734d717b38cf85bb26901e08440dda4
1,famous_le_10m,18,0.0,1.0,3,osl_siamese_cnn,b2bf3f52b26c1c44319ccfbdeb45a380f734d717b38cf85bb26901e08440dda4
1,famous_le_10m,19,0.0,1.0,3,osl_siamese_cnn,b2bf3f52b26c1c44319ccfbdeb45a380f734d717b38cf85bb26901e08440dda4
1,famous_le_10m,20,0.0,1.0,3,osl_siamese_cnn,b2bf3f52b26c1c44319ccfbdeb45a380f734d717b38cf85bb26901e08440dda4
1,famous_le_10m,21,0.0,1.0,3,osl_siamese_cnn,b2bf3f52b26c1c44319ccfbdeb45a380f734d717b38cf85bb26901e08440dda4
1,famous_le_10m,22,0.0,1.0,3,osl_siamese_cnn,b2bf3f52b26c1c44319ccfbdeb45a380f734d717b38cf85bb26901e08440dda4
1,famous_le_10m,23,0.0,1.0,3,osl_siamese_cnn,b2bf3f52b26c1c44319ccfbdeb45a380f734d717b38cf85bb26901e08440dda4
1,famous_le_100m,0,0.8571428571428571,0.5714285714285714,3,osl_siamese_cnn,b2bf3f52b26c1c44319ccfbdeb45a380f734d717b38cf85bb26901e08440dda4
1,famous_le_100m,1,0.14285714285714285,0.42857142857142855,3,osl_siamese_cnn,b2bf3f52b26c1c44319ccfbdeb45a380f734d717b38cf85bb26901e08440dda4
1,famous_le_100m,2,0.14285714285714285,0.42857142857142855,3,osl_siamese_cnn,b2bf3f52b26c1c44319ccfbdeb45a380f734d717b38cf85bb26901e08440dda4
1,famous_le_100m,3,0.14285714285714285,0.42857142857142855,3,osl_siamese_cnn,b2bf3f52b26c1c44319ccfbdeb45a380f734d717b38cf85bb26901e08440dda4
1,famous_le_100m,4,0.14285714285714285,0.42857142857142855,3,osl_siamese_cnn,b2bf3f52b26c1c44319ccfbdeb45a380f734d717b38cf85bb26901e08440dda4
1,famous_le_100m,5,0.14285714285714285,0.42857142857142855,3,osl_siamese_cnn,b2bf3f52b26c1c44319ccfbdeb45a380f734d717b38cf85bb26901e08440dda4
1,famous_le_100m,6,0.14285714285714285,0.35714285714285715,3,osl_siamese_cnn,b2bf3f52b26c1c44319ccfbdeb45a380f734d717b38cf85bb26901e08440dda4
1,famous_le_100m,7,0.07142857142857142,0.42857142857142855,3,osl_siamese_cnn,b2bf3f52b26c1c44319ccfbdeb45a380f734d717b38cf85bb26901e08440dda4
1,famous_le_100m,8,0.07142857142857142,0.5714285714285714,3,osl_siamese_cnn,b2bf3f52b26c1c44319ccfbdeb45a380f734d717b38cf85bb26901e08440dda4
1,famous_le_100m,9,0.07142857142857142,0.6428571428571429,3,osl_siamese_cnn,b2bf3f52b26c1c44319ccfbdeb45a380f734d717b38cf85bb26901e08440dda4
1,famous_le_100m,10,0.07142857142857142,0.6428571428571429,3,osl_siamese_cnn,b2bf3f52b26c1c44319ccfbdeb45a380f734d717b38cf85bb26901e08440dda4
1,famous_le_100m,11,0.07142857142857142,0.7142857142857143,3,osl_siamese_cnn,b2bf3f52b26c1c44319ccfbdeb45a380f734d717b38cf85bb26901e08440dda4
1,famous_le_100m,12,0.07142857142857142,0.7142857142857143,3,osl_siamese_cnn,b2bf3f52b26c1c44319ccfbdeb45a380f734d717b38cf85bb26901e08440dda4
1,famous_le_100m,13,0.07142857142857142,0.7857142857142857,3,osl_siamese_cnn,b2bf3f52b26c1c44319ccfbdeb45a380f734d717b38cf85bb26901e08440dda4
1,famous_le_100m,14,0.0,0.8571428571428571,3,osl_siamese_cnn,b2bf3f52b26c1c44319ccfbdeb45a380f734d717b38cf85bb26901e08440dda4
1,famous_le_100m,15,0.0,0.9285714285714286,3,osl_siamese_cnn,b2bf3f52b26c1c44319ccfbdeb45a380f734d717b38cf85bb26901e08440dda4
1,famous_le_100m,16,0.0,1.0,3,osl_siamese_cnn,b2bf3f52b26c1c44319ccfbdeb45a380f734d717b38cf85bb26901e08440dda4
1,famous_le_100m,17,0.0,1.0,3,osl_siamese_cnn,b2bf3f52b26c1c44319ccfbdeb45a380f734d717b38cf85bb26901e08440dda4
1,famous_le_100m,18,0.0,1.0,3,osl_siamese_cnn,b2bf3f52b26c1c44319ccfbdeb45a380f734d717b38cf85bb26901e08440dda4
1,famous_le_100m,19,0.0,1.0,3,osl_siamese_cnn,b2bf3f52b26c1c44319ccfbdeb45a380f734d717b38cf85bb26901e08440dda4
1,famous_le_100m,20,0.0,1.0,3,osl_siamese_cnn,b2bf3f52b26c1c44319ccfbdeb45a380f734d717b38cf85bb26901e08440dda4
1,famous_le_100m,21,0.0,1.0,3,osl_siamese_cnn,b2bf3f52b26c1c44319ccfbdeb45a380f734d717b38cf85bb26901e08440dda4
1,famous_le_100m,22,0.0,1.0,3,osl_siamese_cnn,b2bf3f52b26c1c44319ccfbdeb45a380f734d717b38cf85bb26901e08440dda4
1,famous_le_100m,23,0.0,1.0,3,osl_siamese_cnn,b2bf3f52b26c1c44319ccfbdeb45a380f734d717b38cf85bb26901e08440dda4
2,torch_pretrained_classification,0,0.6875,0.55,3,osl_siamese_cnn,9fccad189c072da3477e27a13ab6e1e05870cc99b172e23ebdd9f357a5522f88
2,famous_le_10m,0,0.8,0.8,3,osl_siamese_cnn,9fccad189c072da3477e27a13ab6e1e05870cc99b172e23ebdd9f357a5522f88
2,famous_le_10m,1,0.2,0.2,3,osl_siamese_cnn,9fccad189c072da3477e27a13ab6e1e05870cc99b172e23ebdd9f357a5522f88
2,famous_le_10m,2,0.4,0.2,3,osl_siamese_cnn,9fccad189c072da3477e27a13ab6e1e05870cc99b172e23ebdd9f357a5522f88
2,famous_le_10m,3,0.4,0.0,3,osl_siamese_cnn,9fccad189c072da3477e27a13ab6e1e05870cc99b172e23ebdd9f357a5522f88
2,famous_le_10m,4,0.6,0.0,3,osl_siamese_cnn,9fccad189c072da3477e27a13ab6e1e05870cc99b172e23ebdd9f357a5522f88
2,famous_le_10m,5,0.6,0.2,3,osl_siamese_cnn,9fccad189c072da3477e27a13ab6e1e05870cc99b172e23ebdd9f357a5522f88
2,famous_le_10m,6,1.0,0.4,3,osl_siamese_cnn,9fccad189c072da3477e27a13ab6e1e05870cc99b172e23ebdd9f357a5522f88
2,famous_le_10m,7,1.0,1.0,3,osl_siamese_cnn,9fccad189c072da3477e27a13ab6e1e05870cc99b172e23ebdd9f357a5522f88
2,famous_le_10m,8,1.0,1.0,3,osl_siamese_cnn,9fccad189c072da3477e27a13ab6e1e05870cc99b172e23ebdd9f357a5522f88
2,famous_le_10m,9,1.0,1.0,3,osl_siamese_cnn,9fccad189c072da3477e27a13ab6e1e05870cc99b172e23ebdd9f357a5522f88
2,famous_le_10m,10,1.0,1.0,3,osl_siamese_cnn,9fccad189c072da3477e27a13ab6e1e05870cc99b172e23ebdd9f357a5522f88
2,famous_le_10m,11,1.0,1.0,3,osl_siamese_cnn,9fccad189c072da3477e27a13ab6e1e05870cc99b172e23ebdd9f357a5522f88
2,famous_le_10m,12,1.0,1.0,3,osl_siamese_cnn,9fccad189c072da3477e27a13ab6e1e05870cc99b172e23ebdd9f357a5522f88
2,famous_le_10m,13,1.0,1.0,3,osl_siamese_cnn,9fccad189c072da3477e27a13ab6e1e05870cc99b172e23ebdd9f357a5522f88
2,famous_le_10m,14,1.0,1.0,3,osl_siamese_cnn,9fccad189c072da3477e27a13ab6e1e05870cc99b172e23ebdd9f357a5522f88
2,famous_le_10m,15,0.8,0.8,3,osl_siamese_cnn,9fccad189c072da3477e27a13ab6e1e05870cc99b172e23ebdd9f357a5522f88
2,famous_le_10m,16,1.0,1.0,3,osl_siamese_cnn,9fccad189c072da3477e27a13ab6e1e05870cc99b172e23ebdd9f357a5522f88
2,famous_le_10m,17,0.6,0.8,3,osl_siamese_cnn,9fccad189c072da3477e27a13ab6e1e05870cc99b172e23ebdd9f357a5522f88
2,famous_le_10m,18,0.6,0.8,3,osl_siamese_cnn,9fccad189c072da3477e27a13ab6e1e05870cc99b172e23ebdd9f357a5522f88
2,famous_le_10m,19,0.6,1.0,3,osl_siamese_cnn,9fccad189c072da3477e27a13ab6e1e05870cc99b172e23ebdd9f357a5522f88
2,famous_le_10m,20,0.8,0.2,3,osl_siamese_cnn,9fccad189c072da3477e27a13ab6e1e05870cc99b172e23ebdd9f357a5522f88
2,famous_le_10m,21,0.6,0.8,3,osl_siamese_cnn,9fccad189c072da3477e27a13ab6e1e05870cc99b172e23ebdd9f357a5522f88
2,famous_le_10m,22,0.8,0.8,3,osl_siamese_cnn,9fccad189c072da3477e27a13ab6e1e05870cc99b172e23ebdd9f357a5522f88
2,famous_le_10m,23,0.8,1.0,3,osl_siamese_cnn,9fccad189c072da3477e27a13ab6e1e05870cc99b172e23ebdd9f357a5522f88
2,famous_le_100m,0,0.35714285714285715,0.7142857142857143,3,osl_siamese_cnn,9fccad189c072da3477e27a13ab6e1e05870cc99b172e23ebdd9f357a5522f88
2,famous_le_100m,1,0.6428571428571429,0.2857142857142857,3,osl_siamese_cnn,9fccad189c072da3477e27a13ab6e1e05870cc99b172e23ebdd9f357a5522f88
2,famous_le_100m,2,0.6428571428571429,0.2857142857142857,3,osl_siamese_cnn,9fccad189c072da3477e27a13ab6e1e05870cc99b172e23ebdd9f357a5522f88
2,famous_le_100m,3,0.6428571428571429,0.35714285714285715,3,osl_siamese_cnn,9fccad189c072da3477e27a13ab6e1e05870cc99b172e23ebdd9f357a5522f88
2,famous_le_100m,4,0.6428571428571429,0.35714285714285715,3,osl_siamese_cnn,9fccad189c072da3477e27a13ab6e1e05870cc99b172e23ebdd9f357a5522f88
2,famous_le_100m,5,0.6428571428571429,0.6428571428571429,3,osl_siamese_cnn,9fccad189c072da3477e27a13ab6e1e05870cc99b172e23ebdd9f357a5522f88
2,famous_le_100m,6,0.6428571428571429,0.7142857142857143,3,osl_siamese_cnn,9fccad189c072da3477e27a13ab6e1e05870cc99b172e23ebdd9f357a5522f88
2,famous_le_100m,7,0.6428571428571429,0.7142857142857143,3,osl_siamese_cnn,9fccad189c072da3477e27a13ab6e1e05870cc99b172e23ebdd9f357a5522f88
2,famous_le_100m,8,0.6428571428571429,0.6428571428571429,3,osl_siamese_cnn,9fccad189c072da3477e27a13ab6e1e05870cc99b172e23ebdd9f357a5522f88
2,famous_le_100m,9,0.8571428571428571,0.6428571428571429,3,osl_siamese_cnn,9fccad189c072da3477e27a13ab6e1e05870cc99b172e23ebdd9f357a5522f88
2,famous_le_100m,10,0.8571428571428571,0.8571428571428571,3,osl_siamese_cnn,9fccad189c072da3477e27a13ab6e1e05870cc99b172e23ebdd9f357a5522f88
2,famous_le_100m,11,0.8571428571428571,0.8571428571428571,3,osl_siamese_cnn,9fccad189c072da3477e27a13ab6e1e05870cc99b172e23ebdd9f357a5522f88
2,famous_le_100m,12,0.9285714285714286,0.8571428571428571,3,osl_siamese_cnn,9fccad189c072da3477e27a13ab6e1e05870cc99b172e23ebdd9f357a5522f88
2,famous_le_100m,13,0.9285714285714286,0.8571428571428571,3,osl_siamese_cnn,9fccad189c072da3477e27a13ab6e1e05870cc99b172e23ebdd9f357a5522f88
2,famous_le_100m,14,0.9285714285714286,0.9285714285714286,3,osl_siamese_cnn,9fccad189c072da3477e27a13ab6e1e05870cc99b172e23ebdd9f357a5522f88
2,famous_le_100m,15,1.0,0.9285714285714286,3,osl_siamese_cnn,9fccad189c072da3477e27a13ab6e1e05870cc99b172e23ebdd9f357a5522f88
2,famous_le_100m,16,1.0,0.9285714285714286,3,osl_siamese_cnn,9fccad189c072da3477e27a13ab6e1e05870cc99b172e23ebdd9f357a5522f88
2,famous_le_100m,17,1.0,0.9285714285714286,3,osl_siamese_cnn,9fccad189c072da3477e27a13ab6e1e05870cc99b172e23ebdd9f357a5522f88
2,famous_le_100m,18,1.0,1.0,3,osl_siamese_cnn,9fccad189c072da3477e27a13ab6e1e05870cc99b172e23ebdd9f357a5522f88
2,famous_le_100m,19,1.0,1.0,3,osl_siamese_cnn,9fccad189c072da3477e27a13ab6e1e05870cc99b172e23ebdd9f357a5522f88
2,famous_le_100m,20,1.0,1.0,3,osl_siamese_cnn,9fccad189c072da3477e27a13ab6e1e05870cc99b172e23ebdd9f357a5522f88
2,famous_le_100m,21,1.0,1.0,3,osl_siamese_cnn,9fccad189c072da3477e27a13ab6e1e05870cc99b172e23ebdd9f357a5522f88
2,famous_le_100m,22,1.0,1.0,3,osl_siamese_cnn,9fccad189c072da3477e27a13ab6e1e05870cc99b172e23ebdd9f357a5522f88
2,famous_le_100m,23,1.0,1.0,3,osl_siamese_cnn,9fccad189c072da3477e27a13ab6e1e05870cc99b172e23ebdd9f357a5522f88
3,torch_pretrained_classification,0,0.2,0.3875,3,osl_siamese_cnn,5db0e76702395680312dc0e8f94f373fd341f3dc0cd59a55b7c92508ff3de38a
3,famous_le_10m,0,0.0,1.0,3,osl_siamese_cnn,5db0e76702395680312dc0e8f94f373fd341f3dc0cd59a55b7c92508ff3de38a
3,famous_le_10m,1,1.0,0.0,3,osl_siamese_cnn,5db0e76702395680312dc0e8f94f373fd341f3dc0cd59a55b7c92508ff3de38a
3,famous_le_10m,2,1.0,0.0,3,osl_siamese_cnn,5db0e76702395680312dc0e8f94f373fd341f3dc0cd59a55b7c92508ff3de38a
3,famous_le_10m,3,1.0,0.2,3,osl_siamese_cnn,5db0e76702395680312dc0e8f94f373fd341f3dc0cd59a55b7c92508ff3de38a
3,famous_le_10m,4,1.0,0.2,3,osl_siamese_cnn,5db0e76702395680312dc0e8f94f373fd341f3dc0cd59a55b7c92508ff3de38a
3,famous_le_10m,5,1.0,0.4,3,osl_siamese_cnn,5db0e76702395680312dc0e8f94f373fd341f3dc0cd59a55b7c92508ff3de38a
3,famous_le_10m,6,1.0,1.0,3,osl_siamese_cnn,5db0e76702395680312dc0e8f94f373fd341f3dc0cd59a55b7c92508ff3de38a
3,famous_le_10m,7,1.0,1.0,3,osl_siamese_cnn,5db0e76702395680312dc0e8f94f373fd341f3dc0cd59a55b7c92508ff3de38a
3,famous_le_10m,8,1.0,1.0,3,osl_siamese_cnn,5db0e76702395680312dc0e8f94f373fd341f3dc0cd59a55b7c92508ff3de38a
3,famous_le_10m,9,1.0,1.0,3,osl_siamese_cnn,5db0e76702395680312dc0e8f94f373fd341f3dc0cd59a55b7c92508ff3de38a
3,famous_le_10m,10,1.0,1.0,3,osl_siamese_cnn,5db0e76702395680312dc0e8f94f373fd341f3dc0cd59a55b7c92508ff3de38a
3,famous_le_10m,11,1.0,1.0,3,osl_siamese_cnn,5db0e76702395680312dc0e8f94f373fd341f3dc0cd59a55b7c92508ff3de38a
3,famous_le_10m,12,1.0,1.0,3,osl_siamese_cnn,5db0e76702395680312dc0e8f94f373fd341f3dc0cd59a55b7c92508ff3de38a
3,famous_le_10m,13,1.0,1.0,3,osl_siamese_cnn,5db0e76702395680312dc0e8f94f373fd341f3dc0cd59a55b7c92508ff3de38a
3,famous_le_10m,14,1.0,1.0,3,osl_siamese_cnn,5db0e76702395680312dc0e8f94f373fd341f3dc0cd59a55b7c92508ff3de38a
3,famous_le_10m,15,1.0,1.0,3,osl_siamese_cnn,5db0e76702395680312dc0e8f94f373fd341f3dc0cd59a55b7c92508ff3de38a
3,famous_le_10m,16,1.0,1.0,3,osl_siamese_cnn,5db0e76702395680312dc0e8f94f373fd341f3dc0cd59a55b7c92508ff3de38a
3,famous_le_10m,17,1.0,1.0,3,osl_siamese_cnn,5db0e76702395680312dc0e8f94f373fd341f3dc0cd59a55b7c92508ff3de38a
3,famous_le_10m,18,1.0,1.0,3,osl_siamese_cnn,5db0e76702395680312dc0e8f94f373fd341f3dc0cd59a55b7c92508ff3de38a
3,famous_le_10m,19,1.0,1.0,3,osl_siamese_cnn,5db0e76702395680312dc0e8f94f373fd341f3dc0cd59a55b7c92508ff3de38a
3,famous_le_10m,20,1.0,1.0,3,osl_siamese_cnn,5db0e76702395680312dc0e8f94f373fd341f3dc0cd59a55b7c92508ff3de38a
3,famous_le_10m,21,1.0,1.0,3,osl_siamese_cnn,5db0e76702395680312dc0e8f94f373fd341f3dc0cd59a55b7c92508ff3de38a
3,famous_le_10m,22,1.0,1.0,3,osl_siamese_cnn,5db0e76702395680312dc0e8f94f373fd341f3dc0cd59a55b7c92508ff3de38a
3,famous_le_10m,23,1.0,1.0,3,osl_siamese_cnn,5db0e76702395680312dc0e8f94f373fd341f3dc0cd59a55b7c92508ff3de38a
3,famous_le_100m,0,0.14285714285714285,0.6428571428571429,3,osl_siamese_cnn,5db0e76702395680312dc0e8f94f373fd341f3dc0cd59a55b7c92508ff3de38a
3,famous_le_100m,1,0.8571428571428571,0.35714285714285715,3,osl_siamese_cnn,5db0e76702395680312dc0e8f94f373fd341f3dc0cd59a55b7c92508ff3de38a
3,famous_le_100m,2,0.8571428571428571,0.35714285714285715,3,osl_siamese_cnn,5db0e76702395680312dc0e8f94f373fd341f3dc0cd59a55b7c92508ff3de38a
3,famous_le_100m,3,0.8571428571428571,0.35714285714285715,3,osl_siamese_cnn,5db0e76702395680312dc0e8f94f373fd341f3dc0cd59a55b7c92508ff3de38a
3,famous_le_100m,4,0.8571428571428571,0.35714285714285715,3,osl_siamese_cnn,5db0e76702395680312dc0e8f94f373fd341f3dc0cd59a55b7c92508ff3de38a
3,famous_le_100m,5,0.8571428571428571,0.35714285714285715,3,osl_siamese_cnn,5db0e76702395680312dc0e8f94f373fd341f3dc0cd59a55b7c92508ff3de38a
3,famous_le_100m,6,0.9285714285714286,0.42857142857142855,3,osl_siamese_cnn,5db0e76702395680312dc0e8f94f373fd341f3dc0cd59a55b7c92508ff3de38a
3,famous_le_100m,7,0.9285714285714286,0.7142857142857143,3,osl_siamese_cnn,5db0e76702395680312dc0e8f94f373fd341f3dc0cd59a55b7c92508ff3de38a
3,famous_le_100m,8,1.0,0.7857142857142857,3,osl_siamese_cnn,5db0e76702395680312dc0e8f94f373fd341f3dc0cd59a55b7c92508ff3de38a
3,famous_le_100m,9,1.0,0.7857142857142857,3,osl_siamese_cnn,5db0e76702395680312dc0e8f94f373fd341f3dc0cd59a55b7c92508ff3de38a
3,famous_le_100m,10,1.0,0.8571428571428571,3,osl_siamese_cnn,5db0e76702395680312dc0e8f94f373fd341f3dc0cd59a55b7c92508ff3de38a
3,famous_le_100m,11,1.0,0.9285714285714286,3,osl_siamese_cnn,5db0e76702395680312dc0e8f94f373fd341f3dc0cd59a55b7c92508ff3de38a
3,famous_le_100m,12,1.0,0.9285714285714286,3,osl_siamese_cnn,5db0e76702395680312dc0e8f94f373fd341f3dc0cd59a55b7c92508ff3de38a
3,famous_le_100m,13,1.0,0.9285714285714286,3,osl_siamese_cnn,5db0e76702395680312dc0e8f94f373fd341f3dc0cd59a55b7c92508ff3de38a
3,famous_le_100m,14,1.0,0.9285714285714286,3,osl_siamese_cnn,5db0e76702395680312dc0e8f94f373fd341f3dc0cd59a55b7c92508ff3de38a
3,famous_le_100m,15,1.0,0.9285714285714286,3,osl_siamese_cnn,5db0e76702395680312dc0e8f94f373fd341f3dc0cd59a55b7c92508ff3de38a
3,famous_le_100m,16,1.0,1.0,3,osl_siamese_cnn,5db0e76702395680312dc0e8f94f373fd341f3dc0cd59a55b7c92508ff3de38a
3,famous_le_100m,17,1.0,1.0,3,osl_siamese_cnn,5db0e76702395680312dc0e8f94f373fd341f3dc0cd59a55b7c92508ff3de38a
3,famous_le_100m,18,1.0,1.0,3,osl_siamese_cnn,5db0e76702395680312dc0e8f94f373fd341f3dc0cd59a55b7c92508ff3de38a
3,famous_le_100m,19,1.0,1.0,3,osl_siamese_cnn,5db0e76702395680312dc0e8f94f373fd341f3dc0cd59a55b7c92508ff3de38a
3,famous_le_100m,20,1.0,1.0,3,osl_siamese_cnn,5db0e76702395680312dc0e8f94f373fd341f3dc0cd59a55b7c92508ff3de38a
3,famous_le_100m,21,1.0,1.0,3,osl_siamese_cnn,5db0e76702395680312dc0e8f94f373fd341f3dc0cd59a55b7c92508ff3de38a
3,famous_le_100m,22,1.0,1.0,3,osl_siamese_cnn,5db0e76702395680312dc0e8f94f373fd341f3dc0cd59a55b7c92508ff3de38a
3,famous_le_100m,23,1.0,1.0,3,osl_siamese_cnn,5db0e76702395680312dc0e8f94f373fd341f3dc0cd59a55b7c92508ff3de38a
4,torch_pretrained_classification,0,0.7625,0.55,3,osl_siamese_cnn,3ebf72d594281807dd68fb9ff5dc74a3ece5465ab26e7db4c6e698ff0e166188
4,famous_le_10m,0,1.0,1.0,3,osl_siamese_cnn,3ebf72d594281807dd68fb9ff5dc74a3ece5465ab26e7db4c6e698ff0e166188
4,famous_le_10m,1,0.0,0.0,3,osl_siamese_cnn,3ebf72d594281807dd68fb9ff5dc74a3ece5465ab26e7db4c6e698ff0e166188
4,famous_le_10m,2,0.0,0.0,3,osl_siamese_cnn,3ebf72d594281807dd68fb9ff5dc74a3ece5465ab26e7db4c6e698ff0e166188
4,famous_le_10m,3,0.0,0.0,3,osl_siamese_cnn,3ebf72d594281807dd68fb9ff5dc74a3ece5465ab26e7db4c6e698ff0e166188
4,famous_le_10m,4,0.0,0.0,3,osl_siamese_cnn,3ebf72d594281807dd68fb9ff5dc74a3ece5465ab26e7db4c6e698ff0e166188
4,famous_le_10m,5,0.0,0.0,3,osl_siamese_cnn,3ebf72d594281807dd68fb9ff5dc74a3ece5465ab26e7db4c6e698ff0e166188
4,famous_le_10m,6,0.2,0.0,3,osl_siamese_cnn,3ebf72d594281807dd68fb9ff5dc74a3ece5465ab26e7db4c6e698ff0e166188
4,famous_le_10m,7,1.0,0.2,3,osl_siamese_cnn,3ebf72d594281807dd68fb9ff5dc74a3ece5465ab26e7db4c6e698ff0e166188
4,famous_le_10m,8,1.0,1.0,3,osl_siamese_cnn,3ebf72d594281807dd68fb9ff5dc74a3ece5465ab26e7db4c6e698ff0e166188
4,famous_le_10m,9,1.0,1.0,3,osl_siamese_cnn,3ebf72d594281807dd68fb9ff5dc74a3ece5465ab26e7db4c6e698ff0e166188
4,famous_le_10m,10,1.0,1.0,3,osl_siamese_cnn,3ebf72d594281807dd68fb9ff5dc74a3ece5465ab26e7db4c6e698ff0e166188
4,famous_le_10m,11,1.0,1.0,3,osl_siamese_cnn,3ebf72d594281807dd68fb9ff5dc74a3ece5465ab26e7db4c6e698ff0e166188
4,famous_le_10m,12,1.0,1.0,3,osl_siamese_cnn,3ebf72d594281807dd68fb9ff5dc74a3ece5465ab26e7db4c6e698ff0e166188
4,famous_le_10m,13,1.0,0.8,3,osl_siamese_cnn,3ebf72d594281807dd68fb9ff5dc74a3ece5465ab26e7db4c6e698ff0e166188
4,famous_le_10m,14,0.8,0.6,3,osl_siamese_cnn,3ebf72d594281807dd68fb9ff5dc74a3ece5465ab26e7db4c6e698ff0e166188
4,famous_le_10m,15,0.6,0.6,3,osl_siamese_cnn,3ebf72d594281807dd68fb9ff5dc74a3ece5465ab26e7db4c6e698ff0e166188
4,famous_le_10m,16,0.0,1.0,3,osl_siamese_cnn,3ebf72d594281807dd68fb9ff5dc74a3ece5465ab26e7db4c6e698ff0e166188
4,famous_le_10m,17,0.0,0.8,3,osl_siamese_cnn,3ebf72d594281807dd68fb9ff5dc74a3ece5465ab26e7db4c6e698ff0e166188
4,famous_le_10m,18,0.0,1.0,3,osl_siamese_cnn,3ebf72d594281807dd68fb9ff5dc74a3ece5465ab26e7db4c6e698ff0e166188
4,famous_le_10m,19,0.0,0.6,3,osl_siamese_cnn,3ebf72d594281807dd68fb9ff5dc74a3ece5465ab26e7db4c6e698ff0e166188
4,famous_le_10m,20,0.0,1.0,3,osl_siamese_cnn,3ebf72d594281807dd68fb9ff5dc74a3ece5465ab26e7db4c6e698ff0e166188
4,famous_le_10m,21,0.0,0.4,3,osl_siamese_cnn,3ebf72d594281807dd68fb9ff5dc74a3ece5465ab26e7db4c6e698ff0e166188
4,famous_le_10m,22,0.0,1.0,3,osl_siamese_cnn,3ebf72d594281807dd68fb9ff5dc74a3ece5465ab26e7db4c6e698ff0e166188
4,famous_le_10m,23,0.0,0.8,3,osl_siamese_cnn,3ebf72d594281807dd68fb9ff5dc74a3ece5465ab26e7db4c6e698ff0e166188
4,famous_le_100m,0,0.8571428571428571,0.7857142857142857,3,osl_siamese_cnn,3ebf72d594281807dd68fb9ff5dc74a3ece5465ab26e7db4c6e698ff0e166188
4,famous_le_100m,1,0.14285714285714285,0.21428571428571427,3,osl_siamese_cnn,3ebf72d594281807dd68fb9ff5dc74a3ece5465ab26e7db4c6e698ff0e166188
4,famous_le_100m,2,0.14285714285714285,0.21428571428571427,3,osl_siamese_cnn,3ebf72d594281807dd68fb9ff5dc74a3ece5465ab26e7db4c6e698ff0e166188
4,famous_le_100m,3,0.14285714285714285,0.21428571428571427,3,osl_siamese_cnn,3ebf72d594281807dd68fb9ff5dc74a3ece5465ab26e7db4c6e698ff0e166188
4,famous_le_100m,4,0.14285714285714285,0.21428571428571427,3,osl_siamese_cnn,3ebf72d594281807dd68fb9ff5dc74a3ece5465ab26e7db4c6e698ff0e166188
4,famous_le_100m,5,0.42857142857142855,0.2857142857142857,3,osl_siamese_cnn,3ebf72d594281807dd68fb9ff5dc74a3ece5465ab26e7db4c6e698ff0e166188
4,famous_le_100m,6,0.5714285714285714,0.5714285714285714,3,osl_siamese_cnn,3ebf72d594281807dd68fb9ff5dc74a3ece5465ab26e7db4c6e698ff0e166188
4,famous_le_100m,7,0.6428571428571429,0.6428571428571429,3,osl_siamese_cnn,3ebf72d594281807dd68fb9ff5dc74a3ece5465ab26e7db4c6e698ff0e166188
4,famous_le_100m,8,0.6428571428571429,0.7142857142857143,3,osl_siamese_cnn,3ebf72d594281807dd68fb9ff5dc74a3ece5465ab26e7db4c6e698ff0e166188
4,famous_le_100m,9,0.6428571428571429,0.6428571428571429,3,osl_siamese_cnn,3ebf72d594281807dd68fb9ff5dc74a3ece5465ab26e7db4c6e698ff0e166188
4,famous_le_100m,10,0.8571428571428571,0.7142857142857143,3,osl_siamese_cnn,3ebf72d594281807dd68fb9ff5dc74a3ece5465ab26e7db4c6e698ff0e166188
4,famous_le_100m,11,0.8571428571428571,0.8571428571428571,3,osl_siamese_cnn,3ebf72d594281807dd68fb9ff5dc74a3ece5465ab26e7db4c6e698ff0e166188
4,famous_le_100m,12,0.8571428571428571,0.8571428571428571,3,osl_siamese_cnn,3ebf72d594281807dd68fb9ff5dc74a3ece5465ab26e7db4c6e698ff0e166188
4,famous_le_100m,13,0.9285714285714286,0.8571428571428571,3,osl_siamese_cnn,3ebf72d594281807dd68fb9ff5dc74a3ece5465ab26e7db4c6e698ff0e166188
4,famous_le_100m,14,0.9285714285714286,0.8571428571428571,3,osl_siamese_cnn,3ebf72d594281807dd68fb9ff5dc74a3ece5465ab26e7db4c6e698ff0e166188
4,famous_le_100m,15,0.9285714285714286,0.8571428571428571,3,osl_siamese_cnn,3ebf72d594281807dd68fb9ff5dc74a3ece5465ab26e7db4c6e698ff0e166188
4,famous_le_100m,16,0.7142857142857143,0.8571428571428571,3,osl_siamese_cnn,3ebf72d594281807dd68fb9ff5dc74a3ece5465ab26e7db4c6e698ff0e166188
4,famous_le_100m,17,0.6428571428571429,0.8571428571428571,3,osl_siamese_cnn,3ebf72d594281807dd68fb9ff5dc74a3ece5465ab26e7db4c6e698ff0e166188
4,famous_le_100m,18,0.6428571428571429,0.9285714285714286,3,osl_siamese_cnn,3ebf72d594281807dd68fb9ff5dc74a3ece5465ab26e7db4c6e698ff0e166188
4,famous_le_100m,19,0.6428571428571429,0.7857142857142857,3,osl_siamese_cnn,3ebf72d594281807dd68fb9ff5dc74a3ece5465ab26e7db4c6e698ff0e166188
4,famous_le_100m,20,0.5,0.7857142857142857,3,osl_siamese_cnn,3ebf72d594281807dd68fb9ff5dc74a3ece5465ab26e7db4c6e698ff0e166188
4,famous_le_100m,21,0.5714285714285714,0.9285714285714286,3,osl_siamese_cnn,3ebf72d594281807dd68fb9ff5dc74a3ece5465ab26e7db4c6e698ff0e166188
4,famous_le_100m,22,0.5714285714285714,1.0,3,osl_siamese_cnn,3ebf72d594281807dd68fb9ff5dc74a3ece5465ab26e7db4c6e698ff0e166188
4,famous_le_100m,23,0.5714285714285714,0.9285714285714286,3,osl_siamese_cnn,3ebf72d594281807dd68fb9ff5dc74a3ece5465ab26e7db4c6e698ff0e166188
0,torch_pretrained_classification,0,0.95,0.2875,4,osl_siamese_cnn,a7f91f001b709989c5354874a670f4cad11c4e6b4cc4225597a4876163c1ce24
0,famous_le_10m,0,1.0,0.2,4,osl_siamese_cnn,a7f91f001b709989c5354874a670f4cad11c4e6b4cc4225597a4876163c1ce24
0,famous_le_10m,1,0.0,0.8,4,osl_siamese_cnn,a7f91f001b709989c5354874a670f4cad11c4e6b4cc4225597a4876163c1ce24
0,famous_le_10m,2,0.2,0.6,4,osl_siamese_cnn,a7f91f001b709989c5354874a670f4cad11c4e6b4cc4225597a4876163c1ce24
0,famous_le_10m,3,0.2,0.6,4,osl_siamese_cnn,a7f91f001b709989c5354874a670f4cad11c4e6b4cc4225597a4876163c1ce24
0,famous_le_10m,4,0.4,0.4,4,osl_siamese_cnn,a7f91f001b709989c5354874a670f4cad11c4e6b4cc4225597a4876163c1ce24
0,famous_le_10m,5,0.6,0.2,4,osl_siamese_cnn,a7f91f001b709989c5354874a670f4cad11c4e6b4cc4225597a4876163c1ce24
0,famous_le_10m,6,0.6,0.6,4,osl_siamese_cnn,a7f91f001b709989c5354874a670f4cad11c4e6b4cc4225597a4876163c1ce24
0,famous_le_10m,7,0.4,1.0,4,osl_siamese_cnn,a7f91f001b709989c5354874a670f4cad11c4e6b4cc4225597a4876163c1ce24
0,famous_le_10m,8,1.0,1.0,4,osl_siamese_cnn,a7f91f001b709989c5354874a670f4cad11c4e6b4cc4225597a4876163c1ce24
0,famous_le_10m,9,0.4,0.6,4,osl_siamese_cnn,a7f91f001b709989c5354874a670f4cad11c4e6b4cc4225597a4876163c1ce24
0,famous_le_10m,10,1.0,0.4,4,osl_siamese_cnn,a7f91f001b709989c5354874a670f4cad11c4e6b4cc4225597a4876163c1ce24
0,famous_le_10m,11,0.4,0.6,4,osl_siamese_cnn,a7f91f001b709989c5354874a670f4cad11c4e6b4cc4225597a4876163c1ce24
0,famous_le_10m,12,1.0,0.6,4,osl_siamese_cnn,a7f91f001b709989c5354874a670f4cad11c4e6b4cc4225597a4876163c1ce24
0,famous_le_10m,13,0.8,0.2,4,osl_siamese_cnn,a7f91f001b709989c5354874a670f4cad11c4e6b4cc4225597a4876163c1ce24
0,famous_le_10m,14,0.8,1.0,4,osl_siamese_cnn,a7f91f001b709989c5354874a670f4cad11c4e6b4cc4225597a4876163c1ce24
0,famous_le_10m,15,0.8,1.0,4,osl_siamese_cnn,a7f91f001b709989c5354874a670f4cad11c4e6b4cc4225597a4876163c1ce24
0,famous_le_10m,16,1.0,1.0,4,osl_siamese_cnn,a7f91f001b709989c5354874a670f4cad11c4e6b4cc4225597a4876163c1ce24
0,famous_le_10m,17,0.8,0.8,4,osl_siamese_cnn,a7f91f001b709989c5354874a670f4cad11c4e6b4cc4225597a4876163c1ce24
0,famous_le_10m,18,1.0,0.6,4,osl_siamese_cnn,a7f91f001b709989c5354874a670f4cad11c4e6b4cc4225597a4876163c1ce24
0,famous_le_10m,19,0.6,0.8,4,osl_siamese_cnn,a7f91f001b709989c5354874a670f4cad11c4e6b4cc4225597a4876163c1ce24
0,famous_le_10m,20,1.0,1.0,4,osl_siamese_cnn,a7f91f001b709989c5354874a670f4cad11c4e6b4cc4225597a4876163c1ce24
0,famous_le_10m,21,0.8,0.8,4,osl_siamese_cnn,a7f91f001b709989c5354874a670f4cad11c4e6b4cc4225597a4876163c1ce24
0,famous_le_10m,22,1.0,0.8,4,osl_siamese_cnn,a7f91f001b709989c5354874a670f4cad11c4e6b4cc4225597a4876163c1ce24
0,famous_le_10m,23,1.0,0.8,4,osl_siamese_cnn,a7f91f001b709989c5354874a670f4cad11c4e6b4cc4225597a4876163c1ce24
0,famous_le_100m,0,0.8571428571428571,0.2857142857142857,4,osl_siamese_cnn,a7f91f001b709989c5354874a670f4cad11c4e6b4cc4225597a4876163c1ce24
0,famous_le_100m,1,0.14285714285714285,0.7142857142857143,4,osl_siamese_cnn,a7f91f001b709989c5354874a670f4cad11c4e6b4cc4225597a4876163c1ce24
0,famous_le_100m,2,0.14285714285714285,0.7142857142857143,4,osl_siamese_cnn,a7f91f001b709989c5354874a670f4cad11c4e6b4cc4225597a4876163c1ce24
0,famous_le_100m,3,0.14285714285714285,0.7142857142857143,4,osl_siamese_cnn,a7f91f001b709989c5354874a670f4cad11c4e6b4cc4225597a4876163c1ce24
0,famous_le_100m,4,0.14285714285714285,0.7142857142857143,4,osl_siamese_cnn,a7f91f001b709989c5354874a670f4cad11c4e6b4cc4225597a4876163c1ce24
0,famous_le_100m,5,0.2857142857142857,0.6428571428571429,4,osl_siamese_cnn,a7f91f001b709989c5354874a670f4cad11c4e6b4cc4225597a4876163c1ce24
0,famous_le_100m,6,0.42857142857142855,0.7142857142857143,4,osl_siamese_cnn,a7f91f001b709989c5354874a670f4cad11c4e6b4cc4225597a4876163c1ce24
0,famous_le_100m,7,0.42857142857142855,0.9285714285714286,4,osl_siamese_cnn,a7f91f001b709989c5354874a670f4cad11c4e6b4cc4225597a4876163c1ce24
0,famous_le_100m,8,0.42857142857142855,0.7857142857142857,4,osl_siamese_cnn,a7f91f001b709989c5354874a670f4cad11c4e6b4cc4225597a4876163c1ce24
0,famous_le_100m,9,0.6428571428571429,0.5714285714285714,4,osl_siamese_cnn,a7f91f001b709989c5354874a670f4cad11c4e6b4cc4225597a4876163c1ce24
0,famous_le_100m,10,0.7142857142857143,0.8571428571428571,4,osl_siamese_cnn,a7f91f001b709989c5354874a670f4cad11c4e6b4cc4225597a4876163c1ce24
0,famous_le_100m,11,0.8571428571428571,0.7857142857142857,4,osl_siamese_cnn,a7f91f001b709989c5354874a670f4cad11c4e6b4cc4225597a4876163c1ce24
0,famous_le_100m,12,0.8571428571428571,0.9285714285714286,4,osl_siamese_cnn,a7f91f001b709989c5354874a670f4cad11c4e6b4cc4225597a4876163c1ce24
0,famous_le_100m,13,0.8571428571428571,0.9285714285714286,4,osl_siamese_cnn,a7f91f001b709989c5354874a670f4cad11c4e6b4cc4225597a4876163c1ce24
0,famous_le_100m,14,0.8571428571428571,1.0,4,osl_siamese_cnn,a7f91f001b709989c5354874a670f4cad11c4e6b4cc4225597a4876163c1ce24
0,famous_le_100m,15,0.9285714285714286,1.0,4,osl_siamese_cnn,a7f91f001b709989c5354874a670f4cad11c4e6b4cc4225597a4876163c1ce24
0,famous_le_100m,16,0.9285714285714286,0.9285714285714286,4,osl_siamese_cnn,a7f91f001b709989c5354874a670f4cad11c4e6b4cc4225597a4876163c1ce24
0,famous_le_100m,17,0.9285714285714286,1.0,4,osl_siamese_cnn,a7f91f001b709989c5354874a670f4cad11c4e6b4cc4225597a4876163c1ce24
0,famous_le_100m,18,0.9285714285714286,1.0,4,osl_siamese_cnn,a7f91f001b709989c5354874a670f4cad11c4e6b4cc4225597a4876163c1ce24
0,famous_le_100m,19,0.9285714285714286,1.0,4,osl_siamese_cnn,a7f91f001b709989c5354874a670f4cad11c4e6b4cc4225597a4876163c1ce24
0,famous_le_100m,20,0.9285714285714286,1.0,4,osl_siamese_cnn,a7f91f001b709989c5354874a670f4cad11c4e6b4cc4225597a4876163c1ce24
0,famous_le_100m,21,1.0,1.0,4,osl_siamese_cnn,a7f91f001b709989c5354874a670f4cad11c4e6b4cc4225597a4876163c1ce24
0,famous_le_100m,22,1.0,1.0,4,osl_siamese_cnn,a7f91f001b709989c5354874a670f4cad11c4e6b4cc4225597a4876163c1ce24
0,famous_le_100m,23,1.0,0.9285714285714286,4,osl_siamese_cnn,a7f91f001b709989c5354874a670f4cad11c4e6b4cc4225597a4876163c1ce24
1,torch_pretrained_classification,0,0.725,0.4875,4,osl_siamese_cnn,ccfc9c08a5535cc7f5e3667f5b7a1b4243ade52b67ba09a8e67cb5c27481d3b3
1,famous_le_10m,0,1.0,0.8,4,osl_siamese_cnn,ccfc9c08a5535cc7f5e3667f5b7a1b4243ade52b67ba09a8e67cb5c27481d3b3
1,famous_le_10m,1,0.0,0.2,4,osl_siamese_cnn,ccfc9c08a5535cc7f5e3667f5b7a1b4243ade52b67ba09a8e67cb5c27481d3b3
1,famous_le_10m,2,0.0,0.2,4,osl_siamese_cnn,ccfc9c08a5535cc7f5e3667f5b7a1b4243ade52b67ba09a8e67cb5c27481d3b3
1,famous_le_10m,3,0.0,0.2,4,osl_siamese_cnn,ccfc9c08a5535cc7f5e3667f5b7a1b4243ade52b67ba09a8e67cb5c27481d3b3
1,famous_le_10m,4,0.0,0.2,4,osl_siamese_cnn,ccfc9c08a5535cc7f5e3667f5b7a1b4243ade52b67ba09a8e67cb5c27481d3b3
1,famous_le_10m,5,0.2,0.0,4,osl_siamese_cnn,ccfc9c08a5535cc7f5e3667f5b7a1b4243ade52b67ba09a8e67cb5c27481d3b3
1,famous_le_10m,6,0.4,0.2,4,osl_siamese_cnn,ccfc9c08a5535cc7f5e3667f5b7a1b4243ade52b67ba09a8e67cb5c27481d3b3
1,famous_le_10m,7,0.6,0.2,4,osl_siamese_cnn,ccfc9c08a5535cc7f5e3667f5b7a1b4243ade52b67ba09a8e67cb5c27481d3b3
1,famous_le_10m,8,1.0,1.0,4,osl_siamese_cnn,ccfc9c08a5535cc7f5e3667f5b7a1b4243ade52b67ba09a8e67cb5c27481d3b3
1,famous_le_10m,9,1.0,0.6,4,osl_siamese_cnn,ccfc9c08a5535cc7f5e3667f5b7a1b4243ade52b67ba09a8e67cb5c27481d3b3
1,famous_le_10m,10,1.0,0.8,4,osl_siamese_cnn,ccfc9c08a5535cc7f5e3667f5b7a1b4243ade52b67ba09a8e67cb5c27481d3b3
1,famous_le_10m,11,1.0,0.4,4,osl_siamese_cnn,ccfc9c08a5535cc7f5e3667f5b7a1b4243ade52b67ba09a8e67cb5c27481d3b3
1,famous_le_10m,12,1.0,0.8,4,osl_siamese_cnn,ccfc9c08a5535cc7f5e3667f5b7a1b4243ade52b67ba09a8e67cb5c27481d3b3
1,famous_le_10m,13,0.8,0.6,4,osl_siamese_cnn,ccfc9c08a5535cc7f5e3667f5b7a1b4243ade52b67ba09a8e67cb5c27481d3b3
1,famous_le_10m,14,1.0,0.8,4,osl_siamese_cnn,ccfc9c08a5535cc7f5e3667f5b7a1b4243ade52b67ba09a8e67cb5c27481d3b3
1,famous_le_10m,15,0.8,0.6,4,osl_siamese_cnn,ccfc9c08a5535cc7f5e3667f5b7a1b4243ade52b67ba09a8e67cb5c27481d3b3
1,famous_le_10m,16,1.0,0.8,4,osl_siamese_cnn,ccfc9c08a5535cc7f5e3667f5b7a1b4243ade52b67ba09a8e67cb5c27481d3b3
1,famous_le_10m,17,0.8,0.8,4,osl_siamese_cnn,ccfc9c08a5535cc7f5e3667f5b7a1b4243ade52b67ba09a8e67cb5c27481d3b3
1,famous_le_10m,18,0.8,0.8,4,osl_siamese_cnn,ccfc9c08a5535cc7f5e3667f5b7a1b4243ade52b67ba09a8e67cb5c27481d3b3
1,famous_le_10m,19,0.8,0.8,4,osl_siamese_cnn,ccfc9c08a5535cc7f5e3667f5b7a1b4243ade52b67ba09a8e67cb5c27481d3b3
1,famous_le_10m,20,0.8,0.6,4,osl_siamese_cnn,ccfc9c08a5535cc7f5e3667f5b7a1b4243ade52b67ba09a8e67cb5c27481d3b3
1,famous_le_10m,21,0.6,0.6,4,osl_siamese_cnn,ccfc9c08a5535cc7f5e3667f5b7a1b4243ade52b67ba09a8e67cb5c27481d3b3
1,famous_le_10m,22,0.6,0.6,4,osl_siamese_cnn,ccfc9c08a5535cc7f5e3667f5b7a1b4243ade52b67ba09a8e67cb5c27481d3b3
1,famous_le_10m,23,0.6,0.6,4,osl_siamese_cnn,ccfc9c08a5535cc7f5e3667f5b7a1b4243ade52b67ba09a8e67cb5c27481d3b3
1,famous_le_100m,0,0.8571428571428571,0.6428571428571429,4,osl_siamese_cnn,ccfc9c08a5535cc7f5e3667f5b7a1b4243ade52b67ba09a8e67cb5c27481d3b3
1,famous_le_100m,1,0.14285714285714285,0.35714285714285715,4,osl_siamese_cnn,ccfc9c08a5535cc7f5e3667f5b7a1b4243ade52b67ba09a8e67cb5c27481d3b3
1,famous_le_100m,2,0.14285714285714285,0.35714285714285715,4,osl_siamese_cnn,ccfc9c08a5535cc7f5e3667f5b7a1b4243ade52b67ba09a8e67cb5c27481d3b3
1,famous_le_100m,3,0.14285714285714285,0.35714285714285715,4,osl_siamese_cnn,ccfc9c08a5535cc7f5e3667f5b7a1b4243ade52b67ba09a8e67cb5c27481d3b3
1,famous_le_100m,4,0.14285714285714285,0.35714285714285715,4,osl_siamese_cnn,ccfc9c08a5535cc7f5e3667f5b7a1b4243ade52b67ba09a8e67cb5c27481d3b3
1,famous_le_100m,5,0.21428571428571427,0.35714285714285715,4,osl_siamese_cnn,ccfc9c08a5535cc7f5e3667f5b7a1b4243ade52b67ba09a8e67cb5c27481d3b3
1,famous_le_100m,6,0.5,0.42857142857142855,4,osl_siamese_cnn,ccfc9c08a5535cc7f5e3667f5b7a1b4243ade52b67ba09a8e67cb5c27481d3b3
1,famous_le_100m,7,0.5,0.7142857142857143,4,osl_siamese_cnn,ccfc9c08a5535cc7f5e3667f5b7a1b4243ade52b67ba09a8e67cb5c27481d3b3
1,famous_le_100m,8,0.6428571428571429,0.7142857142857143,4,osl_siamese_cnn,ccfc9c08a5535cc7f5e3667f5b7a1b4243ade52b67ba09a8e67cb5c27481d3b3
1,famous_le_100m,9,0.6428571428571429,0.6428571428571429,4,osl_siamese_cnn,ccfc9c08a5535cc7f5e3667f5b7a1b4243ade52b67ba09a8e67cb5c27481d3b3
1,famous_le_100m,10,0.6428571428571429,0.7142857142857143,4,osl_siamese_cnn,ccfc9c08a5535cc7f5e3667f5b7a1b4243ade52b67ba09a8e67cb5c27481d3b3
1,famous_le_100m,11,0.7857142857142857,0.6428571428571429,4,osl_siamese_cnn,ccfc9c08a5535cc7f5e3667f5b7a1b4243ade52b67ba09a8e67cb5c27481d3b3
1,famous_le_100m,12,0.8571428571428571,0.7857142857142857,4,osl_siamese_cnn,ccfc9c08a5535cc7f5e3667f5b7a1b4243ade52b67ba09a8e67cb5c27481d3b3
1,famous_le_100m,13,0.8571428571428571,0.8571428571428571,4,osl_siamese_cnn,ccfc9c08a5535cc7f5e3667f5b7a1b4243ade52b67ba09a8e67cb5c27481d3b3
1,famous_le_100m,14,0.9285714285714286,0.8571428571428571,4,osl_siamese_cnn,ccfc9c08a5535cc7f5e3667f5b7a1b4243ade52b67ba09a8e67cb5c27481d3b3
1,famous_le_100m,15,0.9285714285714286,0.8571428571428571,4,osl_siamese_cnn,ccfc9c08a5535cc7f5e3667f5b7a1b4243ade52b67ba09a8e67cb5c27481d3b3
1,famous_le_100m,16,0.9285714285714286,0.9285714285714286,4,osl_siamese_cnn,ccfc9c08a5535cc7f5e3667f5b7a1b4243ade52b67ba09a8e67cb5c27481d3b3
1,famous_le_100m,17,1.0,0.9285714285714286,4,osl_siamese_cnn,ccfc9c08a5535cc7f5e3667f5b7a1b4243ade52b67ba09a8e67cb5c27481d3b3
1,famous_le_100m,18,1.0,0.9285714285714286,4,osl_siamese_cnn,ccfc9c08a5535cc7f5e3667f5b7a1b4243ade52b67ba09a8e67cb5c27481d3b3
1,famous_le_100m,19,1.0,0.9285714285714286,4,osl_siamese_cnn,ccfc9c08a5535cc7f5e3667f5b7a1b4243ade52b67ba09a8e67cb5c27481d3b3
1,famous_le_100m,20,1.0,0.9285714285714286,4,osl_siamese_cnn,ccfc9c08a5535cc7f5e3667f5b7a1b4243ade52b67ba09a8e67cb5c27481d3b3
1,famous_le_100m,21,1.0,0.9285714285714286,4,osl_siamese_cnn,ccfc9c08a5535cc7f5e3667f5b7a1b4243ade52b67ba09a8e67cb5c27481d3b3
1,famous_le_100m,22,1.0,0.9285714285714286,4,osl_siamese_cnn,ccfc9c08a5535cc7f5e3667f5b7a1b4243ade52b67ba09a8e67cb5c27481d3b3
1,famous_le_100m,23,0.9285714285714286,0.9285714285714286,4,osl_siamese_cnn,ccfc9c08a5535cc7f5e3667f5b7a1b4243ade52b67ba09a8e67cb5c27481d3b3
2,torch_pretrained_classification,0,0.825,0.5875,4,osl_siamese_cnn,8d0f05ff49986d98c9a8dbd1610c0e1ccc33796698ecdb44c64d6ddbd490f55e
2,famous_le_10m,0,1.0,0.4,4,osl_siamese_cnn,8d0f05ff49986d98c9a8dbd1610c0e1ccc33796698ecdb44c64d6ddbd490f55e
2,famous_le_10m,1,0.0,0.6,4,osl_siamese_cnn,8d0f05ff49986d98c9a8dbd1610c0e1ccc33796698ecdb44c64d6ddbd490f55e
2,famous_le_10m,2,0.0,0.6,4,osl_siamese_cnn,8d0f05ff49986d98c9a8dbd1610c0e1ccc33796698ecdb44c64d6ddbd490f55e
2,famous_le_10m,3,0.0,0.4,4,osl_siamese_cnn,8d0f05ff49986d98c9a8dbd1610c0e1ccc33796698ecdb44c64d6ddbd490f55e
2,famous_le_10m,4,0.4,0.6,4,osl_siamese_cnn,8d0f05ff49986d98c9a8dbd1610c0e1ccc33796698ecdb44c64d6ddbd490f55e
2,famous_le_10m,5,0.4,0.6,4,osl_siamese_cnn,8d0f05ff49986d98c9a8dbd1610c0e1ccc33796698ecdb44c64d6ddbd490f55e
2,famous_le_10m,6,0.8,0.2,4,osl_siamese_cnn,8d0f05ff49986d98c9a8dbd1610c0e1ccc33796698ecdb44c64d6ddbd490f55e
2,famous_le_10m,7,1.0,0.8,4,osl_siamese_cnn,8d0f05ff49986d98c9a8dbd1610c0e1ccc33796698ecdb44c64d6ddbd490f55e
2,famous_le_10m,8,1.0,1.0,4,osl_siamese_cnn,8d0f05ff49986d98c9a8dbd1610c0e1ccc33796698ecdb44c64d6ddbd490f55e
2,famous_le_10m,9,1.0,1.0,4,osl_siamese_cnn,8d0f05ff49986d98c9a8dbd1610c0e1ccc33796698ecdb44c64d6ddbd490f55e
2,famous_le_10m,10,1.0,1.0,4,osl_siamese_cnn,8d0f05ff49986d98c9a8dbd1610c0e1ccc33796698ecdb44c64d6ddbd490f55e
2,famous_le_10m,11,1.0,1.0,4,osl_siamese_cnn,8d0f05ff49986d98c9a8dbd1610c0e1ccc33796698ecdb44c64d6ddbd490f55e
2,famous_le_10m,12,1.0,1.0,4,osl_siamese_cnn,8d0f05ff49986d98c9a8dbd1610c0e1ccc33796698ecdb44c64d6ddbd490f55e
2,famous_le_10m,13,1.0,1.0,4,osl_siamese_cnn,8d0f05ff49986d98c9a8dbd1610c0e1ccc33796698ecdb44c64d6ddbd490f55e
2,famous_le_10m,14,1.0,1.0,4,osl_siamese_cnn,8d0f05ff49986d98c9a8dbd1610c0e1ccc33796698ecdb44c64d6ddbd490f55e
2,famous_le_10m,15,1.0,1.0,4,osl_siamese_cnn,8d0f05ff49986d98c9a8dbd1610c0e1ccc33796698ecdb44c64d6ddbd490f55e
2,famous_le_10m,16,1.0,1.0,4,osl_siamese_cnn,8d0f05ff49986d98c9a8dbd1610c0e1ccc33796698ecdb44c64d6ddbd490f55e
2,famous_le_10m,17,1.0,1.0,4,osl_siamese_cnn,8d0f05ff49986d98c9a8dbd1610c0e1ccc33796698ecdb44c64d6ddbd490f55e
2,famous_le_10m,18,1.0,1.0,4,osl_siamese_cnn,8d0f05ff49986d98c9a8dbd1610c0e1ccc33796698ecdb44c64d6ddbd490f55e
2,famous_le_10m,19,1.0,1.0,4,osl_siamese_cnn,8d0f05ff49986d98c9a8dbd1610c0e1ccc33796698ecdb44c64d6ddbd490f55e
2,famous_le_10m,20,1.0,0.8,4,osl_siamese_cnn,8d0f05ff49986d98c9a8dbd1610c0e1ccc33796698ecdb44c64d6ddbd490f55e
2,famous_le_10m,21,1.0,1.0,4,osl_siamese_cnn,8d0f05ff49986d98c9a8dbd1610c0e1ccc33796698ecdb44c64d6ddbd490f55e
2,famous_le_10m,22,1.0,1.0,4,osl_siamese_cnn,8d0f05ff49986d98c9a8dbd1610c0e1ccc33796698ecdb44c64d6ddbd490f55e
2,famous_le_10m,23,1.0,0.8,4,osl_siamese_cnn,8d0f05ff49986d98c9a8dbd1610c0e1ccc33796698ecdb44c64d6ddbd490f55e
2,famous_le_100m,0,0.7857142857142857,0.35714285714285715,4,osl_siamese_cnn,8d0f05ff49986d98c9a8dbd1610c0e1ccc33796698ecdb44c64d6ddbd490f55e
2,famous_le_100m,1,0.21428571428571427,0.5714285714285714,4,osl_siamese_cnn,8d0f05ff49986d98c9a8dbd1610c0e1ccc33796698ecdb44c64d6ddbd490f55e
2,famous_le_100m,2,0.21428571428571427,0.5714285714285714,4,osl_siamese_cnn,8d0f05ff49986d98c9a8dbd1610c0e1ccc33796698ecdb44c64d6ddbd490f55e
2,famous_le_100m,3,0.21428571428571427,0.5714285714285714,4,osl_siamese_cnn,8d0f05ff49986d98c9a8dbd1610c0e1ccc33796698ecdb44c64d6ddbd490f55e
2,famous_le_100m,4,0.21428571428571427,0.5,4,osl_siamese_cnn,8d0f05ff49986d98c9a8dbd1610c0e1ccc33796698ecdb44c64d6ddbd490f55e
2,famous_le_100m,5,0.42857142857142855,0.42857142857142855,4,osl_siamese_cnn,8d0f05ff49986d98c9a8dbd1610c0e1ccc33796698ecdb44c64d6ddbd490f55e
2,famous_le_100m,6,0.5,0.6428571428571429,4,osl_siamese_cnn,8d0f05ff49986d98c9a8dbd1610c0e1ccc33796698ecdb44c64d6ddbd490f55e
2,famous_le_100m,7,0.5714285714285714,0.5714285714285714,4,osl_siamese_cnn,8d0f05ff49986d98c9a8dbd1610c0e1ccc33796698ecdb44c64d6ddbd490f55e
2,famous_le_100m,8,0.6428571428571429,0.5714285714285714,4,osl_siamese_cnn,8d0f05ff49986d98c9a8dbd1610c0e1ccc33796698ecdb44c64d6ddbd490f55e
2,famous_le_100m,9,0.6428571428571429,0.8571428571428571,4,osl_siamese_cnn,8d0f05ff49986d98c9a8dbd1610c0e1ccc33796698ecdb44c64d6ddbd490f55e
2,famous_le_100m,10,0.7142857142857143,0.9285714285714286,4,osl_siamese_cnn,8d0f05ff49986d98c9a8dbd1610c0e1ccc33796698ecdb44c64d6ddbd490f55e
2,famous_le_100m,11,0.8571428571428571,0.8571428571428571,4,osl_siamese_cnn,8d0f05ff49986d98c9a8dbd1610c0e1ccc33796698ecdb44c64d6ddbd490f55e
2,famous_le_100m,12,0.8571428571428571,1.0,4,osl_siamese_cnn,8d0f05ff49986d98c9a8dbd1610c0e1ccc33796698ecdb44c64d6ddbd490f55e
2,famous_le_100m,13,0.8571428571428571,1.0,4,osl_siamese_cnn,8d0f05ff49986d98c9a8dbd1610c0e1ccc33796698ecdb44c64d6ddbd490f55e
2,famous_le_100m,14,0.9285714285714286,0.9285714285714286,4,osl_siamese_cnn,8d0f05ff49986d98c9a8dbd1610c0e1ccc33796698ecdb44c64d6ddbd490f55e
2,famous_le_100m,15,0.9285714285714286,1.0,4,osl_siamese_cnn,8d0f05ff49986d98c9a8dbd1610c0e1ccc33796698ecdb44c64d6ddbd490f55e
2,famous_le_100m,16,0.9285714285714286,1.0,4,osl_siamese_cnn,8d0f05ff49986d98c9a8dbd1610c0e1ccc33796698ecdb44c64d6ddbd490f55e
2,famous_le_100m,17,1.0,0.9285714285714286,4,osl_siamese_cnn,8d0f05ff49986d98c9a8dbd1610c0e1ccc33796698ecdb44c64d6ddbd490f55e
2,famous_le_100m,18,1.0,0.9285714285714286,4,osl_siamese_cnn,8d0f05ff49986d98c9a8dbd1610c0e1ccc33796698ecdb44c64d6ddbd490f55e
2,famous_le_100m,19,0.9285714285714286,1.0,4,osl_siamese_cnn,8d0f05ff49986d98c9a8dbd1610c0e1ccc33796698ecdb44c64d6ddbd490f55e
2,famous_le_100m,20,1.0,0.9285714285714286,4,osl_siamese_cnn,8d0f05ff49986d98c9a8dbd1610c0e1ccc33796698ecdb44c64d6ddbd490f55e
2,famous_le_100m,21,0.9285714285714286,0.9285714285714286,4,osl_siamese_cnn,8d0f05ff49986d98c9a8dbd1610c0e1ccc33796698ecdb44c64d6ddbd490f55e
2,famous_le_100m,22,1.0,1.0,4,osl_siamese_cnn,8d0f05ff49986d98c9a8dbd1610c0e1ccc33796698ecdb44c64d6ddbd490f55e
2,famous_le_100m,23,1.0,0.9285714285714286,4,osl_siamese_cnn,8d0f05ff49986d98c9a8dbd1610c0e1ccc33796698ecdb44c64d6ddbd490f55e
3,torch_pretrained_classification,0,0.7875,0.575,4,osl_siamese_cnn,4c3e9d4b4a6bdbfe1ce3f8cc694c9f184dd07771d5c652aa15e6ad286a105e38
3,famous_le_10m,0,0.8,0.8,4,osl_siamese_cnn,4c3e9d4b4a6bdbfe1ce3f8cc694c9f184dd07771d5c652aa15e6ad286a105e38
3,famous_le_10m,1,0.2,0.2,4,osl_siamese_cnn,4c3e9d4b4a6bdbfe1ce3f8cc694c9f184dd07771d5c652aa15e6ad286a105e38
3,famous_le_10m,2,0.4,0.2,4,osl_siamese_cnn,4c3e9d4b4a6bdbfe1ce3f8cc694c9f184dd07771d5c652aa15e6ad286a105e38
3,famous_le_10m,3,0.4,0.2,4,osl_siamese_cnn,4c3e9d4b4a6bdbfe1ce3f8cc694c9f184dd07771d5c652aa15e6ad286a105e38
3,famous_le_10m,4,0.6,0.2,4,osl_siamese_cnn,4c3e9d4b4a6bdbfe1ce3f8cc694c9f184dd07771d5c652aa15e6ad286a105e38
3,famous_le_10m,5,0.4,0.0,4,osl_siamese_cnn,4c3e9d4b4a6bdbfe1ce3f8cc694c9f184dd07771d5c652aa15e6ad286a105e38
3,famous_le_10m,6,0.4,0.2,4,osl_siamese_cnn,4c3e9d4b4a6bdbfe1ce3f8cc694c9f184dd07771d5c652aa15e6ad286a105e38
3,famous_le_10m,7,0.4,0.4,4,osl_siamese_cnn,4c3e9d4b4a6bdbfe1ce3f8cc694c9f184dd07771d5c652aa15e6ad286a105e38
3,famous_le_10m,8,1.0,1.0,4,osl_siamese_cnn,4c3e9d4b4a6bdbfe1ce3f8cc694c9f184dd07771d5c652aa15e6ad286a105e38
3,famous_le_10m,9,0.2,0.4,4,osl_siamese_cnn,4c3e9d4b4a6bdbfe1ce3f8cc694c9f184dd07771d5c652aa15e6ad286a105e38
3,famous_le_10m,10,0.6,0.2,4,osl_siamese_cnn,4c3e9d4b4a6bdbfe1ce3f8cc694c9f184dd07771d5c652aa15e6ad286a105e38
3,famous_le_10m,11,0.4,0.4,4,osl_siamese_cnn,4c3e9d4b4a6bdbfe1ce3f8cc694c9f184dd07771d5c652aa15e6ad286a105e38
3,famous_le_10m,12,0.8,0.2,4,osl_siamese_cnn,4c3e9d4b4a6bdbfe1ce3f8cc694c9f184dd07771d5c652aa15e6ad286a105e38
3,famous_le_10m,13,0.8,0.4,4,osl_siamese_cnn,4c3e9d4b4a6bdbfe1ce3f8cc694c9f184dd07771d5c652aa15e6ad286a105e38
3,famous_le_10m,14,0.8,1.0,4,osl_siamese_cnn,4c3e9d4b4a6bdbfe1ce3f8cc694c9f184dd07771d5c652aa15e6ad286a105e38
3,famous_le_10m,15,0.6,0.8,4,osl_siamese_cnn,4c3e9d4b4a6bdbfe1ce3f8cc694c9f184dd07771d5c652aa15e6ad286a105e38
3,famous_le_10m,16,1.0,1.0,4,osl_siamese_cnn,4c3e9d4b4a6bdbfe1ce3f8cc694c9f184dd07771d5c652aa15e6ad286a105e38
3,famous_le_10m,17,0.6,1.0,4,osl_siamese_cnn,4c3e9d4b4a6bdbfe1ce3f8cc694c9f184dd07771d5c652aa15e6ad286a105e38
3,famous_le_10m,18,0.6,0.8,4,osl_siamese_cnn,4c3e9d4b4a6bdbfe1ce3f8cc694c9f184dd07771d5c652aa15e6ad286a105e38
3,famous_le_10m,19,0.6,1.0,4,osl_siamese_cnn,4c3e9d4b4a6bdbfe1ce3f8cc694c9f184dd07771d5c652aa15e6ad286a105e38
3,famous_le_10m,20,1.0,1.0,4,osl_siamese_cnn,4c3e9d4b4a6bdbfe1ce3f8cc694c9f184dd07771d5c652aa15e6ad286a105e38
3,famous_le_10m,21,0.6,0.8,4,osl_siamese_cnn,4c3e9d4b4a6bdbfe1ce3f8cc694c9f184dd07771d5c652aa15e6ad286a105e38
3,famous_le_10m,22,0.6,0.8,4,osl_siamese_cnn,4c3e9d4b4a6bdbfe1ce3f8cc694c9f184dd07771d5c652aa15e6ad286a105e38
3,famous_le_10m,23,0.6,1.0,4,osl_siamese_cnn,4c3e9d4b4a6bdbfe1ce3f8cc694c9f184dd07771d5c652aa15e6ad286a105e38
3,famous_le_100m,0,0.8571428571428571,0.7857142857142857,4,osl_siamese_cnn,4c3e9d4b4a6bdbfe1ce3f8cc694c9f184dd07771d5c652aa15e6ad286a105e38
3,famous_le_100m,1,0.14285714285714285,0.21428571428571427,4,osl_siamese_cnn,4c3e9d4b4a6bdbfe1ce3f8cc694c9f184dd07771d5c652aa15e6ad286a105e38
3,famous_le_100m,2,0.14285714285714285,0.21428571428571427,4,osl_siamese_cnn,4c3e9d4b4a6bdbfe1ce3f8cc694c9f184dd07771d5c652aa15e6ad286a105e38
3,famous_le_100m,3,0.14285714285714285,0.21428571428571427,4,osl_siamese_cnn,4c3e9d4b4a6bdbfe1ce3f8cc694c9f184dd07771d5c652aa15e6ad286a105e38
3,famous_le_100m,4,0.14285714285714285,0.2857142857142857,4,osl_siamese_cnn,4c3e9d4b4a6bdbfe1ce3f8cc694c9f184dd07771d5c652aa15e6ad286a105e38
3,famous_le_100m,5,0.42857142857142855,0.2857142857142857,4,osl_siamese_cnn,4c3e9d4b4a6bdbfe1ce3f8cc694c9f184dd07771d5c652aa15e6ad286a105e38
3,famous_le_100m,6,0.5,0.5714285714285714,4,osl_siamese_cnn,4c3e9d4b4a6bdbfe1ce3f8cc694c9f184dd07771d5c652aa15e6ad286a105e38
3,famous_le_100m,7,0.5714285714285714,0.7142857142857143,4,osl_siamese_cnn,4c3e9d4b4a6bdbfe1ce3f8cc694c9f184dd07771d5c652aa15e6ad286a105e38
3,famous_le_100m,8,0.6428571428571429,0.7857142857142857,4,osl_siamese_cnn,4c3e9d4b4a6bdbfe1ce3f8cc694c9f184dd07771d5c652aa15e6ad286a105e38
3,famous_le_100m,9,0.6428571428571429,0.6428571428571429,4,osl_siamese_cnn,4c3e9d4b4a6bdbfe1ce3f8cc694c9f184dd07771d5c652aa15e6ad286a105e38
3,famous_le_100m,10,0.8571428571428571,0.7142857142857143,4,osl_siamese_cnn,4c3e9d4b4a6bdbfe1ce3f8cc694c9f184dd07771d5c652aa15e6ad286a105e38
3,famous_le_100m,11,0.8571428571428571,0.8571428571428571,4,osl_siamese_cnn,4c3e9d4b4a6bdbfe1ce3f8cc694c9f184dd07771d5c652aa15e6ad286a105e38
3,famous_le_100m,12,0.8571428571428571,0.8571428571428571,4,osl_siamese_cnn,4c3e9d4b4a6bdbfe1ce3f8cc694c9f184dd07771d5c652aa15e6ad286a105e38
3,famous_le_100m,13,0.9285714285714286,0.8571428571428571,4,osl_siamese_cnn,4c3e9d4b4a6bdbfe1ce3f8cc694c9f184dd07771d5c652aa15e6ad286a105e38
3,famous_le_100m,14,0.9285714285714286,0.9285714285714286,4,osl_siamese_cnn,4c3e9d4b4a6bdbfe1ce3f8cc694c9f184dd07771d5c652aa15e6ad286a105e38
3,famous_le_100m,15,0.9285714285714286,0.9285714285714286,4,osl_siamese_cnn,4c3e9d4b4a6bdbfe1ce3f8cc694c9f184dd07771d5c652aa15e6ad286a105e38
3,famous_le_100m,16,1.0,0.9285714285714286,4,osl_siamese_cnn,4c3e9d4b4a6bdbfe1ce3f8cc694c9f184dd07771d5c652aa15e6ad286a105e38
3,famous_le_100m,17,0.9285714285714286,0.9285714285714286,4,osl_siamese_cnn,4c3e9d4b4a6bdbfe1ce3f8cc694c9f184dd07771d5c652aa15e6ad286a105e38
3,famous_le_100m,18,1.0,0.9285714285714286,4,osl_siamese_cnn,4c3e9d4b4a6bdbfe1ce3f8cc694c9f184dd07771d5c652aa15e6ad286a105e38
3,famous_le_100m,19,1.0,1.0,4,osl_siamese_cnn,4c3e9d4b4a6bdbfe1ce3f8cc694c9f184dd07771d5c652aa15e6ad286a105e38
3,famous_le_100m,20,1.0,1.0,4,osl_siamese_cnn,4c3e9d4b4a6bdbfe1ce3f8cc694c9f184dd07771d5c652aa15e6ad286a105e38
3,famous_le_100m,21,1.0,1.0,4,osl_siamese_cnn,4c3e9d4b4a6bdbfe1ce3f8cc694c9f184dd07771d5c652aa15e6ad286a105e38
3,famous_le_100m,22,1.0,0.9285714285714286,4,osl_siamese_cnn,4c3e9d4b4a6bdbfe1ce3f8cc694c9f184dd07771d5c652aa15e6ad286a105e38
3,famous_le_100m,23,0.9285714285714286,1.0,4,osl_siamese_cnn,4c3e9d4b4a6bdbfe1ce3f8cc694c9f184dd07771d5c652aa15e6ad286a105e38
4,torch_pretrained_classification,0,0.8125,0.675,4,osl_siamese_cnn,56b9b0614bf08155dde3c15f1a7633c89bab596e361dd2cc95bc157738441ee7
4,famous_le_10m,0,1.0,0.8,4,osl_siamese_cnn,56b9b0614bf08155dde3c15f1a7633c89bab596e361dd2cc95bc157738441ee7
4,famous_le_10m,1,0.0,0.2,4,osl_siamese_cnn,56b9b0614bf08155dde3c15f1a7633c89bab596e361dd2cc95bc157738441ee7
4,famous_le_10m,2,0.2,0.2,4,osl_siamese_cnn,56b9b0614bf08155dde3c15f1a7633c89bab596e361dd2cc95bc157738441ee7
4,famous_le_10m,3,0.2,0.0,4,osl_siamese_cnn,56b9b0614bf08155dde3c15f1a7633c89bab596e361dd2cc95bc157738441ee7
4,famous_le_10m,4,0.2,0.0,4,osl_siamese_cnn,56b9b0614bf08155dde3c15f1a7633c89bab596e361dd2cc95bc157738441ee7
4,famous_le_10m,5,0.4,0.0,4,osl_siamese_cnn,56b9b0614bf08155dde3c15f1a7633c89bab596e361dd2cc95bc157738441ee7
4,famous_le_10m,6,0.8,0.2,4,osl_siamese_cnn,56b9b0614bf08155dde3c15f1a7633c89bab596e361dd2cc95bc157738441ee7
4,famous_le_10m,7,1.0,0.6,4,osl_siamese_cnn,56b9b0614bf08155dde3c15f1a7633c89bab596e361dd2cc95bc157738441ee7
4,famous_le_10m,8,1.0,1.0,4,osl_siamese_cnn,56b9b0614bf08155dde3c15f1a7633c89bab596e361dd2cc95bc157738441ee7
4,famous_le_10m,9,1.0,1.0,4,osl_siamese_cnn,56b9b0614bf08155dde3c15f1a7633c89bab596e361dd2cc95bc157738441ee7
4,famous_le_10m,10,1.0,1.0,4,osl_siamese_cnn,56b9b0614bf08155dde3c15f1a7633c89bab596e361dd2cc95bc157738441ee7
4,famous_le_10m,11,1.0,1.0,4,osl_siamese_cnn,56b9b0614bf08155dde3c15f1a7633c89bab596e361dd2cc95bc157738441ee7
4,famous_le_10m,12,1.0,1.0,4,osl_siamese_cnn,56b9b0614bf08155dde3c15f1a7633c89bab596e361dd2cc95bc157738441ee7
4,famous_le_10m,13,1.0,1.0,4,osl_siamese_cnn,56b9b0614bf08155dde3c15f1a7633c89bab596e361dd2cc95bc157738441ee7
4,famous_le_10m,14,1.0,1.0,4,osl_siamese_cnn,56b9b0614bf08155dde3c15f1a7633c89bab596e361dd2cc95bc157738441ee7
4,famous_le_10m,15,1.0,1.0,4,osl_siamese_cnn,56b9b0614bf08155dde3c15f1a7633c89bab596e361dd2cc95bc157738441ee7
4,famous_le_10m,16,1.0,1.0,4,osl_siamese_cnn,56b9b0614bf08155dde3c15f1a7633c89bab596e361dd2cc95bc157738441ee7
4,famous_le_10m,17,1.0,0.8,4,osl_siamese_cnn,56b9b0614bf08155dde3c15f1a7633c89bab596e361dd2cc95bc157738441ee7
4,famous_le_10m,18,1.0,1.0,4,osl_siamese_cnn,56b9b0614bf08155dde3c15f1a7633c89bab596e361dd2cc95bc157738441ee7
4,famous_le_10m,19,1.0,1.0,4,osl_siamese_cnn,56b9b0614bf08155dde3c15f1a7633c89bab596e361dd2cc95bc157738441ee7
4,famous_le_10m,20,1.0,1.0,4,osl_siamese_cnn,56b9b0614bf08155dde3c15f1a7633c89bab596e361dd2cc95bc157738441ee7
4,famous_le_10m,21,1.0,1.0,4,osl_siamese_cnn,56b9b0614bf08155dde3c15f1a7633c89bab596e361dd2cc95bc157738441ee7
4,famous_le_10m,22,1.0,1.0,4,osl_siamese_cnn,56b9b0614bf08155dde3c15f1a7633c89bab596e361dd2cc95bc157738441ee7
4,famous_le_10m,23,1.0,0.8,4,osl_siamese_cnn,56b9b0614bf08155dde3c15f1a7633c89bab596e361dd2cc95bc157738441ee7
4,famous_le_100m,0,0.7857142857142857,0.8571428571428571,4,osl_siamese_cnn,56b9b0614bf08155dde3c15f1a7633c89bab596e361dd2cc95bc157738441ee7
4,famous_le_100m,1,0.21428571428571427,0.14285714285714285,4,osl_siamese_cnn,56b9b0614bf08155dde3c15f1a7633c89bab596e361dd2cc95bc157738441ee7
4,famous_le_100m,2,0.21428571428571427,0.14285714285714285,4,osl_siamese_cnn,56b9b0614bf08155dde3c15f1a7633c89bab596e361dd2cc95bc157738441ee7
4,famous_le_100m,3,0.21428571428571427,0.14285714285714285,4,osl_siamese_cnn,56b9b0614bf08155dde3c15f1a7633c89bab596e361dd2cc95bc157738441ee7
4,famous_le_100m,4,0.21428571428571427,0.14285714285714285,4,osl_siamese_cnn,56b9b0614bf08155dde3c15f1a7633c89bab596e361dd2cc95bc157738441ee7
4,famous_le_100m,5,0.5,0.35714285714285715,4,osl_siamese_cnn,56b9b0614bf08155dde3c15f1a7633c89bab596e361dd2cc95bc157738441ee7
4,famous_le_100m,6,0.5,0.6428571428571429,4,osl_siamese_cnn,56b9b0614bf08155dde3c15f1a7633c89bab596e361dd2cc95bc157738441ee7
4,famous_le_100m,7,0.6428571428571429,0.6428571428571429,4,osl_siamese_cnn,56b9b0614bf08155dde3c15f1a7633c89bab596e361dd2cc95bc157738441ee7
4,famous_le_100m,8,0.7142857142857143,0.6428571428571429,4,osl_siamese_cnn,56b9b0614bf08155dde3c15f1a7633c89bab596e361dd2cc95bc157738441ee7
4,famous_le_100m,9,0.8571428571428571,0.6428571428571429,4,osl_siamese_cnn,56b9b0614bf08155dde3c15f1a7633c89bab596e361dd2cc95bc157738441ee7
4,famous_le_100m,10,0.8571428571428571,0.7857142857142857,4,osl_siamese_cnn,56b9b0614bf08155dde3c15f1a7633c89bab596e361dd2cc95bc157738441ee7
4,famous_le_100m,11,0.8571428571428571,0.8571428571428571,4,osl_siamese_cnn,56b9b0614bf08155dde3c15f1a7633c89bab596e361dd2cc95bc157738441ee7
4,famous_le_100m,12,0.9285714285714286,0.8571428571428571,4,osl_siamese_cnn,56b9b0614bf08155dde3c15f1a7633c89bab596e361dd2cc95bc157738441ee7
4,famous_le_100m,13,0.9285714285714286,0.8571428571428571,4,osl_siamese_cnn,56b9b0614bf08155dde3c15f1a7633c89bab596e361dd2cc95bc157738441ee7
4,famous_le_100m,14,0.9285714285714286,0.9285714285714286,4,osl_siamese_cnn,56b9b0614bf08155dde3c15f1a7633c89bab596e361dd2cc95bc157738441ee7
4,famous_le_100m,15,0.9285714285714286,0.9285714285714286,4,osl_siamese_cnn,56b9b0614bf08155dde3c15f1a7633c89bab596e361dd2cc95bc157738441ee7
4,famous_le_100m,16,1.0,0.9285714285714286,4,osl_siamese_cnn,56b9b0614bf08155dde3c15f1a7633c89bab596e361dd2cc95bc157738441ee7
4,famous_le_100m,17,1.0,1.0,4,osl_siamese_cnn,56b9b0614bf08155dde3c15f1a7633c89bab596e361dd2cc95bc157738441ee7
4,famous_le_100m,18,1.0,1.0,4,osl_siamese_cnn,56b9b0614bf08155dde3c15f1a7633c89bab596e361dd2cc95bc157738441ee7
4,famous_le_100m,19,1.0,1.0,4,osl_siamese_cnn,56b9b0614bf08155dde3c15f1a7633c89bab596e361dd2cc95bc157738441ee7
4,famous_le_100m,20,1.0,1.0,4,osl_siamese_cnn,56b9b0614bf08155dde3c15f1a7633c89bab596e361dd2cc95bc157738441ee7
4,famous_le_100m,21,1.0,1.0,4,osl_siamese_cnn,56b9b0614bf08155dde3c15f1a7633c89bab596e361dd2cc95bc157738441ee7
4,famous_le_100m,22,1.0,1.0,4,osl_siamese_cnn,56b9b0614bf08155dde3c15f1a7633c89bab596e361dd2cc95bc157738441ee7
4,famous_le_100m,23,1.0,1.0,4,osl_siamese_cnn,56b9b0614bf08155dde3c15f1a7633c89bab596e361dd2cc95bc157738441ee7
0,torch_pretrained_classification,0,0.9375,0.4375,5,osl_siamese_cnn,d12ae7cbd99a1b3415829f6b9a25d976afaca493571a102d07d85152dc55890a
0,famous_le_10m,0,1.0,0.6,5,osl_siamese_cnn,d12ae7cbd99a1b3415829f6b9a25d976afaca493571a102d07d85152dc55890a
0,famous_le_10m,1,0.0,0.4,5,osl_siamese_cnn,d12ae7cbd99a1b3415829f6b9a25d976afaca493571a102d07d85152dc55890a
0,famous_le_10m,2,0.0,0.4,5,osl_siamese_cnn,d12ae7cbd99a1b3415829f6b9a25d976afaca493571a102d07d85152dc55890a
0,famous_le_10m,3,0.2,0.4,5,osl_siamese_cnn,d12ae7cbd99a1b3415829f6b9a25d976afaca493571a102d07d85152dc55890a
0,famous_le_10m,4,0.6,0.0,5,osl_siamese_cnn,d12ae7cbd99a1b3415829f6b9a25d976afaca493571a102d07d85152dc55890a
0,famous_le_10m,5,0.8,0.2,5,osl_siamese_cnn,d12ae7cbd99a1b3415829f6b9a25d976afaca493571a102d07d85152dc55890a
0,famous_le_10m,6,1.0,0.6,5,osl_siamese_cnn,d12ae7cbd99a1b3415829f6b9a25d976afaca493571a102d07d85152dc55890a
0,famous_le_10m,7,1.0,1.0,5,osl_siamese_cnn,d12ae7cbd99a1b3415829f6b9a25d976afaca493571a102d07d85152dc55890a
0,famous_le_10m,8,1.0,1.0,5,osl_siamese_cnn,d12ae7cbd99a1b3415829f6b9a25d976afaca493571a102d07d85152dc55890a
0,famous_le_10m,9,1.0,1.0,5,osl_siamese_cnn,d12ae7cbd99a1b3415829f6b9a25d976afaca493571a102d07d85152dc55890a
0,famous_le_10m,10,1.0,1.0,5,osl_siamese_cnn,d12ae7cbd99a1b3415829f6b9a25d976afaca493571a102d07d85152dc55890a
0,famous_le_10m,11,1.0,1.0,5,osl_siamese_cnn,d12ae7cbd99a1b3415829f6b9a25d976afaca493571a102d07d85152dc55890a
0,famous_le_10m,12,1.0,1.0,5,osl_siamese_cnn,d12ae7cbd99a1b3415829f6b9a25d976afaca493571a102d07d85152dc55890a
0,famous_le_10m,13,1.0,1.0,5,osl_siamese_cnn,d12ae7cbd99a1b3415829f6b9a25d976afaca493571a102d07d85152dc55890a
0,famous_le_10m,14,1.0,1.0,5,osl_siamese_cnn,d12ae7cbd99a1b3415829f6b9a25d976afaca493571a102d07d85152dc55890a
0,famous_le_10m,15,1.0,1.0,5,osl_siamese_cnn,d12ae7cbd99a1b3415829f6b9a25d976afaca493571a102d07d85152dc55890a
0,famous_le_10m,16,1.0,1.0,5,osl_siamese_cnn,d12ae7cbd99a1b3415829f6b9a25d976afaca493571a102d07d85152dc55890a
0,famous_le_10m,17,1.0,1.0,5,osl_siamese_cnn,d12ae7cbd99a1b3415829f6b9a25d976afaca493571a102d07d85152dc55890a
0,famous_le_10m,18,1.0,1.0,5,osl_siamese_cnn,d12ae7cbd99a1b3415829f6b9a25d976afaca493571a102d07d85152dc55890a
0,famous_le_10m,19,1.0,1.0,5,osl_siamese_cnn,d12ae7cbd99a1b3415829f6b9a25d976afaca493571a102d07d85152dc55890a
0,famous_le_10m,20,1.0,1.0,5,osl_siamese_cnn,d12ae7cbd99a1b3415829f6b9a25d976afaca493571a102d07d85152dc55890a
0,famous_le_10m,21,1.0,1.0,5,osl_siamese_cnn,d12ae7cbd99a1b3415829f6b9a25d976afaca493571a102d07d85152dc55890a
0,famous_le_10m,22,1.0,1.0,5,osl_siamese_cnn,d12ae7cbd99a1b3415829f6b9a25d976afaca493571a102d07d85152dc55890a
0,famous_le_10m,23,1.0,1.0,5,osl_siamese_cnn,d12ae7cbd99a1b3415829f6b9a25d976afaca493571a102d07d85152dc55890a
0,famous_le_100m,0,0.9285714285714286,0.5,5,osl_siamese_cnn,d12ae7cbd99a1b3415829f6b9a25d976afaca493571a102d07d85152dc55890a
0,famous_le_100m,1,0.07142857142857142,0.5,5,osl_siamese_cnn,d12ae7cbd99a1b3415829f6b9a25d976afaca493571a102d07d85152dc55890a
0,famous_le_100m,2,0.07142857142857142,0.5,5,osl_siamese_cnn,d12ae7cbd99a1b3415829f6b9a25d976afaca493571a102d07d85152dc55890a
0,famous_le_100m,3,0.07142857142857142,0.5,5,osl_siamese_cnn,d12ae7cbd99a1b3415829f6b9a25d976afaca493571a102d07d85152dc55890a
0,famous_le_100m,4,0.14285714285714285,0.5,5,osl_siamese_cnn,d12ae7cbd99a1b3415829f6b9a25d976afaca493571a102d07d85152dc55890a
0,famous_le_100m,5,0.2857142857142857,0.42857142857142855,5,osl_siamese_cnn,d12ae7cbd99a1b3415829f6b9a25d976afaca493571a102d07d85152dc55890a
0,famous_le_100m,6,0.42857142857142855,0.7857142857142857,5,osl_siamese_cnn,d12ae7cbd99a1b3415829f6b9a25d976afaca493571a102d07d85152dc55890a
0,famous_le_100m,7,0.5,0.6428571428571429,5,osl_siamese_cnn,d12ae7cbd99a1b3415829f6b9a25d976afaca493571a102d07d85152dc55890a
0,famous_le_100m,8,0.7142857142857143,0.8571428571428571,5,osl_siamese_cnn,d12ae7cbd99a1b3415829f6b9a25d976afaca493571a102d07d85152dc55890a
0,famous_le_100m,9,0.8571428571428571,0.9285714285714286,5,osl_siamese_cnn,d12ae7cbd99a1b3415829f6b9a25d976afaca493571a102d07d85152dc55890a
0,famous_le_100m,10,0.8571428571428571,1.0,5,osl_siamese_cnn,d12ae7cbd99a1b3415829f6b9a25d976afaca493571a102d07d85152dc55890a
0,famous_le_100m,11,0.8571428571428571,1.0,5,osl_siamese_cnn,d12ae7cbd99a1b3415829f6b9a25d976afaca493571a102d07d85152dc55890a
0,famous_le_100m,12,0.9285714285714286,0.9285714285714286,5,osl_siamese_cnn,d12ae7cbd99a1b3415829f6b9a25d976afaca493571a102d07d85152dc55890a
0,famous_le_100m,13,0.9285714285714286,0.9285714285714286,5,osl_siamese_cnn,d12ae7cbd99a1b3415829f6b9a25d976afaca493571a102d07d85152dc55890a
0,famous_le_100m,14,0.9285714285714286,1.0,5,osl_siamese_cnn,d12ae7cbd99a1b3415829f6b9a25d976afaca493571a102d07d85152dc55890a
0,famous_le_100m,15,0.9285714285714286,0.9285714285714286,5,osl_siamese_cnn,d12ae7cbd99a1b3415829f6b9a25d976afaca493571a102d07d85152dc55890a
0,famous_le_100m,16,0.9285714285714286,1.0,5,osl_siamese_cnn,d12ae7cbd99a1b3415829f6b9a25d976afaca493571a102d07d85152dc55890a
0,famous_le_100m,17,1.0,0.9285714285714286,5,osl_siamese_cnn,d12ae7cbd99a1b3415829f6b9a25d976afaca493571a102d07d85152dc55890a
0,famous_le_100m,18,1.0,0.9285714285714286,5,osl_siamese_cnn,d12ae7cbd99a1b3415829f6b9a25d976afaca493571a102d07d85152dc55890a
0,famous_le_100m,19,1.0,1.0,5,osl_siamese_cnn,d12ae7cbd99a1b3415829f6b9a25d976afaca493571a102d07d85152dc55890a
0,famous_le_100m,20,1.0,1.0,5,osl_siamese_cnn,d12ae7cbd99a1b3415829f6b9a25d976afaca493571a102d07d85152dc55890a
0,famous_le_100m,21,1.0,1.0,5,osl_siamese_cnn,d12ae7cbd99a1b3415829f6b9a25d976afaca493571a102d07d85152dc55890a
0,famous_le_100m,22,1.0,1.0,5,osl_siamese_cnn,d12ae7cbd99a1b3415829f6b9a25d976afaca493571a102d07d85152dc55890a
0,famous_le_100m,23,1.0,1.0,5,osl_siamese_cnn,d12ae7cbd99a1b3415829f6b9a25d976afaca493571a102d07d85152dc55890a
1,torch_pretrained_classification,0,0.875,0.6125,5,osl_siamese_cnn,25cf4ef3d3059b90903b1a087ed88988d432c9082cfef9aab89d9a9295d4c017
1,famous_le_10m,0,1.0,0.6,5,osl_siamese_cnn,25cf4ef3d3059b90903b1a087ed88988d432c9082cfef9aab89d9a9295d4c017
1,famous_le_10m,1,0.0,0.4,5,osl_siamese_cnn,25cf4ef3d3059b90903b1a087ed88988d432c9082cfef9aab89d9a9295d4c017
1,famous_le_10m,2,0.0,0.4,5,osl_siamese_cnn,25cf4ef3d3059b90903b1a087ed88988d432c9082cfef9aab89d9a9295d4c017
1,famous_le_10m,3,0.0,0.4,5,osl_siamese_cnn,25cf4ef3d3059b90903b1a087ed88988d432c9082cfef9aab89d9a9295d4c017
1,famous_le_10m,4,0.6,0.0,5,osl_siamese_cnn,25cf4ef3d3059b90903b1a087ed88988d432c9082cfef9aab89d9a9295d4c017
1,famous_le_10m,5,1.0,0.2,5,osl_siamese_cnn,25cf4ef3d3059b90903b1a087ed88988d432c9082cfef9aab89d9a9295d4c017
1,famous_le_10m,6,1.0,1.0,5,osl_siamese_cnn,25cf4ef3d3059b90903b1a087ed88988d432c9082cfef9aab89d9a9295d4c017
1,famous_le_10m,7,1.0,1.0,5,osl_siamese_cnn,25cf4ef3d3059b90903b1a087ed88988d432c9082cfef9aab89d9a9295d4c017
1,famous_le_10m,8,1.0,1.0,5,osl_siamese_cnn,25cf4ef3d3059b90903b1a087ed88988d432c9082cfef9aab89d9a9295d4c017
1,famous_le_10m,9,1.0,1.0,5,osl_siamese_cnn,25cf4ef3d3059b90903b1a087ed88988d432c9082cfef9aab89d9a9295d4c017
1,famous_le_10m,10,1.0,1.0,5,osl_siamese_cnn,25cf4ef3d3059b90903b1a087ed88988d432c9082cfef9aab89d9a9295d4c017
1,famous_le_10m,11,1.0,1.0,5,osl_siamese_cnn,25cf4ef3d3059b90903b1a087ed88988d432c9082cfef9aab89d9a9295d4c017
1,famous_le_10m,12,1.0,1.0,5,osl_siamese_cnn,25cf4ef3d3059b90903b1a087ed88988d432c9082cfef9aab89d9a9295d4c017
1,famous_le_10m,13,1.0,1.0,5,osl_siamese_cnn,25cf4ef3d3059b90903b1a087ed88988d432c9082cfef9aab89d9a9295d4c017
1,famous_le_10m,14,1.0,1.0,5,osl_siamese_cnn,25cf4ef3d3059b90903b1a087ed88988d432c9082cfef9aab89d9a9295d4c017
1,famous_le_10m,15,1.0,1.0,5,osl_siamese_cnn,25cf4ef3d3059b90903b1a087ed88988d432c9082cfef9aab89d9a9295d4c017
1,famous_le_10m,16,1.0,1.0,5,osl_siamese_cnn,25cf4ef3d3059b90903b1a087ed88988d432c9082cfef9aab89d9a9295d4c017
1,famous_le_10m,17,1.0,1.0,5,osl_siamese_cnn,25cf4ef3d3059b90903b1a087ed88988d432c9082cfef9aab89d9a9295d4c017
1,famous_le_10m,18,1.0,1.0,5,osl_siamese_cnn,25cf4ef3d3059b90903b1a087ed88988d432c9082cfef9aab89d9a9295d4c017
1,famous_le_10m,19,1.0,1.0,5,osl_siamese_cnn,25cf4ef3d3059b90903b1a087ed88988d432c9082cfef9aab89d9a9295d4c017
1,famous_le_10m,20,1.0,1.0,5,osl_siamese_cnn,25cf4ef3d3059b90903b1a087ed88988d432c9082cfef9aab89d9a9295d4c017
1,famous_le_10m,21,1.0,1.0,5,osl_siamese_cnn,25cf4ef3d3059b90903b1a087ed88988d432c9082cfef9aab89d9a9295d4c017
1,famous_le_10m,22,1.0,1.0,5,osl_siamese_cnn,25cf4ef3d3059b90903b1a087ed88988d432c9082cfef9aab89d9a9295d4c017
1,famous_le_10m,23,1.0,1.0,5,osl_siamese_cnn,25cf4ef3d3059b90903b1a087ed88988d432c9082cfef9aab89d9a9295d4c017
1,famous_le_100m,0,0.7857142857142857,0.8571428571428571,5,osl_siamese_cnn,25cf4ef3d3059b90903b1a087ed88988d432c9082cfef9aab89d9a9295d4c017
1,famous_le_100m,1,0.21428571428571427,0.14285714285714285,5,osl_siamese_cnn,25cf4ef3d3059b90903b1a087ed88988d432c9082cfef9aab89d9a9295d4c017
1,famous_le_100m,2,0.21428571428571427,0.14285714285714285,5,osl_siamese_cnn,25cf4ef3d3059b90903b1a087ed88988d432c9082cfef9aab89d9a9295d4c017
1,famous_le_100m,3,0.21428571428571427,0.2857142857142857,5,osl_siamese_cnn,25cf4ef3d3059b90903b1a087ed88988d432c9082cfef9aab89d9a9295d4c017
1,famous_le_100m,4,0.21428571428571427,0.35714285714285715,5,osl_siamese_cnn,25cf4ef3d3059b90903b1a087ed88988d432c9082cfef9aab89d9a9295d4c017
1,famous_le_100m,5,0.5,0.42857142857142855,5,osl_siamese_cnn,25cf4ef3d3059b90903b1a087ed88988d432c9082cfef9aab89d9a9295d4c017
1,famous_le_100m,6,0.5,0.7142857142857143,5,osl_siamese_cnn,25cf4ef3d3059b90903b1a087ed88988d432c9082cfef9aab89d9a9295d4c017
1,famous_le_100m,7,0.6428571428571429,0.7142857142857143,5,osl_siamese_cnn,25cf4ef3d3059b90903b1a087ed88988d432c9082cfef9aab89d9a9295d4c017
1,famous_le_100m,8,0.6428571428571429,0.7857142857142857,5,osl_siamese_cnn,25cf4ef3d3059b90903b1a087ed88988d432c9082cfef9aab89d9a9295d4c017
1,famous_le_100m,9,0.8571428571428571,0.7857142857142857,5,osl_siamese_cnn,25cf4ef3d3059b90903b1a087ed88988d432c9082cfef9aab89d9a9295d4c017
1,famous_le_100m,10,0.8571428571428571,1.0,5,osl_siamese_cnn,25cf4ef3d3059b90903b1a087ed88988d432c9082cfef9aab89d9a9295d4c017
1,famous_le_100m,11,0.8571428571428571,1.0,5,osl_siamese_cnn,25cf4ef3d3059b90903b1a087ed88988d432c9082cfef9aab89d9a9295d4c017
1,famous_le_100m,12,0.8571428571428571,0.9285714285714286,5,osl_siamese_cnn,25cf4ef3d3059b90903b1a087ed88988d432c9082cfef9aab89d9a9295d4c017
1,famous_le_100m,13,0.9285714285714286,0.9285714285714286,5,osl_siamese_cnn,25cf4ef3d3059b90903b1a087ed88988d432c9082cfef9aab89d9a9295d4c017
1,famous_le_100m,14,0.9285714285714286,0.9285714285714286,5,osl_siamese_cnn,25cf4ef3d3059b90903b1a087ed88988d432c9082cfef9aab89d9a9295d4c017
1,famous_le_100m,15,0.9285714285714286,1.0,5,osl_siamese_cnn,25cf4ef3d3059b90903b1a087ed88988d432c9082cfef9aab89d9a9295d4c017
1,famous_le_100m,16,0.9285714285714286,1.0,5,osl_siamese_cnn,25cf4ef3d3059b90903b1a087ed88988d432c9082cfef9aab89d9a9295d4c017
1,famous_le_100m,17,0.9285714285714286,1.0,5,osl_siamese_cnn,25cf4ef3d3059b90903b1a087ed88988d432c9082cfef9aab89d9a9295d4c017
1,famous_le_100m,18,0.9285714285714286,0.9285714285714286,5,osl_siamese_cnn,25cf4ef3d3059b90903b1a087ed88988d432c9082cfef9aab89d9a9295d4c017
1,famous_le_100m,19,1.0,0.9285714285714286,5,osl_siamese_cnn,25cf4ef3d3059b90903b1a087ed88988d432c9082cfef9aab89d9a9295d4c017
1,famous_le_100m,20,1.0,1.0,5,osl_siamese_cnn,25cf4ef3d3059b90903b1a087ed88988d432c9082cfef9aab89d9a9295d4c017
1,famous_le_100m,21,1.0,1.0,5,osl_siamese_cnn,25cf4ef3d3059b90903b1a087ed88988d432c9082cfef9aab89d9a9295d4c017
1,famous_le_100m,22,1.0,1.0,5,osl_siamese_cnn,25cf4ef3d3059b90903b1a087ed88988d432c9082cfef9aab89d9a9295d4c017
1,famous_le_100m,23,1.0,1.0,5,osl_siamese_cnn,25cf4ef3d3059b90903b1a087ed88988d432c9082cfef9aab89d9a9295d4c017
2,torch_pretrained_classification,0,0.7875,0.725,5,osl_siamese_cnn,6173afc67219c1958fd19bedcb5bd5ab2c01fa5cae96282c02b3d451c8d2d954
2,famous_le_10m,0,1.0,0.2,5,osl_siamese_cnn,6173afc67219c1958fd19bedcb5bd5ab2c01fa5cae96282c02b3d451c8d2d954
2,famous_le_10m,1,0.0,0.8,5,osl_siamese_cnn,6173afc67219c1958fd19bedcb5bd5ab2c01fa5cae96282c02b3d451c8d2d954
2,famous_le_10m,2,0.0,0.8,5,osl_siamese_cnn,6173afc67219c1958fd19bedcb5bd5ab2c01fa5cae96282c02b3d451c8d2d954
2,famous_le_10m,3,0.0,0.6,5,osl_siamese_cnn,6173afc67219c1958fd19bedcb5bd5ab2c01fa5cae96282c02b3d451c8d2d954
2,famous_le_10m,4,0.2,0.0,5,osl_siamese_cnn,6173afc67219c1958fd19bedcb5bd5ab2c01fa5cae96282c02b3d451c8d2d954
2,famous_le_10m,5,1.0,0.0,5,osl_siamese_cnn,6173afc67219c1958fd19bedcb5bd5ab2c01fa5cae96282c02b3d451c8d2d954
2,famous_le_10m,6,1.0,1.0,5,osl_siamese_cnn,6173afc67219c1958fd19bedcb5bd5ab2c01fa5cae96282c02b3d451c8d2d954
2,famous_le_10m,7,1.0,1.0,5,osl_siamese_cnn,6173afc67219c1958fd19bedcb5bd5ab2c01fa5cae96282c02b3d451c8d2d954
2,famous_le_10m,8,1.0,1.0,5,osl_siamese_cnn,6173afc67219c1958fd19bedcb5bd5ab2c01fa5cae96282c02b3d451c8d2d954
2,famous_le_10m,9,1.0,1.0,5,osl_siamese_cnn,6173afc67219c1958fd19bedcb5bd5ab2c01fa5cae96282c02b3d451c8d2d954
2,famous_le_10m,10,1.0,1.0,5,osl_siamese_cnn,6173afc67219c1958fd19bedcb5bd5ab2c01fa5cae96282c02b3d451c8d2d954
2,famous_le_10m,11,1.0,1.0,5,osl_siamese_cnn,6173afc67219c1958fd19bedcb5bd5ab2c01fa5cae96282c02b3d451c8d2d954
2,famous_le_10m,12,1.0,1.0,5,osl_siamese_cnn,6173afc67219c1958fd19bedcb5bd5ab2c01fa5cae96282c02b3d451c8d2d954
2,famous_le_10m,13,1.0,1.0,5,osl_siamese_cnn,6173afc67219c1958fd19bedcb5bd5ab2c01fa5cae96282c02b3d451c8d2d954
2,famous_le_10m,14,1.0,1.0,5,osl_siamese_cnn,6173afc67219c1958fd19bedcb5bd5ab2c01fa5cae96282c02b3d451c8d2d954
2,famous_le_10m,15,1.0,1.0,5,osl_siamese_cnn,6173afc67219c1958fd19bedcb5bd5ab2c01fa5cae96282c02b3d451c8d2d954
2,famous_le_10m,16,1.0,1.0,5,osl_siamese_cnn,6173afc67219c1958fd19bedcb5bd5ab2c01fa5cae96282c02b3d451c8d2d954
2,famous_le_10m,17,1.0,1.0,5,osl_siamese_cnn,6173afc67219c1958fd19bedcb5bd5ab2c01fa5cae96282c02b3d451c8d2d954
2,famous_le_10m,18,1.0,1.0,5,osl_siamese_cnn,6173afc67219c1958fd19bedcb5bd5ab2c01fa5cae96282c02b3d451c8d2d954
2,famous_le_10m,19,1.0,1.0,5,osl_siamese_cnn,6173afc67219c1958fd19bedcb5bd5ab2c01fa5cae96282c02b3d451c8d2d954
2,famous_le_10m,20,1.0,1.0,5,osl_siamese_cnn,6173afc67219c1958fd19bedcb5bd5ab2c01fa5cae96282c02b3d451c8d2d954
2,famous_le_10m,21,1.0,1.0,5,osl_siamese_cnn,6173afc67219c1958fd19bedcb5bd5ab2c01fa5cae96282c02b3d451c8d2d954
2,famous_le_10m,22,1.0,1.0,5,osl_siamese_cnn,6173afc67219c1958fd19bedcb5bd5ab2c01fa5cae96282c02b3d451c8d2d954
2,famous_le_10m,23,1.0,1.0,5,osl_siamese_cnn,6173afc67219c1958fd19bedcb5bd5ab2c01fa5cae96282c02b3d451c8d2d954
2,famous_le_100m,0,0.7857142857142857,0.42857142857142855,5,osl_siamese_cnn,6173afc67219c1958fd19bedcb5bd5ab2c01fa5cae96282c02b3d451c8d2d954
2,famous_le_100m,1,0.21428571428571427,0.5714285714285714,5,osl_siamese_cnn,6173afc67219c1958fd19bedcb5bd5ab2c01fa5cae96282c02b3d451c8d2d954
2,famous_le_100m,2,0.21428571428571427,0.5714285714285714,5,osl_siamese_cnn,6173afc67219c1958fd19bedcb5bd5ab2c01fa5cae96282c02b3d451c8d2d954
2,famous_le_100m,3,0.21428571428571427,0.5,5,osl_siamese_cnn,6173afc67219c1958fd19bedcb5bd5ab2c01fa5cae96282c02b3d451c8d2d954
2,famous_le_100m,4,0.21428571428571427,0.42857142857142855,5,osl_siamese_cnn,6173afc67219c1958fd19bedcb5bd5ab2c01fa5cae96282c02b3d451c8d2d954
2,famous_le_100m,5,0.35714285714285715,0.42857142857142855,5,osl_siamese_cnn,6173afc67219c1958fd19bedcb5bd5ab2c01fa5cae96282c02b3d451c8d2d954
2,famous_le_100m,6,0.5,0.6428571428571429,5,osl_siamese_cnn,6173afc67219c1958fd19bedcb5bd5ab2c01fa5cae96282c02b3d451c8d2d954
2,famous_le_100m,7,0.6428571428571429,0.7142857142857143,5,osl_siamese_cnn,6173afc67219c1958fd19bedcb5bd5ab2c01fa5cae96282c02b3d451c8d2d954
2,famous_le_100m,8,0.6428571428571429,0.9285714285714286,5,osl_siamese_cnn,6173afc67219c1958fd19bedcb5bd5ab2c01fa5cae96282c02b3d451c8d2d954
2,famous_le_100m,9,0.8571428571428571,0.7857142857142857,5,osl_siamese_cnn,6173afc67219c1958fd19bedcb5bd5ab2c01fa5cae96282c02b3d451c8d2d954
2,famous_le_100m,10,0.8571428571428571,1.0,5,osl_siamese_cnn,6173afc67219c1958fd19bedcb5bd5ab2c01fa5cae96282c02b3d451c8d2d954
2,famous_le_100m,11,0.8571428571428571,1.0,5,osl_siamese_cnn,6173afc67219c1958fd19bedcb5bd5ab2c01fa5cae96282c02b3d451c8d2d954
2,famous_le_100m,12,0.9285714285714286,0.9285714285714286,5,osl_siamese_cnn,6173afc67219c1958fd19bedcb5bd5ab2c01fa5cae96282c02b3d451c8d2d954
2,famous_le_100m,13,0.9285714285714286,0.9285714285714286,5,osl_siamese_cnn,6173afc67219c1958fd19bedcb5bd5ab2c01fa5cae96282c02b3d451c8d2d954
2,famous_le_100m,14,0.9285714285714286,1.0,5,osl_siamese_cnn,6173afc67219c1958fd19bedcb5bd5ab2c01fa5cae96282c02b3d451c8d2d954
2,famous_le_100m,15,0.9285714285714286,1.0,5,osl_siamese_cnn,6173afc67219c1958fd19bedcb5bd5ab2c01fa5cae96282c02b3d451c8d2d954
2,famous_le_100m,16,0.9285714285714286,0.9285714285714286,5,osl_siamese_cnn,6173afc67219c1958fd19bedcb5bd5ab2c01fa5cae96282c02b3d451c8d2d954
2,famous_le_100m,17,1.0,0.9285714285714286,5,osl_siamese_cnn,6173afc67219c1958fd19bedcb5bd5ab2c01fa5cae96282c02b3d451c8d2d954
2,famous_le_100m,18,1.0,0.9285714285714286,5,osl_siamese_cnn,6173afc67219c1958fd19bedcb5bd5ab2c01fa5cae96282c02b3d451c8d2d954
2,famous_le_100m,19,1.0,1.0,5,osl_siamese_cnn,6173afc67219c1958fd19bedcb5bd5ab2c01fa5cae96282c02b3d451c8d2d954
2,famous_le_100m,20,1.0,1.0,5,osl_siamese_cnn,6173afc67219c1958fd19bedcb5bd5ab2c01fa5cae96282c02b3d451c8d2d954
2,famous_le_100m,21,1.0,1.0,5,osl_siamese_cnn,6173afc67219c1958fd19bedcb5bd5ab2c01fa5cae96282c02b3d451c8d2d954
2,famous_le_100m,22,1.0,1.0,5,osl_siamese_cnn,6173afc67219c1958fd19bedcb5bd5ab2c01fa5cae96282c02b3d451c8d2d954
2,famous_le_100m,23,1.0,1.0,5,osl_siamese_cnn,6173afc67219c1958fd19bedcb5bd5ab2c01fa5cae96282c02b3d451c8d2d954
3,torch_pretrained_classification,0,0.6625,0.275,5,osl_siamese_cnn,bdd9bf52149cd726881f73c2a38f24d26c5f1ab30c7ec1ea8a647584dc730e87
3,famous_le_10m,0,0.6,0.4,5,osl_siamese_cnn,bdd9bf52149cd726881f73c2a38f24d26c5f1ab30c7ec1ea8a647584dc730e87
3,famous_le_10m,1,0.6,0.4,5,osl_siamese_cnn,bdd9bf52149cd726881f73c2a38f24d26c5f1ab30c7ec1ea8a647584dc730e87
3,famous_le_10m,2,0.6,0.4,5,osl_siamese_cnn,bdd9bf52149cd726881f73c2a38f24d26c5f1ab30c7ec1ea8a647584dc730e87
3,famous_le_10m,3,0.8,0.4,5,osl_siamese_cnn,bdd9bf52149cd726881f73c2a38f24d26c5f1ab30c7ec1ea8a647584dc730e87
3,famous_le_10m,4,0.8,0.6,5,osl_siamese_cnn,bdd9bf52149cd726881f73c2a38f24d26c5f1ab30c7ec1ea8a647584dc730e87
3,famous_le_10m,5,0.8,0.8,5,osl_siamese_cnn,bdd9bf52149cd726881f73c2a38f24d26c5f1ab30c7ec1ea8a647584dc730e87
3,famous_le_10m,6,1.0,1.0,5,osl_siamese_cnn,bdd9bf52149cd726881f73c2a38f24d26c5f1ab30c7ec1ea8a647584dc730e87
3,famous_le_10m,7,1.0,1.0,5,osl_siamese_cnn,bdd9bf52149cd726881f73c2a38f24d26c5f1ab30c7ec1ea8a647584dc730e87
3,famous_le_10m,8,1.0,1.0,5,osl_siamese_cnn,bdd9bf52149cd726881f73c2a38f24d26c5f1ab30c7ec1ea8a647584dc730e87
3,famous_le_10m,9,1.0,1.0,5,osl_siamese_cnn,bdd9bf52149cd726881f73c2a38f24d26c5f1ab30c7ec1ea8a647584dc730e87
3,famous_le_10m,10,1.0,1.0,5,osl_siamese_cnn,bdd9bf52149cd726881f73c2a38f24d26c5f1ab30c7ec1ea8a647584dc730e87
3,famous_le_10m,11,0.6,0.4,5,osl_siamese_cnn,bdd9bf52149cd726881f73c2a38f24d26c5f1ab30c7ec1ea8a647584dc730e87
3,famous_le_10m,12,0.8,0.6,5,osl_siamese_cnn,bdd9bf52149cd726881f73c2a38f24d26c5f1ab30c7ec1ea8a647584dc730e87
3,famous_le_10m,13,0.6,1.0,5,osl_siamese_cnn,bdd9bf52149cd726881f73c2a38f24d26c5f1ab30c7ec1ea8a647584dc730e87
3,famous_le_10m,14,0.6,1.0,5,osl_siamese_cnn,bdd9bf52149cd726881f73c2a38f24d26c5f1ab30c7ec1ea8a647584dc730e87
3,famous_le_10m,15,0.4,0.8,5,osl_siamese_cnn,bdd9bf52149cd726881f73c2a38f24d26c5f1ab30c7ec1ea8a647584dc730e87
3,famous_le_10m,16,0.8,0.6,5,osl_siamese_cnn,bdd9bf52149cd726881f73c2a38f24d26c5f1ab30c7ec1ea8a647584dc730e87
3,famous_le_10m,17,0.4,1.0,5,osl_siamese_cnn,bdd9bf52149cd726881f73c2a38f24d26c5f1ab30c7ec1ea8a647584dc730e87
3,famous_le_10m,18,0.6,0.8,5,osl_siamese_cnn,bdd9bf52149cd726881f73c2a38f24d26c5f1ab30c7ec1ea8a647584dc730e87
3,famous_le_10m,19,0.4,1.0,5,osl_siamese_cnn,bdd9bf52149cd726881f73c2a38f24d26c5f1ab30c7ec1ea8a647584dc730e87
3,famous_le_10m,20,0.8,0.6,5,osl_siamese_cnn,bdd9bf52149cd726881f73c2a38f24d26c5f1ab30c7ec1ea8a647584dc730e87
3,famous_le_10m,21,0.6,1.0,5,osl_siamese_cnn,bdd9bf52149cd726881f73c2a38f24d26c5f1ab30c7ec1ea8a647584dc730e87
3,famous_le_10m,22,1.0,1.0,5,osl_siamese_cnn,bdd9bf52149cd726881f73c2a38f24d26c5f1ab30c7ec1ea8a647584dc730e87
3,famous_le_10m,23,0.8,0.6,5,osl_siamese_cnn,bdd9bf52149cd726881f73c2a38f24d26c5f1ab30c7ec1ea8a647584dc730e87
3,famous_le_100m,0,0.5714285714285714,0.21428571428571427,5,osl_siamese_cnn,bdd9bf52149cd726881f73c2a38f24d26c5f1ab30c7ec1ea8a647584dc730e87
3,famous_le_100m,1,0.42857142857142855,0.7857142857142857,5,osl_siamese_cnn,bdd9bf52149cd726881f73c2a38f24d26c5f1ab30c7ec1ea8a647584dc730e87
3,famous_le_100m,2,0.42857142857142855,0.7857142857142857,5,osl_siamese_cnn,bdd9bf52149cd726881f73c2a38f24d26c5f1ab30c7ec1ea8a647584dc730e87
3,famous_le_100m,3,0.42857142857142855,0.7142857142857143,5,osl_siamese_cnn,bdd9bf52149cd726881f73c2a38f24d26c5f1ab30c7ec1ea8a647584dc730e87
3,famous_le_100m,4,0.42857142857142855,0.5714285714285714,5,osl_siamese_cnn,bdd9bf52149cd726881f73c2a38f24d26c5f1ab30c7ec1ea8a647584dc730e87
3,famous_le_100m,5,0.7142857142857143,0.5,5,osl_siamese_cnn,bdd9bf52149cd726881f73c2a38f24d26c5f1ab30c7ec1ea8a647584dc730e87
3,famous_le_100m,6,0.7857142857142857,0.7142857142857143,5,osl_siamese_cnn,bdd9bf52149cd726881f73c2a38f24d26c5f1ab30c7ec1ea8a647584dc730e87
3,famous_le_100m,7,0.7142857142857143,0.6428571428571429,5,osl_siamese_cnn,bdd9bf52149cd726881f73c2a38f24d26c5f1ab30c7ec1ea8a647584dc730e87
3,famous_le_100m,8,0.7142857142857143,0.7857142857142857,5,osl_siamese_cnn,bdd9bf52149cd726881f73c2a38f24d26c5f1ab30c7ec1ea8a647584dc730e87
3,famous_le_100m,9,0.9285714285714286,0.8571428571428571,5,osl_siamese_cnn,bdd9bf52149cd726881f73c2a38f24d26c5f1ab30c7ec1ea8a647584dc730e87
3,famous_le_100m,10,0.9285714285714286,0.8571428571428571,5,osl_siamese_cnn,bdd9bf52149cd726881f73c2a38f24d26c5f1ab30c7ec1ea8a647584dc730e87
3,famous_le_100m,11,0.8571428571428571,0.9285714285714286,5,osl_siamese_cnn,bdd9bf52149cd726881f73c2a38f24d26c5f1ab30c7ec1ea8a647584dc730e87
3,famous_le_100m,12,0.8571428571428571,0.9285714285714286,5,osl_siamese_cnn,bdd9bf52149cd726881f73c2a38f24d26c5f1ab30c7ec1ea8a647584dc730e87
3,famous_le_100m,13,0.9285714285714286,0.9285714285714286,5,osl_siamese_cnn,bdd9bf52149cd726881f73c2a38f24d26c5f1ab30c7ec1ea8a647584dc730e87
3,famous_le_100m,14,0.9285714285714286,0.9285714285714286,5,osl_siamese_cnn,bdd9bf52149cd726881f73c2a38f24d26c5f1ab30c7ec1ea8a647584dc730e87
3,famous_le_100m,15,0.9285714285714286,1.0,5,osl_siamese_cnn,bdd9bf52149cd726881f73c2a38f24d26c5f1ab30c7ec1ea8a647584dc730e87
3,famous_le_100m,16,0.9285714285714286,1.0,5,osl_siamese_cnn,bdd9bf52149cd726881f73c2a38f24d26c5f1ab30c7ec1ea8a647584dc730e87
3,famous_le_100m,17,0.9285714285714286,1.0,5,osl_siamese_cnn,bdd9bf52149cd726881f73c2a38f24d26c5f1ab30c7ec1ea8a647584dc730e87
3,famous_le_100m,18,1.0,0.9285714285714286,5,osl_siamese_cnn,bdd9bf52149cd726881f73c2a38f24d26c5f1ab30c7ec1ea8a647584dc730e87
3,famous_le_100m,19,1.0,1.0,5,osl_siamese_cnn,bdd9bf52149cd726881f73c2a38f24d26c5f1ab30c7ec1ea8a647584dc730e87
3,famous_le_100m,20,1.0,1.0,5,osl_siamese_cnn,bdd9bf52149cd726881f73c2a38f24d26c5f1ab30c7ec1ea8a647584dc730e87
3,famous_le_100m,21,1.0,1.0,5,osl_siamese_cnn,bdd9bf52149cd726881f73c2a38f24d26c5f1ab30c7ec1ea8a647584dc730e87
3,famous_le_100m,22,1.0,1.0,5,osl_siamese_cnn,bdd9bf52149cd726881f73c2a38f24d26c5f1ab30c7ec1ea8a647584dc730e87
3,famous_le_100m,23,1.0,1.0,5,osl_siamese_cnn,bdd9bf52149cd726881f73c2a38f24d26c5f1ab30c7ec1ea8a647584dc730e87
4,torch_pretrained_classification,0,0.925,0.525,5,osl_siamese_cnn,b357e64ac4d4837a5f21da2545eca58121d8e3e597852831b3848279deedaad1
4,famous_le_10m,0,1.0,0.6,5,osl_siamese_cnn,b357e64ac4d4837a5f21da2545eca58121d8e3e597852831b3848279deedaad1
4,famous_le_10m,1,0.0,0.4,5,osl_siamese_cnn,b357e64ac4d4837a5f21da2545eca58121d8e3e597852831b3848279deedaad1
4,famous_le_10m,2,0.0,0.6,5,osl_siamese_cnn,b357e64ac4d4837a5f21da2545eca58121d8e3e597852831b3848279deedaad1
4,famous_le_10m,3,0.0,0.2,5,osl_siamese_cnn,b357e64ac4d4837a5f21da2545eca58121d8e3e597852831b3848279deedaad1
4,famous_le_10m,4,0.4,0.0,5,osl_siamese_cnn,b357e64ac4d4837a5f21da2545eca58121d8e3e597852831b3848279deedaad1
4,famous_le_10m,5,1.0,0.0,5,osl_siamese_cnn,b357e64ac4d4837a5f21da2545eca58121d8e3e597852831b3848279deedaad1
4,famous_le_10m,6,1.0,1.0,5,osl_siamese_cnn,b357e64ac4d4837a5f21da2545eca58121d8e3e597852831b3848279deedaad1
4,famous_le_10m,7,1.0,1.0,5,osl_siamese_cnn,b357e64ac4d4837a5f21da2545eca58121d8e3e597852831b3848279deedaad1
4,famous_le_10m,8,1.0,1.0,5,osl_siamese_cnn,b357e64ac4d4837a5f21da2545eca58121d8e3e597852831b3848279deedaad1
4,famous_le_10m,9,1.0,1.0,5,osl_siamese_cnn,b357e64ac4d4837a5f21da2545eca58121d8e3e597852831b3848279deedaad1
4,famous_le_10m,10,1.0,1.0,5,osl_siamese_cnn,b357e64ac4d4837a5f21da2545eca58121d8e3e597852831b3848279deedaad1
4,famous_le_10m,11,1.0,1.0,5,osl_siamese_cnn,b357e64ac4d4837a5f21da2545eca58121d8e3e597852831b3848279deedaad1
4,famous_le_10m,12,1.0,1.0,5,osl_siamese_cnn,b357e64ac4d4837a5f21da2545eca58121d8e3e597852831b3848279deedaad1
4,famous_le_10m,13,1.0,1.0,5,osl_siamese_cnn,b357e64ac4d4837a5f21da2545eca58121d8e3e597852831b3848279deedaad1
4,famous_le_10m,14,1.0,1.0,5,osl_siamese_cnn,b357e64ac4d4837a5f21da2545eca58121d8e3e597852831b3848279deedaad1
4,famous_le_10m,15,1.0,1.0,5,osl_siamese_cnn,b357e64ac4d4837a5f21da2545eca58121d8e3e597852831b3848279deedaad1
4,famous_le_10m,16,1.0,1.0,5,osl_siamese_cnn,b357e64ac4d4837a5f21da2545eca58121d8e3e597852831b3848279deedaad1
4,famous_le_10m,17,1.0,1.0,5,osl_siamese_cnn,b357e64ac4d4837a5f21da2545eca58121d8e3e597852831b3848279deedaad1
4,famous_le_10m,18,1.0,1.0,5,osl_siamese_cnn,b357e64ac4d4837a5f21da2545eca58121d8e3e597852831b3848279deedaad1
4,famous_le_10m,19,1.0,1.0,5,osl_siamese_cnn,b357e64ac4d4837a5f21da2545eca58121d8e3e597852831b3848279deedaad1
4,famous_le_10m,20,1.0,1.0,5,osl_siamese_cnn,b357e64ac4d4837a5f21da2545eca58121d8e3e597852831b3848279deedaad1
4,famous_le_10m,21,1.0,1.0,5,osl_siamese_cnn,b357e64ac4d4837a5f21da2545eca58121d8e3e597852831b3848279deedaad1
4,famous_le_10m,22,1.0,1.0,5,osl_siamese_cnn,b357e64ac4d4837a5f21da2545eca58121d8e3e597852831b3848279deedaad1
4,famous_le_10m,23,1.0,1.0,5,osl_siamese_cnn,b357e64ac4d4837a5f21da2545eca58121d8e3e597852831b3848279deedaad1
4,famous_le_100m,0,0.8571428571428571,0.7857142857142857,5,osl_siamese_cnn,b357e64ac4d4837a5f21da2545eca58121d8e3e597852831b3848279deedaad1
4,famous_le_100m,1,0.14285714285714285,0.21428571428571427,5,osl_siamese_cnn,b357e64ac4d4837a5f21da2545eca58121d8e3e597852831b3848279deedaad1
4,famous_le_100m,2,0.14285714285714285,0.2857142857142857,5,osl_siamese_cnn,b357e64ac4d4837a5f21da2545eca58121d8e3e597852831b3848279deedaad1
4,famous_le_100m,3,0.14285714285714285,0.35714285714285715,5,osl_siamese_cnn,b357e64ac4d4837a5f21da2545eca58121d8e3e597852831b3848279deedaad1
4,famous_le_100m,4,0.14285714285714285,0.42857142857142855,5,osl_siamese_cnn,b357e64ac4d4837a5f21da2545eca58121d8e3e597852831b3848279deedaad1
4,famous_le_100m,5,0.42857142857142855,0.5,5,osl_siamese_cnn,b357e64ac4d4837a5f21da2545eca58121d8e3e597852831b3848279deedaad1
4,famous_le_100m,6,0.42857142857142855,0.7142857142857143,5,osl_siamese_cnn,b357e64ac4d4837a5f21da2545eca58121d8e3e597852831b3848279deedaad1
4,famous_le_100m,7,0.6428571428571429,0.7857142857142857,5,osl_siamese_cnn,b357e64ac4d4837a5f21da2545eca58121d8e3e597852831b3848279deedaad1
4,famous_le_100m,8,0.7857142857142857,0.7142857142857143,5,osl_siamese_cnn,b357e64ac4d4837a5f21da2545eca58121d8e3e597852831b3848279deedaad1
4,famous_le_100m,9,0.8571428571428571,0.9285714285714286,5,osl_siamese_cnn,b357e64ac4d4837a5f21da2545eca58121d8e3e597852831b3848279deedaad1
4,famous_le_100m,10,0.8571428571428571,1.0,5,osl_siamese_cnn,b357e64ac4d4837a5f21da2545eca58121d8e3e597852831b3848279deedaad1
4,famous_le_100m,11,0.8571428571428571,0.9285714285714286,5,osl_siamese_cnn,b357e64ac4d4837a5f21da2545eca58121d8e3e597852831b3848279deedaad1
4,famous_le_100m,12,0.9285714285714286,0.9285714285714286,5,osl_siamese_cnn,b357e64ac4d4837a5f21da2545eca58121d8e3e597852831b3848279deedaad1
4,famous_le_100m,13,0.9285714285714286,1.0,5,osl_siamese_cnn,b357e64ac4d4837a5f21da2545eca58121d8e3e597852831b3848279deedaad1
4,famous_le_100m,14,0.9285714285714286,1.0,5,osl_siamese_cnn,b357e64ac4d4837a5f21da2545eca58121d8e3e597852831b3848279deedaad1
4,famous_le_100m,15,0.9285714285714286,0.9285714285714286,5,osl_siamese_cnn,b357e64ac4d4837a5f21da2545eca58121d8e3e597852831b3848279deedaad1
4,famous_le_100m,16,1.0,0.9285714285714286,5,osl_siamese_cnn,b357e64ac4d4837a5f21da2545eca58121d8e3e597852831b3848279deedaad1
4,famous_le_100m,17,1.0,1.0,5,osl_siamese_cnn,b357e64ac4d4837a5f21da2545eca58121d8e3e597852831b3848279deedaad1
4,famous_le_100m,18,1.0,1.0,5,osl_siamese_cnn,b357e64ac4d4837a5f21da2545eca58121d8e3e597852831b3848279deedaad1
4,famous_le_100m,19,1.0,1.0,5,osl_siamese_cnn,b357e64ac4d4837a5f21da2545eca58121d8e3e597852831b3848279deedaad1
4,famous_le_100m,20,1.0,1.0,5,osl_siamese_cnn,b357e64ac4d4837a5f21da2545eca58121d8e3e597852831b3848279deedaad1
4,famous_le_100m,21,1.0,1.0,5,osl_siamese_cnn,b357e64ac4d4837a5f21da2545eca58121d8e3e597852831b3848279deedaad1
4,famous_le_100m,22,1.0,1.0,5,osl_siamese_cnn,b357e64ac4d4837a5f21da2545eca58121d8e3e597852831b3848279deedaad1
4,famous_le_100m,23,1.0,1.0,5,osl_siamese_cnn,b357e64ac4d4837a5f21da2545eca58121d8e3e597852831b3848279deedaad1
0,torch_pretrained_classification,0,0.475,0.6375,6,osl_siamese_cnn,1305da57c456e6cb0d39a3485e36cdef0d607d7b13af8795f521a70da90ad090
0,famous_le_10m,0,0.6,0.8,6,osl_siamese_cnn,1305da57c456e6cb0d39a3485e36cdef0d607d7b13af8795f521a70da90ad090
0,famous_le_10m,1,0.4,0.2,6,osl_siamese_cnn,1305da57c456e6cb0d39a3485e36cdef0d607d7b13af8795f521a70da90ad090
0,famous_le_10m,2,0.4,0.2,6,osl_siamese_cnn,1305da57c456e6cb0d39a3485e36cdef0d607d7b13af8795f521a70da90ad090
0,famous_le_10m,3,0.6,0.2,6,osl_siamese_cnn,1305da57c456e6cb0d39a3485e36cdef0d607d7b13af8795f521a70da90ad090
0,famous_le_10m,4,0.8,0.4,6,osl_siamese_cnn,1305da57c456e6cb0d39a3485e36cdef0d607d7b13af8795f521a70da90ad090
0,famous_le_10m,5,1.0,1.0,6,osl_siamese_cnn,1305da57c456e6cb0d39a3485e36cdef0d607d7b13af8795f521a70da90ad090
0,famous_le_10m,6,1.0,1.0,6,osl_siamese_cnn,1305da57c456e6cb0d39a3485e36cdef0d607d7b13af8795f521a70da90ad090
0,famous_le_10m,7,1.0,1.0,6,osl_siamese_cnn,1305da57c456e6cb0d39a3485e36cdef0d607d7b13af8795f521a70da90ad090
0,famous_le_10m,8,1.0,1.0,6,osl_siamese_cnn,1305da57c456e6cb0d39a3485e36cdef0d607d7b13af8795f521a70da90ad090
0,famous_le_10m,9,1.0,1.0,6,osl_siamese_cnn,1305da57c456e6cb0d39a3485e36cdef0d607d7b13af8795f521a70da90ad090
0,famous_le_10m,10,1.0,1.0,6,osl_siamese_cnn,1305da57c456e6cb0d39a3485e36cdef0d607d7b13af8795f521a70da90ad090
0,famous_le_10m,11,1.0,1.0,6,osl_siamese_cnn,1305da57c456e6cb0d39a3485e36cdef0d607d7b13af8795f521a70da90ad090
0,famous_le_10m,12,1.0,1.0,6,osl_siamese_cnn,1305da57c456e6cb0d39a3485e36cdef0d607d7b13af8795f521a70da90ad090
0,famous_le_10m,13,1.0,1.0,6,osl_siamese_cnn,1305da57c456e6cb0d39a3485e36cdef0d607d7b13af8795f521a70da90ad090
0,famous_le_10m,14,1.0,1.0,6,osl_siamese_cnn,1305da57c456e6cb0d39a3485e36cdef0d607d7b13af8795f521a70da90ad090
0,famous_le_10m,15,1.0,1.0,6,osl_siamese_cnn,1305da57c456e6cb0d39a3485e36cdef0d607d7b13af8795f521a70da90ad090
0,famous_le_10m,16,1.0,1.0,6,osl_siamese_cnn,1305da57c456e6cb0d39a3485e36cdef0d607d7b13af8795f521a70da90ad090
0,famous_le_10m,17,1.0,1.0,6,osl_siamese_cnn,1305da57c456e6cb0d39a3485e36cdef0d607d7b13af8795f521a70da90ad090
0,famous_le_10m,18,1.0,1.0,6,osl_siamese_cnn,1305da57c456e6cb0d39a3485e36cdef0d607d7b13af8795f521a70da90ad090
0,famous_le_10m,19,1.0,1.0,6,osl_siamese_cnn,1305da57c456e6cb0d39a3485e36cdef0d607d7b13af8795f521a70da90ad090
0,famous_le_10m,20,1.0,1.0,6,osl_siamese_cnn,1305da57c456e6cb0d39a3485e36cdef0d607d7b13af8795f521a70da90ad090
0,famous_le_10m,21,1.0,1.0,6,osl_siamese_cnn,1305da57c456e6cb0d39a3485e36cdef0d607d7b13af8795f521a70da90ad090
0,famous_le_10m,22,1.0,1.0,6,osl_siamese_cnn,1305da57c456e6cb0d39a3485e36cdef0d607d7b13af8795f521a70da90ad090
0,famous_le_10m,23,1.0,1.0,6,osl_siamese_cnn,1305da57c456e6cb0d39a3485e36cdef0d607d7b13af8795f521a70da90ad090
0,famous_le_100m,0,0.6428571428571429,0.6428571428571429,6,osl_siamese_cnn,1305da57c456e6cb0d39a3485e36cdef0d607d7b13af8795f521a70da90ad090
0,famous_le_100m,1,0.35714285714285715,0.35714285714285715,6,osl_siamese_cnn,1305da57c456e6cb0d39a3485e36cdef0d607d7b13af8795f521a70da90ad090
0,famous_le_100m,2,0.35714285714285715,0.35714285714285715,6,osl_siamese_cnn,1305da57c456e6cb0d39a3485e36cdef0d607d7b13af8795f521a70da90ad090
0,famous_le_100m,3,0.35714285714285715,0.35714285714285715,6,osl_siamese_cnn,1305da57c456e6cb0d39a3485e36cdef0d607d7b13af8795f521a70da90ad090
0,famous_le_100m,4,0.35714285714285715,0.2857142857142857,6,osl_siamese_cnn,1305da57c456e6cb0d39a3485e36cdef0d607d7b13af8795f521a70da90ad090
0,famous_le_100m,5,0.42857142857142855,0.2857142857142857,6,osl_siamese_cnn,1305da57c456e6cb0d39a3485e36cdef0d607d7b13af8795f521a70da90ad090
0,famous_le_100m,6,0.5714285714285714,0.42857142857142855,6,osl_siamese_cnn,1305da57c456e6cb0d39a3485e36cdef0d607d7b13af8795f521a70da90ad090
0,famous_le_100m,7,0.7142857142857143,0.6428571428571429,6,osl_siamese_cnn,1305da57c456e6cb0d39a3485e36cdef0d607d7b13af8795f521a70da90ad090
0,famous_le_100m,8,0.8571428571428571,0.7857142857142857,6,osl_siamese_cnn,1305da57c456e6cb0d39a3485e36cdef0d607d7b13af8795f521a70da90ad090
0,famous_le_100m,9,0.9285714285714286,0.8571428571428571,6,osl_siamese_cnn,1305da57c456e6cb0d39a3485e36cdef0d607d7b13af8795f521a70da90ad090
0,famous_le_100m,10,0.9285714285714286,0.8571428571428571,6,osl_siamese_cnn,1305da57c456e6cb0d39a3485e36cdef0d607d7b13af8795f521a70da90ad090
0,famous_le_100m,11,0.9285714285714286,0.9285714285714286,6,osl_siamese_cnn,1305da57c456e6cb0d39a3485e36cdef0d607d7b13af8795f521a70da90ad090
0,famous_le_100m,12,0.9285714285714286,0.9285714285714286,6,osl_siamese_cnn,1305da57c456e6cb0d39a3485e36cdef0d607d7b13af8795f521a70da90ad090
0,famous_le_100m,13,0.9285714285714286,0.9285714285714286,6,osl_siamese_cnn,1305da57c456e6cb0d39a3485e36cdef0d607d7b13af8795f521a70da90ad090
0,famous_le_100m,14,0.9285714285714286,0.9285714285714286,6,osl_siamese_cnn,1305da57c456e6cb0d39a3485e36cdef0d607d7b13af8795f521a70da90ad090
0,famous_le_100m,15,0.9285714285714286,0.9285714285714286,6,osl_siamese_cnn,1305da57c456e6cb0d39a3485e36cdef0d607d7b13af8795f521a70da90ad090
0,famous_le_100m,16,1.0,1.0,6,osl_siamese_cnn,1305da57c456e6cb0d39a3485e36cdef0d607d7b13af8795f521a70da90ad090
0,famous_le_100m,17,1.0,1.0,6,osl_siamese_cnn,1305da57c456e6cb0d39a3485e36cdef0d607d7b13af8795f521a70da90ad090
0,famous_le_100m,18,1.0,1.0,6,osl_siamese_cnn,1305da57c456e6cb0d39a3485e36cdef0d607d7b13af8795f521a70da90ad090
0,famous_le_100m,19,1.0,1.0,6,osl_siamese_cnn,1305da57c456e6cb0d39a3485e36cdef0d607d7b13af8795f521a70da90ad090
0,famous_le_100m,20,1.0,1.0,6,osl_siamese_cnn,1305da57c456e6cb0d39a3485e36cdef0d607d7b13af8795f521a70da90ad090
0,famous_le_100m,21,1.0,1.0,6,osl_siamese_cnn,1305da57c456e6cb0d39a3485e36cdef0d607d7b13af8795f521a70da90ad090
0,famous_le_100m,22,1.0,1.0,6,osl_siamese_cnn,1305da57c456e6cb0d39a3485e36cdef0d607d7b13af8795f521a70da90ad090
0,famous_le_100m,23,1.0,1.0,6,osl_siamese_cnn,1305da57c456e6cb0d39a3485e36cdef0d607d7b13af8795f521a70da90ad090
1,torch_pretrained_classification,0,0.8875,0.625,6,osl_siamese_cnn,53f3b9361508f2287ba846f9a72a5ed0a8e2c3650a6fda5a04c1f176e6409beb
1,famous_le_10m,0,1.0,0.8,6,osl_siamese_cnn,53f3b9361508f2287ba846f9a72a5ed0a8e2c3650a6fda5a04c1f176e6409beb
1,famous_le_10m,1,0.0,0.2,6,osl_siamese_cnn,53f3b9361508f2287ba846f9a72a5ed0a8e2c3650a6fda5a04c1f176e6409beb
1,famous_le_10m,2,0.0,0.0,6,osl_siamese_cnn,53f3b9361508f2287ba846f9a72a5ed0a8e2c3650a6fda5a04c1f176e6409beb
1,famous_le_10m,3,0.0,0.0,6,osl_siamese_cnn,53f3b9361508f2287ba846f9a72a5ed0a8e2c3650a6fda5a04c1f176e6409beb
1,famous_le_10m,4,0.0,0.0,6,osl_siamese_cnn,53f3b9361508f2287ba846f9a72a5ed0a8e2c3650a6fda5a04c1f176e6409beb
1,famous_le_10m,5,0.0,0.0,6,osl_siamese_cnn,53f3b9361508f2287ba846f9a72a5ed0a8e2c3650a6fda5a04c1f176e6409beb
1,famous_le_10m,6,1.0,0.0,6,osl_siamese_cnn,53f3b9361508f2287ba846f9a72a5ed0a8e2c3650a6fda5a04c1f176e6409beb
1,famous_le_10m,7,1.0,1.0,6,osl_siamese_cnn,53f3b9361508f2287ba846f9a72a5ed0a8e2c3650a6fda5a04c1f176e6409beb
1,famous_le_10m,8,1.0,1.0,6,osl_siamese_cnn,53f3b9361508f2287ba846f9a72a5ed0a8e2c3650a6fda5a04c1f176e6409beb
1,famous_le_10m,9,1.0,1.0,6,osl_siamese_cnn,53f3b9361508f2287ba846f9a72a5ed0a8e2c3650a6fda5a04c1f176e6409beb
1,famous_le_10m,10,1.0,1.0,6,osl_siamese_cnn,53f3b9361508f2287ba846f9a72a5ed0a8e2c3650a6fda5a04c1f176e6409beb
1,famous_le_10m,11,1.0,1.0,6,osl_siamese_cnn,53f3b9361508f2287ba846f9a72a5ed0a8e2c3650a6fda5a04c1f176e6409beb
1,famous_le_10m,12,1.0,1.0,6,osl_siamese_cnn,53f3b9361508f2287ba846f9a72a5ed0a8e2c3650a6fda5a04c1f176e6409beb
1,famous_le_10m,13,1.0,1.0,6,osl_siamese_cnn,53f3b9361508f2287ba846f9a72a5ed0a8e2c3650a6fda5a04c1f176e6409beb
1,famous_le_10m,14,1.0,1.0,6,osl_siamese_cnn,53f3b9361508f2287ba846f9a72a5ed0a8e2c3650a6fda5a04c1f176e6409beb
1,famous_le_10m,15,1.0,1.0,6,osl_siamese_cnn,53f3b9361508f2287ba846f9a72a5ed0a8e2c3650a6fda5a04c1f176e6409beb
1,famous_le_10m,16,1.0,1.0,6,osl_siamese_cnn,53f3b9361508f2287ba846f9a72a5ed0a8e2c3650a6fda5a04c1f176e6409beb
1,famous_le_10m,17,1.0,0.8,6,osl_siamese_cnn,53f3b9361508f2287ba846f9a72a5ed0a8e2c3650a6fda5a04c1f176e6409beb
1,famous_le_10m,18,1.0,1.0,6,osl_siamese_cnn,53f3b9361508f2287ba846f9a72a5ed0a8e2c3650a6fda5a04c1f176e6409beb
1,famous_le_10m,19,1.0,0.8,6,osl_siamese_cnn,53f3b9361508f2287ba846f9a72a5ed0a8e2c3650a6fda5a04c1f176e6409beb
1,famous_le_10m,20,1.0,1.0,6,osl_siamese_cnn,53f3b9361508f2287ba846f9a72a5ed0a8e2c3650a6fda5a04c1f176e6409beb
1,famous_le_10m,21,1.0,1.0,6,osl_siamese_cnn,53f3b9361508f2287ba846f9a72a5ed0a8e2c3650a6fda5a04c1f176e6409beb
1,famous_le_10m,22,1.0,1.0,6,osl_siamese_cnn,53f3b9361508f2287ba846f9a72a5ed0a8e2c3650a6fda5a04c1f176e6409beb
1,famous_le_10m,23,1.0,1.0,6,osl_siamese_cnn,53f3b9361508f2287ba846f9a72a5ed0a8e2c3650a6fda5a04c1f176e6409beb
1,famous_le_100m,0,0.7857142857142857,0.8571428571428571,6,osl_siamese_cnn,53f3b9361508f2287ba846f9a72a5ed0a8e2c3650a6fda5a04c1f176e6409beb
1,famous_le_100m,1,0.21428571428571427,0.14285714285714285,6,osl_siamese_cnn,53f3b9361508f2287ba846f9a72a5ed0a8e2c3650a6fda5a04c1f176e6409beb
1,famous_le_100m,2,0.21428571428571427,0.14285714285714285,6,osl_siamese_cnn,53f3b9361508f2287ba846f9a72a5ed0a8e2c3650a6fda5a04c1f176e6409beb
1,famous_le_100m,3,0.21428571428571427,0.14285714285714285,6,osl_siamese_cnn,53f3b9361508f2287ba846f9a72a5ed0a8e2c3650a6fda5a04c1f176e6409beb
1,famous_le_100m,4,0.21428571428571427,0.14285714285714285,6,osl_siamese_cnn,53f3b9361508f2287ba846f9a72a5ed0a8e2c3650a6fda5a04c1f176e6409beb
1,famous_le_100m,5,0.35714285714285715,0.14285714285714285,6,osl_siamese_cnn,53f3b9361508f2287ba846f9a72a5ed0a8e2c3650a6fda5a04c1f176e6409beb
1,famous_le_100m,6,0.5,0.42857142857142855,6,osl_siamese_cnn,53f3b9361508f2287ba846f9a72a5ed0a8e2c3650a6fda5a04c1f176e6409beb
1,famous_le_100m,7,0.6428571428571429,0.5,6,osl_siamese_cnn,53f3b9361508f2287ba846f9a72a5ed0a8e2c3650a6fda5a04c1f176e6409beb
1,famous_le_100m,8,0.6428571428571429,0.6428571428571429,6,osl_siamese_cnn,53f3b9361508f2287ba846f9a72a5ed0a8e2c3650a6fda5a04c1f176e6409beb
1,famous_le_100m,9,0.8571428571428571,0.6428571428571429,6,osl_siamese_cnn,53f3b9361508f2287ba846f9a72a5ed0a8e2c3650a6fda5a04c1f176e6409beb
1,famous_le_100m,10,0.8571428571428571,0.8571428571428571,6,osl_siamese_cnn,53f3b9361508f2287ba846f9a72a5ed0a8e2c3650a6fda5a04c1f176e6409beb
1,famous_le_100m,11,0.8571428571428571,0.8571428571428571,6,osl_siamese_cnn,53f3b9361508f2287ba846f9a72a5ed0a8e2c3650a6fda5a04c1f176e6409beb
1,famous_le_100m,12,0.8571428571428571,0.8571428571428571,6,osl_siamese_cnn,53f3b9361508f2287ba846f9a72a5ed0a8e2c3650a6fda5a04c1f176e6409beb
1,famous_le_100m,13,0.9285714285714286,0.8571428571428571,6,osl_siamese_cnn,53f3b9361508f2287ba846f9a72a5ed0a8e2c3650a6fda5a04c1f176e6409beb
1,famous_le_100m,14,0.9285714285714286,0.9285714285714286,6,osl_siamese_cnn,53f3b9361508f2287ba846f9a72a5ed0a8e2c3650a6fda5a04c1f176e6409beb
1,famous_le_100m,15,0.9285714285714286,0.9285714285714286,6,osl_siamese_cnn,53f3b9361508f2287ba846f9a72a5ed0a8e2c3650a6fda5a04c1f176e6409beb
1,famous_le_100m,16,0.9285714285714286,0.9285714285714286,6,osl_siamese_cnn,53f3b9361508f2287ba846f9a72a5ed0a8e2c3650a6fda5a04c1f176e6409beb
1,famous_le_100m,17,1.0,0.9285714285714286,6,osl_siamese_cnn,53f3b9361508f2287ba846f9a72a5ed0a8e2c3650a6fda5a04c1f176e6409beb
1,famous_le_100m,18,1.0,0.9285714285714286,6,osl_siamese_cnn,53f3b9361508f2287ba846f9a72a5ed0a8e2c3650a6fda5a04c1f176e6409beb
1,famous_le_100m,19,1.0,1.0,6,osl_siamese_cnn,53f3b9361508f2287ba846f9a72a5ed0a8e2c3650a6fda5a04c1f176e6409beb
1,famous_le_100m,20,1.0,1.0,6,osl_siamese_cnn,53f3b9361508f2287ba846f9a72a5ed0a8e2c3650a6fda5a04c1f176e6409beb
1,famous_le_100m,21,1.0,1.0,6,osl_siamese_cnn,53f3b9361508f2287ba846f9a72a5ed0a8e2c3650a6fda5a04c1f176e6409beb
1,famous_le_100m,22,1.0,1.0,6,osl_siamese_cnn,53f3b9361508f2287ba846f9a72a5ed0a8e2c3650a6fda5a04c1f176e6409beb
1,famous_le_100m,23,1.0,1.0,6,osl_siamese_cnn,53f3b9361508f2287ba846f9a72a5ed0a8e2c3650a6fda5a04c1f176e6409beb
2,torch_pretrained_classification,0,0.825,0.6625,6,osl_siamese_cnn,3607350f56a0308ae6b3d0c8307af31c8af1b36307d7ee290aaad536e94770e8
2,famous_le_10m,0,0.8,0.8,6,osl_siamese_cnn,3607350f56a0308ae6b3d0c8307af31c8af1b36307d7ee290aaad536e94770e8
2,famous_le_10m,1,0.2,0.2,6,osl_siamese_cnn,3607350f56a0308ae6b3d0c8307af31c8af1b36307d7ee290aaad536e94770e8
2,famous_le_10m,2,0.2,0.2,6,osl_siamese_cnn,3607350f56a0308ae6b3d0c8307af31c8af1b36307d7ee290aaad536e94770e8
2,famous_le_10m,3,0.2,0.0,6,osl_siamese_cnn,3607350f56a0308ae6b3d0c8307af31c8af1b36307d7ee290aaad536e94770e8
2,famous_le_10m,4,0.2,0.0,6,osl_siamese_cnn,3607350f56a0308ae6b3d0c8307af31c8af1b36307d7ee290aaad536e94770e8
2,famous_le_10m,5,0.2,0.0,6,osl_siamese_cnn,3607350f56a0308ae6b3d0c8307af31c8af1b36307d7ee290aaad536e94770e8
2,famous_le_10m,6,0.2,0.0,6,osl_siamese_cnn,3607350f56a0308ae6b3d0c8307af31c8af1b36307d7ee290aaad536e94770e8
2,famous_le_10m,7,0.2,0.8,6,osl_siamese_cnn,3607350f56a0308ae6b3d0c8307af31c8af1b36307d7ee290aaad536e94770e8
2,famous_le_10m,8,0.2,1.0,6,osl_siamese_cnn,3607350f56a0308ae6b3d0c8307af31c8af1b36307d7ee290aaad536e94770e8
2,famous_le_10m,9,0.0,0.8,6,osl_siamese_cnn,3607350f56a0308ae6b3d0c8307af31c8af1b36307d7ee290aaad536e94770e8
2,famous_le_10m,10,0.0,1.0,6,osl_siamese_cnn,3607350f56a0308ae6b3d0c8307af31c8af1b36307d7ee290aaad536e94770e8
2,famous_le_10m,11,0.0,1.0,6,osl_siamese_cnn,3607350f56a0308ae6b3d0c8307af31c8af1b36307d7ee290aaad536e94770e8
2,famous_le_10m,12,0.0,1.0,6,osl_siamese_cnn,3607350f56a0308ae6b3d0c8307af31c8af1b36307d7ee290aaad536e94770e8
2,famous_le_10m,13,0.0,1.0,6,osl_siamese_cnn,3607350f56a0308ae6b3d0c8307af31c8af1b36307d7ee290aaad536e94770e8
2,famous_le_10m,14,0.0,1.0,6,osl_siamese_cnn,3607350f56a0308ae6b3d0c8307af31c8af1b36307d7ee290aaad536e94770e8
2,famous_le_10m,15,0.0,1.0,6,osl_siamese_cnn,3607350f56a0308ae6b3d0c8307af31c8af1b36307d7ee290aaad536e94770e8
2,famous_le_10m,16,0.0,1.0,6,osl_siamese_cnn,3607350f56a0308ae6b3d0c8307af31c8af1b36307d7ee290aaad536e94770e8
2,famous_le_10m,17,0.0,1.0,6,osl_siamese_cnn,3607350f56a0308ae6b3d0c8307af31c8af1b36307d7ee290aaad536e94770e8
2,famous_le_10m,18,0.0,1.0,6,osl_siamese_cnn,3607350f56a0308ae6b3d0c8307af31c8af1b36307d7ee290aaad536e94770e8
2,famous_le_10m,19,0.0,1.0,6,osl_siamese_cnn,3607350f56a0308ae6b3d0c8307af31c8af1b36307d7ee290aaad536e94770e8
2,famous_le_10m,20,0.0,1.0,6,osl_siamese_cnn,3607350f56a0308ae6b3d0c8307af31c8af1b36307d7ee290aaad536e94770e8
2,famous_le_10m,21,0.0,1.0,6,osl_siamese_cnn,3607350f56a0308ae6b3d0c8307af31c8af1b36307d7ee290aaad536e94770e8
2,famous_le_10m,22,0.0,1.0,6,osl_siamese_cnn,3607350f56a0308ae6b3d0c8307af31c8af1b36307d7ee290aaad536e94770e8
2,famous_le_10m,23,0.0,1.0,6,osl_siamese_cnn,3607350f56a0308ae6b3d0c8307af31c8af1b36307d7ee290aaad536e94770e8
2,famous_le_100m,0,0.6428571428571429,0.9285714285714286,6,osl_siamese_cnn,3607350f56a0308ae6b3d0c8307af31c8af1b36307d7ee290aaad536e94770e8
2,famous_le_100m,1,0.35714285714285715,0.07142857142857142,6,osl_siamese_cnn,3607350f56a0308ae6b3d0c8307af31c8af1b36307d7ee290aaad536e94770e8
2,famous_le_100m,2,0.35714285714285715,0.07142857142857142,6,osl_siamese_cnn,3607350f56a0308ae6b3d0c8307af31c8af1b36307d7ee290aaad536e94770e8
2,famous_le_100m,3,0.35714285714285715,0.07142857142857142,6,osl_siamese_cnn,3607350f56a0308ae6b3d0c8307af31c8af1b36307d7ee290aaad536e94770e8
2,famous_le_100m,4,0.35714285714285715,0.07142857142857142,6,osl_siamese_cnn,3607350f56a0308ae6b3d0c8307af31c8af1b36307d7ee290aaad536e94770e8
2,famous_le_100m,5,0.5,0.07142857142857142,6,osl_siamese_cnn,3607350f56a0308ae6b3d0c8307af31c8af1b36307d7ee290aaad536e94770e8
2,famous_le_100m,6,0.5714285714285714,0.21428571428571427,6,osl_siamese_cnn,3607350f56a0308ae6b3d0c8307af31c8af1b36307d7ee290aaad536e94770e8
2,famous_le_100m,7,0.6428571428571429,0.5,6,osl_siamese_cnn,3607350f56a0308ae6b3d0c8307af31c8af1b36307d7ee290aaad536e94770e8
2,famous_le_100m,8,0.6428571428571429,0.5,6,osl_siamese_cnn,3607350f56a0308ae6b3d0c8307af31c8af1b36307d7ee290aaad536e94770e8
2,famous_le_100m,9,0.6428571428571429,0.5714285714285714,6,osl_siamese_cnn,3607350f56a0308ae6b3d0c8307af31c8af1b36307d7ee290aaad536e94770e8
2,famous_le_100m,10,0.6428571428571429,0.6428571428571429,6,osl_siamese_cnn,3607350f56a0308ae6b3d0c8307af31c8af1b36307d7ee290aaad536e94770e8
2,famous_le_100m,11,0.7857142857142857,0.6428571428571429,6,osl_siamese_cnn,3607350f56a0308ae6b3d0c8307af31c8af1b36307d7ee290aaad536e94770e8
2,famous_le_100m,12,0.8571428571428571,0.6428571428571429,6,osl_siamese_cnn,3607350f56a0308ae6b3d0c8307af31c8af1b36307d7ee290aaad536e94770e8
2,famous_le_100m,13,0.8571428571428571,0.8571428571428571,6,osl_siamese_cnn,3607350f56a0308ae6b3d0c8307af31c8af1b36307d7ee290aaad536e94770e8
2,famous_le_100m,14,0.9285714285714286,0.8571428571428571,6,osl_siamese_cnn,3607350f56a0308ae6b3d0c8307af31c8af1b36307d7ee290aaad536e94770e8
2,famous_le_100m,15,0.9285714285714286,0.8571428571428571,6,osl_siamese_cnn,3607350f56a0308ae6b3d0c8307af31c8af1b36307d7ee290aaad536e94770e8
2,famous_le_100m,16,0.9285714285714286,0.9285714285714286,6,osl_siamese_cnn,3607350f56a0308ae6b3d0c8307af31c8af1b36307d7ee290aaad536e94770e8
2,famous_le_100m,17,1.0,0.9285714285714286,6,osl_siamese_cnn,3607350f56a0308ae6b3d0c8307af31c8af1b36307d7ee290aaad536e94770e8
2,famous_le_100m,18,1.0,0.9285714285714286,6,osl_siamese_cnn,3607350f56a0308ae6b3d0c8307af31c8af1b36307d7ee290aaad536e94770e8
2,famous_le_100m,19,1.0,0.9285714285714286,6,osl_siamese_cnn,3607350f56a0308ae6b3d0c8307af31c8af1b36307d7ee290aaad536e94770e8
2,famous_le_100m,20,1.0,0.9285714285714286,6,osl_siamese_cnn,3607350f56a0308ae6b3d0c8307af31c8af1b36307d7ee290aaad536e94770e8
2,famous_le_100m,21,0.9285714285714286,0.9285714285714286,6,osl_siamese_cnn,3607350f56a0308ae6b3d0c8307af31c8af1b36307d7ee290aaad536e94770e8
2,famous_le_100m,22,0.9285714285714286,1.0,6,osl_siamese_cnn,3607350f56a0308ae6b3d0c8307af31c8af1b36307d7ee290aaad536e94770e8
2,famous_le_100m,23,0.5714285714285714,0.5714285714285714,6,osl_siamese_cnn,3607350f56a0308ae6b3d0c8307af31c8af1b36307d7ee290aaad536e94770e8
3,torch_pretrained_classification,0,0.9375,0.8125,6,osl_siamese_cnn,9cc89c31a4c19df7993eb762207df228dcbc9b60929b97cde7363ad33fa4c1f1
3,famous_le_10m,0,1.0,1.0,6,osl_siamese_cnn,9cc89c31a4c19df7993eb762207df228dcbc9b60929b97cde7363ad33fa4c1f1
3,famous_le_10m,1,0.0,0.0,6,osl_siamese_cnn,9cc89c31a4c19df7993eb762207df228dcbc9b60929b97cde7363ad33fa4c1f1
3,famous_le_10m,2,0.0,0.2,6,osl_siamese_cnn,9cc89c31a4c19df7993eb762207df228dcbc9b60929b97cde7363ad33fa4c1f1
3,famous_le_10m,3,0.0,0.2,6,osl_siamese_cnn,9cc89c31a4c19df7993eb762207df228dcbc9b60929b97cde7363ad33fa4c1f1
3,famous_le_10m,4,0.0,0.0,6,osl_siamese_cnn,9cc89c31a4c19df7993eb762207df228dcbc9b60929b97cde7363ad33fa4c1f1
3,famous_le_10m,5,0.4,0.0,6,osl_siamese_cnn,9cc89c31a4c19df7993eb762207df228dcbc9b60929b97cde7363ad33fa4c1f1
3,famous_le_10m,6,1.0,0.4,6,osl_siamese_cnn,9cc89c31a4c19df7993eb762207df228dcbc9b60929b97cde7363ad33fa4c1f1
3,famous_le_10m,7,1.0,0.6,6,osl_siamese_cnn,9cc89c31a4c19df7993eb762207df228dcbc9b60929b97cde7363ad33fa4c1f1
3,famous_le_10m,8,1.0,1.0,6,osl_siamese_cnn,9cc89c31a4c19df7993eb762207df228dcbc9b60929b97cde7363ad33fa4c1f1
3,famous_le_10m,9,1.0,1.0,6,osl_siamese_cnn,9cc89c31a4c19df7993eb762207df228dcbc9b60929b97cde7363ad33fa4c1f1
3,famous_le_10m,10,1.0,1.0,6,osl_siamese_cnn,9cc89c31a4c19df7993eb762207df228dcbc9b60929b97cde7363ad33fa4c1f1
3,famous_le_10m,11,1.0,1.0,6,osl_siamese_cnn,9cc89c31a4c19df7993eb762207df228dcbc9b60929b97cde7363ad33fa4c1f1
3,famous_le_10m,12,1.0,1.0,6,osl_siamese_cnn,9cc89c31a4c19df7993eb762207df228dcbc9b60929b97cde7363ad33fa4c1f1
3,famous_le_10m,13,1.0,1.0,6,osl_siamese_cnn,9cc89c31a4c19df7993eb762207df228dcbc9b60929b97cde7363ad33fa4c1f1
3,famous_le_10m,14,1.0,1.0,6,osl_siamese_cnn,9cc89c31a4c19df7993eb762207df228dcbc9b60929b97cde7363ad33fa4c1f1
3,famous_le_10m,15,1.0,1.0,6,osl_siamese_cnn,9cc89c31a4c19df7993eb762207df228dcbc9b60929b97cde7363ad33fa4c1f1
3,famous_le_10m,16,1.0,1.0,6,osl_siamese_cnn,9cc89c31a4c19df7993eb762207df228dcbc9b60929b97cde7363ad33fa4c1f1
3,famous_le_10m,17,1.0,1.0,6,osl_siamese_cnn,9cc89c31a4c19df7993eb762207df228dcbc9b60929b97cde7363ad33fa4c1f1
3,famous_le_10m,18,1.0,1.0,6,osl_siamese_cnn,9cc89c31a4c19df7993eb762207df228dcbc9b60929b97cde7363ad33fa4c1f1
3,famous_le_10m,19,1.0,1.0,6,osl_siamese_cnn,9cc89c31a4c19df7993eb762207df228dcbc9b60929b97cde7363ad33fa4c1f1
3,famous_le_10m,20,1.0,1.0,6,osl_siamese_cnn,9cc89c31a4c19df7993eb762207df228dcbc9b60929b97cde7363ad33fa4c1f1
3,famous_le_10m,21,1.0,1.0,6,osl_siamese_cnn,9cc89c31a4c19df7993eb762207df228dcbc9b60929b97cde7363ad33fa4c1f1
3,famous_le_10m,22,1.0,1.0,6,osl_siamese_cnn,9cc89c31a4c19df7993eb762207df228dcbc9b60929b97cde7363ad33fa4c1f1
3,famous_le_10m,23,1.0,1.0,6,osl_siamese_cnn,9cc89c31a4c19df7993eb762207df228dcbc9b60929b97cde7363ad33fa4c1f1
3,famous_le_100m,0,0.9285714285714286,0.7857142857142857,6,osl_siamese_cnn,9cc89c31a4c19df7993eb762207df228dcbc9b60929b97cde7363ad33fa4c1f1
3,famous_le_100m,1,0.07142857142857142,0.21428571428571427,6,osl_siamese_cnn,9cc89c31a4c19df7993eb762207df228dcbc9b60929b97cde7363ad33fa4c1f1
3,famous_le_100m,2,0.07142857142857142,0.21428571428571427,6,osl_siamese_cnn,9cc89c31a4c19df7993eb762207df228dcbc9b60929b97cde7363ad33fa4c1f1
3,famous_le_100m,3,0.07142857142857142,0.21428571428571427,6,osl_siamese_cnn,9cc89c31a4c19df7993eb762207df228dcbc9b60929b97cde7363ad33fa4c1f1
3,famous_le_100m,4,0.07142857142857142,0.2857142857142857,6,osl_siamese_cnn,9cc89c31a4c19df7993eb762207df228dcbc9b60929b97cde7363ad33fa4c1f1
3,famous_le_100m,5,0.07142857142857142,0.14285714285714285,6,osl_siamese_cnn,9cc89c31a4c19df7993eb762207df228dcbc9b60929b97cde7363ad33fa4c1f1
3,famous_le_100m,6,0.42857142857142855,0.42857142857142855,6,osl_siamese_cnn,9cc89c31a4c19df7993eb762207df228dcbc9b60929b97cde7363ad33fa4c1f1
3,famous_le_100m,7,0.42857142857142855,0.6428571428571429,6,osl_siamese_cnn,9cc89c31a4c19df7993eb762207df228dcbc9b60929b97cde7363ad33fa4c1f1
3,famous_le_100m,8,0.6428571428571429,0.5,6,osl_siamese_cnn,9cc89c31a4c19df7993eb762207df228dcbc9b60929b97cde7363ad33fa4c1f1
3,famous_le_100m,9,0.7857142857142857,0.7857142857142857,6,osl_siamese_cnn,9cc89c31a4c19df7993eb762207df228dcbc9b60929b97cde7363ad33fa4c1f1
3,famous_le_100m,10,0.8571428571428571,0.8571428571428571,6,osl_siamese_cnn,9cc89c31a4c19df7993eb762207df228dcbc9b60929b97cde7363ad33fa4c1f1
3,famous_le_100m,11,0.8571428571428571,0.8571428571428571,6,osl_siamese_cnn,9cc89c31a4c19df7993eb762207df228dcbc9b60929b97cde7363ad33fa4c1f1
3,famous_le_100m,12,0.8571428571428571,0.8571428571428571,6,osl_siamese_cnn,9cc89c31a4c19df7993eb762207df228dcbc9b60929b97cde7363ad33fa4c1f1
3,famous_le_100m,13,0.9285714285714286,0.8571428571428571,6,osl_siamese_cnn,9cc89c31a4c19df7993eb762207df228dcbc9b60929b97cde7363ad33fa4c1f1
3,famous_le_100m,14,0.9285714285714286,1.0,6,osl_siamese_cnn,9cc89c31a4c19df7993eb762207df228dcbc9b60929b97cde7363ad33fa4c1f1
3,famous_le_100m,15,0.9285714285714286,0.9285714285714286,6,osl_siamese_cnn,9cc89c31a4c19df7993eb762207df228dcbc9b60929b97cde7363ad33fa4c1f1
3,famous_le_100m,16,0.9285714285714286,0.9285714285714286,6,osl_siamese_cnn,9cc89c31a4c19df7993eb762207df228dcbc9b60929b97cde7363ad33fa4c1f1
3,famous_le_100m,17,0.9285714285714286,0.9285714285714286,6,osl_siamese_cnn,9cc89c31a4c19df7993eb762207df228dcbc9b60929b97cde7363ad33fa4c1f1
3,famous_le_100m,18,1.0,0.9285714285714286,6,osl_siamese_cnn,9cc89c31a4c19df7993eb762207df228dcbc9b60929b97cde7363ad33fa4c1f1
3,famous_le_100m,19,1.0,1.0,6,osl_siamese_cnn,9cc89c31a4c19df7993eb762207df228dcbc9b60929b97cde7363ad33fa4c1f1
3,famous_le_100m,20,1.0,1.0,6,osl_siamese_cnn,9cc89c31a4c19df7993eb762207df228dcbc9b60929b97cde7363ad33fa4c1f1
3,famous_le_100m,21,1.0,1.0,6,osl_siamese_cnn,9cc89c31a4c19df7993eb762207df228dcbc9b60929b97cde7363ad33fa4c1f1
3,famous_le_100m,22,1.0,1.0,6,osl_siamese_cnn,9cc89c31a4c19df7993eb762207df228dcbc9b60929b97cde7363ad33fa4c1f1
3,famous_le_100m,23,1.0,1.0,6,osl_siamese_cnn,9cc89c31a4c19df7993eb762207df228dcbc9b60929b97cde7363ad33fa4c1f1
4,torch_pretrained_classification,0,0.75,0.675,6,osl_siamese_cnn,4eccb08d92553cea681c3ff728a66fe97bcbd17adc893785bb19aa02bf3f8661
4,famous_le_10m,0,1.0,1.0,6,osl_siamese_cnn,4eccb08d92553cea681c3ff728a66fe97bcbd17adc893785bb19aa02bf3f8661
4,famous_le_10m,1,0.0,0.0,6,osl_siamese_cnn,4eccb08d92553cea681c3ff728a66fe97bcbd17adc893785bb19aa02bf3f8661
4,famous_le_10m,2,0.0,0.0,6,osl_siamese_cnn,4eccb08d92553cea681c3ff728a66fe97bcbd17adc893785bb19aa02bf3f8661
4,famous_le_10m,3,0.0,0.0,6,osl_siamese_cnn,4eccb08d92553cea681c3ff728a66fe97bcbd17adc893785bb19aa02bf3f8661
4,famous_le_10m,4,0.0,0.0,6,osl_siamese_cnn,4eccb08d92553cea681c3ff728a66fe97bcbd17adc893785bb19aa02bf3f8661
4,famous_le_10m,5,0.0,0.0,6,osl_siamese_cnn,4eccb08d92553cea681c3ff728a66fe97bcbd17adc893785bb19aa02bf3f8661
4,famous_le_10m,6,0.0,0.0,6,osl_siamese_cnn,4eccb08d92553cea681c3ff728a66fe97bcbd17adc893785bb19aa02bf3f8661
4,famous_le_10m,7,0.4,0.0,6,osl_siamese_cnn,4eccb08d92553cea681c3ff728a66fe97bcbd17adc893785bb19aa02bf3f8661
4,famous_le_10m,8,0.4,0.8,6,osl_siamese_cnn,4eccb08d92553cea681c3ff728a66fe97bcbd17adc893785bb19aa02bf3f8661
4,famous_le_10m,9,0.2,0.8,6,osl_siamese_cnn,4eccb08d92553cea681c3ff728a66fe97bcbd17adc893785bb19aa02bf3f8661
4,famous_le_10m,10,0.2,0.4,6,osl_siamese_cnn,4eccb08d92553cea681c3ff728a66fe97bcbd17adc893785bb19aa02bf3f8661
4,famous_le_10m,11,0.2,0.4,6,osl_siamese_cnn,4eccb08d92553cea681c3ff728a66fe97bcbd17adc893785bb19aa02bf3f8661
4,famous_le_10m,12,0.2,0.4,6,osl_siamese_cnn,4eccb08d92553cea681c3ff728a66fe97bcbd17adc893785bb19aa02bf3f8661
4,famous_le_10m,13,0.2,0.2,6,osl_siamese_cnn,4eccb08d92553cea681c3ff728a66fe97bcbd17adc893785bb19aa02bf3f8661
4,famous_le_10m,14,0.0,0.6,6,osl_siamese_cnn,4eccb08d92553cea681c3ff728a66fe97bcbd17adc893785bb19aa02bf3f8661
4,famous_le_10m,15,0.0,0.6,6,osl_siamese_cnn,4eccb08d92553cea681c3ff728a66fe97bcbd17adc893785bb19aa02bf3f8661
4,famous_le_10m,16,0.0,1.0,6,osl_siamese_cnn,4eccb08d92553cea681c3ff728a66fe97bcbd17adc893785bb19aa02bf3f8661
4,famous_le_10m,17,0.0,0.6,6,osl_siamese_cnn,4eccb08d92553cea681c3ff728a66fe97bcbd17adc893785bb19aa02bf3f8661
4,famous_le_10m,18,0.0,0.8,6,osl_siamese_cnn,4eccb08d92553cea681c3ff728a66fe97bcbd17adc893785bb19aa02bf3f8661
4,famous_le_10m,19,0.2,0.4,6,osl_siamese_cnn,4eccb08d92553cea681c3ff728a66fe97bcbd17adc893785bb19aa02bf3f8661
4,famous_le_10m,20,0.0,1.0,6,osl_siamese_cnn,4eccb08d92553cea681c3ff728a66fe97bcbd17adc893785bb19aa02bf3f8661
4,famous_le_10m,21,0.4,0.4,6,osl_siamese_cnn,4eccb08d92553cea681c3ff728a66fe97bcbd17adc893785bb19aa02bf3f8661
4,famous_le_10m,22,0.0,0.4,6,osl_siamese_cnn,4eccb08d92553cea681c3ff728a66fe97bcbd17adc893785bb19aa02bf3f8661
4,famous_le_10m,23,0.0,0.4,6,osl_siamese_cnn,4eccb08d92553cea681c3ff728a66fe97bcbd17adc893785bb19aa02bf3f8661
4,famous_le_100m,0,0.7857142857142857,0.7142857142857143,6,osl_siamese_cnn,4eccb08d92553cea681c3ff728a66fe97bcbd17adc893785bb19aa02bf3f8661
4,famous_le_100m,1,0.21428571428571427,0.2857142857142857,6,osl_siamese_cnn,4eccb08d92553cea681c3ff728a66fe97bcbd17adc893785bb19aa02bf3f8661
4,famous_le_100m,2,0.21428571428571427,0.2857142857142857,6,osl_siamese_cnn,4eccb08d92553cea681c3ff728a66fe97bcbd17adc893785bb19aa02bf3f8661
4,famous_le_100m,3,0.21428571428571427,0.2857142857142857,6,osl_siamese_cnn,4eccb08d92553cea681c3ff728a66fe97bcbd17adc893785bb19aa02bf3f8661
4,famous_le_100m,4,0.21428571428571427,0.2857142857142857,6,osl_siamese_cnn,4eccb08d92553cea681c3ff728a66fe97bcbd17adc893785bb19aa02bf3f8661
4,famous_le_100m,5,0.21428571428571427,0.2857142857142857,6,osl_siamese_cnn,4eccb08d92553cea681c3ff728a66fe97bcbd17adc893785bb19aa02bf3f8661
4,famous_le_100m,6,0.2857142857142857,0.35714285714285715,6,osl_siamese_cnn,4eccb08d92553cea681c3ff728a66fe97bcbd17adc893785bb19aa02bf3f8661
4,famous_le_100m,7,0.42857142857142855,0.2857142857142857,6,osl_siamese_cnn,4eccb08d92553cea681c3ff728a66fe97bcbd17adc893785bb19aa02bf3f8661
4,famous_le_100m,8,0.42857142857142855,0.6428571428571429,6,osl_siamese_cnn,4eccb08d92553cea681c3ff728a66fe97bcbd17adc893785bb19aa02bf3f8661
4,famous_le_100m,9,0.5,0.6428571428571429,6,osl_siamese_cnn,4eccb08d92553cea681c3ff728a66fe97bcbd17adc893785bb19aa02bf3f8661
4,famous_le_100m,10,0.5,0.7142857142857143,6,osl_siamese_cnn,4eccb08d92553cea681c3ff728a66fe97bcbd17adc893785bb19aa02bf3f8661
4,famous_le_100m,11,0.6428571428571429,0.5714285714285714,6,osl_siamese_cnn,4eccb08d92553cea681c3ff728a66fe97bcbd17adc893785bb19aa02bf3f8661
4,famous_le_100m,12,0.6428571428571429,0.6428571428571429,6,osl_siamese_cnn,4eccb08d92553cea681c3ff728a66fe97bcbd17adc893785bb19aa02bf3f8661
4,famous_le_100m,13,0.7142857142857143,0.7142857142857143,6,osl_siamese_cnn,4eccb08d92553cea681c3ff728a66fe97bcbd17adc893785bb19aa02bf3f8661
4,famous_le_100m,14,0.8571428571428571,0.6428571428571429,6,osl_siamese_cnn,4eccb08d92553cea681c3ff728a66fe97bcbd17adc893785bb19aa02bf3f8661
4,famous_le_100m,15,0.9285714285714286,0.8571428571428571,6,osl_siamese_cnn,4eccb08d92553cea681c3ff728a66fe97bcbd17adc893785bb19aa02bf3f8661
4,famous_le_100m,16,1.0,0.9285714285714286,6,osl_siamese_cnn,4eccb08d92553cea681c3ff728a66fe97bcbd17adc893785bb19aa02bf3f8661
4,famous_le_100m,17,1.0,0.9285714285714286,6,osl_siamese_cnn,4eccb08d92553cea681c3ff728a66fe97bcbd17adc893785bb19aa02bf3f8661
4,famous_le_100m,18,1.0,0.9285714285714286,6,osl_siamese_cnn,4eccb08d92553cea681c3ff728a66fe97bcbd17adc893785bb19aa02bf3f8661
4,famous_le_100m,19,1.0,0.9285714285714286,6,osl_siamese_cnn,4eccb08d92553cea681c3ff728a66fe97bcbd17adc893785bb19aa02bf3f8661
4,famous_le_100m,20,0.8571428571428571,0.7142857142857143,6,osl_siamese_cnn,4eccb08d92553cea681c3ff728a66fe97bcbd17adc893785bb19aa02bf3f8661
4,famous_le_100m,21,0.7857142857142857,0.8571428571428571,6,osl_siamese_cnn,4eccb08d92553cea681c3ff728a66fe97bcbd17adc893785bb19aa02bf3f8661
4,famous_le_100m,22,0.7142857142857143,1.0,6,osl_siamese_cnn,4eccb08d92553cea681c3ff728a66fe97bcbd17adc893785bb19aa02bf3f8661
4,famous_le_100m,23,0.14285714285714285,0.6428571428571429,6,osl_siamese_cnn,4eccb08d92553cea681c3ff728a66fe97bcbd17adc893785bb19aa02bf3f8661
0,torch_pretrained_classification,0,0.975,0.525,7,osl_siamese_cnn,d04dc745bd44d650f66da90728e4c71cbf32998e71ad593fc4b3cf948a5c5163
0,famous_le_10m,0,1.0,0.8,7,osl_siamese_cnn,d04dc745bd44d650f66da90728e4c71cbf32998e71ad593fc4b3cf948a5c5163
0,famous_le_10m,1,0.0,0.2,7,osl_siamese_cnn,d04dc745bd44d650f66da90728e4c71cbf32998e71ad593fc4b3cf948a5c5163
0,famous_le_10m,2,0.0,0.2,7,osl_siamese_cnn,d04dc745bd44d650f66da90728e4c71cbf32998e71ad593fc4b3cf948a5c5163
0,famous_le_10m,3,0.0,0.2,7,osl_siamese_cnn,d04dc745bd44d650f66da90728e4c71cbf32998e71ad593fc4b3cf948a5c5163
0,famous_le_10m,4,0.0,0.0,7,osl_siamese_cnn,d04dc745bd44d650f66da90728e4c71cbf32998e71ad593fc4b3cf948a5c5163
0,famous_le_10m,5,0.0,0.0,7,osl_siamese_cnn,d04dc745bd44d650f66da90728e4c71cbf32998e71ad593fc4b3cf948a5c5163
0,famous_le_10m,6,0.4,0.0,7,osl_siamese_cnn,d04dc745bd44d650f66da90728e4c71cbf32998e71ad593fc4b3cf948a5c5163
0,famous_le_10m,7,1.0,0.4,7,osl_siamese_cnn,d04dc745bd44d650f66da90728e4c71cbf32998e71ad593fc4b3cf948a5c5163
0,famous_le_10m,8,1.0,1.0,7,osl_siamese_cnn,d04dc745bd44d650f66da90728e4c71cbf32998e71ad593fc4b3cf948a5c5163
0,famous_le_10m,9,1.0,1.0,7,osl_siamese_cnn,d04dc745bd44d650f66da90728e4c71cbf32998e71ad593fc4b3cf948a5c5163
0,famous_le_10m,10,1.0,1.0,7,osl_siamese_cnn,d04dc745bd44d650f66da90728e4c71cbf32998e71ad593fc4b3cf948a5c5163
0,famous_le_10m,11,1.0,1.0,7,osl_siamese_cnn,d04dc745bd44d650f66da90728e4c71cbf32998e71ad593fc4b3cf948a5c5163
0,famous_le_10m,12,1.0,1.0,7,osl_siamese_cnn,d04dc745bd44d650f66da90728e4c71cbf32998e71ad593fc4b3cf948a5c5163
0,famous_le_10m,13,1.0,1.0,7,osl_siamese_cnn,d04dc745bd44d650f66da90728e4c71cbf32998e71ad593fc4b3cf948a5c5163
0,famous_le_10m,14,1.0,1.0,7,osl_siamese_cnn,d04dc745bd44d650f66da90728e4c71cbf32998e71ad593fc4b3cf948a5c5163
0,famous_le_10m,15,1.0,1.0,7,osl_siamese_cnn,d04dc745bd44d650f66da90728e4c71cbf32998e71ad593fc4b3cf948a5c5163
0,famous_le_10m,16,1.0,1.0,7,osl_siamese_cnn,d04dc745bd44d650f66da90728e4c71cbf32998e71ad593fc4b3cf948a5c5163
0,famous_le_10m,17,1.0,1.0,7,osl_siamese_cnn,d04dc745bd44d650f66da90728e4c71cbf32998e71ad593fc4b3cf948a5c5163
0,famous_le_10m,18,1.0,1.0,7,osl_siamese_cnn,d04dc745bd44d650f66da90728e4c71cbf32998e71ad593fc4b3cf948a5c5163
0,famous_le_10m,19,1.0,1.0,7,osl_siamese_cnn,d04dc745bd44d650f66da90728e4c71cbf32998e71ad593fc4b3cf948a5c5163
0,famous_le_10m,20,1.0,1.0,7,osl_siamese_cnn,d04dc745bd44d650f66da90728e4c71cbf32998e71ad593fc4b3cf948a5c5163
0,famous_le_10m,21,1.0,1.0,7,osl_siamese_cnn,d04dc745bd44d650f66da90728e4c71cbf32998e71ad593fc4b3cf948a5c5163
0,famous_le_10m,22,1.0,1.0,7,osl_siamese_cnn,d04dc745bd44d650f66da90728e4c71cbf32998e71ad593fc4b3cf948a5c5163
0,famous_le_10m,23,1.0,1.0,7,osl_siamese_cnn,d04dc745bd44d650f66da90728e4c71cbf32998e71ad593fc4b3cf948a5c5163
0,famous_le_100m,0,0.9285714285714286,0.35714285714285715,7,osl_siamese_cnn,d04dc745bd44d650f66da90728e4c71cbf32998e71ad593fc4b3cf948a5c5163
0,famous_le_100m,1,0.07142857142857142,0.6428571428571429,7,osl_siamese_cnn,d04dc745bd44d650f66da90728e4c71cbf32998e71ad593fc4b3cf948a5c5163
0,famous_le_100m,2,0.07142857142857142,0.6428571428571429,7,osl_siamese_cnn,d04dc745bd44d650f66da90728e4c71cbf32998e71ad593fc4b3cf948a5c5163
0,famous_le_100m,3,0.07142857142857142,0.6428571428571429,7,osl_siamese_cnn,d04dc745bd44d650f66da90728e4c71cbf32998e71ad593fc4b3cf948a5c5163
0,famous_le_100m,4,0.07142857142857142,0.35714285714285715,7,osl_siamese_cnn,d04dc745bd44d650f66da90728e4c71cbf32998e71ad593fc4b3cf948a5c5163
0,famous_le_100m,5,0.07142857142857142,0.2857142857142857,7,osl_siamese_cnn,d04dc745bd44d650f66da90728e4c71cbf32998e71ad593fc4b3cf948a5c5163
0,famous_le_100m,6,0.2857142857142857,0.2857142857142857,7,osl_siamese_cnn,d04dc745bd44d650f66da90728e4c71cbf32998e71ad593fc4b3cf948a5c5163
0,famous_le_100m,7,0.42857142857142855,0.6428571428571429,7,osl_siamese_cnn,d04dc745bd44d650f66da90728e4c71cbf32998e71ad593fc4b3cf948a5c5163
0,famous_le_100m,8,0.5714285714285714,0.42857142857142855,7,osl_siamese_cnn,d04dc745bd44d650f66da90728e4c71cbf32998e71ad593fc4b3cf948a5c5163
0,famous_le_100m,9,0.7142857142857143,0.5714285714285714,7,osl_siamese_cnn,d04dc745bd44d650f66da90728e4c71cbf32998e71ad593fc4b3cf948a5c5163
0,famous_le_100m,10,0.8571428571428571,0.7857142857142857,7,osl_siamese_cnn,d04dc745bd44d650f66da90728e4c71cbf32998e71ad593fc4b3cf948a5c5163
0,famous_le_100m,11,0.8571428571428571,0.7857142857142857,7,osl_siamese_cnn,d04dc745bd44d650f66da90728e4c71cbf32998e71ad593fc4b3cf948a5c5163
0,famous_le_100m,12,0.8571428571428571,0.8571428571428571,7,osl_siamese_cnn,d04dc745bd44d650f66da90728e4c71cbf32998e71ad593fc4b3cf948a5c5163
0,famous_le_100m,13,0.8571428571428571,0.8571428571428571,7,osl_siamese_cnn,d04dc745bd44d650f66da90728e4c71cbf32998e71ad593fc4b3cf948a5c5163
0,famous_le_100m,14,0.9285714285714286,0.9285714285714286,7,osl_siamese_cnn,d04dc745bd44d650f66da90728e4c71cbf32998e71ad593fc4b3cf948a5c5163
0,famous_le_100m,15,0.9285714285714286,0.8571428571428571,7,osl_siamese_cnn,d04dc745bd44d650f66da90728e4c71cbf32998e71ad593fc4b3cf948a5c5163
0,famous_le_100m,16,0.9285714285714286,0.9285714285714286,7,osl_siamese_cnn,d04dc745bd44d650f66da90728e4c71cbf32998e71ad593fc4b3cf948a5c5163
0,famous_le_100m,17,0.9285714285714286,0.9285714285714286,7,osl_siamese_cnn,d04dc745bd44d650f66da90728e4c71cbf32998e71ad593fc4b3cf948a5c5163
0,famous_le_100m,18,0.9285714285714286,0.9285714285714286,7,osl_siamese_cnn,d04dc745bd44d650f66da90728e4c71cbf32998e71ad593fc4b3cf948a5c5163
0,famous_le_100m,19,1.0,0.9285714285714286,7,osl_siamese_cnn,d04dc745bd44d650f66da90728e4c71cbf32998e71ad593fc4b3cf948a5c5163
0,famous_le_100m,20,1.0,0.9285714285714286,7,osl_siamese_cnn,d04dc745bd44d650f66da90728e4c71cbf32998e71ad593fc4b3cf948a5c5163
0,famous_le_100m,21,1.0,1.0,7,osl_siamese_cnn,d04dc745bd44d650f66da90728e4c71cbf32998e71ad593fc4b3cf948a5c5163
0,famous_le_100m,22,1.0,1.0,7,osl_siamese_cnn,d04dc745bd44d650f66da90728e4c71cbf32998e71ad593fc4b3cf948a5c5163
0,famous_le_100m,23,1.0,1.0,7,osl_siamese_cnn,d04dc745bd44d650f66da90728e4c71cbf32998e71ad593fc4b3cf948a5c5163
1,torch_pretrained_classification,0,0.975,0.8,7,osl_siamese_cnn,ba66897837915360f961f32fb90c37c65b3e97561573a71a5730b9ee2019183b
1,famous_le_10m,0,1.0,1.0,7,osl_siamese_cnn,ba66897837915360f961f32fb90c37c65b3e97561573a71a5730b9ee2019183b
1,famous_le_10m,1,0.0,0.2,7,osl_siamese_cnn,ba66897837915360f961f32fb90c37c65b3e97561573a71a5730b9ee2019183b
1,famous_le_10m,2,0.0,0.4,7,osl_siamese_cnn,ba66897837915360f961f32fb90c37c65b3e97561573a71a5730b9ee2019183b
1,famous_le_10m,3,0.0,0.0,7,osl_siamese_cnn,ba66897837915360f961f32fb90c37c65b3e97561573a71a5730b9ee2019183b
1,famous_le_10m,4,0.0,0.0,7,osl_siamese_cnn,ba66897837915360f961f32fb90c37c65b3e97561573a71a5730b9ee2019183b
1,famous_le_10m,5,0.0,0.0,7,osl_siamese_cnn,ba66897837915360f961f32fb90c37c65b3e97561573a71a5730b9ee2019183b
1,famous_le_10m,6,0.4,0.0,7,osl_siamese_cnn,ba66897837915360f961f32fb90c37c65b3e97561573a71a5730b9ee2019183b
1,famous_le_10m,7,1.0,0.4,7,osl_siamese_cnn,ba66897837915360f961f32fb90c37c65b3e97561573a71a5730b9ee2019183b
1,famous_le_10m,8,1.0,1.0,7,osl_siamese_cnn,ba66897837915360f961f32fb90c37c65b3e97561573a71a5730b9ee2019183b
1,famous_le_10m,9,1.0,1.0,7,osl_siamese_cnn,ba66897837915360f961f32fb90c37c65b3e97561573a71a5730b9ee2019183b
1,famous_le_10m,10,1.0,1.0,7,osl_siamese_cnn,ba66897837915360f961f32fb90c37c65b3e97561573a71a5730b9ee2019183b
1,famous_le_10m,11,1.0,1.0,7,osl_siamese_cnn,ba66897837915360f961f32fb90c37c65b3e97561573a71a5730b9ee2019183b
1,famous_le_10m,12,1.0,1.0,7,osl_siamese_cnn,ba66897837915360f961f32fb90c37c65b3e97561573a71a5730b9ee2019183b
1,famous_le_10m,13,1.0,1.0,7,osl_siamese_cnn,ba66897837915360f961f32fb90c37c65b3e97561573a71a5730b9ee2019183b
1,famous_le_10m,14,1.0,1.0,7,osl_siamese_cnn,ba66897837915360f961f32fb90c37c65b3e97561573a71a5730b9ee2019183b
1,famous_le_10m,15,1.0,1.0,7,osl_siamese_cnn,ba66897837915360f961f32fb90c37c65b3e97561573a71a5730b9ee2019183b
1,famous_le_10m,16,1.0,1.0,7,osl_siamese_cnn,ba66897837915360f961f32fb90c37c65b3e97561573a71a5730b9ee2019183b
1,famous_le_10m,17,1.0,1.0,7,osl_siamese_cnn,ba66897837915360f961f32fb90c37c65b3e97561573a71a5730b9ee2019183b
1,famous_le_10m,18,1.0,1.0,7,osl_siamese_cnn,ba66897837915360f961f32fb90c37c65b3e97561573a71a5730b9ee2019183b
1,famous_le_10m,19,1.0,1.0,7,osl_siamese_cnn,ba66897837915360f961f32fb90c37c65b3e97561573a71a5730b9ee2019183b
1,famous_le_10m,20,1.0,1.0,7,osl_siamese_cnn,ba66897837915360f961f32fb90c37c65b3e97561573a71a5730b9ee2019183b
1,famous_le_10m,21,1.0,1.0,7,osl_siamese_cnn,ba66897837915360f961f32fb90c37c65b3e97561573a71a5730b9ee2019183b
1,famous_le_10m,22,1.0,1.0,7,osl_siamese_cnn,ba66897837915360f961f32fb90c37c65b3e97561573a71a5730b9ee2019183b
1,famous_le_10m,23,1.0,1.0,7,osl_siamese_cnn,ba66897837915360f961f32fb90c37c65b3e97561573a71a5730b9ee2019183b
1,famous_le_100m,0,0.9285714285714286,0.8571428571428571,7,osl_siamese_cnn,ba66897837915360f961f32fb90c37c65b3e97561573a71a5730b9ee2019183b
1,famous_le_100m,1,0.07142857142857142,0.07142857142857142,7,osl_siamese_cnn,ba66897837915360f961f32fb90c37c65b3e97561573a71a5730b9ee2019183b
1,famous_le_100m,2,0.07142857142857142,0.07142857142857142,7,osl_siamese_cnn,ba66897837915360f961f32fb90c37c65b3e97561573a71a5730b9ee2019183b
1,famous_le_100m,3,0.07142857142857142,0.07142857142857142,7,osl_siamese_cnn,ba66897837915360f961f32fb90c37c65b3e97561573a71a5730b9ee2019183b
1,famous_le_100m,4,0.07142857142857142,0.07142857142857142,7,osl_siamese_cnn,ba66897837915360f961f32fb90c37c65b3e97561573a71a5730b9ee2019183b
1,famous_le_100m,5,0.07142857142857142,0.14285714285714285,7,osl_siamese_cnn,ba66897837915360f961f32fb90c37c65b3e97561573a71a5730b9ee2019183b
1,famous_le_100m,6,0.2857142857142857,0.07142857142857142,7,osl_siamese_cnn,ba66897837915360f961f32fb90c37c65b3e97561573a71a5730b9ee2019183b
1,famous_le_100m,7,0.42857142857142855,0.42857142857142855,7,osl_siamese_cnn,ba66897837915360f961f32fb90c37c65b3e97561573a71a5730b9ee2019183b
1,famous_le_100m,8,0.42857142857142855,0.42857142857142855,7,osl_siamese_cnn,ba66897837915360f961f32fb90c37c65b3e97561573a71a5730b9ee2019183b
1,famous_le_100m,9,0.7142857142857143,0.42857142857142855,7,osl_siamese_cnn,ba66897837915360f961f32fb90c37c65b3e97561573a71a5730b9ee2019183b
1,famous_le_100m,10,0.7857142857142857,0.6428571428571429,7,osl_siamese_cnn,ba66897837915360f961f32fb90c37c65b3e97561573a71a5730b9ee2019183b
1,famous_le_100m,11,0.8571428571428571,0.7857142857142857,7,osl_siamese_cnn,ba66897837915360f961f32fb90c37c65b3e97561573a71a5730b9ee2019183b
1,famous_le_100m,12,0.8571428571428571,0.8571428571428571,7,osl_siamese_cnn,ba66897837915360f961f32fb90c37c65b3e97561573a71a5730b9ee2019183b
1,famous_le_100m,13,0.8571428571428571,0.8571428571428571,7,osl_siamese_cnn,ba66897837915360f961f32fb90c37c65b3e97561573a71a5730b9ee2019183b
1,famous_le_100m,14,0.9285714285714286,0.8571428571428571,7,osl_siamese_cnn,ba66897837915360f961f32fb90c37c65b3e97561573a71a5730b9ee2019183b
1,famous_le_100m,15,0.9285714285714286,0.9285714285714286,7,osl_siamese_cnn,ba66897837915360f961f32fb90c37c65b3e97561573a71a5730b9ee2019183b
1,famous_le_100m,16,0.9285714285714286,0.9285714285714286,7,osl_siamese_cnn,ba66897837915360f961f32fb90c37c65b3e97561573a71a5730b9ee2019183b
1,famous_le_100m,17,0.9285714285714286,0.9285714285714286,7,osl_siamese_cnn,ba66897837915360f961f32fb90c37c65b3e97561573a71a5730b9ee2019183b
1,famous_le_100m,18,0.9285714285714286,0.9285714285714286,7,osl_siamese_cnn,ba66897837915360f961f32fb90c37c65b3e97561573a71a5730b9ee2019183b
1,famous_le_100m,19,1.0,0.9285714285714286,7,osl_siamese_cnn,ba66897837915360f961f32fb90c37c65b3e97561573a71a5730b9ee2019183b
1,famous_le_100m,20,1.0,0.9285714285714286,7,osl_siamese_cnn,ba66897837915360f961f32fb90c37c65b3e97561573a71a5730b9ee2019183b
1,famous_le_100m,21,1.0,1.0,7,osl_siamese_cnn,ba66897837915360f961f32fb90c37c65b3e97561573a71a5730b9ee2019183b
1,famous_le_100m,22,1.0,1.0,7,osl_siamese_cnn,ba66897837915360f961f32fb90c37c65b3e97561573a71a5730b9ee2019183b
1,famous_le_100m,23,1.0,1.0,7,osl_siamese_cnn,ba66897837915360f961f32fb90c37c65b3e97561573a71a5730b9ee2019183b
2,torch_pretrained_classification,0,0.975,0.7125,7,osl_siamese_cnn,cf8da619c470087a0d4b4b40f16a576c346e90e48826f7f4da3967cb8cb849fd
2,famous_le_10m,0,1.0,0.4,7,osl_siamese_cnn,cf8da619c470087a0d4b4b40f16a576c346e90e48826f7f4da3967cb8cb849fd
2,famous_le_10m,1,0.0,0.6,7,osl_siamese_cnn,cf8da619c470087a0d4b4b40f16a576c346e90e48826f7f4da3967cb8cb849fd
2,famous_le_10m,2,0.0,0.4,7,osl_siamese_cnn,cf8da619c470087a0d4b4b40f16a576c346e90e48826f7f4da3967cb8cb849fd
2,famous_le_10m,3,0.0,0.2,7,osl_siamese_cnn,cf8da619c470087a0d4b4b40f16a576c346e90e48826f7f4da3967cb8cb849fd
2,famous_le_10m,4,0.0,0.0,7,osl_siamese_cnn,cf8da619c470087a0d4b4b40f16a576c346e90e48826f7f4da3967cb8cb849fd
2,famous_le_10m,5,0.0,0.0,7,osl_siamese_cnn,cf8da619c470087a0d4b4b40f16a576c346e90e48826f7f4da3967cb8cb849fd
2,famous_le_10m,6,0.0,0.0,7,osl_siamese_cnn,cf8da619c470087a0d4b4b40f16a576c346e90e48826f7f4da3967cb8cb849fd
2,famous_le_10m,7,0.2,0.6,7,osl_siamese_cnn,cf8da619c470087a0d4b4b40f16a576c346e90e48826f7f4da3967cb8cb849fd
2,famous_le_10m,8,0.8,0.2,7,osl_siamese_cnn,cf8da619c470087a0d4b4b40f16a576c346e90e48826f7f4da3967cb8cb849fd
2,famous_le_10m,9,0.0,0.8,7,osl_siamese_cnn,cf8da619c470087a0d4b4b40f16a576c346e90e48826f7f4da3967cb8cb849fd
2,famous_le_10m,10,0.2,0.4,7,osl_siamese_cnn,cf8da619c470087a0d4b4b40f16a576c346e90e48826f7f4da3967cb8cb849fd
2,famous_le_10m,11,0.0,0.6,7,osl_siamese_cnn,cf8da619c470087a0d4b4b40f16a576c346e90e48826f7f4da3967cb8cb849fd
2,famous_le_10m,12,0.4,0.0,7,osl_siamese_cnn,cf8da619c470087a0d4b4b40f16a576c346e90e48826f7f4da3967cb8cb849fd
2,famous_le_10m,13,0.0,0.4,7,osl_siamese_cnn,cf8da619c470087a0d4b4b40f16a576c346e90e48826f7f4da3967cb8cb849fd
2,famous_le_10m,14,0.0,0.0,7,osl_siamese_cnn,cf8da619c470087a0d4b4b40f16a576c346e90e48826f7f4da3967cb8cb849fd
2,famous_le_10m,15,0.0,0.2,7,osl_siamese_cnn,cf8da619c470087a0d4b4b40f16a576c346e90e48826f7f4da3967cb8cb849fd
2,famous_le_10m,16,1.0,1.0,7,osl_siamese_cnn,cf8da619c470087a0d4b4b40f16a576c346e90e48826f7f4da3967cb8cb849fd
2,famous_le_10m,17,0.4,0.0,7,osl_siamese_cnn,cf8da619c470087a0d4b4b40f16a576c346e90e48826f7f4da3967cb8cb849fd
2,famous_le_10m,18,0.8,0.0,7,osl_siamese_cnn,cf8da619c470087a0d4b4b40f16a576c346e90e48826f7f4da3967cb8cb849fd
2,famous_le_10m,19,0.6,0.2,7,osl_siamese_cnn,cf8da619c470087a0d4b4b40f16a576c346e90e48826f7f4da3967cb8cb849fd
2,famous_le_10m,20,1.0,0.4,7,osl_siamese_cnn,cf8da619c470087a0d4b4b40f16a576c346e90e48826f7f4da3967cb8cb849fd
2,famous_le_10m,21,0.2,0.0,7,osl_siamese_cnn,cf8da619c470087a0d4b4b40f16a576c346e90e48826f7f4da3967cb8cb849fd
2,famous_le_10m,22,1.0,0.0,7,osl_siamese_cnn,cf8da619c470087a0d4b4b40f16a576c346e90e48826f7f4da3967cb8cb849fd
2,famous_le_10m,23,0.2,0.0,7,osl_siamese_cnn,cf8da619c470087a0d4b4b40f16a576c346e90e48826f7f4da3967cb8cb849fd
2,famous_le_100m,0,1.0,0.9285714285714286,7,osl_siamese_cnn,cf8da619c470087a0d4b4b40f16a576c346e90e48826f7f4da3967cb8cb849fd
2,famous_le_100m,1,0.0,0.07142857142857142,7,osl_siamese_cnn,cf8da619c470087a0d4b4b40f16a576c346e90e48826f7f4da3967cb8cb849fd
2,famous_le_100m,2,0.0,0.07142857142857142,7,osl_siamese_cnn,cf8da619c470087a0d4b4b40f16a576c346e90e48826f7f4da3967cb8cb849fd
2,famous_le_100m,3,0.0,0.07142857142857142,7,osl_siamese_cnn,cf8da619c470087a0d4b4b40f16a576c346e90e48826f7f4da3967cb8cb849fd
2,famous_le_100m,4,0.0,0.07142857142857142,7,osl_siamese_cnn,cf8da619c470087a0d4b4b40f16a576c346e90e48826f7f4da3967cb8cb849fd
2,famous_le_100m,5,0.14285714285714285,0.07142857142857142,7,osl_siamese_cnn,cf8da619c470087a0d4b4b40f16a576c346e90e48826f7f4da3967cb8cb849fd
2,famous_le_100m,6,0.35714285714285715,0.07142857142857142,7,osl_siamese_cnn,cf8da619c470087a0d4b4b40f16a576c346e90e48826f7f4da3967cb8cb849fd
2,famous_le_100m,7,0.42857142857142855,0.35714285714285715,7,osl_siamese_cnn,cf8da619c470087a0d4b4b40f16a576c346e90e48826f7f4da3967cb8cb849fd
2,famous_le_100m,8,0.5,0.42857142857142855,7,osl_siamese_cnn,cf8da619c470087a0d4b4b40f16a576c346e90e48826f7f4da3967cb8cb849fd
2,famous_le_100m,9,0.6428571428571429,0.42857142857142855,7,osl_siamese_cnn,cf8da619c470087a0d4b4b40f16a576c346e90e48826f7f4da3967cb8cb849fd
2,famous_le_100m,10,0.6428571428571429,0.5,7,osl_siamese_cnn,cf8da619c470087a0d4b4b40f16a576c346e90e48826f7f4da3967cb8cb849fd
2,famous_le_100m,11,0.7857142857142857,0.6428571428571429,7,osl_siamese_cnn,cf8da619c470087a0d4b4b40f16a576c346e90e48826f7f4da3967cb8cb849fd
2,famous_le_100m,12,0.8571428571428571,0.7142857142857143,7,osl_siamese_cnn,cf8da619c470087a0d4b4b40f16a576c346e90e48826f7f4da3967cb8cb849fd
2,famous_le_100m,13,0.8571428571428571,0.7857142857142857,7,osl_siamese_cnn,cf8da619c470087a0d4b4b40f16a576c346e90e48826f7f4da3967cb8cb849fd
2,famous_le_100m,14,0.8571428571428571,0.8571428571428571,7,osl_siamese_cnn,cf8da619c470087a0d4b4b40f16a576c346e90e48826f7f4da3967cb8cb849fd
2,famous_le_100m,15,0.9285714285714286,0.8571428571428571,7,osl_siamese_cnn,cf8da619c470087a0d4b4b40f16a576c346e90e48826f7f4da3967cb8cb849fd
2,famous_le_100m,16,0.9285714285714286,0.9285714285714286,7,osl_siamese_cnn,cf8da619c470087a0d4b4b40f16a576c346e90e48826f7f4da3967cb8cb849fd
2,famous_le_100m,17,0.9285714285714286,0.9285714285714286,7,osl_siamese_cnn,cf8da619c470087a0d4b4b40f16a576c346e90e48826f7f4da3967cb8cb849fd
2,famous_le_100m,18,0.9285714285714286,0.9285714285714286,7,osl_siamese_cnn,cf8da619c470087a0d4b4b40f16a576c346e90e48826f7f4da3967cb8cb849fd
2,famous_le_100m,19,0.9285714285714286,0.9285714285714286,7,osl_siamese_cnn,cf8da619c470087a0d4b4b40f16a576c346e90e48826f7f4da3967cb8cb849fd
2,famous_le_100m,20,0.9285714285714286,0.9285714285714286,7,osl_siamese_cnn,cf8da619c470087a0d4b4b40f16a576c346e90e48826f7f4da3967cb8cb849fd
2,famous_le_100m,21,1.0,0.9285714285714286,7,osl_siamese_cnn,cf8da619c470087a0d4b4b40f16a576c346e90e48826f7f4da3967cb8cb849fd
2,famous_le_100m,22,0.9285714285714286,0.9285714285714286,7,osl_siamese_cnn,cf8da619c470087a0d4b4b40f16a576c346e90e48826f7f4da3967cb8cb849fd
2,famous_le_100m,23,0.9285714285714286,0.9285714285714286,7,osl_siamese_cnn,cf8da619c470087a0d4b4b40f16a576c346e90e48826f7f4da3967cb8cb849fd
3,torch_pretrained_classification,0,0.975,0.5875,7,osl_siamese_cnn,2e209591dcd06337bd224075fa021913b0be899a86fd5dad27576ee5d155dd09
3,famous_le_10m,0,1.0,0.4,7,osl_siamese_cnn,2e209591dcd06337bd224075fa021913b0be899a86fd5dad27576ee5d155dd09
3,famous_le_10m,1,0.0,0.6,7,osl_siamese_cnn,2e209591dcd06337bd224075fa021913b0be899a86fd5dad27576ee5d155dd09
3,famous_le_10m,2,0.0,0.6,7,osl_siamese_cnn,2e209591dcd06337bd224075fa021913b0be899a86fd5dad27576ee5d155dd09
3,famous_le_10m,3,0.0,0.6,7,osl_siamese_cnn,2e209591dcd06337bd224075fa021913b0be899a86fd5dad27576ee5d155dd09
3,famous_le_10m,4,0.0,0.0,7,osl_siamese_cnn,2e209591dcd06337bd224075fa021913b0be899a86fd5dad27576ee5d155dd09
3,famous_le_10m,5,0.0,0.0,7,osl_siamese_cnn,2e209591dcd06337bd224075fa021913b0be899a86fd5dad27576ee5d155dd09
3,famous_le_10m,6,0.4,0.0,7,osl_siamese_cnn,2e209591dcd06337bd224075fa021913b0be899a86fd5dad27576ee5d155dd09
3,famous_le_10m,7,1.0,0.2,7,osl_siamese_cnn,2e209591dcd06337bd224075fa021913b0be899a86fd5dad27576ee5d155dd09
3,famous_le_10m,8,1.0,1.0,7,osl_siamese_cnn,2e209591dcd06337bd224075fa021913b0be899a86fd5dad27576ee5d155dd09
3,famous_le_10m,9,1.0,1.0,7,osl_siamese_cnn,2e209591dcd06337bd224075fa021913b0be899a86fd5dad27576ee5d155dd09
3,famous_le_10m,10,1.0,1.0,7,osl_siamese_cnn,2e209591dcd06337bd224075fa021913b0be899a86fd5dad27576ee5d155dd09
3,famous_le_10m,11,1.0,1.0,7,osl_siamese_cnn,2e209591dcd06337bd224075fa021913b0be899a86fd5dad27576ee5d155dd09
3,famous_le_10m,12,1.0,1.0,7,osl_siamese_cnn,2e209591dcd06337bd224075fa021913b0be899a86fd5dad27576ee5d155dd09
3,famous_le_10m,13,1.0,1.0,7,osl_siamese_cnn,2e209591dcd06337bd224075fa021913b0be899a86fd5dad27576ee5d155dd09
3,famous_le_10m,14,1.0,1.0,7,osl_siamese_cnn,2e209591dcd06337bd224075fa021913b0be899a86fd5dad27576ee5d155dd09
3,famous_le_10m,15,1.0,0.8,7,osl_siamese_cnn,2e209591dcd06337bd224075fa021913b0be899a86fd5dad27576ee5d155dd09
3,famous_le_10m,16,1.0,1.0,7,osl_siamese_cnn,2e209591dcd06337bd224075fa021913b0be899a86fd5dad27576ee5d155dd09
3,famous_le_10m,17,1.0,0.6,7,osl_siamese_cnn,2e209591dcd06337bd224075fa021913b0be899a86fd5dad27576ee5d155dd09
3,famous_le_10m,18,1.0,1.0,7,osl_siamese_cnn,2e209591dcd06337bd224075fa021913b0be899a86fd5dad27576ee5d155dd09
3,famous_le_10m,19,1.0,0.8,7,osl_siamese_cnn,2e209591dcd06337bd224075fa021913b0be899a86fd5dad27576ee5d155dd09
3,famous_le_10m,20,1.0,1.0,7,osl_siamese_cnn,2e209591dcd06337bd224075fa021913b0be899a86fd5dad27576ee5d155dd09
3,famous_le_10m,21,1.0,0.8,7,osl_siamese_cnn,2e209591dcd06337bd224075fa021913b0be899a86fd5dad27576ee5d155dd09
3,famous_le_10m,22,1.0,1.0,7,osl_siamese_cnn,2e209591dcd06337bd224075fa021913b0be899a86fd5dad27576ee5d155dd09
3,famous_le_10m,23,1.0,0.8,7,osl_siamese_cnn,2e209591dcd06337bd224075fa021913b0be899a86fd5dad27576ee5d155dd09
3,famous_le_100m,0,1.0,0.9285714285714286,7,osl_siamese_cnn,2e209591dcd06337bd224075fa021913b0be899a86fd5dad27576ee5d155dd09
3,famous_le_100m,1,0.0,0.14285714285714285,7,osl_siamese_cnn,2e209591dcd06337bd224075fa021913b0be899a86fd5dad27576ee5d155dd09
3,famous_le_100m,2,0.0,0.14285714285714285,7,osl_siamese_cnn,2e209591dcd06337bd224075fa021913b0be899a86fd5dad27576ee5d155dd09
3,famous_le_100m,3,0.0,0.2857142857142857,7,osl_siamese_cnn,2e209591dcd06337bd224075fa021913b0be899a86fd5dad27576ee5d155dd09
3,famous_le_100m,4,0.0,0.2857142857142857,7,osl_siamese_cnn,2e209591dcd06337bd224075fa021913b0be899a86fd5dad27576ee5d155dd09
3,famous_le_100m,5,0.07142857142857142,0.2857142857142857,7,osl_siamese_cnn,2e209591dcd06337bd224075fa021913b0be899a86fd5dad27576ee5d155dd09
3,famous_le_100m,6,0.2857142857142857,0.2857142857142857,7,osl_siamese_cnn,2e209591dcd06337bd224075fa021913b0be899a86fd5dad27576ee5d155dd09
3,famous_le_100m,7,0.42857142857142855,0.7857142857142857,7,osl_siamese_cnn,2e209591dcd06337bd224075fa021913b0be899a86fd5dad27576ee5d155dd09
3,famous_le_100m,8,0.6428571428571429,0.5714285714285714,7,osl_siamese_cnn,2e209591dcd06337bd224075fa021913b0be899a86fd5dad27576ee5d155dd09
3,famous_le_100m,9,0.7857142857142857,0.7142857142857143,7,osl_siamese_cnn,2e209591dcd06337bd224075fa021913b0be899a86fd5dad27576ee5d155dd09
3,famous_le_100m,10,0.8571428571428571,0.7857142857142857,7,osl_siamese_cnn,2e209591dcd06337bd224075fa021913b0be899a86fd5dad27576ee5d155dd09
3,famous_le_100m,11,0.8571428571428571,0.8571428571428571,7,osl_siamese_cnn,2e209591dcd06337bd224075fa021913b0be899a86fd5dad27576ee5d155dd09
3,famous_le_100m,12,0.8571428571428571,0.9285714285714286,7,osl_siamese_cnn,2e209591dcd06337bd224075fa021913b0be899a86fd5dad27576ee5d155dd09
3,famous_le_100m,13,0.8571428571428571,0.9285714285714286,7,osl_siamese_cnn,2e209591dcd06337bd224075fa021913b0be899a86fd5dad27576ee5d155dd09
3,famous_le_100m,14,0.9285714285714286,0.9285714285714286,7,osl_siamese_cnn,2e209591dcd06337bd224075fa021913b0be899a86fd5dad27576ee5d155dd09
3,famous_le_100m,15,0.9285714285714286,0.9285714285714286,7,osl_siamese_cnn,2e209591dcd06337bd224075fa021913b0be899a86fd5dad27576ee5d155dd09
3,famous_le_100m,16,0.9285714285714286,0.9285714285714286,7,osl_siamese_cnn,2e209591dcd06337bd224075fa021913b0be899a86fd5dad27576ee5d155dd09
3,famous_le_100m,17,0.9285714285714286,0.9285714285714286,7,osl_siamese_cnn,2e209591dcd06337bd224075fa021913b0be899a86fd5dad27576ee5d155dd09
3,famous_le_100m,18,1.0,0.9285714285714286,7,osl_siamese_cnn,2e209591dcd06337bd224075fa021913b0be899a86fd5dad27576ee5d155dd09
3,famous_le_100m,19,1.0,0.9285714285714286,7,osl_siamese_cnn,2e209591dcd06337bd224075fa021913b0be899a86fd5dad27576ee5d155dd09
3,famous_le_100m,20,1.0,1.0,7,osl_siamese_cnn,2e209591dcd06337bd224075fa021913b0be899a86fd5dad27576ee5d155dd09
3,famous_le_100m,21,1.0,1.0,7,osl_siamese_cnn,2e209591dcd06337bd224075fa021913b0be899a86fd5dad27576ee5d155dd09
3,famous_le_100m,22,1.0,1.0,7,osl_siamese_cnn,2e209591dcd06337bd224075fa021913b0be899a86fd5dad27576ee5d155dd09
3,famous_le_100m,23,1.0,1.0,7,osl_siamese_cnn,2e209591dcd06337bd224075fa021913b0be899a86fd5dad27576ee5d155dd09
4,torch_pretrained_classification,0,0.975,0.525,7,osl_siamese_cnn,2244ff4d31b68d2bc4ab3bf5dd2584c984aefcf5b843a0b2eda42e077be5d566
4,famous_le_10m,0,1.0,0.2,7,osl_siamese_cnn,2244ff4d31b68d2bc4ab3bf5dd2584c984aefcf5b843a0b2eda42e077be5d566
4,famous_le_10m,1,0.0,0.8,7,osl_siamese_cnn,2244ff4d31b68d2bc4ab3bf5dd2584c984aefcf5b843a0b2eda42e077be5d566
4,famous_le_10m,2,0.0,0.8,7,osl_siamese_cnn,2244ff4d31b68d2bc4ab3bf5dd2584c984aefcf5b843a0b2eda42e077be5d566
4,famous_le_10m,3,0.0,1.0,7,osl_siamese_cnn,2244ff4d31b68d2bc4ab3bf5dd2584c984aefcf5b843a0b2eda42e077be5d566
4,famous_le_10m,4,0.0,0.4,7,osl_siamese_cnn,2244ff4d31b68d2bc4ab3bf5dd2584c984aefcf5b843a0b2eda42e077be5d566
4,famous_le_10m,5,0.0,0.2,7,osl_siamese_cnn,2244ff4d31b68d2bc4ab3bf5dd2584c984aefcf5b843a0b2eda42e077be5d566
4,famous_le_10m,6,0.2,0.0,7,osl_siamese_cnn,2244ff4d31b68d2bc4ab3bf5dd2584c984aefcf5b843a0b2eda42e077be5d566
4,famous_le_10m,7,0.4,0.2,7,osl_siamese_cnn,2244ff4d31b68d2bc4ab3bf5dd2584c984aefcf5b843a0b2eda42e077be5d566
4,famous_le_10m,8,1.0,1.0,7,osl_siamese_cnn,2244ff4d31b68d2bc4ab3bf5dd2584c984aefcf5b843a0b2eda42e077be5d566
4,famous_le_10m,9,1.0,0.4,7,osl_siamese_cnn,2244ff4d31b68d2bc4ab3bf5dd2584c984aefcf5b843a0b2eda42e077be5d566
4,famous_le_10m,10,1.0,0.4,7,osl_siamese_cnn,2244ff4d31b68d2bc4ab3bf5dd2584c984aefcf5b843a0b2eda42e077be5d566
4,famous_le_10m,11,1.0,0.2,7,osl_siamese_cnn,2244ff4d31b68d2bc4ab3bf5dd2584c984aefcf5b843a0b2eda42e077be5d566
4,famous_le_10m,12,1.0,0.4,7,osl_siamese_cnn,2244ff4d31b68d2bc4ab3bf5dd2584c984aefcf5b843a0b2eda42e077be5d566
4,famous_le_10m,13,1.0,0.0,7,osl_siamese_cnn,2244ff4d31b68d2bc4ab3bf5dd2584c984aefcf5b843a0b2eda42e077be5d566
4,famous_le_10m,14,1.0,0.0,7,osl_siamese_cnn,2244ff4d31b68d2bc4ab3bf5dd2584c984aefcf5b843a0b2eda42e077be5d566
4,famous_le_10m,15,0.4,0.0,7,osl_siamese_cnn,2244ff4d31b68d2bc4ab3bf5dd2584c984aefcf5b843a0b2eda42e077be5d566
4,famous_le_10m,16,0.2,0.4,7,osl_siamese_cnn,2244ff4d31b68d2bc4ab3bf5dd2584c984aefcf5b843a0b2eda42e077be5d566
4,famous_le_10m,17,0.0,0.2,7,osl_siamese_cnn,2244ff4d31b68d2bc4ab3bf5dd2584c984aefcf5b843a0b2eda42e077be5d566
4,famous_le_10m,18,0.0,0.0,7,osl_siamese_cnn,2244ff4d31b68d2bc4ab3bf5dd2584c984aefcf5b843a0b2eda42e077be5d566
4,famous_le_10m,19,0.4,0.0,7,osl_siamese_cnn,2244ff4d31b68d2bc4ab3bf5dd2584c984aefcf5b843a0b2eda42e077be5d566
4,famous_le_10m,20,0.0,0.0,7,osl_siamese_cnn,2244ff4d31b68d2bc4ab3bf5dd2584c984aefcf5b843a0b2eda42e077be5d566
4,famous_le_10m,21,0.6,0.2,7,osl_siamese_cnn,2244ff4d31b68d2bc4ab3bf5dd2584c984aefcf5b843a0b2eda42e077be5d566
4,famous_le_10m,22,0.6,0.2,7,osl_siamese_cnn,2244ff4d31b68d2bc4ab3bf5dd2584c984aefcf5b843a0b2eda42e077be5d566
4,famous_le_10m,23,0.6,0.2,7,osl_siamese_cnn,2244ff4d31b68d2bc4ab3bf5dd2584c984aefcf5b843a0b2eda42e077be5d566
4,famous_le_100m,0,1.0,0.5,7,osl_siamese_cnn,2244ff4d31b68d2bc4ab3bf5dd2584c984aefcf5b843a0b2eda42e077be5d566
4,famous_le_100m,1,0.0,0.5,7,osl_siamese_cnn,2244ff4d31b68d2bc4ab3bf5dd2584c984aefcf5b843a0b2eda42e077be5d566
4,famous_le_100m,2,0.0,0.5,7,osl_siamese_cnn,2244ff4d31b68d2bc4ab3bf5dd2584c984aefcf5b843a0b2eda42e077be5d566
4,famous_le_100m,3,0.0,0.5,7,osl_siamese_cnn,2244ff4d31b68d2bc4ab3bf5dd2584c984aefcf5b843a0b2eda42e077be5d566
4,famous_le_100m,4,0.0,0.2857142857142857,7,osl_siamese_cnn,2244ff4d31b68d2bc4ab3bf5dd2584c984aefcf5b843a0b2eda42e077be5d566
4,famous_le_100m,5,0.0,0.2857142857142857,7,osl_siamese_cnn,2244ff4d31b68d2bc4ab3bf5dd2584c984aefcf5b843a0b2eda42e077be5d566
4,famous_le_100m,6,0.21428571428571427,0.2857142857142857,7,osl_siamese_cnn,2244ff4d31b68d2bc4ab3bf5dd2584c984aefcf5b843a0b2eda42e077be5d566
4,famous_le_100m,7,0.42857142857142855,0.5,7,osl_siamese_cnn,2244ff4d31b68d2bc4ab3bf5dd2584c984aefcf5b843a0b2eda42e077be5d566
4,famous_le_100m,8,0.5,0.7857142857142857,7,osl_siamese_cnn,2244ff4d31b68d2bc4ab3bf5dd2584c984aefcf5b843a0b2eda42e077be5d566
4,famous_le_100m,9,0.6428571428571429,0.5714285714285714,7,osl_siamese_cnn,2244ff4d31b68d2bc4ab3bf5dd2584c984aefcf5b843a0b2eda42e077be5d566
4,famous_le_100m,10,0.7142857142857143,0.5714285714285714,7,osl_siamese_cnn,2244ff4d31b68d2bc4ab3bf5dd2584c984aefcf5b843a0b2eda42e077be5d566
4,famous_le_100m,11,0.8571428571428571,0.7857142857142857,7,osl_siamese_cnn,2244ff4d31b68d2bc4ab3bf5dd2584c984aefcf5b843a0b2eda42e077be5d566
4,famous_le_100m,12,0.8571428571428571,0.7142857142857143,7,osl_siamese_cnn,2244ff4d31b68d2bc4ab3bf5dd2584c984aefcf5b843a0b2eda42e077be5d566
4,famous_le_100m,13,0.8571428571428571,0.7142857142857143,7,osl_siamese_cnn,2244ff4d31b68d2bc4ab3bf5dd2584c984aefcf5b843a0b2eda42e077be5d566
4,famous_le_100m,14,0.8571428571428571,0.8571428571428571,7,osl_siamese_cnn,2244ff4d31b68d2bc4ab3bf5dd2584c984aefcf5b843a0b2eda42e077be5d566
4,famous_le_100m,15,0.9285714285714286,0.9285714285714286,7,osl_siamese_cnn,2244ff4d31b68d2bc4ab3bf5dd2584c984aefcf5b843a0b2eda42e077be5d566
4,famous_le_100m,16,0.9285714285714286,0.8571428571428571,7,osl_siamese_cnn,2244ff4d31b68d2bc4ab3bf5dd2584c984aefcf5b843a0b2eda42e077be5d566
4,famous_le_100m,17,0.9285714285714286,0.8571428571428571,7,osl_siamese_cnn,2244ff4d31b68d2bc4ab3bf5dd2584c984aefcf5b843a0b2eda42e077be5d566
4,famous_le_100m,18,0.9285714285714286,0.8571428571428571,7,osl_siamese_cnn,2244ff4d31b68d2bc4ab3bf5dd2584c984aefcf5b843a0b2eda42e077be5d566
4,famous_le_100m,19,1.0,0.9285714285714286,7,osl_siamese_cnn,2244ff4d31b68d2bc4ab3bf5dd2584c984aefcf5b843a0b2eda42e077be5d566
4,famous_le_100m,20,1.0,0.9285714285714286,7,osl_siamese_cnn,2244ff4d31b68d2bc4ab3bf5dd2584c984aefcf5b843a0b2eda42e077be5d566
4,famous_le_100m,21,0.9285714285714286,0.8571428571428571,7,osl_siamese_cnn,2244ff4d31b68d2bc4ab3bf5dd2584c984aefcf5b843a0b2eda42e077be5d566
4,famous_le_100m,22,1.0,0.8571428571428571,7,osl_siamese_cnn,2244ff4d31b68d2bc4ab3bf5dd2584c984aefcf5b843a0b2eda42e077be5d566
4,famous_le_100m,23,1.0,0.7142857142857143,7,osl_siamese_cnn,2244ff4d31b68d2bc4ab3bf5dd2584c984aefcf5b843a0b2eda42e077be5d566
0,torch_pretrained_classification,0,0.9625,0.65,8,osl_siamese_cnn,7f165a00f680739170f1beb4c18bb04484610e4521c00942d5445e85d97aefd7
0,famous_le_10m,0,1.0,0.8,8,osl_siamese_cnn,7f165a00f680739170f1beb4c18bb04484610e4521c00942d5445e85d97aefd7
0,famous_le_10m,1,0.0,0.2,8,osl_siamese_cnn,7f165a00f680739170f1beb4c18bb04484610e4521c00942d5445e85d97aefd7
0,famous_le_10m,2,0.0,0.2,8,osl_siamese_cnn,7f165a00f680739170f1beb4c18bb04484610e4521c00942d5445e85d97aefd7
0,famous_le_10m,3,0.0,0.2,8,osl_siamese_cnn,7f165a00f680739170f1beb4c18bb04484610e4521c00942d5445e85d97aefd7
0,famous_le_10m,4,0.0,0.4,8,osl_siamese_cnn,7f165a00f680739170f1beb4c18bb04484610e4521c00942d5445e85d97aefd7
0,famous_le_10m,5,0.0,1.0,8,osl_siamese_cnn,7f165a00f680739170f1beb4c18bb04484610e4521c00942d5445e85d97aefd7
0,famous_le_10m,6,0.2,1.0,8,osl_siamese_cnn,7f165a00f680739170f1beb4c18bb04484610e4521c00942d5445e85d97aefd7
0,famous_le_10m,7,1.0,1.0,8,osl_siamese_cnn,7f165a00f680739170f1beb4c18bb04484610e4521c00942d5445e85d97aefd7
0,famous_le_10m,8,1.0,1.0,8,osl_siamese_cnn,7f165a00f680739170f1beb4c18bb04484610e4521c00942d5445e85d97aefd7
0,famous_le_10m,9,1.0,1.0,8,osl_siamese_cnn,7f165a00f680739170f1beb4c18bb04484610e4521c00942d5445e85d97aefd7
0,famous_le_10m,10,1.0,1.0,8,osl_siamese_cnn,7f165a00f680739170f1beb4c18bb04484610e4521c00942d5445e85d97aefd7
0,famous_le_10m,11,1.0,1.0,8,osl_siamese_cnn,7f165a00f680739170f1beb4c18bb04484610e4521c00942d5445e85d97aefd7
0,famous_le_10m,12,1.0,1.0,8,osl_siamese_cnn,7f165a00f680739170f1beb4c18bb04484610e4521c00942d5445e85d97aefd7
0,famous_le_10m,13,1.0,1.0,8,osl_siamese_cnn,7f165a00f680739170f1beb4c18bb04484610e4521c00942d5445e85d97aefd7
0,famous_le_10m,14,1.0,1.0,8,osl_siamese_cnn,7f165a00f680739170f1beb4c18bb04484610e4521c00942d5445e85d97aefd7
0,famous_le_10m,15,1.0,1.0,8,osl_siamese_cnn,7f165a00f680739170f1beb4c18bb04484610e4521c00942d5445e85d97aefd7
0,famous_le_10m,16,1.0,1.0,8,osl_siamese_cnn,7f165a00f680739170f1beb4c18bb04484610e4521c00942d5445e85d97aefd7
0,famous_le_10m,17,1.0,1.0,8,osl_siamese_cnn,7f165a00f680739170f1beb4c18bb04484610e4521c00942d5445e85d97aefd7
0,famous_le_10m,18,1.0,1.0,8,osl_siamese_cnn,7f165a00f680739170f1beb4c18bb04484610e4521c00942d5445e85d97aefd7
0,famous_le_10m,19,1.0,1.0,8,osl_siamese_cnn,7f165a00f680739170f1beb4c18bb04484610e4521c00942d5445e85d97aefd7
0,famous_le_10m,20,1.0,1.0,8,osl_siamese_cnn,7f165a00f680739170f1beb4c18bb04484610e4521c00942d5445e85d97aefd7
0,famous_le_10m,21,1.0,1.0,8,osl_siamese_cnn,7f165a00f680739170f1beb4c18bb04484610e4521c00942d5445e85d97aefd7
0,famous_le_10m,22,1.0,1.0,8,osl_siamese_cnn,7f165a00f680739170f1beb4c18bb04484610e4521c00942d5445e85d97aefd7
0,famous_le_10m,23,1.0,1.0,8,osl_siamese_cnn,7f165a00f680739170f1beb4c18bb04484610e4521c00942d5445e85d97aefd7
0,famous_le_100m,0,0.9285714285714286,0.7142857142857143,8,osl_siamese_cnn,7f165a00f680739170f1beb4c18bb04484610e4521c00942d5445e85d97aefd7
0,famous_le_100m,1,0.07142857142857142,0.2857142857142857,8,osl_siamese_cnn,7f165a00f680739170f1beb4c18bb04484610e4521c00942d5445e85d97aefd7
0,famous_le_100m,2,0.07142857142857142,0.21428571428571427,8,osl_siamese_cnn,7f165a00f680739170f1beb4c18bb04484610e4521c00942d5445e85d97aefd7
0,famous_le_100m,3,0.07142857142857142,0.21428571428571427,8,osl_siamese_cnn,7f165a00f680739170f1beb4c18bb04484610e4521c00942d5445e85d97aefd7
0,famous_le_100m,4,0.07142857142857142,0.21428571428571427,8,osl_siamese_cnn,7f165a00f680739170f1beb4c18bb04484610e4521c00942d5445e85d97aefd7
0,famous_le_100m,5,0.07142857142857142,0.21428571428571427,8,osl_siamese_cnn,7f165a00f680739170f1beb4c18bb04484610e4521c00942d5445e85d97aefd7
0,famous_le_100m,6,0.07142857142857142,0.35714285714285715,8,osl_siamese_cnn,7f165a00f680739170f1beb4c18bb04484610e4521c00942d5445e85d97aefd7
0,famous_le_100m,7,0.21428571428571427,0.6428571428571429,8,osl_siamese_cnn,7f165a00f680739170f1beb4c18bb04484610e4521c00942d5445e85d97aefd7
0,famous_le_100m,8,0.42857142857142855,0.7857142857142857,8,osl_siamese_cnn,7f165a00f680739170f1beb4c18bb04484610e4521c00942d5445e85d97aefd7
0,famous_le_100m,9,0.42857142857142855,0.7857142857142857,8,osl_siamese_cnn,7f165a00f680739170f1beb4c18bb04484610e4521c00942d5445e85d97aefd7
0,famous_le_100m,10,0.5,0.8571428571428571,8,osl_siamese_cnn,7f165a00f680739170f1beb4c18bb04484610e4521c00942d5445e85d97aefd7
0,famous_le_100m,11,0.6428571428571429,0.9285714285714286,8,osl_siamese_cnn,7f165a00f680739170f1beb4c18bb04484610e4521c00942d5445e85d97aefd7
0,famous_le_100m,12,0.7857142857142857,0.9285714285714286,8,osl_siamese_cnn,7f165a00f680739170f1beb4c18bb04484610e4521c00942d5445e85d97aefd7
0,famous_le_100m,13,0.7857142857142857,0.9285714285714286,8,osl_siamese_cnn,7f165a00f680739170f1beb4c18bb04484610e4521c00942d5445e85d97aefd7
0,famous_le_100m,14,0.8571428571428571,0.9285714285714286,8,osl_siamese_cnn,7f165a00f680739170f1beb4c18bb04484610e4521c00942d5445e85d97aefd7
0,famous_le_100m,15,0.8571428571428571,0.9285714285714286,8,osl_siamese_cnn,7f165a00f680739170f1beb4c18bb04484610e4521c00942d5445e85d97aefd7
0,famous_le_100m,16,0.8571428571428571,0.9285714285714286,8,osl_siamese_cnn,7f165a00f680739170f1beb4c18bb04484610e4521c00942d5445e85d97aefd7
0,famous_le_100m,17,0.9285714285714286,1.0,8,osl_siamese_cnn,7f165a00f680739170f1beb4c18bb04484610e4521c00942d5445e85d97aefd7
0,famous_le_100m,18,0.9285714285714286,1.0,8,osl_siamese_cnn,7f165a00f680739170f1beb4c18bb04484610e4521c00942d5445e85d97aefd7
0,famous_le_100m,19,0.9285714285714286,1.0,8,osl_siamese_cnn,7f165a00f680739170f1beb4c18bb04484610e4521c00942d5445e85d97aefd7
0,famous_le_100m,20,0.9285714285714286,1.0,8,osl_siamese_cnn,7f165a00f680739170f1beb4c18bb04484610e4521c00942d5445e85d97aefd7
0,famous_le_100m,21,1.0,1.0,8,osl_siamese_cnn,7f165a00f680739170f1beb4c18bb04484610e4521c00942d5445e85d97aefd7
0,famous_le_100m,22,1.0,1.0,8,osl_siamese_cnn,7f165a00f680739170f1beb4c18bb04484610e4521c00942d5445e85d97aefd7
0,famous_le_100m,23,1.0,1.0,8,osl_siamese_cnn,7f165a00f680739170f1beb4c18bb04484610e4521c00942d5445e85d97aefd7
1,torch_pretrained_classification,0,0.7625,0.5625,8,osl_siamese_cnn,b793a45178941bc1dfe5bab7a66c2be36a332fd6dc01ad0d36791a19bc6abdc9
1,famous_le_10m,0,1.0,0.8,8,osl_siamese_cnn,b793a45178941bc1dfe5bab7a66c2be36a332fd6dc01ad0d36791a19bc6abdc9
1,famous_le_10m,1,0.0,0.2,8,osl_siamese_cnn,b793a45178941bc1dfe5bab7a66c2be36a332fd6dc01ad0d36791a19bc6abdc9
1,famous_le_10m,2,0.0,0.2,8,osl_siamese_cnn,b793a45178941bc1dfe5bab7a66c2be36a332fd6dc01ad0d36791a19bc6abdc9
1,famous_le_10m,3,0.0,0.2,8,osl_siamese_cnn,b793a45178941bc1dfe5bab7a66c2be36a332fd6dc01ad0d36791a19bc6abdc9
1,famous_le_10m,4,0.0,0.0,8,osl_siamese_cnn,b793a45178941bc1dfe5bab7a66c2be36a332fd6dc01ad0d36791a19bc6abdc9
1,famous_le_10m,5,0.0,0.4,8,osl_siamese_cnn,b793a45178941bc1dfe5bab7a66c2be36a332fd6dc01ad0d36791a19bc6abdc9
1,famous_le_10m,6,0.0,0.6,8,osl_siamese_cnn,b793a45178941bc1dfe5bab7a66c2be36a332fd6dc01ad0d36791a19bc6abdc9
1,famous_le_10m,7,0.0,0.8,8,osl_siamese_cnn,b793a45178941bc1dfe5bab7a66c2be36a332fd6dc01ad0d36791a19bc6abdc9
1,famous_le_10m,8,0.0,1.0,8,osl_siamese_cnn,b793a45178941bc1dfe5bab7a66c2be36a332fd6dc01ad0d36791a19bc6abdc9
1,famous_le_10m,9,0.0,1.0,8,osl_siamese_cnn,b793a45178941bc1dfe5bab7a66c2be36a332fd6dc01ad0d36791a19bc6abdc9
1,famous_le_10m,10,0.0,1.0,8,osl_siamese_cnn,b793a45178941bc1dfe5bab7a66c2be36a332fd6dc01ad0d36791a19bc6abdc9
1,famous_le_10m,11,0.0,1.0,8,osl_siamese_cnn,b793a45178941bc1dfe5bab7a66c2be36a332fd6dc01ad0d36791a19bc6abdc9
1,famous_le_10m,12,0.0,1.0,8,osl_siamese_cnn,b793a45178941bc1dfe5bab7a66c2be36a332fd6dc01ad0d36791a19bc6abdc9
1,famous_le_10m,13,0.0,1.0,8,osl_siamese_cnn,b793a45178941bc1dfe5bab7a66c2be36a332fd6dc01ad0d36791a19bc6abdc9
1,famous_le_10m,14,0.0,1.0,8,osl_siamese_cnn,b793a45178941bc1dfe5bab7a66c2be36a332fd6dc01ad0d36791a19bc6abdc9
1,famous_le_10m,15,0.0,1.0,8,osl_siamese_cnn,b793a45178941bc1dfe5bab7a66c2be36a332fd6dc01ad0d36791a19bc6abdc9
1,famous_le_10m,16,0.0,1.0,8,osl_siamese_cnn,b793a45178941bc1dfe5bab7a66c2be36a332fd6dc01ad0d36791a19bc6abdc9
1,famous_le_10m,17,0.0,1.0,8,osl_siamese_cnn,b793a45178941bc1dfe5bab7a66c2be36a332fd6dc01ad0d36791a19bc6abdc9
1,famous_le_10m,18,0.0,1.0,8,osl_siamese_cnn,b793a45178941bc1dfe5bab7a66c2be36a332fd6dc01ad0d36791a19bc6abdc9
1,famous_le_10m,19,0.0,1.0,8,osl_siamese_cnn,b793a45178941bc1dfe5bab7a66c2be36a332fd6dc01ad0d36791a19bc6abdc9
1,famous_le_10m,20,0.0,1.0,8,osl_siamese_cnn,b793a45178941bc1dfe5bab7a66c2be36a332fd6dc01ad0d36791a19bc6abdc9
1,famous_le_10m,21,0.0,1.0,8,osl_siamese_cnn,b793a45178941bc1dfe5bab7a66c2be36a332fd6dc01ad0d36791a19bc6abdc9
1,famous_le_10m,22,0.0,1.0,8,osl_siamese_cnn,b793a45178941bc1dfe5bab7a66c2be36a332fd6dc01ad0d36791a19bc6abdc9
1,famous_le_10m,23,0.0,1.0,8,osl_siamese_cnn,b793a45178941bc1dfe5bab7a66c2be36a332fd6dc01ad0d36791a19bc6abdc9
1,famous_le_100m,0,0.8571428571428571,0.7142857142857143,8,osl_siamese_cnn,b793a45178941bc1dfe5bab7a66c2be36a332fd6dc01ad0d36791a19bc6abdc9
1,famous_le_100m,1,0.14285714285714285,0.2857142857142857,8,osl_siamese_cnn,b793a45178941bc1dfe5bab7a66c2be36a332fd6dc01ad0d36791a19bc6abdc9
1,famous_le_100m,2,0.14285714285714285,0.2857142857142857,8,osl_siamese_cnn,b793a45178941bc1dfe5bab7a66c2be36a332fd6dc01ad0d36791a19bc6abdc9
1,famous_le_100m,3,0.14285714285714285,0.2857142857142857,8,osl_siamese_cnn,b793a45178941bc1dfe5bab7a66c2be36a332fd6dc01ad0d36791a19bc6abdc9
1,famous_le_100m,4,0.14285714285714285,0.35714285714285715,8,osl_siamese_cnn,b793a45178941bc1dfe5bab7a66c2be36a332fd6dc01ad0d36791a19bc6abdc9
1,famous_le_100m,5,0.2857142857142857,0.35714285714285715,8,osl_siamese_cnn,b793a45178941bc1dfe5bab7a66c2be36a332fd6dc01ad0d36791a19bc6abdc9
1,famous_le_100m,6,0.42857142857142855,0.35714285714285715,8,osl_siamese_cnn,b793a45178941bc1dfe5bab7a66c2be36a332fd6dc01ad0d36791a19bc6abdc9
1,famous_le_100m,7,0.42857142857142855,0.2857142857142857,8,osl_siamese_cnn,b793a45178941bc1dfe5bab7a66c2be36a332fd6dc01ad0d36791a19bc6abdc9
1,famous_le_100m,8,0.5,0.5714285714285714,8,osl_siamese_cnn,b793a45178941bc1dfe5bab7a66c2be36a332fd6dc01ad0d36791a19bc6abdc9
1,famous_le_100m,9,0.5714285714285714,0.5714285714285714,8,osl_siamese_cnn,b793a45178941bc1dfe5bab7a66c2be36a332fd6dc01ad0d36791a19bc6abdc9
1,famous_le_100m,10,0.5714285714285714,0.5,8,osl_siamese_cnn,b793a45178941bc1dfe5bab7a66c2be36a332fd6dc01ad0d36791a19bc6abdc9
1,famous_le_100m,11,0.5714285714285714,0.42857142857142855,8,osl_siamese_cnn,b793a45178941bc1dfe5bab7a66c2be36a332fd6dc01ad0d36791a19bc6abdc9
1,famous_le_100m,12,0.5714285714285714,0.5,8,osl_siamese_cnn,b793a45178941bc1dfe5bab7a66c2be36a332fd6dc01ad0d36791a19bc6abdc9
1,famous_le_100m,13,0.6428571428571429,0.5714285714285714,8,osl_siamese_cnn,b793a45178941bc1dfe5bab7a66c2be36a332fd6dc01ad0d36791a19bc6abdc9
1,famous_le_100m,14,0.5714285714285714,0.5714285714285714,8,osl_siamese_cnn,b793a45178941bc1dfe5bab7a66c2be36a332fd6dc01ad0d36791a19bc6abdc9
1,famous_le_100m,15,0.5,0.7142857142857143,8,osl_siamese_cnn,b793a45178941bc1dfe5bab7a66c2be36a332fd6dc01ad0d36791a19bc6abdc9
1,famous_le_100m,16,0.5,0.8571428571428571,8,osl_siamese_cnn,b793a45178941bc1dfe5bab7a66c2be36a332fd6dc01ad0d36791a19bc6abdc9
1,famous_le_100m,17,0.5,0.8571428571428571,8,osl_siamese_cnn,b793a45178941bc1dfe5bab7a66c2be36a332fd6dc01ad0d36791a19bc6abdc9
1,famous_le_100m,18,0.42857142857142855,0.7857142857142857,8,osl_siamese_cnn,b793a45178941bc1dfe5bab7a66c2be36a332fd6dc01ad0d36791a19bc6abdc9
1,famous_le_100m,19,0.35714285714285715,0.7142857142857143,8,osl_siamese_cnn,b793a45178941bc1dfe5bab7a66c2be36a332fd6dc01ad0d36791a19bc6abdc9
1,famous_le_100m,20,0.2857142857142857,0.5714285714285714,8,osl_siamese_cnn,b793a45178941bc1dfe5bab7a66c2be36a332fd6dc01ad0d36791a19bc6abdc9
1,famous_le_100m,21,0.14285714285714285,0.7142857142857143,8,osl_siamese_cnn,b793a45178941bc1dfe5bab7a66c2be36a332fd6dc01ad0d36791a19bc6abdc9
1,famous_le_100m,22,0.07142857142857142,0.8571428571428571,8,osl_siamese_cnn,b793a45178941bc1dfe5bab7a66c2be36a332fd6dc01ad0d36791a19bc6abdc9
1,famous_le_100m,23,0.0,1.0,8,osl_siamese_cnn,b793a45178941bc1dfe5bab7a66c2be36a332fd6dc01ad0d36791a19bc6abdc9
2,torch_pretrained_classification,0,0.975,0.6375,8,osl_siamese_cnn,5798f596eea2019b88ad9b989da7685f55598b4966f50aa6c1aea4d33a92f79b
2,famous_le_10m,0,1.0,0.8,8,osl_siamese_cnn,5798f596eea2019b88ad9b989da7685f55598b4966f50aa6c1aea4d33a92f79b
2,famous_le_10m,1,0.0,0.2,8,osl_siamese_cnn,5798f596eea2019b88ad9b989da7685f55598b4966f50aa6c1aea4d33a92f79b
2,famous_le_10m,2,0.0,0.4,8,osl_siamese_cnn,5798f596eea2019b88ad9b989da7685f55598b4966f50aa6c1aea4d33a92f79b
2,famous_le_10m,3,0.0,0.6,8,osl_siamese_cnn,5798f596eea2019b88ad9b989da7685f55598b4966f50aa6c1aea4d33a92f79b
2,famous_le_10m,4,0.0,1.0,8,osl_siamese_cnn,5798f596eea2019b88ad9b989da7685f55598b4966f50aa6c1aea4d33a92f79b
2,famous_le_10m,5,0.0,1.0,8,osl_siamese_cnn,5798f596eea2019b88ad9b989da7685f55598b4966f50aa6c1aea4d33a92f79b
2,famous_le_10m,6,0.0,1.0,8,osl_siamese_cnn,5798f596eea2019b88ad9b989da7685f55598b4966f50aa6c1aea4d33a92f79b
2,famous_le_10m,7,0.4,1.0,8,osl_siamese_cnn,5798f596eea2019b88ad9b989da7685f55598b4966f50aa6c1aea4d33a92f79b
2,famous_le_10m,8,1.0,1.0,8,osl_siamese_cnn,5798f596eea2019b88ad9b989da7685f55598b4966f50aa6c1aea4d33a92f79b
2,famous_le_10m,9,1.0,1.0,8,osl_siamese_cnn,5798f596eea2019b88ad9b989da7685f55598b4966f50aa6c1aea4d33a92f79b
2,famous_le_10m,10,1.0,1.0,8,osl_siamese_cnn,5798f596eea2019b88ad9b989da7685f55598b4966f50aa6c1aea4d33a92f79b
2,famous_le_10m,11,1.0,1.0,8,osl_siamese_cnn,5798f596eea2019b88ad9b989da7685f55598b4966f50aa6c1aea4d33a92f79b
2,famous_le_10m,12,1.0,1.0,8,osl_siamese_cnn,5798f596eea2019b88ad9b989da7685f55598b4966f50aa6c1aea4d33a92f79b
2,famous_le_10m,13,1.0,1.0,8,osl_siamese_cnn,5798f596eea2019b88ad9b989da7685f55598b4966f50aa6c1aea4d33a92f79b
2,famous_le_10m,14,1.0,1.0,8,osl_siamese_cnn,5798f596eea2019b88ad9b989da7685f55598b4966f50aa6c1aea4d33a92f79b
2,famous_le_10m,15,1.0,1.0,8,osl_siamese_cnn,5798f596eea2019b88ad9b989da7685f55598b4966f50aa6c1aea4d33a92f79b
2,famous_le_10m,16,1.0,1.0,8,osl_siamese_cnn,5798f596eea2019b88ad9b989da7685f55598b4966f50aa6c1aea4d33a92f79b
2,famous_le_10m,17,1.0,1.0,8,osl_siamese_cnn,5798f596eea2019b88ad9b989da7685f55598b4966f50aa6c1aea4d33a92f79b
2,famous_le_10m,18,1.0,1.0,8,osl_siamese_cnn,5798f596eea2019b88ad9b989da7685f55598b4966f50aa6c1aea4d33a92f79b
2,famous_le_10m,19,1.0,1.0,8,osl_siamese_cnn,5798f596eea2019b88ad9b989da7685f55598b4966f50aa6c1aea4d33a92f79b
2,famous_le_10m,20,1.0,1.0,8,osl_siamese_cnn,5798f596eea2019b88ad9b989da7685f55598b4966f50aa6c1aea4d33a92f79b
2,famous_le_10m,21,1.0,1.0,8,osl_siamese_cnn,5798f596eea2019b88ad9b989da7685f55598b4966f50aa6c1aea4d33a92f79b
2,famous_le_10m,22,1.0,1.0,8,osl_siamese_cnn,5798f596eea2019b88ad9b989da7685f55598b4966f50aa6c1aea4d33a92f79b
2,famous_le_10m,23,1.0,1.0,8,osl_siamese_cnn,5798f596eea2019b88ad9b989da7685f55598b4966f50aa6c1aea4d33a92f79b
2,famous_le_100m,0,1.0,0.6428571428571429,8,osl_siamese_cnn,5798f596eea2019b88ad9b989da7685f55598b4966f50aa6c1aea4d33a92f79b
2,famous_le_100m,1,0.0,0.35714285714285715,8,osl_siamese_cnn,5798f596eea2019b88ad9b989da7685f55598b4966f50aa6c1aea4d33a92f79b
2,famous_le_100m,2,0.0,0.2857142857142857,8,osl_siamese_cnn,5798f596eea2019b88ad9b989da7685f55598b4966f50aa6c1aea4d33a92f79b
2,famous_le_100m,3,0.0,0.2857142857142857,8,osl_siamese_cnn,5798f596eea2019b88ad9b989da7685f55598b4966f50aa6c1aea4d33a92f79b
2,famous_le_100m,4,0.0,0.42857142857142855,8,osl_siamese_cnn,5798f596eea2019b88ad9b989da7685f55598b4966f50aa6c1aea4d33a92f79b
2,famous_le_100m,5,0.0,0.5,8,osl_siamese_cnn,5798f596eea2019b88ad9b989da7685f55598b4966f50aa6c1aea4d33a92f79b
2,famous_le_100m,6,0.0,0.5714285714285714,8,osl_siamese_cnn,5798f596eea2019b88ad9b989da7685f55598b4966f50aa6c1aea4d33a92f79b
2,famous_le_100m,7,0.2857142857142857,0.7857142857142857,8,osl_siamese_cnn,5798f596eea2019b88ad9b989da7685f55598b4966f50aa6c1aea4d33a92f79b
2,famous_le_100m,8,0.42857142857142855,0.8571428571428571,8,osl_siamese_cnn,5798f596eea2019b88ad9b989da7685f55598b4966f50aa6c1aea4d33a92f79b
2,famous_le_100m,9,0.5714285714285714,0.8571428571428571,8,osl_siamese_cnn,5798f596eea2019b88ad9b989da7685f55598b4966f50aa6c1aea4d33a92f79b
2,famous_le_100m,10,0.6428571428571429,0.9285714285714286,8,osl_siamese_cnn,5798f596eea2019b88ad9b989da7685f55598b4966f50aa6c1aea4d33a92f79b
2,famous_le_100m,11,0.7857142857142857,0.9285714285714286,8,osl_siamese_cnn,5798f596eea2019b88ad9b989da7685f55598b4966f50aa6c1aea4d33a92f79b
2,famous_le_100m,12,0.8571428571428571,0.9285714285714286,8,osl_siamese_cnn,5798f596eea2019b88ad9b989da7685f55598b4966f50aa6c1aea4d33a92f79b
2,famous_le_100m,13,0.8571428571428571,0.9285714285714286,8,osl_siamese_cnn,5798f596eea2019b88ad9b989da7685f55598b4966f50aa6c1aea4d33a92f79b
2,famous_le_100m,14,0.8571428571428571,0.9285714285714286,8,osl_siamese_cnn,5798f596eea2019b88ad9b989da7685f55598b4966f50aa6c1aea4d33a92f79b
2,famous_le_100m,15,0.9285714285714286,1.0,8,osl_siamese_cnn,5798f596eea2019b88ad9b989da7685f55598b4966f50aa6c1aea4d33a92f79b
2,famous_le_100m,16,0.9285714285714286,1.0,8,osl_siamese_cnn,5798f596eea2019b88ad9b989da7685f55598b4966f50aa6c1aea4d33a92f79b
2,famous_le_100m,17,0.9285714285714286,1.0,8,osl_siamese_cnn,5798f596eea2019b88ad9b989da7685f55598b4966f50aa6c1aea4d33a92f79b
2,famous_le_100m,18,0.9285714285714286,1.0,8,osl_siamese_cnn,5798f596eea2019b88ad9b989da7685f55598b4966f50aa6c1aea4d33a92f79b
2,famous_le_100m,19,1.0,1.0,8,osl_siamese_cnn,5798f596eea2019b88ad9b989da7685f55598b4966f50aa6c1aea4d33a92f79b
2,famous_le_100m,20,1.0,1.0,8,osl_siamese_cnn,5798f596eea2019b88ad9b989da7685f55598b4966f50aa6c1aea4d33a92f79b
2,famous_le_100m,21,1.0,1.0,8,osl_siamese_cnn,5798f596eea2019b88ad9b989da7685f55598b4966f50aa6c1aea4d33a92f79b
2,famous_le_100m,22,1.0,1.0,8,osl_siamese_cnn,5798f596eea2019b88ad9b989da7685f55598b4966f50aa6c1aea4d33a92f79b
2,famous_le_100m,23,1.0,1.0,8,osl_siamese_cnn,5798f596eea2019b88ad9b989da7685f55598b4966f50aa6c1aea4d33a92f79b
3,torch_pretrained_classification,0,0.975,0.5375,8,osl_siamese_cnn,1447d16606e12e490aad5fe0e18d9841c177a0b4c5ea23ff4965cbbe7fbd4120
3,famous_le_10m,0,1.0,0.6,8,osl_siamese_cnn,1447d16606e12e490aad5fe0e18d9841c177a0b4c5ea23ff4965cbbe7fbd4120
3,famous_le_10m,1,0.0,0.4,8,osl_siamese_cnn,1447d16606e12e490aad5fe0e18d9841c177a0b4c5ea23ff4965cbbe7fbd4120
3,famous_le_10m,2,0.0,0.0,8,osl_siamese_cnn,1447d16606e12e490aad5fe0e18d9841c177a0b4c5ea23ff4965cbbe7fbd4120
3,famous_le_10m,3,0.0,0.0,8,osl_siamese_cnn,1447d16606e12e490aad5fe0e18d9841c177a0b4c5ea23ff4965cbbe7fbd4120
3,famous_le_10m,4,0.0,0.0,8,osl_siamese_cnn,1447d16606e12e490aad5fe0e18d9841c177a0b4c5ea23ff4965cbbe7fbd4120
3,famous_le_10m,5,0.0,0.0,8,osl_siamese_cnn,1447d16606e12e490aad5fe0e18d9841c177a0b4c5ea23ff4965cbbe7fbd4120
3,famous_le_10m,6,0.0,0.0,8,osl_siamese_cnn,1447d16606e12e490aad5fe0e18d9841c177a0b4c5ea23ff4965cbbe7fbd4120
3,famous_le_10m,7,0.4,0.0,8,osl_siamese_cnn,1447d16606e12e490aad5fe0e18d9841c177a0b4c5ea23ff4965cbbe7fbd4120
3,famous_le_10m,8,1.0,1.0,8,osl_siamese_cnn,1447d16606e12e490aad5fe0e18d9841c177a0b4c5ea23ff4965cbbe7fbd4120
3,famous_le_10m,9,1.0,0.4,8,osl_siamese_cnn,1447d16606e12e490aad5fe0e18d9841c177a0b4c5ea23ff4965cbbe7fbd4120
3,famous_le_10m,10,1.0,0.4,8,osl_siamese_cnn,1447d16606e12e490aad5fe0e18d9841c177a0b4c5ea23ff4965cbbe7fbd4120
3,famous_le_10m,11,1.0,0.2,8,osl_siamese_cnn,1447d16606e12e490aad5fe0e18d9841c177a0b4c5ea23ff4965cbbe7fbd4120
3,famous_le_10m,12,1.0,0.4,8,osl_siamese_cnn,1447d16606e12e490aad5fe0e18d9841c177a0b4c5ea23ff4965cbbe7fbd4120
3,famous_le_10m,13,1.0,0.2,8,osl_siamese_cnn,1447d16606e12e490aad5fe0e18d9841c177a0b4c5ea23ff4965cbbe7fbd4120
3,famous_le_10m,14,1.0,0.2,8,osl_siamese_cnn,1447d16606e12e490aad5fe0e18d9841c177a0b4c5ea23ff4965cbbe7fbd4120
3,famous_le_10m,15,1.0,0.2,8,osl_siamese_cnn,1447d16606e12e490aad5fe0e18d9841c177a0b4c5ea23ff4965cbbe7fbd4120
3,famous_le_10m,16,1.0,1.0,8,osl_siamese_cnn,1447d16606e12e490aad5fe0e18d9841c177a0b4c5ea23ff4965cbbe7fbd4120
3,famous_le_10m,17,1.0,0.2,8,osl_siamese_cnn,1447d16606e12e490aad5fe0e18d9841c177a0b4c5ea23ff4965cbbe7fbd4120
3,famous_le_10m,18,1.0,0.6,8,osl_siamese_cnn,1447d16606e12e490aad5fe0e18d9841c177a0b4c5ea23ff4965cbbe7fbd4120
3,famous_le_10m,19,1.0,0.0,8,osl_siamese_cnn,1447d16606e12e490aad5fe0e18d9841c177a0b4c5ea23ff4965cbbe7fbd4120
3,famous_le_10m,20,1.0,0.4,8,osl_siamese_cnn,1447d16606e12e490aad5fe0e18d9841c177a0b4c5ea23ff4965cbbe7fbd4120
3,famous_le_10m,21,1.0,0.0,8,osl_siamese_cnn,1447d16606e12e490aad5fe0e18d9841c177a0b4c5ea23ff4965cbbe7fbd4120
3,famous_le_10m,22,1.0,0.4,8,osl_siamese_cnn,1447d16606e12e490aad5fe0e18d9841c177a0b4c5ea23ff4965cbbe7fbd4120
3,famous_le_10m,23,1.0,0.0,8,osl_siamese_cnn,1447d16606e12e490aad5fe0e18d9841c177a0b4c5ea23ff4965cbbe7fbd4120
3,famous_le_100m,0,1.0,0.8571428571428571,8,osl_siamese_cnn,1447d16606e12e490aad5fe0e18d9841c177a0b4c5ea23ff4965cbbe7fbd4120
3,famous_le_100m,1,0.0,0.14285714285714285,8,osl_siamese_cnn,1447d16606e12e490aad5fe0e18d9841c177a0b4c5ea23ff4965cbbe7fbd4120
3,famous_le_100m,2,0.0,0.14285714285714285,8,osl_siamese_cnn,1447d16606e12e490aad5fe0e18d9841c177a0b4c5ea23ff4965cbbe7fbd4120
3,famous_le_100m,3,0.0,0.21428571428571427,8,osl_siamese_cnn,1447d16606e12e490aad5fe0e18d9841c177a0b4c5ea23ff4965cbbe7fbd4120
3,famous_le_100m,4,0.0,0.21428571428571427,8,osl_siamese_cnn,1447d16606e12e490aad5fe0e18d9841c177a0b4c5ea23ff4965cbbe7fbd4120
3,famous_le_100m,5,0.0,0.21428571428571427,8,osl_siamese_cnn,1447d16606e12e490aad5fe0e18d9841c177a0b4c5ea23ff4965cbbe7fbd4120
3,famous_le_100m,6,0.0,0.21428571428571427,8,osl_siamese_cnn,1447d16606e12e490aad5fe0e18d9841c177a0b4c5ea23ff4965cbbe7fbd4120
3,famous_le_100m,7,0.2857142857142857,0.14285714285714285,8,osl_siamese_cnn,1447d16606e12e490aad5fe0e18d9841c177a0b4c5ea23ff4965cbbe7fbd4120
3,famous_le_100m,8,0.42857142857142855,0.42857142857142855,8,osl_siamese_cnn,1447d16606e12e490aad5fe0e18d9841c177a0b4c5ea23ff4965cbbe7fbd4120
3,famous_le_100m,9,0.42857142857142855,0.42857142857142855,8,osl_siamese_cnn,1447d16606e12e490aad5fe0e18d9841c177a0b4c5ea23ff4965cbbe7fbd4120
3,famous_le_100m,10,0.5714285714285714,0.5,8,osl_siamese_cnn,1447d16606e12e490aad5fe0e18d9841c177a0b4c5ea23ff4965cbbe7fbd4120
3,famous_le_100m,11,0.7142857142857143,0.42857142857142855,8,osl_siamese_cnn,1447d16606e12e490aad5fe0e18d9841c177a0b4c5ea23ff4965cbbe7fbd4120
3,famous_le_100m,12,0.8571428571428571,0.42857142857142855,8,osl_siamese_cnn,1447d16606e12e490aad5fe0e18d9841c177a0b4c5ea23ff4965cbbe7fbd4120
3,famous_le_100m,13,0.8571428571428571,0.5714285714285714,8,osl_siamese_cnn,1447d16606e12e490aad5fe0e18d9841c177a0b4c5ea23ff4965cbbe7fbd4120
3,famous_le_100m,14,0.8571428571428571,0.6428571428571429,8,osl_siamese_cnn,1447d16606e12e490aad5fe0e18d9841c177a0b4c5ea23ff4965cbbe7fbd4120
3,famous_le_100m,15,0.8571428571428571,0.8571428571428571,8,osl_siamese_cnn,1447d16606e12e490aad5fe0e18d9841c177a0b4c5ea23ff4965cbbe7fbd4120
3,famous_le_100m,16,0.8571428571428571,0.8571428571428571,8,osl_siamese_cnn,1447d16606e12e490aad5fe0e18d9841c177a0b4c5ea23ff4965cbbe7fbd4120
3,famous_le_100m,17,0.9285714285714286,0.8571428571428571,8,osl_siamese_cnn,1447d16606e12e490aad5fe0e18d9841c177a0b4c5ea23ff4965cbbe7fbd4120
3,famous_le_100m,18,0.9285714285714286,0.8571428571428571,8,osl_siamese_cnn,1447d16606e12e490aad5fe0e18d9841c177a0b4c5ea23ff4965cbbe7fbd4120
3,famous_le_100m,19,0.9285714285714286,0.8571428571428571,8,osl_siamese_cnn,1447d16606e12e490aad5fe0e18d9841c177a0b4c5ea23ff4965cbbe7fbd4120
3,famous_le_100m,20,0.9285714285714286,0.9285714285714286,8,osl_siamese_cnn,1447d16606e12e490aad5fe0e18d9841c177a0b4c5ea23ff4965cbbe7fbd4120
3,famous_le_100m,21,0.9285714285714286,0.9285714285714286,8,osl_siamese_cnn,1447d16606e12e490aad5fe0e18d9841c177a0b4c5ea23ff4965cbbe7fbd4120
3,famous_le_100m,22,1.0,0.9285714285714286,8,osl_siamese_cnn,1447d16606e12e490aad5fe0e18d9841c177a0b4c5ea23ff4965cbbe7fbd4120
3,famous_le_100m,23,1.0,1.0,8,osl_siamese_cnn,1447d16606e12e490aad5fe0e18d9841c177a0b4c5ea23ff4965cbbe7fbd4120
4,torch_pretrained_classification,0,0.975,0.7125,8,osl_siamese_cnn,ab6ee7de860068b3e955a862cc8cb8901adc3d797871acb7c0090283bf82401a
4,famous_le_10m,0,1.0,0.4,8,osl_siamese_cnn,ab6ee7de860068b3e955a862cc8cb8901adc3d797871acb7c0090283bf82401a
4,famous_le_10m,1,0.0,0.6,8,osl_siamese_cnn,ab6ee7de860068b3e955a862cc8cb8901adc3d797871acb7c0090283bf82401a
4,famous_le_10m,2,0.0,0.4,8,osl_siamese_cnn,ab6ee7de860068b3e955a862cc8cb8901adc3d797871acb7c0090283bf82401a
4,famous_le_10m,3,0.0,0.4,8,osl_siamese_cnn,ab6ee7de860068b3e955a862cc8cb8901adc3d797871acb7c0090283bf82401a
4,famous_le_10m,4,0.0,0.2,8,osl_siamese_cnn,ab6ee7de860068b3e955a862cc8cb8901adc3d797871acb7c0090283bf82401a
4,famous_le_10m,5,0.0,0.0,8,osl_siamese_cnn,ab6ee7de860068b3e955a862cc8cb8901adc3d797871acb7c0090283bf82401a
4,famous_le_10m,6,0.0,0.0,8,osl_siamese_cnn,ab6ee7de860068b3e955a862cc8cb8901adc3d797871acb7c0090283bf82401a
4,famous_le_10m,7,0.4,0.0,8,osl_siamese_cnn,ab6ee7de860068b3e955a862cc8cb8901adc3d797871acb7c0090283bf82401a
4,famous_le_10m,8,1.0,1.0,8,osl_siamese_cnn,ab6ee7de860068b3e955a862cc8cb8901adc3d797871acb7c0090283bf82401a
4,famous_le_10m,9,1.0,0.4,8,osl_siamese_cnn,ab6ee7de860068b3e955a862cc8cb8901adc3d797871acb7c0090283bf82401a
4,famous_le_10m,10,1.0,0.4,8,osl_siamese_cnn,ab6ee7de860068b3e955a862cc8cb8901adc3d797871acb7c0090283bf82401a
4,famous_le_10m,11,1.0,0.2,8,osl_siamese_cnn,ab6ee7de860068b3e955a862cc8cb8901adc3d797871acb7c0090283bf82401a
4,famous_le_10m,12,1.0,0.4,8,osl_siamese_cnn,ab6ee7de860068b3e955a862cc8cb8901adc3d797871acb7c0090283bf82401a
4,famous_le_10m,13,1.0,0.2,8,osl_siamese_cnn,ab6ee7de860068b3e955a862cc8cb8901adc3d797871acb7c0090283bf82401a
4,famous_le_10m,14,1.0,0.2,8,osl_siamese_cnn,ab6ee7de860068b3e955a862cc8cb8901adc3d797871acb7c0090283bf82401a
4,famous_le_10m,15,1.0,0.2,8,osl_siamese_cnn,ab6ee7de860068b3e955a862cc8cb8901adc3d797871acb7c0090283bf82401a
4,famous_le_10m,16,1.0,1.0,8,osl_siamese_cnn,ab6ee7de860068b3e955a862cc8cb8901adc3d797871acb7c0090283bf82401a
4,famous_le_10m,17,1.0,1.0,8,osl_siamese_cnn,ab6ee7de860068b3e955a862cc8cb8901adc3d797871acb7c0090283bf82401a
4,famous_le_10m,18,1.0,1.0,8,osl_siamese_cnn,ab6ee7de860068b3e955a862cc8cb8901adc3d797871acb7c0090283bf82401a
4,famous_le_10m,19,1.0,0.8,8,osl_siamese_cnn,ab6ee7de860068b3e955a862cc8cb8901adc3d797871acb7c0090283bf82401a
4,famous_le_10m,20,1.0,0.6,8,osl_siamese_cnn,ab6ee7de860068b3e955a862cc8cb8901adc3d797871acb7c0090283bf82401a
4,famous_le_10m,21,1.0,0.6,8,osl_siamese_cnn,ab6ee7de860068b3e955a862cc8cb8901adc3d797871acb7c0090283bf82401a
4,famous_le_10m,22,1.0,0.8,8,osl_siamese_cnn,ab6ee7de860068b3e955a862cc8cb8901adc3d797871acb7c0090283bf82401a
4,famous_le_10m,23,1.0,0.6,8,osl_siamese_cnn,ab6ee7de860068b3e955a862cc8cb8901adc3d797871acb7c0090283bf82401a
4,famous_le_100m,0,1.0,0.35714285714285715,8,osl_siamese_cnn,ab6ee7de860068b3e955a862cc8cb8901adc3d797871acb7c0090283bf82401a
4,famous_le_100m,1,0.0,0.6428571428571429,8,osl_siamese_cnn,ab6ee7de860068b3e955a862cc8cb8901adc3d797871acb7c0090283bf82401a
4,famous_le_100m,2,0.0,0.6428571428571429,8,osl_siamese_cnn,ab6ee7de860068b3e955a862cc8cb8901adc3d797871acb7c0090283bf82401a
4,famous_le_100m,3,0.0,0.6428571428571429,8,osl_siamese_cnn,ab6ee7de860068b3e955a862cc8cb8901adc3d797871acb7c0090283bf82401a
4,famous_le_100m,4,0.0,0.42857142857142855,8,osl_siamese_cnn,ab6ee7de860068b3e955a862cc8cb8901adc3d797871acb7c0090283bf82401a
4,famous_le_100m,5,0.0,0.2857142857142857,8,osl_siamese_cnn,ab6ee7de860068b3e955a862cc8cb8901adc3d797871acb7c0090283bf82401a
4,famous_le_100m,6,0.0,0.0,8,osl_siamese_cnn,ab6ee7de860068b3e955a862cc8cb8901adc3d797871acb7c0090283bf82401a
4,famous_le_100m,7,0.2857142857142857,0.0,8,osl_siamese_cnn,ab6ee7de860068b3e955a862cc8cb8901adc3d797871acb7c0090283bf82401a
4,famous_le_100m,8,0.42857142857142855,0.42857142857142855,8,osl_siamese_cnn,ab6ee7de860068b3e955a862cc8cb8901adc3d797871acb7c0090283bf82401a
4,famous_le_100m,9,0.42857142857142855,0.42857142857142855,8,osl_siamese_cnn,ab6ee7de860068b3e955a862cc8cb8901adc3d797871acb7c0090283bf82401a
4,famous_le_100m,10,0.5714285714285714,0.42857142857142855,8,osl_siamese_cnn,ab6ee7de860068b3e955a862cc8cb8901adc3d797871acb7c0090283bf82401a
4,famous_le_100m,11,0.6428571428571429,0.5,8,osl_siamese_cnn,ab6ee7de860068b3e955a862cc8cb8901adc3d797871acb7c0090283bf82401a
4,famous_le_100m,12,0.7142857142857143,0.42857142857142855,8,osl_siamese_cnn,ab6ee7de860068b3e955a862cc8cb8901adc3d797871acb7c0090283bf82401a
4,famous_le_100m,13,0.8571428571428571,0.42857142857142855,8,osl_siamese_cnn,ab6ee7de860068b3e955a862cc8cb8901adc3d797871acb7c0090283bf82401a
4,famous_le_100m,14,0.8571428571428571,0.5714285714285714,8,osl_siamese_cnn,ab6ee7de860068b3e955a862cc8cb8901adc3d797871acb7c0090283bf82401a
4,famous_le_100m,15,0.8571428571428571,0.7142857142857143,8,osl_siamese_cnn,ab6ee7de860068b3e955a862cc8cb8901adc3d797871acb7c0090283bf82401a
4,famous_le_100m,16,0.8571428571428571,0.7857142857142857,8,osl_siamese_cnn,ab6ee7de860068b3e955a862cc8cb8901adc3d797871acb7c0090283bf82401a
4,famous_le_100m,17,0.8571428571428571,0.8571428571428571,8,osl_siamese_cnn,ab6ee7de860068b3e955a862cc8cb8901adc3d797871acb7c0090283bf82401a
4,famous_le_100m,18,0.9285714285714286,0.8571428571428571,8,osl_siamese_cnn,ab6ee7de860068b3e955a862cc8cb8901adc3d797871acb7c0090283bf82401a
4,famous_le_100m,19,0.9285714285714286,0.8571428571428571,8,osl_siamese_cnn,ab6ee7de860068b3e955a862cc8cb8901adc3d797871acb7c0090283bf82401a
4,famous_le_100m,20,0.9285714285714286,0.8571428571428571,8,osl_siamese_cnn,ab6ee7de860068b3e955a862cc8cb8901adc3d797871acb7c0090283bf82401a
4,famous_le_100m,21,0.9285714285714286,0.9285714285714286,8,osl_siamese_cnn,ab6ee7de860068b3e955a862cc8cb8901adc3d797871acb7c0090283bf82401a
4,famous_le_100m,22,1.0,0.9285714285714286,8,osl_siamese_cnn,ab6ee7de860068b3e955a862cc8cb8901adc3d797871acb7c0090283bf82401a
4,famous_le_100m,23,1.0,1.0,8,osl_siamese_cnn,ab6ee7de860068b3e955a862cc8cb8901adc3d797871acb7c0090283bf82401a
5,torch_pretrained_classification,0,0.8,0.65,1,osl_siamese_cnn,01bb73288c36373e06364a4775b62fa9edf3686c57f46243951f1c65f5eb80a6
5,famous_le_10m,0,1.0,0.0,1,osl_siamese_cnn,01bb73288c36373e06364a4775b62fa9edf3686c57f46243951f1c65f5eb80a6
5,famous_le_10m,1,0.0,1.0,1,osl_siamese_cnn,01bb73288c36373e06364a4775b62fa9edf3686c57f46243951f1c65f5eb80a6
5,famous_le_10m,2,0.0,0.8,1,osl_siamese_cnn,01bb73288c36373e06364a4775b62fa9edf3686c57f46243951f1c65f5eb80a6
5,famous_le_10m,3,0.0,0.6,1,osl_siamese_cnn,01bb73288c36373e06364a4775b62fa9edf3686c57f46243951f1c65f5eb80a6
5,famous_le_10m,4,0.0,0.4,1,osl_siamese_cnn,01bb73288c36373e06364a4775b62fa9edf3686c57f46243951f1c65f5eb80a6
5,famous_le_10m,5,0.0,0.4,1,osl_siamese_cnn,01bb73288c36373e06364a4775b62fa9edf3686c57f46243951f1c65f5eb80a6
5,famous_le_10m,6,0.0,0.6,1,osl_siamese_cnn,01bb73288c36373e06364a4775b62fa9edf3686c57f46243951f1c65f5eb80a6
5,famous_le_10m,7,0.0,0.4,1,osl_siamese_cnn,01bb73288c36373e06364a4775b62fa9edf3686c57f46243951f1c65f5eb80a6
5,famous_le_10m,8,0.0,0.2,1,osl_siamese_cnn,01bb73288c36373e06364a4775b62fa9edf3686c57f46243951f1c65f5eb80a6
5,famous_le_10m,9,0.6,0.0,1,osl_siamese_cnn,01bb73288c36373e06364a4775b62fa9edf3686c57f46243951f1c65f5eb80a6
5,famous_le_10m,10,0.6,0.2,1,osl_siamese_cnn,01bb73288c36373e06364a4775b62fa9edf3686c57f46243951f1c65f5eb80a6
5,famous_le_10m,11,0.6,0.4,1,osl_siamese_cnn,01bb73288c36373e06364a4775b62fa9edf3686c57f46243951f1c65f5eb80a6
5,famous_le_10m,12,0.0,0.4,1,osl_siamese_cnn,01bb73288c36373e06364a4775b62fa9edf3686c57f46243951f1c65f5eb80a6
5,famous_le_10m,13,0.2,0.4,1,osl_siamese_cnn,01bb73288c36373e06364a4775b62fa9edf3686c57f46243951f1c65f5eb80a6
5,famous_le_10m,14,0.0,0.2,1,osl_siamese_cnn,01bb73288c36373e06364a4775b62fa9edf3686c57f46243951f1c65f5eb80a6
5,famous_le_10m,15,0.4,0.0,1,osl_siamese_cnn,01bb73288c36373e06364a4775b62fa9edf3686c57f46243951f1c65f5eb80a6
5,famous_le_10m,16,0.0,0.0,1,osl_siamese_cnn,01bb73288c36373e06364a4775b62fa9edf3686c57f46243951f1c65f5eb80a6
5,famous_le_10m,17,0.6,0.2,1,osl_siamese_cnn,01bb73288c36373e06364a4775b62fa9edf3686c57f46243951f1c65f5eb80a6
5,famous_le_10m,18,0.0,0.0,1,osl_siamese_cnn,01bb73288c36373e06364a4775b62fa9edf3686c57f46243951f1c65f5eb80a6
5,famous_le_10m,19,0.2,0.4,1,osl_siamese_cnn,01bb73288c36373e06364a4775b62fa9edf3686c57f46243951f1c65f5eb80a6
5,famous_le_10m,20,0.0,0.0,1,osl_siamese_cnn,01bb73288c36373e06364a4775b62fa9edf3686c57f46243951f1c65f5eb80a6
5,famous_le_10m,21,0.0,0.2,1,osl_siamese_cnn,01bb73288c36373e06364a4775b62fa9edf3686c57f46243951f1c65f5eb80a6
5,famous_le_10m,22,0.0,0.0,1,osl_siamese_cnn,01bb73288c36373e06364a4775b62fa9edf3686c57f46243951f1c65f5eb80a6
5,famous_le_10m,23,0.0,0.0,1,osl_siamese_cnn,01bb73288c36373e06364a4775b62fa9edf3686c57f46243951f1c65f5eb80a6
5,famous_le_100m,0,0.8571428571428571,0.5,1,osl_siamese_cnn,01bb73288c36373e06364a4775b62fa9edf3686c57f46243951f1c65f5eb80a6
5,famous_le_100m,1,0.14285714285714285,0.5,1,osl_siamese_cnn,01bb73288c36373e06364a4775b62fa9edf3686c57f46243951f1c65f5eb80a6
5,famous_le_100m,2,0.14285714285714285,0.5,1,osl_siamese_cnn,01bb73288c36373e06364a4775b62fa9edf3686c57f46243951f1c65f5eb80a6
5,famous_le_100m,3,0.14285714285714285,0.5,1,osl_siamese_cnn,01bb73288c36373e06364a4775b62fa9edf3686c57f46243951f1c65f5eb80a6
5,famous_le_100m,4,0.14285714285714285,0.5,1,osl_siamese_cnn,01bb73288c36373e06364a4775b62fa9edf3686c57f46243951f1c65f5eb80a6
5,famous_le_100m,5,0.14285714285714285,0.5,1,osl_siamese_cnn,01bb73288c36373e06364a4775b62fa9edf3686c57f46243951f1c65f5eb80a6
5,famous_le_100m,6,0.14285714285714285,0.5,1,osl_siamese_cnn,01bb73288c36373e06364a4775b62fa9edf3686c57f46243951f1c65f5eb80a6
5,famous_le_100m,7,0.07142857142857142,0.5,1,osl_siamese_cnn,01bb73288c36373e06364a4775b62fa9edf3686c57f46243951f1c65f5eb80a6
5,famous_le_100m,8,0.07142857142857142,0.42857142857142855,1,osl_siamese_cnn,01bb73288c36373e06364a4775b62fa9edf3686c57f46243951f1c65f5eb80a6
5,famous_le_100m,9,0.07142857142857142,0.21428571428571427,1,osl_siamese_cnn,01bb73288c36373e06364a4775b62fa9edf3686c57f46243951f1c65f5eb80a6
5,famous_le_100m,10,0.07142857142857142,0.2857142857142857,1,osl_siamese_cnn,01bb73288c36373e06364a4775b62fa9edf3686c57f46243951f1c65f5eb80a6
5,famous_le_100m,11,0.07142857142857142,0.35714285714285715,1,osl_siamese_cnn,01bb73288c36373e06364a4775b62fa9edf3686c57f46243951f1c65f5eb80a6
5,famous_le_100m,12,0.07142857142857142,0.21428571428571427,1,osl_siamese_cnn,01bb73288c36373e06364a4775b62fa9edf3686c57f46243951f1c65f5eb80a6
5,famous_le_100m,13,0.07142857142857142,0.07142857142857142,1,osl_siamese_cnn,01bb73288c36373e06364a4775b62fa9edf3686c57f46243951f1c65f5eb80a6
5,famous_le_100m,14,0.0,0.14285714285714285,1,osl_siamese_cnn,01bb73288c36373e06364a4775b62fa9edf3686c57f46243951f1c65f5eb80a6
5,famous_le_100m,15,0.0,0.21428571428571427,1,osl_siamese_cnn,01bb73288c36373e06364a4775b62fa9edf3686c57f46243951f1c65f5eb80a6
5,famous_le_100m,16,0.0,0.07142857142857142,1,osl_siamese_cnn,01bb73288c36373e06364a4775b62fa9edf3686c57f46243951f1c65f5eb80a6
5,famous_le_100m,17,0.0,0.0,1,osl_siamese_cnn,01bb73288c36373e06364a4775b62fa9edf3686c57f46243951f1c65f5eb80a6
5,famous_le_100m,18,0.0,0.0,1,osl_siamese_cnn,01bb73288c36373e06364a4775b62fa9edf3686c57f46243951f1c65f5eb80a6
5,famous_le_100m,19,0.0,0.0,1,osl_siamese_cnn,01bb73288c36373e06364a4775b62fa9edf3686c57f46243951f1c65f5eb80a6
5,famous_le_100m,20,0.0,0.0,1,osl_siamese_cnn,01bb73288c36373e06364a4775b62fa9edf3686c57f46243951f1c65f5eb80a6
5,famous_le_100m,21,0.0,0.0,1,osl_siamese_cnn,01bb73288c36373e06364a4775b62fa9edf3686c57f46243951f1c65f5eb80a6
5,famous_le_100m,22,0.0,0.0,1,osl_siamese_cnn,01bb73288c36373e06364a4775b62fa9edf3686c57f46243951f1c65f5eb80a6
5,famous_le_100m,23,0.0,0.0,1,osl_siamese_cnn,01bb73288c36373e06364a4775b62fa9edf3686c57f46243951f1c65f5eb80a6
6,torch_pretrained_classification,0,0.3,0.35,1,osl_siamese_cnn,556c969da30ce05fad185079e37633334e2a0ee3c5b7a86417738c293bc78c80
6,famous_le_10m,0,0.0,1.0,1,osl_siamese_cnn,556c969da30ce05fad185079e37633334e2a0ee3c5b7a86417738c293bc78c80
6,famous_le_10m,1,1.0,0.0,1,osl_siamese_cnn,556c969da30ce05fad185079e37633334e2a0ee3c5b7a86417738c293bc78c80
6,famous_le_10m,2,1.0,0.0,1,osl_siamese_cnn,556c969da30ce05fad185079e37633334e2a0ee3c5b7a86417738c293bc78c80
6,famous_le_10m,3,1.0,0.0,1,osl_siamese_cnn,556c969da30ce05fad185079e37633334e2a0ee3c5b7a86417738c293bc78c80
6,famous_le_10m,4,1.0,0.0,1,osl_siamese_cnn,556c969da30ce05fad185079e37633334e2a0ee3c5b7a86417738c293bc78c80
6,famous_le_10m,5,1.0,0.2,1,osl_siamese_cnn,556c969da30ce05fad185079e37633334e2a0ee3c5b7a86417738c293bc78c80
6,famous_le_10m,6,1.0,0.4,1,osl_siamese_cnn,556c969da30ce05fad185079e37633334e2a0ee3c5b7a86417738c293bc78c80
6,famous_le_10m,7,1.0,1.0,1,osl_siamese_cnn,556c969da30ce05fad185079e37633334e2a0ee3c5b7a86417738c293bc78c80
6,famous_le_10m,8,1.0,1.0,1,osl_siamese_cnn,556c969da30ce05fad185079e37633334e2a0ee3c5b7a86417738c293bc78c80
6,famous_le_10m,9,1.0,1.0,1,osl_siamese_cnn,556c969da30ce05fad185079e37633334e2a0ee3c5b7a86417738c293bc78c80
6,famous_le_10m,10,1.0,1.0,1,osl_siamese_cnn,556c969da30ce05fad185079e37633334e2a0ee3c5b7a86417738c293bc78c80
6,famous_le_10m,11,1.0,1.0,1,osl_siamese_cnn,556c969da30ce05fad185079e37633334e2a0ee3c5b7a86417738c293bc78c80
6,famous_le_10m,12,1.0,1.0,1,osl_siamese_cnn,556c969da30ce05fad185079e37633334e2a0ee3c5b7a86417738c293bc78c80
6,famous_le_10m,13,1.0,1.0,1,osl_siamese_cnn,556c969da30ce05fad185079e37633334e2a0ee3c5b7a86417738c293bc78c80
6,famous_le_10m,14,1.0,1.0,1,osl_siamese_cnn,556c969da30ce05fad185079e37633334e2a0ee3c5b7a86417738c293bc78c80
6,famous_le_10m,15,1.0,1.0,1,osl_siamese_cnn,556c969da30ce05fad185079e37633334e2a0ee3c5b7a86417738c293bc78c80
6,famous_le_10m,16,1.0,1.0,1,osl_siamese_cnn,556c969da30ce05fad185079e37633334e2a0ee3c5b7a86417738c293bc78c80
6,famous_le_10m,17,1.0,1.0,1,osl_siamese_cnn,556c969da30ce05fad185079e37633334e2a0ee3c5b7a86417738c293bc78c80
6,famous_le_10m,18,1.0,1.0,1,osl_siamese_cnn,556c969da30ce05fad185079e37633334e2a0ee3c5b7a86417738c293bc78c80
6,famous_le_10m,19,1.0,1.0,1,osl_siamese_cnn,556c969da30ce05fad185079e37633334e2a0ee3c5b7a86417738c293bc78c80
6,famous_le_10m,20,1.0,1.0,1,osl_siamese_cnn,556c969da30ce05fad185079e37633334e2a0ee3c5b7a86417738c293bc78c80
6,famous_le_10m,21,1.0,1.0,1,osl_siamese_cnn,556c969da30ce05fad185079e37633334e2a0ee3c5b7a86417738c293bc78c80
6,famous_le_10m,22,1.0,1.0,1,osl_siamese_cnn,556c969da30ce05fad185079e37633334e2a0ee3c5b7a86417738c293bc78c80
6,famous_le_10m,23,1.0,1.0,1,osl_siamese_cnn,556c969da30ce05fad185079e37633334e2a0ee3c5b7a86417738c293bc78c80
6,famous_le_100m,0,0.21428571428571427,0.7857142857142857,1,osl_siamese_cnn,556c969da30ce05fad185079e37633334e2a0ee3c5b7a86417738c293bc78c80
6,famous_le_100m,1,0.7857142857142857,0.21428571428571427,1,osl_siamese_cnn,556c969da30ce05fad185079e37633334e2a0ee3c5b7a86417738c293bc78c80
6,famous_le_100m,2,0.7857142857142857,0.21428571428571427,1,osl_siamese_cnn,556c969da30ce05fad185079e37633334e2a0ee3c5b7a86417738c293bc78c80
6,famous_le_100m,3,0.7857142857142857,0.21428571428571427,1,osl_siamese_cnn,556c969da30ce05fad185079e37633334e2a0ee3c5b7a86417738c293bc78c80
6,famous_le_100m,4,0.7142857142857143,0.35714285714285715,1,osl_siamese_cnn,556c969da30ce05fad185079e37633334e2a0ee3c5b7a86417738c293bc78c80
6,famous_le_100m,5,0.7857142857142857,0.21428571428571427,1,osl_siamese_cnn,556c969da30ce05fad185079e37633334e2a0ee3c5b7a86417738c293bc78c80
6,famous_le_100m,6,0.7142857142857143,0.35714285714285715,1,osl_siamese_cnn,556c969da30ce05fad185079e37633334e2a0ee3c5b7a86417738c293bc78c80
6,famous_le_100m,7,0.6428571428571429,0.42857142857142855,1,osl_siamese_cnn,556c969da30ce05fad185079e37633334e2a0ee3c5b7a86417738c293bc78c80
6,famous_le_100m,8,0.6428571428571429,0.6428571428571429,1,osl_siamese_cnn,556c969da30ce05fad185079e37633334e2a0ee3c5b7a86417738c293bc78c80
6,famous_le_100m,9,0.5714285714285714,0.7142857142857143,1,osl_siamese_cnn,556c969da30ce05fad185079e37633334e2a0ee3c5b7a86417738c293bc78c80
6,famous_le_100m,10,0.6428571428571429,0.5714285714285714,1,osl_siamese_cnn,556c969da30ce05fad185079e37633334e2a0ee3c5b7a86417738c293bc78c80
6,famous_le_100m,11,0.5714285714285714,0.5714285714285714,1,osl_siamese_cnn,556c969da30ce05fad185079e37633334e2a0ee3c5b7a86417738c293bc78c80
6,famous_le_100m,12,0.5714285714285714,0.5714285714285714,1,osl_siamese_cnn,556c969da30ce05fad185079e37633334e2a0ee3c5b7a86417738c293bc78c80
6,famous_le_100m,13,0.5,0.5714285714285714,1,osl_siamese_cnn,556c969da30ce05fad185079e37633334e2a0ee3c5b7a86417738c293bc78c80
6,famous_le_100m,14,0.35714285714285715,0.2857142857142857,1,osl_siamese_cnn,556c969da30ce05fad185079e37633334e2a0ee3c5b7a86417738c293bc78c80
6,famous_le_100m,15,0.14285714285714285,0.2857142857142857,1,osl_siamese_cnn,556c969da30ce05fad185079e37633334e2a0ee3c5b7a86417738c293bc78c80
6,famous_le_100m,16,0.14285714285714285,0.0,1,osl_siamese_cnn,556c969da30ce05fad185079e37633334e2a0ee3c5b7a86417738c293bc78c80
6,famous_le_100m,17,0.07142857142857142,0.14285714285714285,1,osl_siamese_cnn,556c969da30ce05fad185079e37633334e2a0ee3c5b7a86417738c293bc78c80
6,famous_le_100m,18,0.07142857142857142,0.14285714285714285,1,osl_siamese_cnn,556c969da30ce05fad185079e37633334e2a0ee3c5b7a86417738c293bc78c80
6,famous_le_100m,19,0.07142857142857142,0.2857142857142857,1,osl_siamese_cnn,556c969da30ce05fad185079e37633334e2a0ee3c5b7a86417738c293bc78c80
6,famous_le_100m,20,0.2857142857142857,0.0,1,osl_siamese_cnn,556c969da30ce05fad185079e37633334e2a0ee3c5b7a86417738c293bc78c80
6,famous_le_100m,21,0.2857142857142857,0.5714285714285714,1,osl_siamese_cnn,556c969da30ce05fad185079e37633334e2a0ee3c5b7a86417738c293bc78c80
6,famous_le_100m,22,0.5714285714285714,0.8571428571428571,1,osl_siamese_cnn,556c969da30ce05fad185079e37633334e2a0ee3c5b7a86417738c293bc78c80
6,famous_le_100m,23,1.0,1.0,1,osl_siamese_cnn,556c969da30ce05fad185079e37633334e2a0ee3c5b7a86417738c293bc78c80
7,torch_pretrained_classification,0,0.3,0.3125,1,osl_siamese_cnn,a6e59b59c2cc3f65c547ac4876849f2d4127ffe1f5bd9cf651a2764adde66a33
7,famous_le_10m,0,0.2,0.6,1,osl_siamese_cnn,a6e59b59c2cc3f65c547ac4876849f2d4127ffe1f5bd9cf651a2764adde66a33
7,famous_le_10m,1,0.8,0.4,1,osl_siamese_cnn,a6e59b59c2cc3f65c547ac4876849f2d4127ffe1f5bd9cf651a2764adde66a33
7,famous_le_10m,2,0.8,0.4,1,osl_siamese_cnn,a6e59b59c2cc3f65c547ac4876849f2d4127ffe1f5bd9cf651a2764adde66a33
7,famous_le_10m,3,1.0,0.2,1,osl_siamese_cnn,a6e59b59c2cc3f65c547ac4876849f2d4127ffe1f5bd9cf651a2764adde66a33
7,famous_le_10m,4,1.0,0.4,1,osl_siamese_cnn,a6e59b59c2cc3f65c547ac4876849f2d4127ffe1f5bd9cf651a2764adde66a33
7,famous_le_10m,5,1.0,0.8,1,osl_siamese_cnn,a6e59b59c2cc3f65c547ac4876849f2d4127ffe1f5bd9cf651a2764adde66a33
7,famous_le_10m,6,1.0,1.0,1,osl_siamese_cnn,a6e59b59c2cc3f65c547ac4876849f2d4127ffe1f5bd9cf651a2764adde66a33
7,famous_le_10m,7,1.0,1.0,1,osl_siamese_cnn,a6e59b59c2cc3f65c547ac4876849f2d4127ffe1f5bd9cf651a2764adde66a33
7,famous_le_10m,8,1.0,1.0,1,osl_siamese_cnn,a6e59b59c2cc3f65c547ac4876849f2d4127ffe1f5bd9cf651a2764adde66a33
7,famous_le_10m,9,1.0,1.0,1,osl_siamese_cnn,a6e59b59c2cc3f65c547ac4876849f2d4127ffe1f5bd9cf651a2764adde66a33
7,famous_le_10m,10,1.0,1.0,1,osl_siamese_cnn,a6e59b59c2cc3f65c547ac4876849f2d4127ffe1f5bd9cf651a2764adde66a33
7,famous_le_10m,11,1.0,1.0,1,osl_siamese_cnn,a6e59b59c2cc3f65c547ac4876849f2d4127ffe1f5bd9cf651a2764adde66a33
7,famous_le_10m,12,1.0,1.0,1,osl_siamese_cnn,a6e59b59c2cc3f65c547ac4876849f2d4127ffe1f5bd9cf651a2764adde66a33
7,famous_le_10m,13,1.0,1.0,1,osl_siamese_cnn,a6e59b59c2cc3f65c547ac4876849f2d4127ffe1f5bd9cf651a2764adde66a33
7,famous_le_10m,14,1.0,1.0,1,osl_siamese_cnn,a6e59b59c2cc3f65c547ac4876849f2d4127ffe1f5bd9cf651a2764adde66a33
7,famous_le_10m,15,1.0,1.0,1,osl_siamese_cnn,a6e59b59c2cc3f65c547ac4876849f2d4127ffe1f5bd9cf651a2764adde66a33
7,famous_le_10m,16,1.0,1.0,1,osl_siamese_cnn,a6e59b59c2cc3f65c547ac4876849f2d4127ffe1f5bd9cf651a2764adde66a33
7,famous_le_10m,17,1.0,1.0,1,osl_siamese_cnn,a6e59b59c2cc3f65c547ac4876849f2d4127ffe1f5bd9cf651a2764adde66a33
7,famous_le_10m,18,1.0,1.0,1,osl_siamese_cnn,a6e59b59c2cc3f65c547ac4876849f2d4127ffe1f5bd9cf651a2764adde66a33
7,famous_le_10m,19,1.0,1.0,1,osl_siamese_cnn,a6e59b59c2cc3f65c547ac4876849f2d4127ffe1f5bd9cf651a2764adde66a33
7,famous_le_10m,20,1.0,1.0,1,osl_siamese_cnn,a6e59b59c2cc3f65c547ac4876849f2d4127ffe1f5bd9cf651a2764adde66a33
7,famous_le_10m,21,1.0,1.0,1,osl_siamese_cnn,a6e59b59c2cc3f65c547ac4876849f2d4127ffe1f5bd9cf651a2764adde66a33
7,famous_le_10m,22,1.0,1.0,1,osl_siamese_cnn,a6e59b59c2cc3f65c547ac4876849f2d4127ffe1f5bd9cf651a2764adde66a33
7,famous_le_10m,23,1.0,1.0,1,osl_siamese_cnn,a6e59b59c2cc3f65c547ac4876849f2d4127ffe1f5bd9cf651a2764adde66a33
7,famous_le_100m,0,0.21428571428571427,0.5714285714285714,1,osl_siamese_cnn,a6e59b59c2cc3f65c547ac4876849f2d4127ffe1f5bd9cf651a2764adde66a33
7,famous_le_100m,1,0.7857142857142857,0.42857142857142855,1,osl_siamese_cnn,a6e59b59c2cc3f65c547ac4876849f2d4127ffe1f5bd9cf651a2764adde66a33
7,famous_le_100m,2,0.7857142857142857,0.42857142857142855,1,osl_siamese_cnn,a6e59b59c2cc3f65c547ac4876849f2d4127ffe1f5bd9cf651a2764adde66a33
7,famous_le_100m,3,0.7857142857142857,0.42857142857142855,1,osl_siamese_cnn,a6e59b59c2cc3f65c547ac4876849f2d4127ffe1f5bd9cf651a2764adde66a33
7,famous_le_100m,4,0.7857142857142857,0.42857142857142855,1,osl_siamese_cnn,a6e59b59c2cc3f65c547ac4876849f2d4127ffe1f5bd9cf651a2764adde66a33
7,famous_le_100m,5,0.7857142857142857,0.35714285714285715,1,osl_siamese_cnn,a6e59b59c2cc3f65c547ac4876849f2d4127ffe1f5bd9cf651a2764adde66a33
7,famous_le_100m,6,0.7857142857142857,0.5,1,osl_siamese_cnn,a6e59b59c2cc3f65c547ac4876849f2d4127ffe1f5bd9cf651a2764adde66a33
7,famous_le_100m,7,0.8571428571428571,0.6428571428571429,1,osl_siamese_cnn,a6e59b59c2cc3f65c547ac4876849f2d4127ffe1f5bd9cf651a2764adde66a33
7,famous_le_100m,8,0.9285714285714286,0.6428571428571429,1,osl_siamese_cnn,a6e59b59c2cc3f65c547ac4876849f2d4127ffe1f5bd9cf651a2764adde66a33
7,famous_le_100m,9,0.9285714285714286,0.7142857142857143,1,osl_siamese_cnn,a6e59b59c2cc3f65c547ac4876849f2d4127ffe1f5bd9cf651a2764adde66a33
7,famous_le_100m,10,0.9285714285714286,0.6428571428571429,1,osl_siamese_cnn,a6e59b59c2cc3f65c547ac4876849f2d4127ffe1f5bd9cf651a2764adde66a33
7,famous_le_100m,11,0.9285714285714286,0.8571428571428571,1,osl_siamese_cnn,a6e59b59c2cc3f65c547ac4876849f2d4127ffe1f5bd9cf651a2764adde66a33
7,famous_le_100m,12,1.0,0.7857142857142857,1,osl_siamese_cnn,a6e59b59c2cc3f65c547ac4876849f2d4127ffe1f5bd9cf651a2764adde66a33
7,famous_le_100m,13,1.0,0.7857142857142857,1,osl_siamese_cnn,a6e59b59c2cc3f65c547ac4876849f2d4127ffe1f5bd9cf651a2764adde66a33
7,famous_le_100m,14,0.9285714285714286,0.9285714285714286,1,osl_siamese_cnn,a6e59b59c2cc3f65c547ac4876849f2d4127ffe1f5bd9cf651a2764adde66a33
7,famous_le_100m,15,0.9285714285714286,0.9285714285714286,1,osl_siamese_cnn,a6e59b59c2cc3f65c547ac4876849f2d4127ffe1f5bd9cf651a2764adde66a33
7,famous_le_100m,16,1.0,0.8571428571428571,1,osl_siamese_cnn,a6e59b59c2cc3f65c547ac4876849f2d4127ffe1f5bd9cf651a2764adde66a33
7,famous_le_100m,17,1.0,0.8571428571428571,1,osl_siamese_cnn,a6e59b59c2cc3f65c547ac4876849f2d4127ffe1f5bd9cf651a2764adde66a33
7,famous_le_100m,18,1.0,0.8571428571428571,1,osl_siamese_cnn,a6e59b59c2cc3f65c547ac4876849f2d4127ffe1f5bd9cf651a2764adde66a33
7,famous_le_100m,19,1.0,1.0,1,osl_siamese_cnn,a6e59b59c2cc3f65c547ac4876849f2d4127ffe1f5bd9cf651a2764adde66a33
7,famous_le_100m,20,1.0,1.0,1,osl_siamese_cnn,a6e59b59c2cc3f65c547ac4876849f2d4127ffe1f5bd9cf651a2764adde66a33
7,famous_le_100m,21,1.0,1.0,1,osl_siamese_cnn,a6e59b59c2cc3f65c547ac4876849f2d4127ffe1f5bd9cf651a2764adde66a33
7,famous_le_100m,22,1.0,1.0,1,osl_siamese_cnn,a6e59b59c2cc3f65c547ac4876849f2d4127ffe1f5bd9cf651a2764adde66a33
7,famous_le_100m,23,1.0,1.0,1,osl_siamese_cnn,a6e59b59c2cc3f65c547ac4876849f2d4127ffe1f5bd9cf651a2764adde66a33
8,torch_pretrained_classification,0,0.2625,0.3375,1,osl_siamese_cnn,060f9ad8ebdf2843544a254a5f95d1abba5510911f204db3ddfde822ca3605e3
8,famous_le_10m,0,0.4,0.6,1,osl_siamese_cnn,060f9ad8ebdf2843544a254a5f95d1abba5510911f204db3ddfde822ca3605e3
8,famous_le_10m,1,0.6,0.4,1,osl_siamese_cnn,060f9ad8ebdf2843544a254a5f95d1abba5510911f204db3ddfde822ca3605e3
8,famous_le_10m,2,0.6,0.6,1,osl_siamese_cnn,060f9ad8ebdf2843544a254a5f95d1abba5510911f204db3ddfde822ca3605e3
8,famous_le_10m,3,0.6,0.6,1,osl_siamese_cnn,060f9ad8ebdf2843544a254a5f95d1abba5510911f204db3ddfde822ca3605e3
8,famous_le_10m,4,0.8,0.4,1,osl_siamese_cnn,060f9ad8ebdf2843544a254a5f95d1abba5510911f204db3ddfde822ca3605e3
8,famous_le_10m,5,1.0,0.4,1,osl_siamese_cnn,060f9ad8ebdf2843544a254a5f95d1abba5510911f204db3ddfde822ca3605e3
8,famous_le_10m,6,1.0,0.4,1,osl_siamese_cnn,060f9ad8ebdf2843544a254a5f95d1abba5510911f204db3ddfde822ca3605e3
8,famous_le_10m,7,1.0,0.8,1,osl_siamese_cnn,060f9ad8ebdf2843544a254a5f95d1abba5510911f204db3ddfde822ca3605e3
8,famous_le_10m,8,1.0,1.0,1,osl_siamese_cnn,060f9ad8ebdf2843544a254a5f95d1abba5510911f204db3ddfde822ca3605e3
8,famous_le_10m,9,1.0,1.0,1,osl_siamese_cnn,060f9ad8ebdf2843544a254a5f95d1abba5510911f204db3ddfde822ca3605e3
8,famous_le_10m,10,1.0,1.0,1,osl_siamese_cnn,060f9ad8ebdf2843544a254a5f95d1abba5510911f204db3ddfde822ca3605e3
8,famous_le_10m,11,1.0,1.0,1,osl_siamese_cnn,060f9ad8ebdf2843544a254a5f95d1abba5510911f204db3ddfde822ca3605e3
8,famous_le_10m,12,1.0,1.0,1,osl_siamese_cnn,060f9ad8ebdf2843544a254a5f95d1abba5510911f204db3ddfde822ca3605e3
8,famous_le_10m,13,1.0,1.0,1,osl_siamese_cnn,060f9ad8ebdf2843544a254a5f95d1abba5510911f204db3ddfde822ca3605e3
8,famous_le_10m,14,1.0,1.0,1,osl_siamese_cnn,060f9ad8ebdf2843544a254a5f95d1abba5510911f204db3ddfde822ca3605e3
8,famous_le_10m,15,1.0,1.0,1,osl_siamese_cnn,060f9ad8ebdf2843544a254a5f95d1abba5510911f204db3ddfde822ca3605e3
8,famous_le_10m,16,1.0,1.0,1,osl_siamese_cnn,060f9ad8ebdf2843544a254a5f95d1abba5510911f204db3ddfde822ca3605e3
8,famous_le_10m,17,1.0,1.0,1,osl_siamese_cnn,060f9ad8ebdf2843544a254a5f95d1abba5510911f204db3ddfde822ca3605e3
8,famous_le_10m,18,1.0,1.0,1,osl_siamese_cnn,060f9ad8ebdf2843544a254a5f95d1abba5510911f204db3ddfde822ca3605e3
8,famous_le_10m,19,1.0,1.0,1,osl_siamese_cnn,060f9ad8ebdf2843544a254a5f95d1abba5510911f204db3ddfde822ca3605e3
8,famous_le_10m,20,1.0,1.0,1,osl_siamese_cnn,060f9ad8ebdf2843544a254a5f95d1abba5510911f204db3ddfde822ca3605e3
8,famous_le_10m,21,1.0,1.0,1,osl_siamese_cnn,060f9ad8ebdf2843544a254a5f95d1abba5510911f204db3ddfde822ca3605e3
8,famous_le_10m,22,1.0,1.0,1,osl_siamese_cnn,060f9ad8ebdf2843544a254a5f95d1abba5510911f204db3ddfde822ca3605e3
8,famous_le_10m,23,1.0,1.0,1,osl_siamese_cnn,060f9ad8ebdf2843544a254a5f95d1abba5510911f204db3ddfde822ca3605e3
8,famous_le_100m,0,0.21428571428571427,0.6428571428571429,1,osl_siamese_cnn,060f9ad8ebdf2843544a254a5f95d1abba5510911f204db3ddfde822ca3605e3
8,famous_le_100m,1,0.7857142857142857,0.35714285714285715,1,osl_siamese_cnn,060f9ad8ebdf2843544a254a5f95d1abba5510911f204db3ddfde822ca3605e3
8,famous_le_100m,2,0.7857142857142857,0.35714285714285715,1,osl_siamese_cnn,060f9ad8ebdf2843544a254a5f95d1abba5510911f204db3ddfde822ca3605e3
8,famous_le_100m,3,0.7857142857142857,0.35714285714285715,1,osl_siamese_cnn,060f9ad8ebdf2843544a254a5f95d1abba5510911f204db3ddfde822ca3605e3
8,famous_le_100m,4,0.7857142857142857,0.35714285714285715,1,osl_siamese_cnn,060f9ad8ebdf2843544a254a5f95d1abba5510911f204db3ddfde822ca3605e3
8,famous_le_100m,5,0.7857142857142857,0.35714285714285715,1,osl_siamese_cnn,060f9ad8ebdf2843544a254a5f95d1abba5510911f204db3ddfde822ca3605e3
8,famous_le_100m,6,0.8571428571428571,0.35714285714285715,1,osl_siamese_cnn,060f9ad8ebdf2843544a254a5f95d1abba5510911f204db3ddfde822ca3605e3
8,famous_le_100m,7,0.7857142857142857,0.5,1,osl_siamese_cnn,060f9ad8ebdf2843544a254a5f95d1abba5510911f204db3ddfde822ca3605e3
8,famous_le_100m,8,0.8571428571428571,0.5714285714285714,1,osl_siamese_cnn,060f9ad8ebdf2843544a254a5f95d1abba5510911f204db3ddfde822ca3605e3
8,famous_le_100m,9,0.9285714285714286,0.5714285714285714,1,osl_siamese_cnn,060f9ad8ebdf2843544a254a5f95d1abba5510911f204db3ddfde822ca3605e3
8,famous_le_100m,10,0.9285714285714286,0.7857142857142857,1,osl_siamese_cnn,060f9ad8ebdf2843544a254a5f95d1abba5510911f204db3ddfde822ca3605e3
8,famous_le_100m,11,0.9285714285714286,0.7142857142857143,1,osl_siamese_cnn,060f9ad8ebdf2843544a254a5f95d1abba5510911f204db3ddfde822ca3605e3
8,famous_le_100m,12,0.9285714285714286,0.7857142857142857,1,osl_siamese_cnn,060f9ad8ebdf2843544a254a5f95d1abba5510911f204db3ddfde822ca3605e3
8,famous_le_100m,13,1.0,0.5714285714285714,1,osl_siamese_cnn,060f9ad8ebdf2843544a254a5f95d1abba5510911f204db3ddfde822ca3605e3
8,famous_le_100m,14,0.9285714285714286,0.8571428571428571,1,osl_siamese_cnn,060f9ad8ebdf2843544a254a5f95d1abba5510911f204db3ddfde822ca3605e3
8,famous_le_100m,15,0.9285714285714286,0.8571428571428571,1,osl_siamese_cnn,060f9ad8ebdf2843544a254a5f95d1abba5510911f204db3ddfde822ca3605e3
8,famous_le_100m,16,0.8571428571428571,0.7857142857142857,1,osl_siamese_cnn,060f9ad8ebdf2843544a254a5f95d1abba5510911f204db3ddfde822ca3605e3
8,famous_le_100m,17,0.8571428571428571,0.8571428571428571,1,osl_siamese_cnn,060f9ad8ebdf2843544a254a5f95d1abba5510911f204db3ddfde822ca3605e3
8,famous_le_100m,18,0.8571428571428571,0.9285714285714286,1,osl_siamese_cnn,060f9ad8ebdf2843544a254a5f95d1abba5510911f204db3ddfde822ca3605e3
8,famous_le_100m,19,1.0,0.8571428571428571,1,osl_siamese_cnn,060f9ad8ebdf2843544a254a5f95d1abba5510911f204db3ddfde822ca3605e3
8,famous_le_100m,20,1.0,0.9285714285714286,1,osl_siamese_cnn,060f9ad8ebdf2843544a254a5f95d1abba5510911f204db3ddfde822ca3605e3
8,famous_le_100m,21,1.0,1.0,1,osl_siamese_cnn,060f9ad8ebdf2843544a254a5f95d1abba5510911f204db3ddfde822ca3605e3
8,famous_le_100m,22,1.0,1.0,1,osl_siamese_cnn,060f9ad8ebdf2843544a254a5f95d1abba5510911f204db3ddfde822ca3605e3
8,famous_le_100m,23,1.0,1.0,1,osl_siamese_cnn,060f9ad8ebdf2843544a254a5f95d1abba5510911f204db3ddfde822ca3605e3
9,torch_pretrained_classification,0,0.7625,0.675,1,osl_siamese_cnn,3bd5169c38fb0c9e85690faa5e00312b18ac368e002d328ba58e9c7384a616c4
9,famous_le_10m,0,0.8,0.2,1,osl_siamese_cnn,3bd5169c38fb0c9e85690faa5e00312b18ac368e002d328ba58e9c7384a616c4
9,famous_le_10m,1,0.2,0.8,1,osl_siamese_cnn,3bd5169c38fb0c9e85690faa5e00312b18ac368e002d328ba58e9c7384a616c4
9,famous_le_10m,2,0.2,0.8,1,osl_siamese_cnn,3bd5169c38fb0c9e85690faa5e00312b18ac368e002d328ba58e9c7384a616c4
9,famous_le_10m,3,0.2,0.8,1,osl_siamese_cnn,3bd5169c38fb0c9e85690faa5e00312b18ac368e002d328ba58e9c7384a616c4
9,famous_le_10m,4,0.0,1.0,1,osl_siamese_cnn,3bd5169c38fb0c9e85690faa5e00312b18ac368e002d328ba58e9c7384a616c4
9,famous_le_10m,5,0.0,0.6,1,osl_siamese_cnn,3bd5169c38fb0c9e85690faa5e00312b18ac368e002d328ba58e9c7384a616c4
9,famous_le_10m,6,0.0,0.4,1,osl_siamese_cnn,3bd5169c38fb0c9e85690faa5e00312b18ac368e002d328ba58e9c7384a616c4
9,famous_le_10m,7,0.0,0.2,1,osl_siamese_cnn,3bd5169c38fb0c9e85690faa5e00312b18ac368e002d328ba58e9c7384a616c4
9,famous_le_10m,8,0.2,0.6,1,osl_siamese_cnn,3bd5169c38fb0c9e85690faa5e00312b18ac368e002d328ba58e9c7384a616c4
9,famous_le_10m,9,0.2,0.4,1,osl_siamese_cnn,3bd5169c38fb0c9e85690faa5e00312b18ac368e002d328ba58e9c7384a616c4
9,famous_le_10m,10,0.2,0.2,1,osl_siamese_cnn,3bd5169c38fb0c9e85690faa5e00312b18ac368e002d328ba58e9c7384a616c4
9,famous_le_10m,11,0.0,0.6,1,osl_siamese_cnn,3bd5169c38fb0c9e85690faa5e00312b18ac368e002d328ba58e9c7384a616c4
9,famous_le_10m,12,0.2,0.0,1,osl_siamese_cnn,3bd5169c38fb0c9e85690faa5e00312b18ac368e002d328ba58e9c7384a616c4
9,famous_le_10m,13,0.0,0.8,1,osl_siamese_cnn,3bd5169c38fb0c9e85690faa5e00312b18ac368e002d328ba58e9c7384a616c4
9,famous_le_10m,14,0.0,0.6,1,osl_siamese_cnn,3bd5169c38fb0c9e85690faa5e00312b18ac368e002d328ba58e9c7384a616c4
9,famous_le_10m,15,0.0,0.6,1,osl_siamese_cnn,3bd5169c38fb0c9e85690faa5e00312b18ac368e002d328ba58e9c7384a616c4
9,famous_le_10m,16,0.0,0.0,1,osl_siamese_cnn,3bd5169c38fb0c9e85690faa5e00312b18ac368e002d328ba58e9c7384a616c4
9,famous_le_10m,17,0.2,0.6,1,osl_siamese_cnn,3bd5169c38fb0c9e85690faa5e00312b18ac368e002d328ba58e9c7384a616c4
9,famous_le_10m,18,0.0,0.6,1,osl_siamese_cnn,3bd5169c38fb0c9e85690faa5e00312b18ac368e002d328ba58e9c7384a616c4
9,famous_le_10m,19,0.6,0.2,1,osl_siamese_cnn,3bd5169c38fb0c9e85690faa5e00312b18ac368e002d328ba58e9c7384a616c4
9,famous_le_10m,20,0.0,0.0,1,osl_siamese_cnn,3bd5169c38fb0c9e85690faa5e00312b18ac368e002d328ba58e9c7384a616c4
9,famous_le_10m,21,0.6,0.2,1,osl_siamese_cnn,3bd5169c38fb0c9e85690faa5e00312b18ac368e002d328ba58e9c7384a616c4
9,famous_le_10m,22,0.4,0.2,1,osl_siamese_cnn,3bd5169c38fb0c9e85690faa5e00312b18ac368e002d328ba58e9c7384a616c4
9,famous_le_10m,23,0.6,0.4,1,osl_siamese_cnn,3bd5169c38fb0c9e85690faa5e00312b18ac368e002d328ba58e9c7384a616c4
9,famous_le_100m,0,0.8571428571428571,0.35714285714285715,1,osl_siamese_cnn,3bd5169c38fb0c9e85690faa5e00312b18ac368e002d328ba58e9c7384a616c4
9,famous_le_100m,1,0.14285714285714285,0.6428571428571429,1,osl_siamese_cnn,3bd5169c38fb0c9e85690faa5e00312b18ac368e002d328ba58e9c7384a616c4
9,famous_le_100m,2,0.14285714285714285,0.6428571428571429,1,osl_siamese_cnn,3bd5169c38fb0c9e85690faa5e00312b18ac368e002d328ba58e9c7384a616c4
9,famous_le_100m,3,0.14285714285714285,0.6428571428571429,1,osl_siamese_cnn,3bd5169c38fb0c9e85690faa5e00312b18ac368e002d328ba58e9c7384a616c4
9,famous_le_100m,4,0.14285714285714285,0.7142857142857143,1,osl_siamese_cnn,3bd5169c38fb0c9e85690faa5e00312b18ac368e002d328ba58e9c7384a616c4
9,famous_le_100m,5,0.14285714285714285,0.7142857142857143,1,osl_siamese_cnn,3bd5169c38fb0c9e85690faa5e00312b18ac368e002d328ba58e9c7384a616c4
9,famous_le_100m,6,0.14285714285714285,0.6428571428571429,1,osl_siamese_cnn,3bd5169c38fb0c9e85690faa5e00312b18ac368e002d328ba58e9c7384a616c4
9,famous_le_100m,7,0.2857142857142857,0.5,1,osl_siamese_cnn,3bd5169c38fb0c9e85690faa5e00312b18ac368e002d328ba58e9c7384a616c4
9,famous_le_100m,8,0.2857142857142857,0.5714285714285714,1,osl_siamese_cnn,3bd5169c38fb0c9e85690faa5e00312b18ac368e002d328ba58e9c7384a616c4
9,famous_le_100m,9,0.2857142857142857,0.5,1,osl_siamese_cnn,3bd5169c38fb0c9e85690faa5e00312b18ac368e002d328ba58e9c7384a616c4
9,famous_le_100m,10,0.42857142857142855,0.5,1,osl_siamese_cnn,3bd5169c38fb0c9e85690faa5e00312b18ac368e002d328ba58e9c7384a616c4
9,famous_le_100m,11,0.35714285714285715,0.5714285714285714,1,osl_siamese_cnn,3bd5169c38fb0c9e85690faa5e00312b18ac368e002d328ba58e9c7384a616c4
9,famous_le_100m,12,0.42857142857142855,0.5,1,osl_siamese_cnn,3bd5169c38fb0c9e85690faa5e00312b18ac368e002d328ba58e9c7384a616c4
9,famous_le_100m,13,0.42857142857142855,0.7857142857142857,1,osl_siamese_cnn,3bd5169c38fb0c9e85690faa5e00312b18ac368e002d328ba58e9c7384a616c4
9,famous_le_100m,14,0.6428571428571429,0.7857142857142857,1,osl_siamese_cnn,3bd5169c38fb0c9e85690faa5e00312b18ac368e002d328ba58e9c7384a616c4
9,famous_le_100m,15,0.7857142857142857,0.7857142857142857,1,osl_siamese_cnn,3bd5169c38fb0c9e85690faa5e00312b18ac368e002d328ba58e9c7384a616c4
9,famous_le_100m,16,0.9285714285714286,0.8571428571428571,1,osl_siamese_cnn,3bd5169c38fb0c9e85690faa5e00312b18ac368e002d328ba58e9c7384a616c4
9,famous_le_100m,17,0.9285714285714286,0.8571428571428571,1,osl_siamese_cnn,3bd5169c38fb0c9e85690faa5e00312b18ac368e002d328ba58e9c7384a616c4
9,famous_le_100m,18,0.9285714285714286,1.0,1,osl_siamese_cnn,3bd5169c38fb0c9e85690faa5e00312b18ac368e002d328ba58e9c7384a616c4
9,famous_le_100m,19,0.9285714285714286,0.9285714285714286,1,osl_siamese_cnn,3bd5169c38fb0c9e85690faa5e00312b18ac368e002d328ba58e9c7384a616c4
9,famous_le_100m,20,0.9285714285714286,0.7857142857142857,1,osl_siamese_cnn,3bd5169c38fb0c9e85690faa5e00312b18ac368e002d328ba58e9c7384a616c4
9,famous_le_100m,21,0.6428571428571429,0.6428571428571429,1,osl_siamese_cnn,3bd5169c38fb0c9e85690faa5e00312b18ac368e002d328ba58e9c7384a616c4
9,famous_le_100m,22,0.5714285714285714,0.35714285714285715,1,osl_siamese_cnn,3bd5169c38fb0c9e85690faa5e00312b18ac368e002d328ba58e9c7384a616c4
9,famous_le_100m,23,0.14285714285714285,0.2857142857142857,1,osl_siamese_cnn,3bd5169c38fb0c9e85690faa5e00312b18ac368e002d328ba58e9c7384a616c4
5,torch_pretrained_classification,0,0.7,0.575,2,osl_siamese_cnn,d323e2c57d412b14e3a0856c7e348cedebca4ca4c04d44c706c29f490d39544b
5,famous_le_10m,0,0.6,0.4,2,osl_siamese_cnn,d323e2c57d412b14e3a0856c7e348cedebca4ca4c04d44c706c29f490d39544b
5,famous_le_10m,1,0.4,0.6,2,osl_siamese_cnn,d323e2c57d412b14e3a0856c7e348cedebca4ca4c04d44c706c29f490d39544b
5,famous_le_10m,2,0.2,0.8,2,osl_siamese_cnn,d323e2c57d412b14e3a0856c7e348cedebca4ca4c04d44c706c29f490d39544b
5,famous_le_10m,3,0.2,0.8,2,osl_siamese_cnn,d323e2c57d412b14e3a0856c7e348cedebca4ca4c04d44c706c29f490d39544b
5,famous_le_10m,4,0.2,0.4,2,osl_siamese_cnn,d323e2c57d412b14e3a0856c7e348cedebca4ca4c04d44c706c29f490d39544b
5,famous_le_10m,5,0.0,0.6,2,osl_siamese_cnn,d323e2c57d412b14e3a0856c7e348cedebca4ca4c04d44c706c29f490d39544b
5,famous_le_10m,6,0.0,0.6,2,osl_siamese_cnn,d323e2c57d412b14e3a0856c7e348cedebca4ca4c04d44c706c29f490d39544b
5,famous_le_10m,7,0.0,0.2,2,osl_siamese_cnn,d323e2c57d412b14e3a0856c7e348cedebca4ca4c04d44c706c29f490d39544b
5,famous_le_10m,8,0.0,0.0,2,osl_siamese_cnn,d323e2c57d412b14e3a0856c7e348cedebca4ca4c04d44c706c29f490d39544b
5,famous_le_10m,9,0.0,0.0,2,osl_siamese_cnn,d323e2c57d412b14e3a0856c7e348cedebca4ca4c04d44c706c29f490d39544b
5,famous_le_10m,10,0.0,0.0,2,osl_siamese_cnn,d323e2c57d412b14e3a0856c7e348cedebca4ca4c04d44c706c29f490d39544b
5,famous_le_10m,11,0.0,0.0,2,osl_siamese_cnn,d323e2c57d412b14e3a0856c7e348cedebca4ca4c04d44c706c29f490d39544b
5,famous_le_10m,12,0.0,0.0,2,osl_siamese_cnn,d323e2c57d412b14e3a0856c7e348cedebca4ca4c04d44c706c29f490d39544b
5,famous_le_10m,13,0.0,0.0,2,osl_siamese_cnn,d323e2c57d412b14e3a0856c7e348cedebca4ca4c04d44c706c29f490d39544b
5,famous_le_10m,14,0.0,0.0,2,osl_siamese_cnn,d323e2c57d412b14e3a0856c7e348cedebca4ca4c04d44c706c29f490d39544b
5,famous_le_10m,15,0.0,0.0,2,osl_siamese_cnn,d323e2c57d412b14e3a0856c7e348cedebca4ca4c04d44c706c29f490d39544b
5,famous_le_10m,16,0.0,0.0,2,osl_siamese_cnn,d323e2c57d412b14e3a0856c7e348cedebca4ca4c04d44c706c29f490d39544b
5,famous_le_10m,17,0.0,0.0,2,osl_siamese_cnn,d323e2c57d412b14e3a0856c7e348cedebca4ca4c04d44c706c29f490d39544b
5,famous_le_10m,18,0.0,0.0,2,osl_siamese_cnn,d323e2c57d412b14e3a0856c7e348cedebca4ca4c04d44c706c29f490d39544b
5,famous_le_10m,19,0.0,0.0,2,osl_siamese_cnn,d323e2c57d412b14e3a0856c7e348cedebca4ca4c04d44c706c29f490d39544b
5,famous_le_10m,20,0.0,0.0,2,osl_siamese_cnn,d323e2c57d412b14e3a0856c7e348cedebca4ca4c04d44c706c29f490d39544b
5,famous_le_10m,21,0.0,0.0,2,osl_siamese_cnn,d323e2c57d412b14e3a0856c7e348cedebca4ca4c04d44c706c29f490d39544b
5,famous_le_10m,22,0.0,0.0,2,osl_siamese_cnn,d323e2c57d412b14e3a0856c7e348cedebca4ca4c04d44c706c29f490d39544b
5,famous_le_10m,23,0.0,0.0,2,osl_siamese_cnn,d323e2c57d412b14e3a0856c7e348cedebca4ca4c04d44c706c29f490d39544b
5,famous_le_100m,0,0.6428571428571429,0.42857142857142855,2,osl_siamese_cnn,d323e2c57d412b14e3a0856c7e348cedebca4ca4c04d44c706c29f490d39544b
5,famous_le_100m,1,0.35714285714285715,0.5714285714285714,2,osl_siamese_cnn,d323e2c57d412b14e3a0856c7e348cedebca4ca4c04d44c706c29f490d39544b
5,famous_le_100m,2,0.35714285714285715,0.5714285714285714,2,osl_siamese_cnn,d323e2c57d412b14e3a0856c7e348cedebca4ca4c04d44c706c29f490d39544b
5,famous_le_100m,3,0.35714285714285715,0.5714285714285714,2,osl_siamese_cnn,d323e2c57d412b14e3a0856c7e348cedebca4ca4c04d44c706c29f490d39544b
5,famous_le_100m,4,0.35714285714285715,0.6428571428571429,2,osl_siamese_cnn,d323e2c57d412b14e3a0856c7e348cedebca4ca4c04d44c706c29f490d39544b
5,famous_le_100m,5,0.42857142857142855,0.5714285714285714,2,osl_siamese_cnn,d323e2c57d412b14e3a0856c7e348cedebca4ca4c04d44c706c29f490d39544b
5,famous_le_100m,6,0.42857142857142855,0.5714285714285714,2,osl_siamese_cnn,d323e2c57d412b14e3a0856c7e348cedebca4ca4c04d44c706c29f490d39544b
5,famous_le_100m,7,0.5,0.42857142857142855,2,osl_siamese_cnn,d323e2c57d412b14e3a0856c7e348cedebca4ca4c04d44c706c29f490d39544b
5,famous_le_100m,8,0.5714285714285714,0.9285714285714286,2,osl_siamese_cnn,d323e2c57d412b14e3a0856c7e348cedebca4ca4c04d44c706c29f490d39544b
5,famous_le_100m,9,0.5714285714285714,0.7142857142857143,2,osl_siamese_cnn,d323e2c57d412b14e3a0856c7e348cedebca4ca4c04d44c706c29f490d39544b
5,famous_le_100m,10,0.7142857142857143,0.7857142857142857,2,osl_siamese_cnn,d323e2c57d412b14e3a0856c7e348cedebca4ca4c04d44c706c29f490d39544b
5,famous_le_100m,11,0.6428571428571429,0.7857142857142857,2,osl_siamese_cnn,d323e2c57d412b14e3a0856c7e348cedebca4ca4c04d44c706c29f490d39544b
5,famous_le_100m,12,0.6428571428571429,0.5,2,osl_siamese_cnn,d323e2c57d412b14e3a0856c7e348cedebca4ca4c04d44c706c29f490d39544b
5,famous_le_100m,13,0.5714285714285714,0.6428571428571429,2,osl_siamese_cnn,d323e2c57d412b14e3a0856c7e348cedebca4ca4c04d44c706c29f490d39544b
5,famous_le_100m,14,0.5,0.6428571428571429,2,osl_siamese_cnn,d323e2c57d412b14e3a0856c7e348cedebca4ca4c04d44c706c29f490d39544b
5,famous_le_100m,15,0.5714285714285714,0.5714285714285714,2,osl_siamese_cnn,d323e2c57d412b14e3a0856c7e348cedebca4ca4c04d44c706c29f490d39544b
5,famous_le_100m,16,0.5714285714285714,0.5714285714285714,2,osl_siamese_cnn,d323e2c57d412b14e3a0856c7e348cedebca4ca4c04d44c706c29f490d39544b
5,famous_le_100m,17,0.5714285714285714,0.5,2,osl_siamese_cnn,d323e2c57d412b14e3a0856c7e348cedebca4ca4c04d44c706c29f490d39544b
5,famous_le_100m,18,0.5,0.5,2,osl_siamese_cnn,d323e2c57d412b14e3a0856c7e348cedebca4ca4c04d44c706c29f490d39544b
5,famous_le_100m,19,0.5714285714285714,0.35714285714285715,2,osl_siamese_cnn,d323e2c57d412b14e3a0856c7e348cedebca4ca4c04d44c706c29f490d39544b
5,famous_le_100m,20,0.5,0.42857142857142855,2,osl_siamese_cnn,d323e2c57d412b14e3a0856c7e348cedebca4ca4c04d44c706c29f490d39544b
5,famous_le_100m,21,0.21428571428571427,0.35714285714285715,2,osl_siamese_cnn,d323e2c57d412b14e3a0856c7e348cedebca4ca4c04d44c706c29f490d39544b
5,famous_le_100m,22,0.14285714285714285,0.0,2,osl_siamese_cnn,d323e2c57d412b14e3a0856c7e348cedebca4ca4c04d44c706c29f490d39544b
5,famous_le_100m,23,0.0,0.0,2,osl_siamese_cnn,d323e2c57d412b14e3a0856c7e348cedebca4ca4c04d44c706c29f490d39544b
6,torch_pretrained_classification,0,0.7125,0.5625,2,osl_siamese_cnn,e3f3ac7b31d32a59294196d00adbaae73e3b90ccd969492b64ac8872c4e26016
6,famous_le_10m,0,0.6,0.8,2,osl_siamese_cnn,e3f3ac7b31d32a59294196d00adbaae73e3b90ccd969492b64ac8872c4e26016
6,famous_le_10m,1,0.4,0.2,2,osl_siamese_cnn,e3f3ac7b31d32a59294196d00adbaae73e3b90ccd969492b64ac8872c4e26016
6,famous_le_10m,2,0.4,0.2,2,osl_siamese_cnn,e3f3ac7b31d32a59294196d00adbaae73e3b90ccd969492b64ac8872c4e26016
6,famous_le_10m,3,0.2,0.2,2,osl_siamese_cnn,e3f3ac7b31d32a59294196d00adbaae73e3b90ccd969492b64ac8872c4e26016
6,famous_le_10m,4,0.0,0.2,2,osl_siamese_cnn,e3f3ac7b31d32a59294196d00adbaae73e3b90ccd969492b64ac8872c4e26016
6,famous_le_10m,5,0.0,0.4,2,osl_siamese_cnn,e3f3ac7b31d32a59294196d00adbaae73e3b90ccd969492b64ac8872c4e26016
6,famous_le_10m,6,0.0,0.6,2,osl_siamese_cnn,e3f3ac7b31d32a59294196d00adbaae73e3b90ccd969492b64ac8872c4e26016
6,famous_le_10m,7,0.0,1.0,2,osl_siamese_cnn,e3f3ac7b31d32a59294196d00adbaae73e3b90ccd969492b64ac8872c4e26016
6,famous_le_10m,8,0.0,1.0,2,osl_siamese_cnn,e3f3ac7b31d32a59294196d00adbaae73e3b90ccd969492b64ac8872c4e26016
6,famous_le_10m,9,0.0,1.0,2,osl_siamese_cnn,e3f3ac7b31d32a59294196d00adbaae73e3b90ccd969492b64ac8872c4e26016
6,famous_le_10m,10,0.0,1.0,2,osl_siamese_cnn,e3f3ac7b31d32a59294196d00adbaae73e3b90ccd969492b64ac8872c4e26016
6,famous_le_10m,11,0.0,1.0,2,osl_siamese_cnn,e3f3ac7b31d32a59294196d00adbaae73e3b90ccd969492b64ac8872c4e26016
6,famous_le_10m,12,0.0,1.0,2,osl_siamese_cnn,e3f3ac7b31d32a59294196d00adbaae73e3b90ccd969492b64ac8872c4e26016
6,famous_le_10m,13,0.0,1.0,2,osl_siamese_cnn,e3f3ac7b31d32a59294196d00adbaae73e3b90ccd969492b64ac8872c4e26016
6,famous_le_10m,14,0.0,1.0,2,osl_siamese_cnn,e3f3ac7b31d32a59294196d00adbaae73e3b90ccd969492b64ac8872c4e26016
6,famous_le_10m,15,0.0,1.0,2,osl_siamese_cnn,e3f3ac7b31d32a59294196d00adbaae73e3b90ccd969492b64ac8872c4e26016
6,famous_le_10m,16,0.0,1.0,2,osl_siamese_cnn,e3f3ac7b31d32a59294196d00adbaae73e3b90ccd969492b64ac8872c4e26016
6,famous_le_10m,17,0.0,1.0,2,osl_siamese_cnn,e3f3ac7b31d32a59294196d00adbaae73e3b90ccd969492b64ac8872c4e26016
6,famous_le_10m,18,0.0,1.0,2,osl_siamese_cnn,e3f3ac7b31d32a59294196d00adbaae73e3b90ccd969492b64ac8872c4e26016
6,famous_le_10m,19,0.0,1.0,2,osl_siamese_cnn,e3f3ac7b31d32a59294196d00adbaae73e3b90ccd969492b64ac8872c4e26016
6,famous_le_10m,20,0.0,1.0,2,osl_siamese_cnn,e3f3ac7b31d32a59294196d00adbaae73e3b90ccd969492b64ac8872c4e26016
6,famous_le_10m,21,0.0,1.0,2,osl_siamese_cnn,e3f3ac7b31d32a59294196d00adbaae73e3b90ccd969492b64ac8872c4e26016
6,famous_le_10m,22,0.0,1.0,2,osl_siamese_cnn,e3f3ac7b31d32a59294196d00adbaae73e3b90ccd969492b64ac8872c4e26016
6,famous_le_10m,23,0.0,1.0,2,osl_siamese_cnn,e3f3ac7b31d32a59294196d00adbaae73e3b90ccd969492b64ac8872c4e26016
6,famous_le_100m,0,0.5,0.5714285714285714,2,osl_siamese_cnn,e3f3ac7b31d32a59294196d00adbaae73e3b90ccd969492b64ac8872c4e26016
6,famous_le_100m,1,0.5,0.42857142857142855,2,osl_siamese_cnn,e3f3ac7b31d32a59294196d00adbaae73e3b90ccd969492b64ac8872c4e26016
6,famous_le_100m,2,0.5,0.42857142857142855,2,osl_siamese_cnn,e3f3ac7b31d32a59294196d00adbaae73e3b90ccd969492b64ac8872c4e26016
6,famous_le_100m,3,0.5,0.42857142857142855,2,osl_siamese_cnn,e3f3ac7b31d32a59294196d00adbaae73e3b90ccd969492b64ac8872c4e26016
6,famous_le_100m,4,0.5,0.42857142857142855,2,osl_siamese_cnn,e3f3ac7b31d32a59294196d00adbaae73e3b90ccd969492b64ac8872c4e26016
6,famous_le_100m,5,0.5,0.42857142857142855,2,osl_siamese_cnn,e3f3ac7b31d32a59294196d00adbaae73e3b90ccd969492b64ac8872c4e26016
6,famous_le_100m,6,0.5,0.42857142857142855,2,osl_siamese_cnn,e3f3ac7b31d32a59294196d00adbaae73e3b90ccd969492b64ac8872c4e26016
6,famous_le_100m,7,0.5,0.42857142857142855,2,osl_siamese_cnn,e3f3ac7b31d32a59294196d00adbaae73e3b90ccd969492b64ac8872c4e26016
6,famous_le_100m,8,0.2857142857142857,0.42857142857142855,2,osl_siamese_cnn,e3f3ac7b31d32a59294196d00adbaae73e3b90ccd969492b64ac8872c4e26016
6,famous_le_100m,9,0.42857142857142855,0.5,2,osl_siamese_cnn,e3f3ac7b31d32a59294196d00adbaae73e3b90ccd969492b64ac8872c4e26016
6,famous_le_100m,10,0.2857142857142857,0.21428571428571427,2,osl_siamese_cnn,e3f3ac7b31d32a59294196d00adbaae73e3b90ccd969492b64ac8872c4e26016
6,famous_le_100m,11,0.35714285714285715,0.42857142857142855,2,osl_siamese_cnn,e3f3ac7b31d32a59294196d00adbaae73e3b90ccd969492b64ac8872c4e26016
6,famous_le_100m,12,0.21428571428571427,0.35714285714285715,2,osl_siamese_cnn,e3f3ac7b31d32a59294196d00adbaae73e3b90ccd969492b64ac8872c4e26016
6,famous_le_100m,13,0.21428571428571427,0.5714285714285714,2,osl_siamese_cnn,e3f3ac7b31d32a59294196d00adbaae73e3b90ccd969492b64ac8872c4e26016
6,famous_le_100m,14,0.07142857142857142,0.5,2,osl_siamese_cnn,e3f3ac7b31d32a59294196d00adbaae73e3b90ccd969492b64ac8872c4e26016
6,famous_le_100m,15,0.2857142857142857,0.5,2,osl_siamese_cnn,e3f3ac7b31d32a59294196d00adbaae73e3b90ccd969492b64ac8872c4e26016
6,famous_le_100m,16,0.14285714285714285,0.6428571428571429,2,osl_siamese_cnn,e3f3ac7b31d32a59294196d00adbaae73e3b90ccd969492b64ac8872c4e26016
6,famous_le_100m,17,0.21428571428571427,0.7142857142857143,2,osl_siamese_cnn,e3f3ac7b31d32a59294196d00adbaae73e3b90ccd969492b64ac8872c4e26016
6,famous_le_100m,18,0.14285714285714285,0.7857142857142857,2,osl_siamese_cnn,e3f3ac7b31d32a59294196d00adbaae73e3b90ccd969492b64ac8872c4e26016
6,famous_le_100m,19,0.07142857142857142,0.7857142857142857,2,osl_siamese_cnn,e3f3ac7b31d32a59294196d00adbaae73e3b90ccd969492b64ac8872c4e26016
6,famous_le_100m,20,0.0,0.8571428571428571,2,osl_siamese_cnn,e3f3ac7b31d32a59294196d00adbaae73e3b90ccd969492b64ac8872c4e26016
6,famous_le_100m,21,0.0,1.0,2,osl_siamese_cnn,e3f3ac7b31d32a59294196d00adbaae73e3b90ccd969492b64ac8872c4e26016
6,famous_le_100m,22,0.0,1.0,2,osl_siamese_cnn,e3f3ac7b31d32a59294196d00adbaae73e3b90ccd969492b64ac8872c4e26016
6,famous_le_100m,23,0.0,1.0,2,osl_siamese_cnn,e3f3ac7b31d32a59294196d00adbaae73e3b90ccd969492b64ac8872c4e26016
7,torch_pretrained_classification,0,0.2625,0.475,2,osl_siamese_cnn,0b87f777b53c54bc7e26aed86a88280de8aafdb3da0cb08d16ba882e28247586
7,famous_le_10m,0,0.2,0.8,2,osl_siamese_cnn,0b87f777b53c54bc7e26aed86a88280de8aafdb3da0cb08d16ba882e28247586
7,famous_le_10m,1,0.8,0.2,2,osl_siamese_cnn,0b87f777b53c54bc7e26aed86a88280de8aafdb3da0cb08d16ba882e28247586
7,famous_le_10m,2,1.0,0.0,2,osl_siamese_cnn,0b87f777b53c54bc7e26aed86a88280de8aafdb3da0cb08d16ba882e28247586
7,famous_le_10m,3,1.0,0.0,2,osl_siamese_cnn,0b87f777b53c54bc7e26aed86a88280de8aafdb3da0cb08d16ba882e28247586
7,famous_le_10m,4,1.0,0.2,2,osl_siamese_cnn,0b87f777b53c54bc7e26aed86a88280de8aafdb3da0cb08d16ba882e28247586
7,famous_le_10m,5,1.0,0.8,2,osl_siamese_cnn,0b87f777b53c54bc7e26aed86a88280de8aafdb3da0cb08d16ba882e28247586
7,famous_le_10m,6,1.0,1.0,2,osl_siamese_cnn,0b87f777b53c54bc7e26aed86a88280de8aafdb3da0cb08d16ba882e28247586
7,famous_le_10m,7,1.0,1.0,2,osl_siamese_cnn,0b87f777b53c54bc7e26aed86a88280de8aafdb3da0cb08d16ba882e28247586
7,famous_le_10m,8,1.0,1.0,2,osl_siamese_cnn,0b87f777b53c54bc7e26aed86a88280de8aafdb3da0cb08d16ba882e28247586
7,famous_le_10m,9,1.0,1.0,2,osl_siamese_cnn,0b87f777b53c54bc7e26aed86a88280de8aafdb3da0cb08d16ba882e28247586
7,famous_le_10m,10,1.0,1.0,2,osl_siamese_cnn,0b87f777b53c54bc7e26aed86a88280de8aafdb3da0cb08d16ba882e28247586
7,famous_le_10m,11,1.0,1.0,2,osl_siamese_cnn,0b87f777b53c54bc7e26aed86a88280de8aafdb3da0cb08d16ba882e28247586
7,famous_le_10m,12,1.0,1.0,2,osl_siamese_cnn,0b87f777b53c54bc7e26aed86a88280de8aafdb3da0cb08d16ba882e28247586
7,famous_le_10m,13,1.0,1.0,2,osl_siamese_cnn,0b87f777b53c54bc7e26aed86a88280de8aafdb3da0cb08d16ba882e28247586
7,famous_le_10m,14,1.0,1.0,2,osl_siamese_cnn,0b87f777b53c54bc7e26aed86a88280de8aafdb3da0cb08d16ba882e28247586
7,famous_le_10m,15,1.0,1.0,2,osl_siamese_cnn,0b87f777b53c54bc7e26aed86a88280de8aafdb3da0cb08d16ba882e28247586
7,famous_le_10m,16,1.0,1.0,2,osl_siamese_cnn,0b87f777b53c54bc7e26aed86a88280de8aafdb3da0cb08d16ba882e28247586
7,famous_le_10m,17,1.0,1.0,2,osl_siamese_cnn,0b87f777b53c54bc7e26aed86a88280de8aafdb3da0cb08d16ba882e28247586
7,famous_le_10m,18,1.0,1.0,2,osl_siamese_cnn,0b87f777b53c54bc7e26aed86a88280de8aafdb3da0cb08d16ba882e28247586
7,famous_le_10m,19,1.0,1.0,2,osl_siamese_cnn,0b87f777b53c54bc7e26aed86a88280de8aafdb3da0cb08d16ba882e28247586
7,famous_le_10m,20,1.0,1.0,2,osl_siamese_cnn,0b87f777b53c54bc7e26aed86a88280de8aafdb3da0cb08d16ba882e28247586
7,famous_le_10m,21,1.0,1.0,2,osl_siamese_cnn,0b87f777b53c54bc7e26aed86a88280de8aafdb3da0cb08d16ba882e28247586
7,famous_le_10m,22,1.0,1.0,2,osl_siamese_cnn,0b87f777b53c54bc7e26aed86a88280de8aafdb3da0cb08d16ba882e28247586
7,famous_le_10m,23,1.0,1.0,2,osl_siamese_cnn,0b87f777b53c54bc7e26aed86a88280de8aafdb3da0cb08d16ba882e28247586
7,famous_le_100m,0,0.35714285714285715,0.5714285714285714,2,osl_siamese_cnn,0b87f777b53c54bc7e26aed86a88280de8aafdb3da0cb08d16ba882e28247586
7,famous_le_100m,1,0.6428571428571429,0.35714285714285715,2,osl_siamese_cnn,0b87f777b53c54bc7e26aed86a88280de8aafdb3da0cb08d16ba882e28247586
7,famous_le_100m,2,0.6428571428571429,0.35714285714285715,2,osl_siamese_cnn,0b87f777b53c54bc7e26aed86a88280de8aafdb3da0cb08d16ba882e28247586
7,famous_le_100m,3,0.6428571428571429,0.35714285714285715,2,osl_siamese_cnn,0b87f777b53c54bc7e26aed86a88280de8aafdb3da0cb08d16ba882e28247586
7,famous_le_100m,4,0.7142857142857143,0.35714285714285715,2,osl_siamese_cnn,0b87f777b53c54bc7e26aed86a88280de8aafdb3da0cb08d16ba882e28247586
7,famous_le_100m,5,0.7857142857142857,0.2857142857142857,2,osl_siamese_cnn,0b87f777b53c54bc7e26aed86a88280de8aafdb3da0cb08d16ba882e28247586
7,famous_le_100m,6,0.8571428571428571,0.5,2,osl_siamese_cnn,0b87f777b53c54bc7e26aed86a88280de8aafdb3da0cb08d16ba882e28247586
7,famous_le_100m,7,0.9285714285714286,0.7857142857142857,2,osl_siamese_cnn,0b87f777b53c54bc7e26aed86a88280de8aafdb3da0cb08d16ba882e28247586
7,famous_le_100m,8,1.0,0.8571428571428571,2,osl_siamese_cnn,0b87f777b53c54bc7e26aed86a88280de8aafdb3da0cb08d16ba882e28247586
7,famous_le_100m,9,1.0,0.8571428571428571,2,osl_siamese_cnn,0b87f777b53c54bc7e26aed86a88280de8aafdb3da0cb08d16ba882e28247586
7,famous_le_100m,10,1.0,0.9285714285714286,2,osl_siamese_cnn,0b87f777b53c54bc7e26aed86a88280de8aafdb3da0cb08d16ba882e28247586
7,famous_le_100m,11,1.0,0.9285714285714286,2,osl_siamese_cnn,0b87f777b53c54bc7e26aed86a88280de8aafdb3da0cb08d16ba882e28247586
7,famous_le_100m,12,1.0,0.9285714285714286,2,osl_siamese_cnn,0b87f777b53c54bc7e26aed86a88280de8aafdb3da0cb08d16ba882e28247586
7,famous_le_100m,13,1.0,0.9285714285714286,2,osl_siamese_cnn,0b87f777b53c54bc7e26aed86a88280de8aafdb3da0cb08d16ba882e28247586
7,famous_le_100m,14,1.0,0.9285714285714286,2,osl_siamese_cnn,0b87f777b53c54bc7e26aed86a88280de8aafdb3da0cb08d16ba882e28247586
7,famous_le_100m,15,1.0,1.0,2,osl_siamese_cnn,0b87f777b53c54bc7e26aed86a88280de8aafdb3da0cb08d16ba882e28247586
7,famous_le_100m,16,1.0,1.0,2,osl_siamese_cnn,0b87f777b53c54bc7e26aed86a88280de8aafdb3da0cb08d16ba882e28247586
7,famous_le_100m,17,1.0,1.0,2,osl_siamese_cnn,0b87f777b53c54bc7e26aed86a88280de8aafdb3da0cb08d16ba882e28247586
7,famous_le_100m,18,1.0,1.0,2,osl_siamese_cnn,0b87f777b53c54bc7e26aed86a88280de8aafdb3da0cb08d16ba882e28247586
7,famous_le_100m,19,1.0,1.0,2,osl_siamese_cnn,0b87f777b53c54bc7e26aed86a88280de8aafdb3da0cb08d16ba882e28247586
7,famous_le_100m,20,1.0,1.0,2,osl_siamese_cnn,0b87f777b53c54bc7e26aed86a88280de8aafdb3da0cb08d16ba882e28247586
7,famous_le_100m,21,1.0,1.0,2,osl_siamese_cnn,0b87f777b53c54bc7e26aed86a88280de8aafdb3da0cb08d16ba882e28247586
7,famous_le_100m,22,1.0,1.0,2,osl_siamese_cnn,0b87f777b53c54bc7e26aed86a88280de8aafdb3da0cb08d16ba882e28247586
7,famous_le_100m,23,1.0,1.0,2,osl_siamese_cnn,0b87f777b53c54bc7e26aed86a88280de8aafdb3da0cb08d16ba882e28247586
8,torch_pretrained_classification,0,0.2375,0.3875,2,osl_siamese_cnn,4dacca032a699a212bf1ced5ba6349d1bbbc2e1366a9f9af90e1bb962e402669
8,famous_le_10m,0,0.2,0.6,2,osl_siamese_cnn,4dacca032a699a212bf1ced5ba6349d1bbbc2e1366a9f9af90e1bb962e402669
8,famous_le_10m,1,0.8,0.4,2,osl_siamese_cnn,4dacca032a699a212bf1ced5ba6349d1bbbc2e1366a9f9af90e1bb962e402669
8,famous_le_10m,2,0.8,0.4,2,osl_siamese_cnn,4dacca032a699a212bf1ced5ba6349d1bbbc2e1366a9f9af90e1bb962e402669
8,famous_le_10m,3,0.8,0.4,2,osl_siamese_cnn,4dacca032a699a212bf1ced5ba6349d1bbbc2e1366a9f9af90e1bb962e402669
8,famous_le_10m,4,1.0,0.4,2,osl_siamese_cnn,4dacca032a699a212bf1ced5ba6349d1bbbc2e1366a9f9af90e1bb962e402669
8,famous_le_10m,5,1.0,0.8,2,osl_siamese_cnn,4dacca032a699a212bf1ced5ba6349d1bbbc2e1366a9f9af90e1bb962e402669
8,famous_le_10m,6,1.0,1.0,2,osl_siamese_cnn,4dacca032a699a212bf1ced5ba6349d1bbbc2e1366a9f9af90e1bb962e402669
8,famous_le_10m,7,1.0,1.0,2,osl_siamese_cnn,4dacca032a699a212bf1ced5ba6349d1bbbc2e1366a9f9af90e1bb962e402669
8,famous_le_10m,8,1.0,1.0,2,osl_siamese_cnn,4dacca032a699a212bf1ced5ba6349d1bbbc2e1366a9f9af90e1bb962e402669
8,famous_le_10m,9,1.0,1.0,2,osl_siamese_cnn,4dacca032a699a212bf1ced5ba6349d1bbbc2e1366a9f9af90e1bb962e402669
8,famous_le_10m,10,1.0,1.0,2,osl_siamese_cnn,4dacca032a699a212bf1ced5ba6349d1bbbc2e1366a9f9af90e1bb962e402669
8,famous_le_10m,11,1.0,1.0,2,osl_siamese_cnn,4dacca032a699a212bf1ced5ba6349d1bbbc2e1366a9f9af90e1bb962e402669
8,famous_le_10m,12,1.0,1.0,2,osl_siamese_cnn,4dacca032a699a212bf1ced5ba6349d1bbbc2e1366a9f9af90e1bb962e402669
8,famous_le_10m,13,1.0,1.0,2,osl_siamese_cnn,4dacca032a699a212bf1ced5ba6349d1bbbc2e1366a9f9af90e1bb962e402669
8,famous_le_10m,14,1.0,1.0,2,osl_siamese_cnn,4dacca032a699a212bf1ced5ba6349d1bbbc2e1366a9f9af90e1bb962e402669
8,famous_le_10m,15,1.0,1.0,2,osl_siamese_cnn,4dacca032a699a212bf1ced5ba6349d1bbbc2e1366a9f9af90e1bb962e402669
8,famous_le_10m,16,1.0,1.0,2,osl_siamese_cnn,4dacca032a699a212bf1ced5ba6349d1bbbc2e1366a9f9af90e1bb962e402669
8,famous_le_10m,17,1.0,1.0,2,osl_siamese_cnn,4dacca032a699a212bf1ced5ba6349d1bbbc2e1366a9f9af90e1bb962e402669
8,famous_le_10m,18,1.0,1.0,2,osl_siamese_cnn,4dacca032a699a212bf1ced5ba6349d1bbbc2e1366a9f9af90e1bb962e402669
8,famous_le_10m,19,1.0,1.0,2,osl_siamese_cnn,4dacca032a699a212bf1ced5ba6349d1bbbc2e1366a9f9af90e1bb962e402669
8,famous_le_10m,20,1.0,1.0,2,osl_siamese_cnn,4dacca032a699a212bf1ced5ba6349d1bbbc2e1366a9f9af90e1bb962e402669
8,famous_le_10m,21,1.0,1.0,2,osl_siamese_cnn,4dacca032a699a212bf1ced5ba6349d1bbbc2e1366a9f9af90e1bb962e402669
8,famous_le_10m,22,1.0,1.0,2,osl_siamese_cnn,4dacca032a699a212bf1ced5ba6349d1bbbc2e1366a9f9af90e1bb962e402669
8,famous_le_10m,23,1.0,1.0,2,osl_siamese_cnn,4dacca032a699a212bf1ced5ba6349d1bbbc2e1366a9f9af90e1bb962e402669
8,famous_le_100m,0,0.35714285714285715,0.42857142857142855,2,osl_siamese_cnn,4dacca032a699a212bf1ced5ba6349d1bbbc2e1366a9f9af90e1bb962e402669
8,famous_le_100m,1,0.6428571428571429,0.5714285714285714,2,osl_siamese_cnn,4dacca032a699a212bf1ced5ba6349d1bbbc2e1366a9f9af90e1bb962e402669
8,famous_le_100m,2,0.6428571428571429,0.5714285714285714,2,osl_siamese_cnn,4dacca032a699a212bf1ced5ba6349d1bbbc2e1366a9f9af90e1bb962e402669
8,famous_le_100m,3,0.7142857142857143,0.5,2,osl_siamese_cnn,4dacca032a699a212bf1ced5ba6349d1bbbc2e1366a9f9af90e1bb962e402669
8,famous_le_100m,4,0.7142857142857143,0.5,2,osl_siamese_cnn,4dacca032a699a212bf1ced5ba6349d1bbbc2e1366a9f9af90e1bb962e402669
8,famous_le_100m,5,0.7857142857142857,0.5,2,osl_siamese_cnn,4dacca032a699a212bf1ced5ba6349d1bbbc2e1366a9f9af90e1bb962e402669
8,famous_le_100m,6,0.8571428571428571,0.6428571428571429,2,osl_siamese_cnn,4dacca032a699a212bf1ced5ba6349d1bbbc2e1366a9f9af90e1bb962e402669
8,famous_le_100m,7,0.9285714285714286,0.7142857142857143,2,osl_siamese_cnn,4dacca032a699a212bf1ced5ba6349d1bbbc2e1366a9f9af90e1bb962e402669
8,famous_le_100m,8,1.0,0.7857142857142857,2,osl_siamese_cnn,4dacca032a699a212bf1ced5ba6349d1bbbc2e1366a9f9af90e1bb962e402669
8,famous_le_100m,9,1.0,0.8571428571428571,2,osl_siamese_cnn,4dacca032a699a212bf1ced5ba6349d1bbbc2e1366a9f9af90e1bb962e402669
8,famous_le_100m,10,1.0,0.9285714285714286,2,osl_siamese_cnn,4dacca032a699a212bf1ced5ba6349d1bbbc2e1366a9f9af90e1bb962e402669
8,famous_le_100m,11,1.0,0.9285714285714286,2,osl_siamese_cnn,4dacca032a699a212bf1ced5ba6349d1bbbc2e1366a9f9af90e1bb962e402669
8,famous_le_100m,12,1.0,0.9285714285714286,2,osl_siamese_cnn,4dacca032a699a212bf1ced5ba6349d1bbbc2e1366a9f9af90e1bb962e402669
8,famous_le_100m,13,1.0,0.9285714285714286,2,osl_siamese_cnn,4dacca032a699a212bf1ced5ba6349d1bbbc2e1366a9f9af90e1bb962e402669
8,famous_le_100m,14,1.0,0.9285714285714286,2,osl_siamese_cnn,4dacca032a699a212bf1ced5ba6349d1bbbc2e1366a9f9af90e1bb962e402669
8,famous_le_100m,15,1.0,0.9285714285714286,2,osl_siamese_cnn,4dacca032a699a212bf1ced5ba6349d1bbbc2e1366a9f9af90e1bb962e402669
8,famous_le_100m,16,1.0,0.9285714285714286,2,osl_siamese_cnn,4dacca032a699a212bf1ced5ba6349d1bbbc2e1366a9f9af90e1bb962e402669
8,famous_le_100m,17,1.0,0.9285714285714286,2,osl_siamese_cnn,4dacca032a699a212bf1ced5ba6349d1bbbc2e1366a9f9af90e1bb962e402669
8,famous_le_100m,18,1.0,1.0,2,osl_siamese_cnn,4dacca032a699a212bf1ced5ba6349d1bbbc2e1366a9f9af90e1bb962e402669
8,famous_le_100m,19,1.0,1.0,2,osl_siamese_cnn,4dacca032a699a212bf1ced5ba6349d1bbbc2e1366a9f9af90e1bb962e402669
8,famous_le_100m,20,1.0,1.0,2,osl_siamese_cnn,4dacca032a699a212bf1ced5ba6349d1bbbc2e1366a9f9af90e1bb962e402669
8,famous_le_100m,21,1.0,1.0,2,osl_siamese_cnn,4dacca032a699a212bf1ced5ba6349d1bbbc2e1366a9f9af90e1bb962e402669
8,famous_le_100m,22,1.0,1.0,2,osl_siamese_cnn,4dacca032a699a212bf1ced5ba6349d1bbbc2e1366a9f9af90e1bb962e402669
8,famous_le_100m,23,1.0,1.0,2,osl_siamese_cnn,4dacca032a699a212bf1ced5ba6349d1bbbc2e1366a9f9af90e1bb962e402669
9,torch_pretrained_classification,0,0.3125,0.4,2,osl_siamese_cnn,8f014394243332ee6a116f257cffe996b00c9db1b7e9c393add36ee55e58f65b
9,famous_le_10m,0,0.2,0.6,2,osl_siamese_cnn,8f014394243332ee6a116f257cffe996b00c9db1b7e9c393add36ee55e58f65b
9,famous_le_10m,1,0.8,0.4,2,osl_siamese_cnn,8f014394243332ee6a116f257cffe996b00c9db1b7e9c393add36ee55e58f65b
9,famous_le_10m,2,0.8,0.4,2,osl_siamese_cnn,8f014394243332ee6a116f257cffe996b00c9db1b7e9c393add36ee55e58f65b
9,famous_le_10m,3,0.8,0.4,2,osl_siamese_cnn,8f014394243332ee6a116f257cffe996b00c9db1b7e9c393add36ee55e58f65b
9,famous_le_10m,4,1.0,0.6,2,osl_siamese_cnn,8f014394243332ee6a116f257cffe996b00c9db1b7e9c393add36ee55e58f65b
9,famous_le_10m,5,1.0,0.8,2,osl_siamese_cnn,8f014394243332ee6a116f257cffe996b00c9db1b7e9c393add36ee55e58f65b
9,famous_le_10m,6,1.0,1.0,2,osl_siamese_cnn,8f014394243332ee6a116f257cffe996b00c9db1b7e9c393add36ee55e58f65b
9,famous_le_10m,7,1.0,1.0,2,osl_siamese_cnn,8f014394243332ee6a116f257cffe996b00c9db1b7e9c393add36ee55e58f65b
9,famous_le_10m,8,1.0,1.0,2,osl_siamese_cnn,8f014394243332ee6a116f257cffe996b00c9db1b7e9c393add36ee55e58f65b
9,famous_le_10m,9,1.0,1.0,2,osl_siamese_cnn,8f014394243332ee6a116f257cffe996b00c9db1b7e9c393add36ee55e58f65b
9,famous_le_10m,10,1.0,1.0,2,osl_siamese_cnn,8f014394243332ee6a116f257cffe996b00c9db1b7e9c393add36ee55e58f65b
9,famous_le_10m,11,1.0,1.0,2,osl_siamese_cnn,8f014394243332ee6a116f257cffe996b00c9db1b7e9c393add36ee55e58f65b
9,famous_le_10m,12,1.0,1.0,2,osl_siamese_cnn,8f014394243332ee6a116f257cffe996b00c9db1b7e9c393add36ee55e58f65b
9,famous_le_10m,13,1.0,1.0,2,osl_siamese_cnn,8f014394243332ee6a116f257cffe996b00c9db1b7e9c393add36ee55e58f65b
9,famous_le_10m,14,1.0,1.0,2,osl_siamese_cnn,8f014394243332ee6a116f257cffe996b00c9db1b7e9c393add36ee55e58f65b
9,famous_le_10m,15,1.0,1.0,2,osl_siamese_cnn,8f014394243332ee6a116f257cffe996b00c9db1b7e9c393add36ee55e58f65b
9,famous_le_10m,16,1.0,1.0,2,osl_siamese_cnn,8f014394243332ee6a116f257cffe996b00c9db1b7e9c393add36ee55e58f65b
9,famous_le_10m,17,1.0,1.0,2,osl_siamese_cnn,8f014394243332ee6a116f257cffe996b00c9db1b7e9c393add36ee55e58f65b
9,famous_le_10m,18,1.0,1.0,2,osl_siamese_cnn,8f014394243332ee6a116f257cffe996b00c9db1b7e9c393add36ee55e58f65b
9,famous_le_10m,19,1.0,1.0,2,osl_siamese_cnn,8f014394243332ee6a116f257cffe996b00c9db1b7e9c393add36ee55e58f65b
9,famous_le_10m,20,1.0,1.0,2,osl_siamese_cnn,8f014394243332ee6a116f257cffe996b00c9db1b7e9c393add36ee55e58f65b
9,famous_le_10m,21,1.0,1.0,2,osl_siamese_cnn,8f014394243332ee6a116f257cffe996b00c9db1b7e9c393add36ee55e58f65b
9,famous_le_10m,22,1.0,1.0,2,osl_siamese_cnn,8f014394243332ee6a116f257cffe996b00c9db1b7e9c393add36ee55e58f65b
9,famous_le_10m,23,1.0,1.0,2,osl_siamese_cnn,8f014394243332ee6a116f257cffe996b00c9db1b7e9c393add36ee55e58f65b
9,famous_le_100m,0,0.5,0.2857142857142857,2,osl_siamese_cnn,8f014394243332ee6a116f257cffe996b00c9db1b7e9c393add36ee55e58f65b
9,famous_le_100m,1,0.5,0.7142857142857143,2,osl_siamese_cnn,8f014394243332ee6a116f257cffe996b00c9db1b7e9c393add36ee55e58f65b
9,famous_le_100m,2,0.5,0.7142857142857143,2,osl_siamese_cnn,8f014394243332ee6a116f257cffe996b00c9db1b7e9c393add36ee55e58f65b
9,famous_le_100m,3,0.5,0.7142857142857143,2,osl_siamese_cnn,8f014394243332ee6a116f257cffe996b00c9db1b7e9c393add36ee55e58f65b
9,famous_le_100m,4,0.5,0.7142857142857143,2,osl_siamese_cnn,8f014394243332ee6a116f257cffe996b00c9db1b7e9c393add36ee55e58f65b
9,famous_le_100m,5,0.5,0.6428571428571429,2,osl_siamese_cnn,8f014394243332ee6a116f257cffe996b00c9db1b7e9c393add36ee55e58f65b
9,famous_le_100m,6,0.6428571428571429,0.6428571428571429,2,osl_siamese_cnn,8f014394243332ee6a116f257cffe996b00c9db1b7e9c393add36ee55e58f65b
9,famous_le_100m,7,0.8571428571428571,0.6428571428571429,2,osl_siamese_cnn,8f014394243332ee6a116f257cffe996b00c9db1b7e9c393add36ee55e58f65b
9,famous_le_100m,8,0.8571428571428571,0.7142857142857143,2,osl_siamese_cnn,8f014394243332ee6a116f257cffe996b00c9db1b7e9c393add36ee55e58f65b
9,famous_le_100m,9,0.9285714285714286,0.6428571428571429,2,osl_siamese_cnn,8f014394243332ee6a116f257cffe996b00c9db1b7e9c393add36ee55e58f65b
9,famous_le_100m,10,0.9285714285714286,0.7857142857142857,2,osl_siamese_cnn,8f014394243332ee6a116f257cffe996b00c9db1b7e9c393add36ee55e58f65b
9,famous_le_100m,11,0.9285714285714286,0.9285714285714286,2,osl_siamese_cnn,8f014394243332ee6a116f257cffe996b00c9db1b7e9c393add36ee55e58f65b
9,famous_le_100m,12,1.0,0.8571428571428571,2,osl_siamese_cnn,8f014394243332ee6a116f257cffe996b00c9db1b7e9c393add36ee55e58f65b
9,famous_le_100m,13,1.0,0.7857142857142857,2,osl_siamese_cnn,8f014394243332ee6a116f257cffe996b00c9db1b7e9c393add36ee55e58f65b
9,famous_le_100m,14,1.0,0.8571428571428571,2,osl_siamese_cnn,8f014394243332ee6a116f257cffe996b00c9db1b7e9c393add36ee55e58f65b
9,famous_le_100m,15,0.9285714285714286,0.9285714285714286,2,osl_siamese_cnn,8f014394243332ee6a116f257cffe996b00c9db1b7e9c393add36ee55e58f65b
9,famous_le_100m,16,0.8571428571428571,1.0,2,osl_siamese_cnn,8f014394243332ee6a116f257cffe996b00c9db1b7e9c393add36ee55e58f65b
9,famous_le_100m,17,0.9285714285714286,0.9285714285714286,2,osl_siamese_cnn,8f014394243332ee6a116f257cffe996b00c9db1b7e9c393add36ee55e58f65b
9,famous_le_100m,18,0.9285714285714286,0.9285714285714286,2,osl_siamese_cnn,8f014394243332ee6a116f257cffe996b00c9db1b7e9c393add36ee55e58f65b
9,famous_le_100m,19,0.9285714285714286,1.0,2,osl_siamese_cnn,8f014394243332ee6a116f257cffe996b00c9db1b7e9c393add36ee55e58f65b
9,famous_le_100m,20,0.9285714285714286,1.0,2,osl_siamese_cnn,8f014394243332ee6a116f257cffe996b00c9db1b7e9c393add36ee55e58f65b
9,famous_le_100m,21,1.0,1.0,2,osl_siamese_cnn,8f014394243332ee6a116f257cffe996b00c9db1b7e9c393add36ee55e58f65b
9,famous_le_100m,22,1.0,1.0,2,osl_siamese_cnn,8f014394243332ee6a116f257cffe996b00c9db1b7e9c393add36ee55e58f65b
9,famous_le_100m,23,1.0,1.0,2,osl_siamese_cnn,8f014394243332ee6a116f257cffe996b00c9db1b7e9c393add36ee55e58f65b
5,torch_pretrained_classification,0,0.2,0.5875,3,osl_siamese_cnn,879cf367431dc12391b2a5d4bf57f696163650670569a533815946ca9281eb46
5,famous_le_10m,0,0.2,0.8,3,osl_siamese_cnn,879cf367431dc12391b2a5d4bf57f696163650670569a533815946ca9281eb46
5,famous_le_10m,1,0.8,0.2,3,osl_siamese_cnn,879cf367431dc12391b2a5d4bf57f696163650670569a533815946ca9281eb46
5,famous_le_10m,2,0.8,0.2,3,osl_siamese_cnn,879cf367431dc12391b2a5d4bf57f696163650670569a533815946ca9281eb46
5,famous_le_10m,3,1.0,0.4,3,osl_siamese_cnn,879cf367431dc12391b2a5d4bf57f696163650670569a533815946ca9281eb46
5,famous_le_10m,4,1.0,0.4,3,osl_siamese_cnn,879cf367431dc12391b2a5d4bf57f696163650670569a533815946ca9281eb46
5,famous_le_10m,5,1.0,0.8,3,osl_siamese_cnn,879cf367431dc12391b2a5d4bf57f696163650670569a533815946ca9281eb46
5,famous_le_10m,6,1.0,1.0,3,osl_siamese_cnn,879cf367431dc12391b2a5d4bf57f696163650670569a533815946ca9281eb46
5,famous_le_10m,7,1.0,1.0,3,osl_siamese_cnn,879cf367431dc12391b2a5d4bf57f696163650670569a533815946ca9281eb46
5,famous_le_10m,8,1.0,1.0,3,osl_siamese_cnn,879cf367431dc12391b2a5d4bf57f696163650670569a533815946ca9281eb46
5,famous_le_10m,9,1.0,1.0,3,osl_siamese_cnn,879cf367431dc12391b2a5d4bf57f696163650670569a533815946ca9281eb46
5,famous_le_10m,10,1.0,1.0,3,osl_siamese_cnn,879cf367431dc12391b2a5d4bf57f696163650670569a533815946ca9281eb46
5,famous_le_10m,11,1.0,1.0,3,osl_siamese_cnn,879cf367431dc12391b2a5d4bf57f696163650670569a533815946ca9281eb46
5,famous_le_10m,12,1.0,1.0,3,osl_siamese_cnn,879cf367431dc12391b2a5d4bf57f696163650670569a533815946ca9281eb46
5,famous_le_10m,13,1.0,1.0,3,osl_siamese_cnn,879cf367431dc12391b2a5d4bf57f696163650670569a533815946ca9281eb46
5,famous_le_10m,14,1.0,1.0,3,osl_siamese_cnn,879cf367431dc12391b2a5d4bf57f696163650670569a533815946ca9281eb46
5,famous_le_10m,15,1.0,1.0,3,osl_siamese_cnn,879cf367431dc12391b2a5d4bf57f696163650670569a533815946ca9281eb46
5,famous_le_10m,16,1.0,1.0,3,osl_siamese_cnn,879cf367431dc12391b2a5d4bf57f696163650670569a533815946ca9281eb46
5,famous_le_10m,17,1.0,1.0,3,osl_siamese_cnn,879cf367431dc12391b2a5d4bf57f696163650670569a533815946ca9281eb46
5,famous_le_10m,18,1.0,1.0,3,osl_siamese_cnn,879cf367431dc12391b2a5d4bf57f696163650670569a533815946ca9281eb46
5,famous_le_10m,19,1.0,1.0,3,osl_siamese_cnn,879cf367431dc12391b2a5d4bf57f696163650670569a533815946ca9281eb46
5,famous_le_10m,20,1.0,1.0,3,osl_siamese_cnn,879cf367431dc12391b2a5d4bf57f696163650670569a533815946ca9281eb46
5,famous_le_10m,21,1.0,1.0,3,osl_siamese_cnn,879cf367431dc12391b2a5d4bf57f696163650670569a533815946ca9281eb46
5,famous_le_10m,22,1.0,1.0,3,osl_siamese_cnn,879cf367431dc12391b2a5d4bf57f696163650670569a533815946ca9281eb46
5,famous_le_10m,23,1.0,1.0,3,osl_siamese_cnn,879cf367431dc12391b2a5d4bf57f696163650670569a533815946ca9281eb46
5,famous_le_100m,0,0.21428571428571427,0.6428571428571429,3,osl_siamese_cnn,879cf367431dc12391b2a5d4bf57f696163650670569a533815946ca9281eb46
5,famous_le_100m,1,0.7857142857142857,0.35714285714285715,3,osl_siamese_cnn,879cf367431dc12391b2a5d4bf57f696163650670569a533815946ca9281eb46
5,famous_le_100m,2,0.7857142857142857,0.2857142857142857,3,osl_siamese_cnn,879cf367431dc12391b2a5d4bf57f696163650670569a533815946ca9281eb46
5,famous_le_100m,3,0.7857142857142857,0.2857142857142857,3,osl_siamese_cnn,879cf367431dc12391b2a5d4bf57f696163650670569a533815946ca9281eb46
5,famous_le_100m,4,0.7857142857142857,0.2857142857142857,3,osl_siamese_cnn,879cf367431dc12391b2a5d4bf57f696163650670569a533815946ca9281eb46
5,famous_le_100m,5,0.7857142857142857,0.2857142857142857,3,osl_siamese_cnn,879cf367431dc12391b2a5d4bf57f696163650670569a533815946ca9281eb46
5,famous_le_100m,6,0.8571428571428571,0.42857142857142855,3,osl_siamese_cnn,879cf367431dc12391b2a5d4bf57f696163650670569a533815946ca9281eb46
5,famous_le_100m,7,0.9285714285714286,0.6428571428571429,3,osl_siamese_cnn,879cf367431dc12391b2a5d4bf57f696163650670569a533815946ca9281eb46
5,famous_le_100m,8,0.9285714285714286,0.6428571428571429,3,osl_siamese_cnn,879cf367431dc12391b2a5d4bf57f696163650670569a533815946ca9281eb46
5,famous_le_100m,9,0.9285714285714286,0.7857142857142857,3,osl_siamese_cnn,879cf367431dc12391b2a5d4bf57f696163650670569a533815946ca9281eb46
5,famous_le_100m,10,1.0,0.8571428571428571,3,osl_siamese_cnn,879cf367431dc12391b2a5d4bf57f696163650670569a533815946ca9281eb46
5,famous_le_100m,11,1.0,0.8571428571428571,3,osl_siamese_cnn,879cf367431dc12391b2a5d4bf57f696163650670569a533815946ca9281eb46
5,famous_le_100m,12,1.0,0.9285714285714286,3,osl_siamese_cnn,879cf367431dc12391b2a5d4bf57f696163650670569a533815946ca9281eb46
5,famous_le_100m,13,1.0,0.9285714285714286,3,osl_siamese_cnn,879cf367431dc12391b2a5d4bf57f696163650670569a533815946ca9281eb46
5,famous_le_100m,14,1.0,0.8571428571428571,3,osl_siamese_cnn,879cf367431dc12391b2a5d4bf57f696163650670569a533815946ca9281eb46
5,famous_le_100m,15,1.0,0.9285714285714286,3,osl_siamese_cnn,879cf367431dc12391b2a5d4bf57f696163650670569a533815946ca9281eb46
5,famous_le_100m,16,1.0,0.9285714285714286,3,osl_siamese_cnn,879cf367431dc12391b2a5d4bf57f696163650670569a533815946ca9281eb46
5,famous_le_100m,17,1.0,1.0,3,osl_siamese_cnn,879cf367431dc12391b2a5d4bf57f696163650670569a533815946ca9281eb46
5,famous_le_100m,18,1.0,1.0,3,osl_siamese_cnn,879cf367431dc12391b2a5d4bf57f696163650670569a533815946ca9281eb46
5,famous_le_100m,19,1.0,1.0,3,osl_siamese_cnn,879cf367431dc12391b2a5d4bf57f696163650670569a533815946ca9281eb46
5,famous_le_100m,20,1.0,1.0,3,osl_siamese_cnn,879cf367431dc12391b2a5d4bf57f696163650670569a533815946ca9281eb46
5,famous_le_100m,21,1.0,1.0,3,osl_siamese_cnn,879cf367431dc12391b2a5d4bf57f696163650670569a533815946ca9281eb46
5,famous_le_100m,22,1.0,1.0,3,osl_siamese_cnn,879cf367431dc12391b2a5d4bf57f696163650670569a533815946ca9281eb46
5,famous_le_100m,23,1.0,1.0,3,osl_siamese_cnn,879cf367431dc12391b2a5d4bf57f696163650670569a533815946ca9281eb46
6,torch_pretrained_classification,0,0.275,0.3,3,osl_siamese_cnn,cc70343639cbf949205f56bec87571cb7b30602b4f17138e355372c6c79bb054
6,famous_le_10m,0,0.0,0.6,3,osl_siamese_cnn,cc70343639cbf949205f56bec87571cb7b30602b4f17138e355372c6c79bb054
6,famous_le_10m,1,1.0,0.4,3,osl_siamese_cnn,cc70343639cbf949205f56bec87571cb7b30602b4f17138e355372c6c79bb054
6,famous_le_10m,2,1.0,0.4,3,osl_siamese_cnn,cc70343639cbf949205f56bec87571cb7b30602b4f17138e355372c6c79bb054
6,famous_le_10m,3,1.0,0.6,3,osl_siamese_cnn,cc70343639cbf949205f56bec87571cb7b30602b4f17138e355372c6c79bb054
6,famous_le_10m,4,1.0,1.0,3,osl_siamese_cnn,cc70343639cbf949205f56bec87571cb7b30602b4f17138e355372c6c79bb054
6,famous_le_10m,5,1.0,1.0,3,osl_siamese_cnn,cc70343639cbf949205f56bec87571cb7b30602b4f17138e355372c6c79bb054
6,famous_le_10m,6,1.0,1.0,3,osl_siamese_cnn,cc70343639cbf949205f56bec87571cb7b30602b4f17138e355372c6c79bb054
6,famous_le_10m,7,1.0,1.0,3,osl_siamese_cnn,cc70343639cbf949205f56bec87571cb7b30602b4f17138e355372c6c79bb054
6,famous_le_10m,8,1.0,1.0,3,osl_siamese_cnn,cc70343639cbf949205f56bec87571cb7b30602b4f17138e355372c6c79bb054
6,famous_le_10m,9,1.0,1.0,3,osl_siamese_cnn,cc70343639cbf949205f56bec87571cb7b30602b4f17138e355372c6c79bb054
6,famous_le_10m,10,1.0,1.0,3,osl_siamese_cnn,cc70343639cbf949205f56bec87571cb7b30602b4f17138e355372c6c79bb054
6,famous_le_10m,11,1.0,1.0,3,osl_siamese_cnn,cc70343639cbf949205f56bec87571cb7b30602b4f17138e355372c6c79bb054
6,famous_le_10m,12,1.0,1.0,3,osl_siamese_cnn,cc70343639cbf949205f56bec87571cb7b30602b4f17138e355372c6c79bb054
6,famous_le_10m,13,1.0,1.0,3,osl_siamese_cnn,cc70343639cbf949205f56bec87571cb7b30602b4f17138e355372c6c79bb054
6,famous_le_10m,14,1.0,1.0,3,osl_siamese_cnn,cc70343639cbf949205f56bec87571cb7b30602b4f17138e355372c6c79bb054
6,famous_le_10m,15,1.0,1.0,3,osl_siamese_cnn,cc70343639cbf949205f56bec87571cb7b30602b4f17138e355372c6c79bb054
6,famous_le_10m,16,1.0,1.0,3,osl_siamese_cnn,cc70343639cbf949205f56bec87571cb7b30602b4f17138e355372c6c79bb054
6,famous_le_10m,17,1.0,1.0,3,osl_siamese_cnn,cc70343639cbf949205f56bec87571cb7b30602b4f17138e355372c6c79bb054
6,famous_le_10m,18,1.0,1.0,3,osl_siamese_cnn,cc70343639cbf949205f56bec87571cb7b30602b4f17138e355372c6c79bb054
6,famous_le_10m,19,1.0,1.0,3,osl_siamese_cnn,cc70343639cbf949205f56bec87571cb7b30602b4f17138e355372c6c79bb054
6,famous_le_10m,20,1.0,1.0,3,osl_siamese_cnn,cc70343639cbf949205f56bec87571cb7b30602b4f17138e355372c6c79bb054
6,famous_le_10m,21,1.0,1.0,3,osl_siamese_cnn,cc70343639cbf949205f56bec87571cb7b30602b4f17138e355372c6c79bb054
6,famous_le_10m,22,1.0,1.0,3,osl_siamese_cnn,cc70343639cbf949205f56bec87571cb7b30602b4f17138e355372c6c79bb054
6,famous_le_10m,23,1.0,1.0,3,osl_siamese_cnn,cc70343639cbf949205f56bec87571cb7b30602b4f17138e355372c6c79bb054
6,famous_le_100m,0,0.21428571428571427,0.5,3,osl_siamese_cnn,cc70343639cbf949205f56bec87571cb7b30602b4f17138e355372c6c79bb054
6,famous_le_100m,1,0.7857142857142857,0.5,3,osl_siamese_cnn,cc70343639cbf949205f56bec87571cb7b30602b4f17138e355372c6c79bb054
6,famous_le_100m,2,0.7857142857142857,0.5,3,osl_siamese_cnn,cc70343639cbf949205f56bec87571cb7b30602b4f17138e355372c6c79bb054
6,famous_le_100m,3,0.7857142857142857,0.42857142857142855,3,osl_siamese_cnn,cc70343639cbf949205f56bec87571cb7b30602b4f17138e355372c6c79bb054
6,famous_le_100m,4,0.7857142857142857,0.42857142857142855,3,osl_siamese_cnn,cc70343639cbf949205f56bec87571cb7b30602b4f17138e355372c6c79bb054
6,famous_le_100m,5,0.7857142857142857,0.5714285714285714,3,osl_siamese_cnn,cc70343639cbf949205f56bec87571cb7b30602b4f17138e355372c6c79bb054
6,famous_le_100m,6,0.9285714285714286,0.7142857142857143,3,osl_siamese_cnn,cc70343639cbf949205f56bec87571cb7b30602b4f17138e355372c6c79bb054
6,famous_le_100m,7,0.9285714285714286,0.8571428571428571,3,osl_siamese_cnn,cc70343639cbf949205f56bec87571cb7b30602b4f17138e355372c6c79bb054
6,famous_le_100m,8,1.0,0.7857142857142857,3,osl_siamese_cnn,cc70343639cbf949205f56bec87571cb7b30602b4f17138e355372c6c79bb054
6,famous_le_100m,9,1.0,0.7857142857142857,3,osl_siamese_cnn,cc70343639cbf949205f56bec87571cb7b30602b4f17138e355372c6c79bb054
6,famous_le_100m,10,1.0,0.9285714285714286,3,osl_siamese_cnn,cc70343639cbf949205f56bec87571cb7b30602b4f17138e355372c6c79bb054
6,famous_le_100m,11,1.0,0.9285714285714286,3,osl_siamese_cnn,cc70343639cbf949205f56bec87571cb7b30602b4f17138e355372c6c79bb054
6,famous_le_100m,12,1.0,0.9285714285714286,3,osl_siamese_cnn,cc70343639cbf949205f56bec87571cb7b30602b4f17138e355372c6c79bb054
6,famous_le_100m,13,1.0,0.9285714285714286,3,osl_siamese_cnn,cc70343639cbf949205f56bec87571cb7b30602b4f17138e355372c6c79bb054
6,famous_le_100m,14,1.0,0.9285714285714286,3,osl_siamese_cnn,cc70343639cbf949205f56bec87571cb7b30602b4f17138e355372c6c79bb054
6,famous_le_100m,15,1.0,0.9285714285714286,3,osl_siamese_cnn,cc70343639cbf949205f56bec87571cb7b30602b4f17138e355372c6c79bb054
6,famous_le_100m,16,1.0,0.9285714285714286,3,osl_siamese_cnn,cc70343639cbf949205f56bec87571cb7b30602b4f17138e355372c6c79bb054
6,famous_le_100m,17,1.0,1.0,3,osl_siamese_cnn,cc70343639cbf949205f56bec87571cb7b30602b4f17138e355372c6c79bb054
6,famous_le_100m,18,1.0,1.0,3,osl_siamese_cnn,cc70343639cbf949205f56bec87571cb7b30602b4f17138e355372c6c79bb054
6,famous_le_100m,19,1.0,1.0,3,osl_siamese_cnn,cc70343639cbf949205f56bec87571cb7b30602b4f17138e355372c6c79bb054
6,famous_le_100m,20,1.0,1.0,3,osl_siamese_cnn,cc70343639cbf949205f56bec87571cb7b30602b4f17138e355372c6c79bb054
6,famous_le_100m,21,1.0,1.0,3,osl_siamese_cnn,cc70343639cbf949205f56bec87571cb7b30602b4f17138e355372c6c79bb054
6,famous_le_100m,22,1.0,1.0,3,osl_siamese_cnn,cc70343639cbf949205f56bec87571cb7b30602b4f17138e355372c6c79bb054
6,famous_le_100m,23,1.0,1.0,3,osl_siamese_cnn,cc70343639cbf949205f56bec87571cb7b30602b4f17138e355372c6c79bb054
7,torch_pretrained_classification,0,0.25,0.325,3,osl_siamese_cnn,4307eced022cef0f7c26eb68ba62ec5289022de5b9f894b7158cfa824aacf92c
7,famous_le_10m,0,0.2,0.6,3,osl_siamese_cnn,4307eced022cef0f7c26eb68ba62ec5289022de5b9f894b7158cfa824aacf92c
7,famous_le_10m,1,0.8,0.4,3,osl_siamese_cnn,4307eced022cef0f7c26eb68ba62ec5289022de5b9f894b7158cfa824aacf92c
7,famous_le_10m,2,0.8,0.4,3,osl_siamese_cnn,4307eced022cef0f7c26eb68ba62ec5289022de5b9f894b7158cfa824aacf92c
7,famous_le_10m,3,1.0,0.6,3,osl_siamese_cnn,4307eced022cef0f7c26eb68ba62ec5289022de5b9f894b7158cfa824aacf92c
7,famous_le_10m,4,1.0,0.8,3,osl_siamese_cnn,4307eced022cef0f7c26eb68ba62ec5289022de5b9f894b7158cfa824aacf92c
7,famous_le_10m,5,1.0,1.0,3,osl_siamese_cnn,4307eced022cef0f7c26eb68ba62ec5289022de5b9f894b7158cfa824aacf92c
7,famous_le_10m,6,1.0,1.0,3,osl_siamese_cnn,4307eced022cef0f7c26eb68ba62ec5289022de5b9f894b7158cfa824aacf92c
7,famous_le_10m,7,1.0,1.0,3,osl_siamese_cnn,4307eced022cef0f7c26eb68ba62ec5289022de5b9f894b7158cfa824aacf92c
7,famous_le_10m,8,1.0,1.0,3,osl_siamese_cnn,4307eced022cef0f7c26eb68ba62ec5289022de5b9f894b7158cfa824aacf92c
7,famous_le_10m,9,1.0,1.0,3,osl_siamese_cnn,4307eced022cef0f7c26eb68ba62ec5289022de5b9f894b7158cfa824aacf92c
7,famous_le_10m,10,1.0,1.0,3,osl_siamese_cnn,4307eced022cef0f7c26eb68ba62ec5289022de5b9f894b7158cfa824aacf92c
7,famous_le_10m,11,1.0,1.0,3,osl_siamese_cnn,4307eced022cef0f7c26eb68ba62ec5289022de5b9f894b7158cfa824aacf92c
7,famous_le_10m,12,1.0,1.0,3,osl_siamese_cnn,4307eced022cef0f7c26eb68ba62ec5289022de5b9f894b7158cfa824aacf92c
7,famous_le_10m,13,1.0,1.0,3,osl_siamese_cnn,4307eced022cef0f7c26eb68ba62ec5289022de5b9f894b7158cfa824aacf92c
7,famous_le_10m,14,1.0,1.0,3,osl_siamese_cnn,4307eced022cef0f7c26eb68ba62ec5289022de5b9f894b7158cfa824aacf92c
7,famous_le_10m,15,1.0,1.0,3,osl_siamese_cnn,4307eced022cef0f7c26eb68ba62ec5289022de5b9f894b7158cfa824aacf92c
7,famous_le_10m,16,1.0,1.0,3,osl_siamese_cnn,4307eced022cef0f7c26eb68ba62ec5289022de5b9f894b7158cfa824aacf92c
7,famous_le_10m,17,1.0,1.0,3,osl_siamese_cnn,4307eced022cef0f7c26eb68ba62ec5289022de5b9f894b7158cfa824aacf92c
7,famous_le_10m,18,1.0,1.0,3,osl_siamese_cnn,4307eced022cef0f7c26eb68ba62ec5289022de5b9f894b7158cfa824aacf92c
7,famous_le_10m,19,1.0,1.0,3,osl_siamese_cnn,4307eced022cef0f7c26eb68ba62ec5289022de5b9f894b7158cfa824aacf92c
7,famous_le_10m,20,1.0,1.0,3,osl_siamese_cnn,4307eced022cef0f7c26eb68ba62ec5289022de5b9f894b7158cfa824aacf92c
7,famous_le_10m,21,1.0,1.0,3,osl_siamese_cnn,4307eced022cef0f7c26eb68ba62ec5289022de5b9f894b7158cfa824aacf92c
7,famous_le_10m,22,1.0,1.0,3,osl_siamese_cnn,4307eced022cef0f7c26eb68ba62ec5289022de5b9f894b7158cfa824aacf92c
7,famous_le_10m,23,1.0,1.0,3,osl_siamese_cnn,4307eced022cef0f7c26eb68ba62ec5289022de5b9f894b7158cfa824aacf92c
7,famous_le_100m,0,0.21428571428571427,0.5714285714285714,3,osl_siamese_cnn,4307eced022cef0f7c26eb68ba62ec5289022de5b9f894b7158cfa824aacf92c
7,famous_le_100m,1,0.7857142857142857,0.42857142857142855,3,osl_siamese_cnn,4307eced022cef0f7c26eb68ba62ec5289022de5b9f894b7158cfa824aacf92c
7,famous_le_100m,2,0.7857142857142857,0.42857142857142855,3,osl_siamese_cnn,4307eced022cef0f7c26eb68ba62ec5289022de5b9f894b7158cfa824aacf92c
7,famous_le_100m,3,0.7857142857142857,0.42857142857142855,3,osl_siamese_cnn,4307eced022cef0f7c26eb68ba62ec5289022de5b9f894b7158cfa824aacf92c
7,famous_le_100m,4,0.7857142857142857,0.42857142857142855,3,osl_siamese_cnn,4307eced022cef0f7c26eb68ba62ec5289022de5b9f894b7158cfa824aacf92c
7,famous_le_100m,5,0.7857142857142857,0.5714285714285714,3,osl_siamese_cnn,4307eced022cef0f7c26eb68ba62ec5289022de5b9f894b7158cfa824aacf92c
7,famous_le_100m,6,0.9285714285714286,0.6428571428571429,3,osl_siamese_cnn,4307eced022cef0f7c26eb68ba62ec5289022de5b9f894b7158cfa824aacf92c
7,famous_le_100m,7,0.9285714285714286,0.7142857142857143,3,osl_siamese_cnn,4307eced022cef0f7c26eb68ba62ec5289022de5b9f894b7158cfa824aacf92c
7,famous_le_100m,8,1.0,0.7857142857142857,3,osl_siamese_cnn,4307eced022cef0f7c26eb68ba62ec5289022de5b9f894b7158cfa824aacf92c
7,famous_le_100m,9,1.0,0.8571428571428571,3,osl_siamese_cnn,4307eced022cef0f7c26eb68ba62ec5289022de5b9f894b7158cfa824aacf92c
7,famous_le_100m,10,1.0,0.9285714285714286,3,osl_siamese_cnn,4307eced022cef0f7c26eb68ba62ec5289022de5b9f894b7158cfa824aacf92c
7,famous_le_100m,11,1.0,0.9285714285714286,3,osl_siamese_cnn,4307eced022cef0f7c26eb68ba62ec5289022de5b9f894b7158cfa824aacf92c
7,famous_le_100m,12,1.0,0.9285714285714286,3,osl_siamese_cnn,4307eced022cef0f7c26eb68ba62ec5289022de5b9f894b7158cfa824aacf92c
7,famous_le_100m,13,1.0,0.9285714285714286,3,osl_siamese_cnn,4307eced022cef0f7c26eb68ba62ec5289022de5b9f894b7158cfa824aacf92c
7,famous_le_100m,14,1.0,0.9285714285714286,3,osl_siamese_cnn,4307eced022cef0f7c26eb68ba62ec5289022de5b9f894b7158cfa824aacf92c
7,famous_le_100m,15,1.0,0.9285714285714286,3,osl_siamese_cnn,4307eced022cef0f7c26eb68ba62ec5289022de5b9f894b7158cfa824aacf92c
7,famous_le_100m,16,1.0,1.0,3,osl_siamese_cnn,4307eced022cef0f7c26eb68ba62ec5289022de5b9f894b7158cfa824aacf92c
7,famous_le_100m,17,1.0,1.0,3,osl_siamese_cnn,4307eced022cef0f7c26eb68ba62ec5289022de5b9f894b7158cfa824aacf92c
7,famous_le_100m,18,1.0,1.0,3,osl_siamese_cnn,4307eced022cef0f7c26eb68ba62ec5289022de5b9f894b7158cfa824aacf92c
7,famous_le_100m,19,1.0,1.0,3,osl_siamese_cnn,4307eced022cef0f7c26eb68ba62ec5289022de5b9f894b7158cfa824aacf92c
7,famous_le_100m,20,1.0,1.0,3,osl_siamese_cnn,4307eced022cef0f7c26eb68ba62ec5289022de5b9f894b7158cfa824aacf92c
7,famous_le_100m,21,1.0,1.0,3,osl_siamese_cnn,4307eced022cef0f7c26eb68ba62ec5289022de5b9f894b7158cfa824aacf92c
7,famous_le_100m,22,1.0,1.0,3,osl_siamese_cnn,4307eced022cef0f7c26eb68ba62ec5289022de5b9f894b7158cfa824aacf92c
7,famous_le_100m,23,1.0,1.0,3,osl_siamese_cnn,4307eced022cef0f7c26eb68ba62ec5289022de5b9f894b7158cfa824aacf92c
8,torch_pretrained_classification,0,0.2125,0.3375,3,osl_siamese_cnn,ed98f9e033ebac2b1fcf4ecd88db5c2b9bbc5787ea11e2ac2a302f705c102416
8,famous_le_10m,0,0.0,0.8,3,osl_siamese_cnn,ed98f9e033ebac2b1fcf4ecd88db5c2b9bbc5787ea11e2ac2a302f705c102416
8,famous_le_10m,1,1.0,0.2,3,osl_siamese_cnn,ed98f9e033ebac2b1fcf4ecd88db5c2b9bbc5787ea11e2ac2a302f705c102416
8,famous_le_10m,2,1.0,0.2,3,osl_siamese_cnn,ed98f9e033ebac2b1fcf4ecd88db5c2b9bbc5787ea11e2ac2a302f705c102416
8,famous_le_10m,3,1.0,0.2,3,osl_siamese_cnn,ed98f9e033ebac2b1fcf4ecd88db5c2b9bbc5787ea11e2ac2a302f705c102416
8,famous_le_10m,4,1.0,0.6,3,osl_siamese_cnn,ed98f9e033ebac2b1fcf4ecd88db5c2b9bbc5787ea11e2ac2a302f705c102416
8,famous_le_10m,5,1.0,0.8,3,osl_siamese_cnn,ed98f9e033ebac2b1fcf4ecd88db5c2b9bbc5787ea11e2ac2a302f705c102416
8,famous_le_10m,6,1.0,1.0,3,osl_siamese_cnn,ed98f9e033ebac2b1fcf4ecd88db5c2b9bbc5787ea11e2ac2a302f705c102416
8,famous_le_10m,7,1.0,1.0,3,osl_siamese_cnn,ed98f9e033ebac2b1fcf4ecd88db5c2b9bbc5787ea11e2ac2a302f705c102416
8,famous_le_10m,8,1.0,1.0,3,osl_siamese_cnn,ed98f9e033ebac2b1fcf4ecd88db5c2b9bbc5787ea11e2ac2a302f705c102416
8,famous_le_10m,9,1.0,1.0,3,osl_siamese_cnn,ed98f9e033ebac2b1fcf4ecd88db5c2b9bbc5787ea11e2ac2a302f705c102416
8,famous_le_10m,10,1.0,1.0,3,osl_siamese_cnn,ed98f9e033ebac2b1fcf4ecd88db5c2b9bbc5787ea11e2ac2a302f705c102416
8,famous_le_10m,11,1.0,1.0,3,osl_siamese_cnn,ed98f9e033ebac2b1fcf4ecd88db5c2b9bbc5787ea11e2ac2a302f705c102416
8,famous_le_10m,12,1.0,1.0,3,osl_siamese_cnn,ed98f9e033ebac2b1fcf4ecd88db5c2b9bbc5787ea11e2ac2a302f705c102416
8,famous_le_10m,13,1.0,1.0,3,osl_siamese_cnn,ed98f9e033ebac2b1fcf4ecd88db5c2b9bbc5787ea11e2ac2a302f705c102416
8,famous_le_10m,14,1.0,1.0,3,osl_siamese_cnn,ed98f9e033ebac2b1fcf4ecd88db5c2b9bbc5787ea11e2ac2a302f705c102416
8,famous_le_10m,15,1.0,1.0,3,osl_siamese_cnn,ed98f9e033ebac2b1fcf4ecd88db5c2b9bbc5787ea11e2ac2a302f705c102416
8,famous_le_10m,16,1.0,1.0,3,osl_siamese_cnn,ed98f9e033ebac2b1fcf4ecd88db5c2b9bbc5787ea11e2ac2a302f705c102416
8,famous_le_10m,17,1.0,1.0,3,osl_siamese_cnn,ed98f9e033ebac2b1fcf4ecd88db5c2b9bbc5787ea11e2ac2a302f705c102416
8,famous_le_10m,18,1.0,1.0,3,osl_siamese_cnn,ed98f9e033ebac2b1fcf4ecd88db5c2b9bbc5787ea11e2ac2a302f705c102416
8,famous_le_10m,19,1.0,1.0,3,osl_siamese_cnn,ed98f9e033ebac2b1fcf4ecd88db5c2b9bbc5787ea11e2ac2a302f705c102416
8,famous_le_10m,20,1.0,1.0,3,osl_siamese_cnn,ed98f9e033ebac2b1fcf4ecd88db5c2b9bbc5787ea11e2ac2a302f705c102416
8,famous_le_10m,21,1.0,1.0,3,osl_siamese_cnn,ed98f9e033ebac2b1fcf4ecd88db5c2b9bbc5787ea11e2ac2a302f705c102416
8,famous_le_10m,22,1.0,1.0,3,osl_siamese_cnn,ed98f9e033ebac2b1fcf4ecd88db5c2b9bbc5787ea11e2ac2a302f705c102416
8,famous_le_10m,23,1.0,1.0,3,osl_siamese_cnn,ed98f9e033ebac2b1fcf4ecd88db5c2b9bbc5787ea11e2ac2a302f705c102416
8,famous_le_100m,0,0.14285714285714285,0.5,3,osl_siamese_cnn,ed98f9e033ebac2b1fcf4ecd88db5c2b9bbc5787ea11e2ac2a302f705c102416
8,famous_le_100m,1,0.8571428571428571,0.5,3,osl_siamese_cnn,ed98f9e033ebac2b1fcf4ecd88db5c2b9bbc5787ea11e2ac2a302f705c102416
8,famous_le_100m,2,0.8571428571428571,0.5,3,osl_siamese_cnn,ed98f9e033ebac2b1fcf4ecd88db5c2b9bbc5787ea11e2ac2a302f705c102416
8,famous_le_100m,3,0.8571428571428571,0.5,3,osl_siamese_cnn,ed98f9e033ebac2b1fcf4ecd88db5c2b9bbc5787ea11e2ac2a302f705c102416
8,famous_le_100m,4,0.8571428571428571,0.5,3,osl_siamese_cnn,ed98f9e033ebac2b1fcf4ecd88db5c2b9bbc5787ea11e2ac2a302f705c102416
8,famous_le_100m,5,0.8571428571428571,0.5714285714285714,3,osl_siamese_cnn,ed98f9e033ebac2b1fcf4ecd88db5c2b9bbc5787ea11e2ac2a302f705c102416
8,famous_le_100m,6,0.9285714285714286,0.6428571428571429,3,osl_siamese_cnn,ed98f9e033ebac2b1fcf4ecd88db5c2b9bbc5787ea11e2ac2a302f705c102416
8,famous_le_100m,7,0.9285714285714286,0.7142857142857143,3,osl_siamese_cnn,ed98f9e033ebac2b1fcf4ecd88db5c2b9bbc5787ea11e2ac2a302f705c102416
8,famous_le_100m,8,1.0,0.7857142857142857,3,osl_siamese_cnn,ed98f9e033ebac2b1fcf4ecd88db5c2b9bbc5787ea11e2ac2a302f705c102416
8,famous_le_100m,9,1.0,0.7857142857142857,3,osl_siamese_cnn,ed98f9e033ebac2b1fcf4ecd88db5c2b9bbc5787ea11e2ac2a302f705c102416
8,famous_le_100m,10,1.0,0.8571428571428571,3,osl_siamese_cnn,ed98f9e033ebac2b1fcf4ecd88db5c2b9bbc5787ea11e2ac2a302f705c102416
8,famous_le_100m,11,1.0,0.9285714285714286,3,osl_siamese_cnn,ed98f9e033ebac2b1fcf4ecd88db5c2b9bbc5787ea11e2ac2a302f705c102416
8,famous_le_100m,12,1.0,0.9285714285714286,3,osl_siamese_cnn,ed98f9e033ebac2b1fcf4ecd88db5c2b9bbc5787ea11e2ac2a302f705c102416
8,famous_le_100m,13,1.0,0.9285714285714286,3,osl_siamese_cnn,ed98f9e033ebac2b1fcf4ecd88db5c2b9bbc5787ea11e2ac2a302f705c102416
8,famous_le_100m,14,1.0,0.9285714285714286,3,osl_siamese_cnn,ed98f9e033ebac2b1fcf4ecd88db5c2b9bbc5787ea11e2ac2a302f705c102416
8,famous_le_100m,15,1.0,0.9285714285714286,3,osl_siamese_cnn,ed98f9e033ebac2b1fcf4ecd88db5c2b9bbc5787ea11e2ac2a302f705c102416
8,famous_le_100m,16,1.0,1.0,3,osl_siamese_cnn,ed98f9e033ebac2b1fcf4ecd88db5c2b9bbc5787ea11e2ac2a302f705c102416
8,famous_le_100m,17,1.0,1.0,3,osl_siamese_cnn,ed98f9e033ebac2b1fcf4ecd88db5c2b9bbc5787ea11e2ac2a302f705c102416
8,famous_le_100m,18,1.0,1.0,3,osl_siamese_cnn,ed98f9e033ebac2b1fcf4ecd88db5c2b9bbc5787ea11e2ac2a302f705c102416
8,famous_le_100m,19,1.0,1.0,3,osl_siamese_cnn,ed98f9e033ebac2b1fcf4ecd88db5c2b9bbc5787ea11e2ac2a302f705c102416
8,famous_le_100m,20,1.0,1.0,3,osl_siamese_cnn,ed98f9e033ebac2b1fcf4ecd88db5c2b9bbc5787ea11e2ac2a302f705c102416
8,famous_le_100m,21,1.0,1.0,3,osl_siamese_cnn,ed98f9e033ebac2b1fcf4ecd88db5c2b9bbc5787ea11e2ac2a302f705c102416
8,famous_le_100m,22,1.0,1.0,3,osl_siamese_cnn,ed98f9e033ebac2b1fcf4ecd88db5c2b9bbc5787ea11e2ac2a302f705c102416
8,famous_le_100m,23,1.0,1.0,3,osl_siamese_cnn,ed98f9e033ebac2b1fcf4ecd88db5c2b9bbc5787ea11e2ac2a302f705c102416
9,torch_pretrained_classification,0,0.275,0.3125,3,osl_siamese_cnn,35c32a4ed272fa45906209a894773b63816839cec19d04cb2c237617efdfe0a5
9,famous_le_10m,0,0.4,0.4,3,osl_siamese_cnn,35c32a4ed272fa45906209a894773b63816839cec19d04cb2c237617efdfe0a5
9,famous_le_10m,1,0.6,0.6,3,osl_siamese_cnn,35c32a4ed272fa45906209a894773b63816839cec19d04cb2c237617efdfe0a5
9,famous_le_10m,2,0.6,0.6,3,osl_siamese_cnn,35c32a4ed272fa45906209a894773b63816839cec19d04cb2c237617efdfe0a5
9,famous_le_10m,3,1.0,0.2,3,osl_siamese_cnn,35c32a4ed272fa45906209a894773b63816839cec19d04cb2c237617efdfe0a5
9,famous_le_10m,4,1.0,0.2,3,osl_siamese_cnn,35c32a4ed272fa45906209a894773b63816839cec19d04cb2c237617efdfe0a5
9,famous_le_10m,5,1.0,0.4,3,osl_siamese_cnn,35c32a4ed272fa45906209a894773b63816839cec19d04cb2c237617efdfe0a5
9,famous_le_10m,6,1.0,0.6,3,osl_siamese_cnn,35c32a4ed272fa45906209a894773b63816839cec19d04cb2c237617efdfe0a5
9,famous_le_10m,7,1.0,1.0,3,osl_siamese_cnn,35c32a4ed272fa45906209a894773b63816839cec19d04cb2c237617efdfe0a5
9,famous_le_10m,8,1.0,1.0,3,osl_siamese_cnn,35c32a4ed272fa45906209a894773b63816839cec19d04cb2c237617efdfe0a5
9,famous_le_10m,9,1.0,1.0,3,osl_siamese_cnn,35c32a4ed272fa45906209a894773b63816839cec19d04cb2c237617efdfe0a5
9,famous_le_10m,10,1.0,1.0,3,osl_siamese_cnn,35c32a4ed272fa45906209a894773b63816839cec19d04cb2c237617efdfe0a5
9,famous_le_10m,11,1.0,1.0,3,osl_siamese_cnn,35c32a4ed272fa45906209a894773b63816839cec19d04cb2c237617efdfe0a5
9,famous_le_10m,12,1.0,1.0,3,osl_siamese_cnn,35c32a4ed272fa45906209a894773b63816839cec19d04cb2c237617efdfe0a5
9,famous_le_10m,13,1.0,1.0,3,osl_siamese_cnn,35c32a4ed272fa45906209a894773b63816839cec19d04cb2c237617efdfe0a5
9,famous_le_10m,14,1.0,1.0,3,osl_siamese_cnn,35c32a4ed272fa45906209a894773b63816839cec19d04cb2c237617efdfe0a5
9,famous_le_10m,15,1.0,1.0,3,osl_siamese_cnn,35c32a4ed272fa45906209a894773b63816839cec19d04cb2c237617efdfe0a5
9,famous_le_10m,16,1.0,1.0,3,osl_siamese_cnn,35c32a4ed272fa45906209a894773b63816839cec19d04cb2c237617efdfe0a5
9,famous_le_10m,17,1.0,1.0,3,osl_siamese_cnn,35c32a4ed272fa45906209a894773b63816839cec19d04cb2c237617efdfe0a5
9,famous_le_10m,18,1.0,1.0,3,osl_siamese_cnn,35c32a4ed272fa45906209a894773b63816839cec19d04cb2c237617efdfe0a5
9,famous_le_10m,19,1.0,1.0,3,osl_siamese_cnn,35c32a4ed272fa45906209a894773b63816839cec19d04cb2c237617efdfe0a5
9,famous_le_10m,20,1.0,1.0,3,osl_siamese_cnn,35c32a4ed272fa45906209a894773b63816839cec19d04cb2c237617efdfe0a5
9,famous_le_10m,21,1.0,1.0,3,osl_siamese_cnn,35c32a4ed272fa45906209a894773b63816839cec19d04cb2c237617efdfe0a5
9,famous_le_10m,22,1.0,1.0,3,osl_siamese_cnn,35c32a4ed272fa45906209a894773b63816839cec19d04cb2c237617efdfe0a5
9,famous_le_10m,23,1.0,1.0,3,osl_siamese_cnn,35c32a4ed272fa45906209a894773b63816839cec19d04cb2c237617efdfe0a5
9,famous_le_100m,0,0.14285714285714285,0.6428571428571429,3,osl_siamese_cnn,35c32a4ed272fa45906209a894773b63816839cec19d04cb2c237617efdfe0a5
9,famous_le_100m,1,0.8571428571428571,0.35714285714285715,3,osl_siamese_cnn,35c32a4ed272fa45906209a894773b63816839cec19d04cb2c237617efdfe0a5
9,famous_le_100m,2,0.8571428571428571,0.35714285714285715,3,osl_siamese_cnn,35c32a4ed272fa45906209a894773b63816839cec19d04cb2c237617efdfe0a5
9,famous_le_100m,3,0.8571428571428571,0.35714285714285715,3,osl_siamese_cnn,35c32a4ed272fa45906209a894773b63816839cec19d04cb2c237617efdfe0a5
9,famous_le_100m,4,0.8571428571428571,0.35714285714285715,3,osl_siamese_cnn,35c32a4ed272fa45906209a894773b63816839cec19d04cb2c237617efdfe0a5
9,famous_le_100m,5,0.8571428571428571,0.42857142857142855,3,osl_siamese_cnn,35c32a4ed272fa45906209a894773b63816839cec19d04cb2c237617efdfe0a5
9,famous_le_100m,6,0.8571428571428571,0.5,3,osl_siamese_cnn,35c32a4ed272fa45906209a894773b63816839cec19d04cb2c237617efdfe0a5
9,famous_le_100m,7,0.8571428571428571,0.42857142857142855,3,osl_siamese_cnn,35c32a4ed272fa45906209a894773b63816839cec19d04cb2c237617efdfe0a5
9,famous_le_100m,8,0.7857142857142857,0.2857142857142857,3,osl_siamese_cnn,35c32a4ed272fa45906209a894773b63816839cec19d04cb2c237617efdfe0a5
9,famous_le_100m,9,0.6428571428571429,0.7142857142857143,3,osl_siamese_cnn,35c32a4ed272fa45906209a894773b63816839cec19d04cb2c237617efdfe0a5
9,famous_le_100m,10,0.7142857142857143,0.5714285714285714,3,osl_siamese_cnn,35c32a4ed272fa45906209a894773b63816839cec19d04cb2c237617efdfe0a5
9,famous_le_100m,11,0.7142857142857143,0.6428571428571429,3,osl_siamese_cnn,35c32a4ed272fa45906209a894773b63816839cec19d04cb2c237617efdfe0a5
9,famous_le_100m,12,0.7857142857142857,0.7142857142857143,3,osl_siamese_cnn,35c32a4ed272fa45906209a894773b63816839cec19d04cb2c237617efdfe0a5
9,famous_le_100m,13,0.8571428571428571,0.5714285714285714,3,osl_siamese_cnn,35c32a4ed272fa45906209a894773b63816839cec19d04cb2c237617efdfe0a5
9,famous_le_100m,14,0.7857142857142857,0.7142857142857143,3,osl_siamese_cnn,35c32a4ed272fa45906209a894773b63816839cec19d04cb2c237617efdfe0a5
9,famous_le_100m,15,0.6428571428571429,0.7857142857142857,3,osl_siamese_cnn,35c32a4ed272fa45906209a894773b63816839cec19d04cb2c237617efdfe0a5
9,famous_le_100m,16,0.42857142857142855,0.6428571428571429,3,osl_siamese_cnn,35c32a4ed272fa45906209a894773b63816839cec19d04cb2c237617efdfe0a5
9,famous_le_100m,17,0.42857142857142855,0.5714285714285714,3,osl_siamese_cnn,35c32a4ed272fa45906209a894773b63816839cec19d04cb2c237617efdfe0a5
9,famous_le_100m,18,0.42857142857142855,0.6428571428571429,3,osl_siamese_cnn,35c32a4ed272fa45906209a894773b63816839cec19d04cb2c237617efdfe0a5
9,famous_le_100m,19,0.42857142857142855,0.7142857142857143,3,osl_siamese_cnn,35c32a4ed272fa45906209a894773b63816839cec19d04cb2c237617efdfe0a5
9,famous_le_100m,20,0.7142857142857143,0.5,3,osl_siamese_cnn,35c32a4ed272fa45906209a894773b63816839cec19d04cb2c237617efdfe0a5
9,famous_le_100m,21,0.9285714285714286,0.7142857142857143,3,osl_siamese_cnn,35c32a4ed272fa45906209a894773b63816839cec19d04cb2c237617efdfe0a5
9,famous_le_100m,22,1.0,1.0,3,osl_siamese_cnn,35c32a4ed272fa45906209a894773b63816839cec19d04cb2c237617efdfe0a5
9,famous_le_100m,23,1.0,1.0,3,osl_siamese_cnn,35c32a4ed272fa45906209a894773b63816839cec19d04cb2c237617efdfe0a5
5,torch_pretrained_classification,0,0.8,0.5375,4,osl_siamese_cnn,cde7b44515cf753f45c2a865b248df7ae4cc745bacc2b0837a642d42f3feecfb
5,famous_le_10m,0,0.8,0.8,4,osl_siamese_cnn,cde7b44515cf753f45c2a865b248df7ae4cc745bacc2b0837a642d42f3feecfb
5,famous_le_10m,1,0.2,0.2,4,osl_siamese_cnn,cde7b44515cf753f45c2a865b248df7ae4cc745bacc2b0837a642d42f3feecfb
5,famous_le_10m,2,0.2,0.2,4,osl_siamese_cnn,cde7b44515cf753f45c2a865b248df7ae4cc745bacc2b0837a642d42f3feecfb
5,famous_le_10m,3,0.2,0.0,4,osl_siamese_cnn,cde7b44515cf753f45c2a865b248df7ae4cc745bacc2b0837a642d42f3feecfb
5,famous_le_10m,4,0.2,0.0,4,osl_siamese_cnn,cde7b44515cf753f45c2a865b248df7ae4cc745bacc2b0837a642d42f3feecfb
5,famous_le_10m,5,0.4,0.0,4,osl_siamese_cnn,cde7b44515cf753f45c2a865b248df7ae4cc745bacc2b0837a642d42f3feecfb
5,famous_le_10m,6,1.0,0.2,4,osl_siamese_cnn,cde7b44515cf753f45c2a865b248df7ae4cc745bacc2b0837a642d42f3feecfb
5,famous_le_10m,7,1.0,0.6,4,osl_siamese_cnn,cde7b44515cf753f45c2a865b248df7ae4cc745bacc2b0837a642d42f3feecfb
5,famous_le_10m,8,1.0,1.0,4,osl_siamese_cnn,cde7b44515cf753f45c2a865b248df7ae4cc745bacc2b0837a642d42f3feecfb
5,famous_le_10m,9,1.0,1.0,4,osl_siamese_cnn,cde7b44515cf753f45c2a865b248df7ae4cc745bacc2b0837a642d42f3feecfb
5,famous_le_10m,10,1.0,1.0,4,osl_siamese_cnn,cde7b44515cf753f45c2a865b248df7ae4cc745bacc2b0837a642d42f3feecfb
5,famous_le_10m,11,1.0,1.0,4,osl_siamese_cnn,cde7b44515cf753f45c2a865b248df7ae4cc745bacc2b0837a642d42f3feecfb
5,famous_le_10m,12,1.0,1.0,4,osl_siamese_cnn,cde7b44515cf753f45c2a865b248df7ae4cc745bacc2b0837a642d42f3feecfb
5,famous_le_10m,13,1.0,1.0,4,osl_siamese_cnn,cde7b44515cf753f45c2a865b248df7ae4cc745bacc2b0837a642d42f3feecfb
5,famous_le_10m,14,1.0,1.0,4,osl_siamese_cnn,cde7b44515cf753f45c2a865b248df7ae4cc745bacc2b0837a642d42f3feecfb
5,famous_le_10m,15,1.0,1.0,4,osl_siamese_cnn,cde7b44515cf753f45c2a865b248df7ae4cc745bacc2b0837a642d42f3feecfb
5,famous_le_10m,16,1.0,1.0,4,osl_siamese_cnn,cde7b44515cf753f45c2a865b248df7ae4cc745bacc2b0837a642d42f3feecfb
5,famous_le_10m,17,1.0,1.0,4,osl_siamese_cnn,cde7b44515cf753f45c2a865b248df7ae4cc745bacc2b0837a642d42f3feecfb
5,famous_le_10m,18,1.0,1.0,4,osl_siamese_cnn,cde7b44515cf753f45c2a865b248df7ae4cc745bacc2b0837a642d42f3feecfb
5,famous_le_10m,19,1.0,0.8,4,osl_siamese_cnn,cde7b44515cf753f45c2a865b248df7ae4cc745bacc2b0837a642d42f3feecfb
5,famous_le_10m,20,1.0,1.0,4,osl_siamese_cnn,cde7b44515cf753f45c2a865b248df7ae4cc745bacc2b0837a642d42f3feecfb
5,famous_le_10m,21,1.0,1.0,4,osl_siamese_cnn,cde7b44515cf753f45c2a865b248df7ae4cc745bacc2b0837a642d42f3feecfb
5,famous_le_10m,22,1.0,0.8,4,osl_siamese_cnn,cde7b44515cf753f45c2a865b248df7ae4cc745bacc2b0837a642d42f3feecfb
5,famous_le_10m,23,0.8,0.8,4,osl_siamese_cnn,cde7b44515cf753f45c2a865b248df7ae4cc745bacc2b0837a642d42f3feecfb
5,famous_le_100m,0,0.7857142857142857,0.8571428571428571,4,osl_siamese_cnn,cde7b44515cf753f45c2a865b248df7ae4cc745bacc2b0837a642d42f3feecfb
5,famous_le_100m,1,0.21428571428571427,0.14285714285714285,4,osl_siamese_cnn,cde7b44515cf753f45c2a865b248df7ae4cc745bacc2b0837a642d42f3feecfb
5,famous_le_100m,2,0.21428571428571427,0.14285714285714285,4,osl_siamese_cnn,cde7b44515cf753f45c2a865b248df7ae4cc745bacc2b0837a642d42f3feecfb
5,famous_le_100m,3,0.21428571428571427,0.21428571428571427,4,osl_siamese_cnn,cde7b44515cf753f45c2a865b248df7ae4cc745bacc2b0837a642d42f3feecfb
5,famous_le_100m,4,0.21428571428571427,0.2857142857142857,4,osl_siamese_cnn,cde7b44515cf753f45c2a865b248df7ae4cc745bacc2b0837a642d42f3feecfb
5,famous_le_100m,5,0.5,0.2857142857142857,4,osl_siamese_cnn,cde7b44515cf753f45c2a865b248df7ae4cc745bacc2b0837a642d42f3feecfb
5,famous_le_100m,6,0.5,0.6428571428571429,4,osl_siamese_cnn,cde7b44515cf753f45c2a865b248df7ae4cc745bacc2b0837a642d42f3feecfb
5,famous_le_100m,7,0.6428571428571429,0.7857142857142857,4,osl_siamese_cnn,cde7b44515cf753f45c2a865b248df7ae4cc745bacc2b0837a642d42f3feecfb
5,famous_le_100m,8,0.6428571428571429,0.7142857142857143,4,osl_siamese_cnn,cde7b44515cf753f45c2a865b248df7ae4cc745bacc2b0837a642d42f3feecfb
5,famous_le_100m,9,0.8571428571428571,0.7857142857142857,4,osl_siamese_cnn,cde7b44515cf753f45c2a865b248df7ae4cc745bacc2b0837a642d42f3feecfb
5,famous_le_100m,10,0.8571428571428571,0.8571428571428571,4,osl_siamese_cnn,cde7b44515cf753f45c2a865b248df7ae4cc745bacc2b0837a642d42f3feecfb
5,famous_le_100m,11,0.8571428571428571,0.9285714285714286,4,osl_siamese_cnn,cde7b44515cf753f45c2a865b248df7ae4cc745bacc2b0837a642d42f3feecfb
5,famous_le_100m,12,0.8571428571428571,0.8571428571428571,4,osl_siamese_cnn,cde7b44515cf753f45c2a865b248df7ae4cc745bacc2b0837a642d42f3feecfb
5,famous_le_100m,13,0.9285714285714286,0.8571428571428571,4,osl_siamese_cnn,cde7b44515cf753f45c2a865b248df7ae4cc745bacc2b0837a642d42f3feecfb
5,famous_le_100m,14,0.9285714285714286,0.9285714285714286,4,osl_siamese_cnn,cde7b44515cf753f45c2a865b248df7ae4cc745bacc2b0837a642d42f3feecfb
5,famous_le_100m,15,0.9285714285714286,0.9285714285714286,4,osl_siamese_cnn,cde7b44515cf753f45c2a865b248df7ae4cc745bacc2b0837a642d42f3feecfb
5,famous_le_100m,16,0.9285714285714286,0.9285714285714286,4,osl_siamese_cnn,cde7b44515cf753f45c2a865b248df7ae4cc745bacc2b0837a642d42f3feecfb
5,famous_le_100m,17,0.9285714285714286,0.9285714285714286,4,osl_siamese_cnn,cde7b44515cf753f45c2a865b248df7ae4cc745bacc2b0837a642d42f3feecfb
5,famous_le_100m,18,1.0,0.9285714285714286,4,osl_siamese_cnn,cde7b44515cf753f45c2a865b248df7ae4cc745bacc2b0837a642d42f3feecfb
5,famous_le_100m,19,1.0,0.9285714285714286,4,osl_siamese_cnn,cde7b44515cf753f45c2a865b248df7ae4cc745bacc2b0837a642d42f3feecfb
5,famous_le_100m,20,1.0,1.0,4,osl_siamese_cnn,cde7b44515cf753f45c2a865b248df7ae4cc745bacc2b0837a642d42f3feecfb
5,famous_le_100m,21,1.0,1.0,4,osl_siamese_cnn,cde7b44515cf753f45c2a865b248df7ae4cc745bacc2b0837a642d42f3feecfb
5,famous_le_100m,22,1.0,1.0,4,osl_siamese_cnn,cde7b44515cf753f45c2a865b248df7ae4cc745bacc2b0837a642d42f3feecfb
5,famous_le_100m,23,1.0,1.0,4,osl_siamese_cnn,cde7b44515cf753f45c2a865b248df7ae4cc745bacc2b0837a642d42f3feecfb
6,torch_pretrained_classification,0,0.7625,0.55,4,osl_siamese_cnn,9e16efc962c19f04ff177cc98938cff54a6e59120d67bae733e0f0eae80ef176
6,famous_le_10m,0,1.0,0.2,4,osl_siamese_cnn,9e16efc962c19f04ff177cc98938cff54a6e59120d67bae733e0f0eae80ef176
6,famous_le_10m,1,0.0,0.8,4,osl_siamese_cnn,9e16efc962c19f04ff177cc98938cff54a6e59120d67bae733e0f0eae80ef176
6,famous_le_10m,2,0.0,0.6,4,osl_siamese_cnn,9e16efc962c19f04ff177cc98938cff54a6e59120d67bae733e0f0eae80ef176
6,famous_le_10m,3,0.0,0.8,4,osl_siamese_cnn,9e16efc962c19f04ff177cc98938cff54a6e59120d67bae733e0f0eae80ef176
6,famous_le_10m,4,0.0,0.6,4,osl_siamese_cnn,9e16efc962c19f04ff177cc98938cff54a6e59120d67bae733e0f0eae80ef176
6,famous_le_10m,5,0.2,0.8,4,osl_siamese_cnn,9e16efc962c19f04ff177cc98938cff54a6e59120d67bae733e0f0eae80ef176
6,famous_le_10m,6,0.2,0.6,4,osl_siamese_cnn,9e16efc962c19f04ff177cc98938cff54a6e59120d67bae733e0f0eae80ef176
6,famous_le_10m,7,0.2,0.6,4,osl_siamese_cnn,9e16efc962c19f04ff177cc98938cff54a6e59120d67bae733e0f0eae80ef176
6,famous_le_10m,8,1.0,0.8,4,osl_siamese_cnn,9e16efc962c19f04ff177cc98938cff54a6e59120d67bae733e0f0eae80ef176
6,famous_le_10m,9,0.4,0.6,4,osl_siamese_cnn,9e16efc962c19f04ff177cc98938cff54a6e59120d67bae733e0f0eae80ef176
6,famous_le_10m,10,0.8,0.8,4,osl_siamese_cnn,9e16efc962c19f04ff177cc98938cff54a6e59120d67bae733e0f0eae80ef176
6,famous_le_10m,11,0.8,0.6,4,osl_siamese_cnn,9e16efc962c19f04ff177cc98938cff54a6e59120d67bae733e0f0eae80ef176
6,famous_le_10m,12,1.0,0.6,4,osl_siamese_cnn,9e16efc962c19f04ff177cc98938cff54a6e59120d67bae733e0f0eae80ef176
6,famous_le_10m,13,0.6,0.6,4,osl_siamese_cnn,9e16efc962c19f04ff177cc98938cff54a6e59120d67bae733e0f0eae80ef176
6,famous_le_10m,14,0.6,0.6,4,osl_siamese_cnn,9e16efc962c19f04ff177cc98938cff54a6e59120d67bae733e0f0eae80ef176
6,famous_le_10m,15,0.6,0.6,4,osl_siamese_cnn,9e16efc962c19f04ff177cc98938cff54a6e59120d67bae733e0f0eae80ef176
6,famous_le_10m,16,0.0,0.4,4,osl_siamese_cnn,9e16efc962c19f04ff177cc98938cff54a6e59120d67bae733e0f0eae80ef176
6,famous_le_10m,17,0.6,0.6,4,osl_siamese_cnn,9e16efc962c19f04ff177cc98938cff54a6e59120d67bae733e0f0eae80ef176
6,famous_le_10m,18,0.6,0.6,4,osl_siamese_cnn,9e16efc962c19f04ff177cc98938cff54a6e59120d67bae733e0f0eae80ef176
6,famous_le_10m,19,0.6,0.6,4,osl_siamese_cnn,9e16efc962c19f04ff177cc98938cff54a6e59120d67bae733e0f0eae80ef176
6,famous_le_10m,20,0.0,0.4,4,osl_siamese_cnn,9e16efc962c19f04ff177cc98938cff54a6e59120d67bae733e0f0eae80ef176
6,famous_le_10m,21,0.6,0.6,4,osl_siamese_cnn,9e16efc962c19f04ff177cc98938cff54a6e59120d67bae733e0f0eae80ef176
6,famous_le_10m,22,0.6,0.4,4,osl_siamese_cnn,9e16efc962c19f04ff177cc98938cff54a6e59120d67bae733e0f0eae80ef176
6,famous_le_10m,23,0.6,0.8,4,osl_siamese_cnn,9e16efc962c19f04ff177cc98938cff54a6e59120d67bae733e0f0eae80ef176
6,famous_le_100m,0,0.5714285714285714,0.5714285714285714,4,osl_siamese_cnn,9e16efc962c19f04ff177cc98938cff54a6e59120d67bae733e0f0eae80ef176
6,famous_le_100m,1,0.42857142857142855,0.42857142857142855,4,osl_siamese_cnn,9e16efc962c19f04ff177cc98938cff54a6e59120d67bae733e0f0eae80ef176
6,famous_le_100m,2,0.42857142857142855,0.42857142857142855,4,osl_siamese_cnn,9e16efc962c19f04ff177cc98938cff54a6e59120d67bae733e0f0eae80ef176
6,famous_le_100m,3,0.5,0.42857142857142855,4,osl_siamese_cnn,9e16efc962c19f04ff177cc98938cff54a6e59120d67bae733e0f0eae80ef176
6,famous_le_100m,4,0.6428571428571429,0.2857142857142857,4,osl_siamese_cnn,9e16efc962c19f04ff177cc98938cff54a6e59120d67bae733e0f0eae80ef176
6,famous_le_100m,5,0.6428571428571429,0.35714285714285715,4,osl_siamese_cnn,9e16efc962c19f04ff177cc98938cff54a6e59120d67bae733e0f0eae80ef176
6,famous_le_100m,6,0.6428571428571429,0.6428571428571429,4,osl_siamese_cnn,9e16efc962c19f04ff177cc98938cff54a6e59120d67bae733e0f0eae80ef176
6,famous_le_100m,7,0.6428571428571429,0.7857142857142857,4,osl_siamese_cnn,9e16efc962c19f04ff177cc98938cff54a6e59120d67bae733e0f0eae80ef176
6,famous_le_100m,8,0.6428571428571429,1.0,4,osl_siamese_cnn,9e16efc962c19f04ff177cc98938cff54a6e59120d67bae733e0f0eae80ef176
6,famous_le_100m,9,0.8571428571428571,0.8571428571428571,4,osl_siamese_cnn,9e16efc962c19f04ff177cc98938cff54a6e59120d67bae733e0f0eae80ef176
6,famous_le_100m,10,0.8571428571428571,1.0,4,osl_siamese_cnn,9e16efc962c19f04ff177cc98938cff54a6e59120d67bae733e0f0eae80ef176
6,famous_le_100m,11,0.8571428571428571,1.0,4,osl_siamese_cnn,9e16efc962c19f04ff177cc98938cff54a6e59120d67bae733e0f0eae80ef176
6,famous_le_100m,12,0.9285714285714286,0.9285714285714286,4,osl_siamese_cnn,9e16efc962c19f04ff177cc98938cff54a6e59120d67bae733e0f0eae80ef176
6,famous_le_100m,13,0.9285714285714286,0.9285714285714286,4,osl_siamese_cnn,9e16efc962c19f04ff177cc98938cff54a6e59120d67bae733e0f0eae80ef176
6,famous_le_100m,14,0.9285714285714286,1.0,4,osl_siamese_cnn,9e16efc962c19f04ff177cc98938cff54a6e59120d67bae733e0f0eae80ef176
6,famous_le_100m,15,1.0,0.9285714285714286,4,osl_siamese_cnn,9e16efc962c19f04ff177cc98938cff54a6e59120d67bae733e0f0eae80ef176
6,famous_le_100m,16,1.0,1.0,4,osl_siamese_cnn,9e16efc962c19f04ff177cc98938cff54a6e59120d67bae733e0f0eae80ef176
6,famous_le_100m,17,1.0,1.0,4,osl_siamese_cnn,9e16efc962c19f04ff177cc98938cff54a6e59120d67bae733e0f0eae80ef176
6,famous_le_100m,18,1.0,1.0,4,osl_siamese_cnn,9e16efc962c19f04ff177cc98938cff54a6e59120d67bae733e0f0eae80ef176
6,famous_le_100m,19,1.0,1.0,4,osl_siamese_cnn,9e16efc962c19f04ff177cc98938cff54a6e59120d67bae733e0f0eae80ef176
6,famous_le_100m,20,1.0,1.0,4,osl_siamese_cnn,9e16efc962c19f04ff177cc98938cff54a6e59120d67bae733e0f0eae80ef176
6,famous_le_100m,21,1.0,1.0,4,osl_siamese_cnn,9e16efc962c19f04ff177cc98938cff54a6e59120d67bae733e0f0eae80ef176
6,famous_le_100m,22,1.0,1.0,4,osl_siamese_cnn,9e16efc962c19f04ff177cc98938cff54a6e59120d67bae733e0f0eae80ef176
6,famous_le_100m,23,1.0,1.0,4,osl_siamese_cnn,9e16efc962c19f04ff177cc98938cff54a6e59120d67bae733e0f0eae80ef176
7,torch_pretrained_classification,0,0.425,0.4625,4,osl_siamese_cnn,913e43c949c01878621086cfea628a59693fc60ca2cb1571df58b2ac11a97eea
7,famous_le_10m,0,0.2,0.0,4,osl_siamese_cnn,913e43c949c01878621086cfea628a59693fc60ca2cb1571df58b2ac11a97eea
7,famous_le_10m,1,0.8,1.0,4,osl_siamese_cnn,913e43c949c01878621086cfea628a59693fc60ca2cb1571df58b2ac11a97eea
7,famous_le_10m,2,0.8,1.0,4,osl_siamese_cnn,913e43c949c01878621086cfea628a59693fc60ca2cb1571df58b2ac11a97eea
7,famous_le_10m,3,0.8,1.0,4,osl_siamese_cnn,913e43c949c01878621086cfea628a59693fc60ca2cb1571df58b2ac11a97eea
7,famous_le_10m,4,1.0,0.6,4,osl_siamese_cnn,913e43c949c01878621086cfea628a59693fc60ca2cb1571df58b2ac11a97eea
7,famous_le_10m,5,1.0,0.2,4,osl_siamese_cnn,913e43c949c01878621086cfea628a59693fc60ca2cb1571df58b2ac11a97eea
7,famous_le_10m,6,1.0,0.0,4,osl_siamese_cnn,913e43c949c01878621086cfea628a59693fc60ca2cb1571df58b2ac11a97eea
7,famous_le_10m,7,1.0,0.0,4,osl_siamese_cnn,913e43c949c01878621086cfea628a59693fc60ca2cb1571df58b2ac11a97eea
7,famous_le_10m,8,1.0,0.0,4,osl_siamese_cnn,913e43c949c01878621086cfea628a59693fc60ca2cb1571df58b2ac11a97eea
7,famous_le_10m,9,1.0,0.0,4,osl_siamese_cnn,913e43c949c01878621086cfea628a59693fc60ca2cb1571df58b2ac11a97eea
7,famous_le_10m,10,1.0,0.0,4,osl_siamese_cnn,913e43c949c01878621086cfea628a59693fc60ca2cb1571df58b2ac11a97eea
7,famous_le_10m,11,1.0,0.0,4,osl_siamese_cnn,913e43c949c01878621086cfea628a59693fc60ca2cb1571df58b2ac11a97eea
7,famous_le_10m,12,1.0,0.0,4,osl_siamese_cnn,913e43c949c01878621086cfea628a59693fc60ca2cb1571df58b2ac11a97eea
7,famous_le_10m,13,1.0,0.0,4,osl_siamese_cnn,913e43c949c01878621086cfea628a59693fc60ca2cb1571df58b2ac11a97eea
7,famous_le_10m,14,1.0,0.0,4,osl_siamese_cnn,913e43c949c01878621086cfea628a59693fc60ca2cb1571df58b2ac11a97eea
7,famous_le_10m,15,1.0,0.0,4,osl_siamese_cnn,913e43c949c01878621086cfea628a59693fc60ca2cb1571df58b2ac11a97eea
7,famous_le_10m,16,1.0,0.0,4,osl_siamese_cnn,913e43c949c01878621086cfea628a59693fc60ca2cb1571df58b2ac11a97eea
7,famous_le_10m,17,1.0,0.0,4,osl_siamese_cnn,913e43c949c01878621086cfea628a59693fc60ca2cb1571df58b2ac11a97eea
7,famous_le_10m,18,1.0,0.0,4,osl_siamese_cnn,913e43c949c01878621086cfea628a59693fc60ca2cb1571df58b2ac11a97eea
7,famous_le_10m,19,1.0,0.0,4,osl_siamese_cnn,913e43c949c01878621086cfea628a59693fc60ca2cb1571df58b2ac11a97eea
7,famous_le_10m,20,1.0,0.0,4,osl_siamese_cnn,913e43c949c01878621086cfea628a59693fc60ca2cb1571df58b2ac11a97eea
7,famous_le_10m,21,1.0,0.0,4,osl_siamese_cnn,913e43c949c01878621086cfea628a59693fc60ca2cb1571df58b2ac11a97eea
7,famous_le_10m,22,1.0,0.0,4,osl_siamese_cnn,913e43c949c01878621086cfea628a59693fc60ca2cb1571df58b2ac11a97eea
7,famous_le_10m,23,1.0,0.0,4,osl_siamese_cnn,913e43c949c01878621086cfea628a59693fc60ca2cb1571df58b2ac11a97eea
7,famous_le_100m,0,0.5714285714285714,0.42857142857142855,4,osl_siamese_cnn,913e43c949c01878621086cfea628a59693fc60ca2cb1571df58b2ac11a97eea
7,famous_le_100m,1,0.42857142857142855,0.5714285714285714,4,osl_siamese_cnn,913e43c949c01878621086cfea628a59693fc60ca2cb1571df58b2ac11a97eea
7,famous_le_100m,2,0.42857142857142855,0.5714285714285714,4,osl_siamese_cnn,913e43c949c01878621086cfea628a59693fc60ca2cb1571df58b2ac11a97eea
7,famous_le_100m,3,0.5,0.5714285714285714,4,osl_siamese_cnn,913e43c949c01878621086cfea628a59693fc60ca2cb1571df58b2ac11a97eea
7,famous_le_100m,4,0.5,0.5714285714285714,4,osl_siamese_cnn,913e43c949c01878621086cfea628a59693fc60ca2cb1571df58b2ac11a97eea
7,famous_le_100m,5,0.6428571428571429,0.5,4,osl_siamese_cnn,913e43c949c01878621086cfea628a59693fc60ca2cb1571df58b2ac11a97eea
7,famous_le_100m,6,0.7142857142857143,0.2857142857142857,4,osl_siamese_cnn,913e43c949c01878621086cfea628a59693fc60ca2cb1571df58b2ac11a97eea
7,famous_le_100m,7,0.8571428571428571,0.35714285714285715,4,osl_siamese_cnn,913e43c949c01878621086cfea628a59693fc60ca2cb1571df58b2ac11a97eea
7,famous_le_100m,8,0.9285714285714286,0.14285714285714285,4,osl_siamese_cnn,913e43c949c01878621086cfea628a59693fc60ca2cb1571df58b2ac11a97eea
7,famous_le_100m,9,0.9285714285714286,0.14285714285714285,4,osl_siamese_cnn,913e43c949c01878621086cfea628a59693fc60ca2cb1571df58b2ac11a97eea
7,famous_le_100m,10,0.9285714285714286,0.14285714285714285,4,osl_siamese_cnn,913e43c949c01878621086cfea628a59693fc60ca2cb1571df58b2ac11a97eea
7,famous_le_100m,11,0.9285714285714286,0.14285714285714285,4,osl_siamese_cnn,913e43c949c01878621086cfea628a59693fc60ca2cb1571df58b2ac11a97eea
7,famous_le_100m,12,0.9285714285714286,0.07142857142857142,4,osl_siamese_cnn,913e43c949c01878621086cfea628a59693fc60ca2cb1571df58b2ac11a97eea
7,famous_le_100m,13,0.9285714285714286,0.07142857142857142,4,osl_siamese_cnn,913e43c949c01878621086cfea628a59693fc60ca2cb1571df58b2ac11a97eea
7,famous_le_100m,14,0.9285714285714286,0.07142857142857142,4,osl_siamese_cnn,913e43c949c01878621086cfea628a59693fc60ca2cb1571df58b2ac11a97eea
7,famous_le_100m,15,1.0,0.07142857142857142,4,osl_siamese_cnn,913e43c949c01878621086cfea628a59693fc60ca2cb1571df58b2ac11a97eea
7,famous_le_100m,16,1.0,0.0,4,osl_siamese_cnn,913e43c949c01878621086cfea628a59693fc60ca2cb1571df58b2ac11a97eea
7,famous_le_100m,17,1.0,0.0,4,osl_siamese_cnn,913e43c949c01878621086cfea628a59693fc60ca2cb1571df58b2ac11a97eea
7,famous_le_100m,18,1.0,0.0,4,osl_siamese_cnn,913e43c949c01878621086cfea628a59693fc60ca2cb1571df58b2ac11a97eea
7,famous_le_100m,19,1.0,0.0,4,osl_siamese_cnn,913e43c949c01878621086cfea628a59693fc60ca2cb1571df58b2ac11a97eea
7,famous_le_100m,20,1.0,0.0,4,osl_siamese_cnn,913e43c949c01878621086cfea628a59693fc60ca2cb1571df58b2ac11a97eea
7,famous_le_100m,21,1.0,0.0,4,osl_siamese_cnn,913e43c949c01878621086cfea628a59693fc60ca2cb1571df58b2ac11a97eea
7,famous_le_100m,22,1.0,0.0,4,osl_siamese_cnn,913e43c949c01878621086cfea628a59693fc60ca2cb1571df58b2ac11a97eea
7,famous_le_100m,23,1.0,0.0,4,osl_siamese_cnn,913e43c949c01878621086cfea628a59693fc60ca2cb1571df58b2ac11a97eea
8,torch_pretrained_classification,0,0.675,0.65,4,osl_siamese_cnn,3b631c3721bbc4f53b972ef9d2d4ed6b79bc2200357c50e01d98571219c97f8d
8,famous_le_10m,0,1.0,0.0,4,osl_siamese_cnn,3b631c3721bbc4f53b972ef9d2d4ed6b79bc2200357c50e01d98571219c97f8d
8,famous_le_10m,1,0.0,1.0,4,osl_siamese_cnn,3b631c3721bbc4f53b972ef9d2d4ed6b79bc2200357c50e01d98571219c97f8d
8,famous_le_10m,2,0.0,0.8,4,osl_siamese_cnn,3b631c3721bbc4f53b972ef9d2d4ed6b79bc2200357c50e01d98571219c97f8d
8,famous_le_10m,3,0.0,0.8,4,osl_siamese_cnn,3b631c3721bbc4f53b972ef9d2d4ed6b79bc2200357c50e01d98571219c97f8d
8,famous_le_10m,4,0.4,0.6,4,osl_siamese_cnn,3b631c3721bbc4f53b972ef9d2d4ed6b79bc2200357c50e01d98571219c97f8d
8,famous_le_10m,5,0.6,0.4,4,osl_siamese_cnn,3b631c3721bbc4f53b972ef9d2d4ed6b79bc2200357c50e01d98571219c97f8d
8,famous_le_10m,6,1.0,0.4,4,osl_siamese_cnn,3b631c3721bbc4f53b972ef9d2d4ed6b79bc2200357c50e01d98571219c97f8d
8,famous_le_10m,7,1.0,1.0,4,osl_siamese_cnn,3b631c3721bbc4f53b972ef9d2d4ed6b79bc2200357c50e01d98571219c97f8d
8,famous_le_10m,8,1.0,1.0,4,osl_siamese_cnn,3b631c3721bbc4f53b972ef9d2d4ed6b79bc2200357c50e01d98571219c97f8d
8,famous_le_10m,9,1.0,1.0,4,osl_siamese_cnn,3b631c3721bbc4f53b972ef9d2d4ed6b79bc2200357c50e01d98571219c97f8d
8,famous_le_10m,10,1.0,1.0,4,osl_siamese_cnn,3b631c3721bbc4f53b972ef9d2d4ed6b79bc2200357c50e01d98571219c97f8d
8,famous_le_10m,11,1.0,1.0,4,osl_siamese_cnn,3b631c3721bbc4f53b972ef9d2d4ed6b79bc2200357c50e01d98571219c97f8d
8,famous_le_10m,12,1.0,1.0,4,osl_siamese_cnn,3b631c3721bbc4f53b972ef9d2d4ed6b79bc2200357c50e01d98571219c97f8d
8,famous_le_10m,13,1.0,1.0,4,osl_siamese_cnn,3b631c3721bbc4f53b972ef9d2d4ed6b79bc2200357c50e01d98571219c97f8d
8,famous_le_10m,14,1.0,1.0,4,osl_siamese_cnn,3b631c3721bbc4f53b972ef9d2d4ed6b79bc2200357c50e01d98571219c97f8d
8,famous_le_10m,15,1.0,1.0,4,osl_siamese_cnn,3b631c3721bbc4f53b972ef9d2d4ed6b79bc2200357c50e01d98571219c97f8d
8,famous_le_10m,16,1.0,1.0,4,osl_siamese_cnn,3b631c3721bbc4f53b972ef9d2d4ed6b79bc2200357c50e01d98571219c97f8d
8,famous_le_10m,17,0.6,0.8,4,osl_siamese_cnn,3b631c3721bbc4f53b972ef9d2d4ed6b79bc2200357c50e01d98571219c97f8d
8,famous_le_10m,18,1.0,0.6,4,osl_siamese_cnn,3b631c3721bbc4f53b972ef9d2d4ed6b79bc2200357c50e01d98571219c97f8d
8,famous_le_10m,19,1.0,0.8,4,osl_siamese_cnn,3b631c3721bbc4f53b972ef9d2d4ed6b79bc2200357c50e01d98571219c97f8d
8,famous_le_10m,20,0.8,0.8,4,osl_siamese_cnn,3b631c3721bbc4f53b972ef9d2d4ed6b79bc2200357c50e01d98571219c97f8d
8,famous_le_10m,21,1.0,0.6,4,osl_siamese_cnn,3b631c3721bbc4f53b972ef9d2d4ed6b79bc2200357c50e01d98571219c97f8d
8,famous_le_10m,22,0.8,0.6,4,osl_siamese_cnn,3b631c3721bbc4f53b972ef9d2d4ed6b79bc2200357c50e01d98571219c97f8d
8,famous_le_10m,23,1.0,0.6,4,osl_siamese_cnn,3b631c3721bbc4f53b972ef9d2d4ed6b79bc2200357c50e01d98571219c97f8d
8,famous_le_100m,0,0.7857142857142857,0.42857142857142855,4,osl_siamese_cnn,3b631c3721bbc4f53b972ef9d2d4ed6b79bc2200357c50e01d98571219c97f8d
8,famous_le_100m,1,0.21428571428571427,0.5,4,osl_siamese_cnn,3b631c3721bbc4f53b972ef9d2d4ed6b79bc2200357c50e01d98571219c97f8d
8,famous_le_100m,2,0.21428571428571427,0.5714285714285714,4,osl_siamese_cnn,3b631c3721bbc4f53b972ef9d2d4ed6b79bc2200357c50e01d98571219c97f8d
8,famous_le_100m,3,0.21428571428571427,0.6428571428571429,4,osl_siamese_cnn,3b631c3721bbc4f53b972ef9d2d4ed6b79bc2200357c50e01d98571219c97f8d
8,famous_le_100m,4,0.2857142857142857,0.5,4,osl_siamese_cnn,3b631c3721bbc4f53b972ef9d2d4ed6b79bc2200357c50e01d98571219c97f8d
8,famous_le_100m,5,0.5714285714285714,0.35714285714285715,4,osl_siamese_cnn,3b631c3721bbc4f53b972ef9d2d4ed6b79bc2200357c50e01d98571219c97f8d
8,famous_le_100m,6,0.5714285714285714,0.7142857142857143,4,osl_siamese_cnn,3b631c3721bbc4f53b972ef9d2d4ed6b79bc2200357c50e01d98571219c97f8d
8,famous_le_100m,7,0.6428571428571429,0.7142857142857143,4,osl_siamese_cnn,3b631c3721bbc4f53b972ef9d2d4ed6b79bc2200357c50e01d98571219c97f8d
8,famous_le_100m,8,0.6428571428571429,0.9285714285714286,4,osl_siamese_cnn,3b631c3721bbc4f53b972ef9d2d4ed6b79bc2200357c50e01d98571219c97f8d
8,famous_le_100m,9,0.6428571428571429,0.8571428571428571,4,osl_siamese_cnn,3b631c3721bbc4f53b972ef9d2d4ed6b79bc2200357c50e01d98571219c97f8d
8,famous_le_100m,10,0.8571428571428571,0.9285714285714286,4,osl_siamese_cnn,3b631c3721bbc4f53b972ef9d2d4ed6b79bc2200357c50e01d98571219c97f8d
8,famous_le_100m,11,0.8571428571428571,1.0,4,osl_siamese_cnn,3b631c3721bbc4f53b972ef9d2d4ed6b79bc2200357c50e01d98571219c97f8d
8,famous_le_100m,12,0.8571428571428571,0.9285714285714286,4,osl_siamese_cnn,3b631c3721bbc4f53b972ef9d2d4ed6b79bc2200357c50e01d98571219c97f8d
8,famous_le_100m,13,0.9285714285714286,0.9285714285714286,4,osl_siamese_cnn,3b631c3721bbc4f53b972ef9d2d4ed6b79bc2200357c50e01d98571219c97f8d
8,famous_le_100m,14,0.9285714285714286,0.9285714285714286,4,osl_siamese_cnn,3b631c3721bbc4f53b972ef9d2d4ed6b79bc2200357c50e01d98571219c97f8d
8,famous_le_100m,15,0.9285714285714286,1.0,4,osl_siamese_cnn,3b631c3721bbc4f53b972ef9d2d4ed6b79bc2200357c50e01d98571219c97f8d
8,famous_le_100m,16,0.9285714285714286,1.0,4,osl_siamese_cnn,3b631c3721bbc4f53b972ef9d2d4ed6b79bc2200357c50e01d98571219c97f8d
8,famous_le_100m,17,1.0,0.9285714285714286,4,osl_siamese_cnn,3b631c3721bbc4f53b972ef9d2d4ed6b79bc2200357c50e01d98571219c97f8d
8,famous_le_100m,18,0.9285714285714286,1.0,4,osl_siamese_cnn,3b631c3721bbc4f53b972ef9d2d4ed6b79bc2200357c50e01d98571219c97f8d
8,famous_le_100m,19,1.0,0.9285714285714286,4,osl_siamese_cnn,3b631c3721bbc4f53b972ef9d2d4ed6b79bc2200357c50e01d98571219c97f8d
8,famous_le_100m,20,1.0,0.9285714285714286,4,osl_siamese_cnn,3b631c3721bbc4f53b972ef9d2d4ed6b79bc2200357c50e01d98571219c97f8d
8,famous_le_100m,21,1.0,1.0,4,osl_siamese_cnn,3b631c3721bbc4f53b972ef9d2d4ed6b79bc2200357c50e01d98571219c97f8d
8,famous_le_100m,22,1.0,1.0,4,osl_siamese_cnn,3b631c3721bbc4f53b972ef9d2d4ed6b79bc2200357c50e01d98571219c97f8d
8,famous_le_100m,23,1.0,1.0,4,osl_siamese_cnn,3b631c3721bbc4f53b972ef9d2d4ed6b79bc2200357c50e01d98571219c97f8d
9,torch_pretrained_classification,0,0.75,0.5875,4,osl_siamese_cnn,6b30dc9fe052bc5aea9b7fe28ff86873a35acd00c4813c01229e558c211d7bca
9,famous_le_10m,0,1.0,0.0,4,osl_siamese_cnn,6b30dc9fe052bc5aea9b7fe28ff86873a35acd00c4813c01229e558c211d7bca
9,famous_le_10m,1,0.0,1.0,4,osl_siamese_cnn,6b30dc9fe052bc5aea9b7fe28ff86873a35acd00c4813c01229e558c211d7bca
9,famous_le_10m,2,0.0,0.8,4,osl_siamese_cnn,6b30dc9fe052bc5aea9b7fe28ff86873a35acd00c4813c01229e558c211d7bca
9,famous_le_10m,3,0.0,1.0,4,osl_siamese_cnn,6b30dc9fe052bc5aea9b7fe28ff86873a35acd00c4813c01229e558c211d7bca
9,famous_le_10m,4,0.2,0.8,4,osl_siamese_cnn,6b30dc9fe052bc5aea9b7fe28ff86873a35acd00c4813c01229e558c211d7bca
9,famous_le_10m,5,0.6,0.0,4,osl_siamese_cnn,6b30dc9fe052bc5aea9b7fe28ff86873a35acd00c4813c01229e558c211d7bca
9,famous_le_10m,6,1.0,0.6,4,osl_siamese_cnn,6b30dc9fe052bc5aea9b7fe28ff86873a35acd00c4813c01229e558c211d7bca
9,famous_le_10m,7,1.0,1.0,4,osl_siamese_cnn,6b30dc9fe052bc5aea9b7fe28ff86873a35acd00c4813c01229e558c211d7bca
9,famous_le_10m,8,1.0,1.0,4,osl_siamese_cnn,6b30dc9fe052bc5aea9b7fe28ff86873a35acd00c4813c01229e558c211d7bca
9,famous_le_10m,9,1.0,1.0,4,osl_siamese_cnn,6b30dc9fe052bc5aea9b7fe28ff86873a35acd00c4813c01229e558c211d7bca
9,famous_le_10m,10,1.0,1.0,4,osl_siamese_cnn,6b30dc9fe052bc5aea9b7fe28ff86873a35acd00c4813c01229e558c211d7bca
9,famous_le_10m,11,1.0,1.0,4,osl_siamese_cnn,6b30dc9fe052bc5aea9b7fe28ff86873a35acd00c4813c01229e558c211d7bca
9,famous_le_10m,12,1.0,1.0,4,osl_siamese_cnn,6b30dc9fe052bc5aea9b7fe28ff86873a35acd00c4813c01229e558c211d7bca
9,famous_le_10m,13,1.0,1.0,4,osl_siamese_cnn,6b30dc9fe052bc5aea9b7fe28ff86873a35acd00c4813c01229e558c211d7bca
9,famous_le_10m,14,1.0,1.0,4,osl_siamese_cnn,6b30dc9fe052bc5aea9b7fe28ff86873a35acd00c4813c01229e558c211d7bca
9,famous_le_10m,15,1.0,1.0,4,osl_siamese_cnn,6b30dc9fe052bc5aea9b7fe28ff86873a35acd00c4813c01229e558c211d7bca
9,famous_le_10m,16,1.0,1.0,4,osl_siamese_cnn,6b30dc9fe052bc5aea9b7fe28ff86873a35acd00c4813c01229e558c211d7bca
9,famous_le_10m,17,1.0,1.0,4,osl_siamese_cnn,6b30dc9fe052bc5aea9b7fe28ff86873a35acd00c4813c01229e558c211d7bca
9,famous_le_10m,18,1.0,1.0,4,osl_siamese_cnn,6b30dc9fe052bc5aea9b7fe28ff86873a35acd00c4813c01229e558c211d7bca
9,famous_le_10m,19,1.0,1.0,4,osl_siamese_cnn,6b30dc9fe052bc5aea9b7fe28ff86873a35acd00c4813c01229e558c211d7bca
9,famous_le_10m,20,1.0,1.0,4,osl_siamese_cnn,6b30dc9fe052bc5aea9b7fe28ff86873a35acd00c4813c01229e558c211d7bca
9,famous_le_10m,21,1.0,1.0,4,osl_siamese_cnn,6b30dc9fe052bc5aea9b7fe28ff86873a35acd00c4813c01229e558c211d7bca
9,famous_le_10m,22,1.0,1.0,4,osl_siamese_cnn,6b30dc9fe052bc5aea9b7fe28ff86873a35acd00c4813c01229e558c211d7bca
9,famous_le_10m,23,1.0,1.0,4,osl_siamese_cnn,6b30dc9fe052bc5aea9b7fe28ff86873a35acd00c4813c01229e558c211d7bca
9,famous_le_100m,0,0.7857142857142857,0.42857142857142855,4,osl_siamese_cnn,6b30dc9fe052bc5aea9b7fe28ff86873a35acd00c4813c01229e558c211d7bca
9,famous_le_100m,1,0.21428571428571427,0.5714285714285714,4,osl_siamese_cnn,6b30dc9fe052bc5aea9b7fe28ff86873a35acd00c4813c01229e558c211d7bca
9,famous_le_100m,2,0.21428571428571427,0.5714285714285714,4,osl_siamese_cnn,6b30dc9fe052bc5aea9b7fe28ff86873a35acd00c4813c01229e558c211d7bca
9,famous_le_100m,3,0.21428571428571427,0.5714285714285714,4,osl_siamese_cnn,6b30dc9fe052bc5aea9b7fe28ff86873a35acd00c4813c01229e558c211d7bca
9,famous_le_100m,4,0.21428571428571427,0.5,4,osl_siamese_cnn,6b30dc9fe052bc5aea9b7fe28ff86873a35acd00c4813c01229e558c211d7bca
9,famous_le_100m,5,0.35714285714285715,0.2857142857142857,4,osl_siamese_cnn,6b30dc9fe052bc5aea9b7fe28ff86873a35acd00c4813c01229e558c211d7bca
9,famous_le_100m,6,0.5,0.42857142857142855,4,osl_siamese_cnn,6b30dc9fe052bc5aea9b7fe28ff86873a35acd00c4813c01229e558c211d7bca
9,famous_le_100m,7,0.5,0.6428571428571429,4,osl_siamese_cnn,6b30dc9fe052bc5aea9b7fe28ff86873a35acd00c4813c01229e558c211d7bca
9,famous_le_100m,8,0.6428571428571429,0.7857142857142857,4,osl_siamese_cnn,6b30dc9fe052bc5aea9b7fe28ff86873a35acd00c4813c01229e558c211d7bca
9,famous_le_100m,9,0.7142857142857143,0.7857142857142857,4,osl_siamese_cnn,6b30dc9fe052bc5aea9b7fe28ff86873a35acd00c4813c01229e558c211d7bca
9,famous_le_100m,10,0.8571428571428571,0.7857142857142857,4,osl_siamese_cnn,6b30dc9fe052bc5aea9b7fe28ff86873a35acd00c4813c01229e558c211d7bca
9,famous_le_100m,11,0.8571428571428571,0.9285714285714286,4,osl_siamese_cnn,6b30dc9fe052bc5aea9b7fe28ff86873a35acd00c4813c01229e558c211d7bca
9,famous_le_100m,12,0.8571428571428571,0.9285714285714286,4,osl_siamese_cnn,6b30dc9fe052bc5aea9b7fe28ff86873a35acd00c4813c01229e558c211d7bca
9,famous_le_100m,13,0.8571428571428571,1.0,4,osl_siamese_cnn,6b30dc9fe052bc5aea9b7fe28ff86873a35acd00c4813c01229e558c211d7bca
9,famous_le_100m,14,0.9285714285714286,0.9285714285714286,4,osl_siamese_cnn,6b30dc9fe052bc5aea9b7fe28ff86873a35acd00c4813c01229e558c211d7bca
9,famous_le_100m,15,0.9285714285714286,1.0,4,osl_siamese_cnn,6b30dc9fe052bc5aea9b7fe28ff86873a35acd00c4813c01229e558c211d7bca
9,famous_le_100m,16,0.9285714285714286,1.0,4,osl_siamese_cnn,6b30dc9fe052bc5aea9b7fe28ff86873a35acd00c4813c01229e558c211d7bca
9,famous_le_100m,17,0.9285714285714286,1.0,4,osl_siamese_cnn,6b30dc9fe052bc5aea9b7fe28ff86873a35acd00c4813c01229e558c211d7bca
9,famous_le_100m,18,0.9285714285714286,1.0,4,osl_siamese_cnn,6b30dc9fe052bc5aea9b7fe28ff86873a35acd00c4813c01229e558c211d7bca
9,famous_le_100m,19,1.0,1.0,4,osl_siamese_cnn,6b30dc9fe052bc5aea9b7fe28ff86873a35acd00c4813c01229e558c211d7bca
9,famous_le_100m,20,1.0,1.0,4,osl_siamese_cnn,6b30dc9fe052bc5aea9b7fe28ff86873a35acd00c4813c01229e558c211d7bca
9,famous_le_100m,21,1.0,1.0,4,osl_siamese_cnn,6b30dc9fe052bc5aea9b7fe28ff86873a35acd00c4813c01229e558c211d7bca
9,famous_le_100m,22,1.0,1.0,4,osl_siamese_cnn,6b30dc9fe052bc5aea9b7fe28ff86873a35acd00c4813c01229e558c211d7bca
9,famous_le_100m,23,1.0,1.0,4,osl_siamese_cnn,6b30dc9fe052bc5aea9b7fe28ff86873a35acd00c4813c01229e558c211d7bca
5,torch_pretrained_classification,0,0.9375,0.5,5,osl_siamese_cnn,e478ac5d475b47a4783fb4235bda882cc4f0cf05477c03caf37357b1e2490cf5
5,famous_le_10m,0,1.0,0.4,5,osl_siamese_cnn,e478ac5d475b47a4783fb4235bda882cc4f0cf05477c03caf37357b1e2490cf5
5,famous_le_10m,1,0.0,0.6,5,osl_siamese_cnn,e478ac5d475b47a4783fb4235bda882cc4f0cf05477c03caf37357b1e2490cf5
5,famous_le_10m,2,0.0,0.4,5,osl_siamese_cnn,e478ac5d475b47a4783fb4235bda882cc4f0cf05477c03caf37357b1e2490cf5
5,famous_le_10m,3,0.0,0.6,5,osl_siamese_cnn,e478ac5d475b47a4783fb4235bda882cc4f0cf05477c03caf37357b1e2490cf5
5,famous_le_10m,4,0.2,0.4,5,osl_siamese_cnn,e478ac5d475b47a4783fb4235bda882cc4f0cf05477c03caf37357b1e2490cf5
5,famous_le_10m,5,0.6,0.0,5,osl_siamese_cnn,e478ac5d475b47a4783fb4235bda882cc4f0cf05477c03caf37357b1e2490cf5
5,famous_le_10m,6,1.0,0.4,5,osl_siamese_cnn,e478ac5d475b47a4783fb4235bda882cc4f0cf05477c03caf37357b1e2490cf5
5,famous_le_10m,7,1.0,0.8,5,osl_siamese_cnn,e478ac5d475b47a4783fb4235bda882cc4f0cf05477c03caf37357b1e2490cf5
5,famous_le_10m,8,1.0,1.0,5,osl_siamese_cnn,e478ac5d475b47a4783fb4235bda882cc4f0cf05477c03caf37357b1e2490cf5
5,famous_le_10m,9,1.0,1.0,5,osl_siamese_cnn,e478ac5d475b47a4783fb4235bda882cc4f0cf05477c03caf37357b1e2490cf5
5,famous_le_10m,10,1.0,1.0,5,osl_siamese_cnn,e478ac5d475b47a4783fb4235bda882cc4f0cf05477c03caf37357b1e2490cf5
5,famous_le_10m,11,1.0,1.0,5,osl_siamese_cnn,e478ac5d475b47a4783fb4235bda882cc4f0cf05477c03caf37357b1e2490cf5
5,famous_le_10m,12,1.0,1.0,5,osl_siamese_cnn,e478ac5d475b47a4783fb4235bda882cc4f0cf05477c03caf37357b1e2490cf5
5,famous_le_10m,13,1.0,1.0,5,osl_siamese_cnn,e478ac5d475b47a4783fb4235bda882cc4f0cf05477c03caf37357b1e2490cf5
5,famous_le_10m,14,1.0,1.0,5,osl_siamese_cnn,e478ac5d475b47a4783fb4235bda882cc4f0cf05477c03caf37357b1e2490cf5
5,famous_le_10m,15,1.0,1.0,5,osl_siamese_cnn,e478ac5d475b47a4783fb4235bda882cc4f0cf05477c03caf37357b1e2490cf5
5,famous_le_10m,16,1.0,1.0,5,osl_siamese_cnn,e478ac5d475b47a4783fb4235bda882cc4f0cf05477c03caf37357b1e2490cf5
5,famous_le_10m,17,1.0,1.0,5,osl_siamese_cnn,e478ac5d475b47a4783fb4235bda882cc4f0cf05477c03caf37357b1e2490cf5
5,famous_le_10m,18,1.0,1.0,5,osl_siamese_cnn,e478ac5d475b47a4783fb4235bda882cc4f0cf05477c03caf37357b1e2490cf5
5,famous_le_10m,19,1.0,1.0,5,osl_siamese_cnn,e478ac5d475b47a4783fb4235bda882cc4f0cf05477c03caf37357b1e2490cf5
5,famous_le_10m,20,1.0,1.0,5,osl_siamese_cnn,e478ac5d475b47a4783fb4235bda882cc4f0cf05477c03caf37357b1e2490cf5
5,famous_le_10m,21,1.0,1.0,5,osl_siamese_cnn,e478ac5d475b47a4783fb4235bda882cc4f0cf05477c03caf37357b1e2490cf5
5,famous_le_10m,22,1.0,1.0,5,osl_siamese_cnn,e478ac5d475b47a4783fb4235bda882cc4f0cf05477c03caf37357b1e2490cf5
5,famous_le_10m,23,1.0,1.0,5,osl_siamese_cnn,e478ac5d475b47a4783fb4235bda882cc4f0cf05477c03caf37357b1e2490cf5
5,famous_le_100m,0,0.8571428571428571,0.35714285714285715,5,osl_siamese_cnn,e478ac5d475b47a4783fb4235bda882cc4f0cf05477c03caf37357b1e2490cf5
5,famous_le_100m,1,0.14285714285714285,0.6428571428571429,5,osl_siamese_cnn,e478ac5d475b47a4783fb4235bda882cc4f0cf05477c03caf37357b1e2490cf5
5,famous_le_100m,2,0.14285714285714285,0.6428571428571429,5,osl_siamese_cnn,e478ac5d475b47a4783fb4235bda882cc4f0cf05477c03caf37357b1e2490cf5
5,famous_le_100m,3,0.14285714285714285,0.5714285714285714,5,osl_siamese_cnn,e478ac5d475b47a4783fb4235bda882cc4f0cf05477c03caf37357b1e2490cf5
5,famous_le_100m,4,0.14285714285714285,0.42857142857142855,5,osl_siamese_cnn,e478ac5d475b47a4783fb4235bda882cc4f0cf05477c03caf37357b1e2490cf5
5,famous_le_100m,5,0.2857142857142857,0.35714285714285715,5,osl_siamese_cnn,e478ac5d475b47a4783fb4235bda882cc4f0cf05477c03caf37357b1e2490cf5
5,famous_le_100m,6,0.42857142857142855,0.5714285714285714,5,osl_siamese_cnn,e478ac5d475b47a4783fb4235bda882cc4f0cf05477c03caf37357b1e2490cf5
5,famous_le_100m,7,0.42857142857142855,0.5714285714285714,5,osl_siamese_cnn,e478ac5d475b47a4783fb4235bda882cc4f0cf05477c03caf37357b1e2490cf5
5,famous_le_100m,8,0.5714285714285714,0.5714285714285714,5,osl_siamese_cnn,e478ac5d475b47a4783fb4235bda882cc4f0cf05477c03caf37357b1e2490cf5
5,famous_le_100m,9,0.7142857142857143,0.7857142857142857,5,osl_siamese_cnn,e478ac5d475b47a4783fb4235bda882cc4f0cf05477c03caf37357b1e2490cf5
5,famous_le_100m,10,0.8571428571428571,0.8571428571428571,5,osl_siamese_cnn,e478ac5d475b47a4783fb4235bda882cc4f0cf05477c03caf37357b1e2490cf5
5,famous_le_100m,11,0.8571428571428571,0.9285714285714286,5,osl_siamese_cnn,e478ac5d475b47a4783fb4235bda882cc4f0cf05477c03caf37357b1e2490cf5
5,famous_le_100m,12,0.8571428571428571,0.9285714285714286,5,osl_siamese_cnn,e478ac5d475b47a4783fb4235bda882cc4f0cf05477c03caf37357b1e2490cf5
5,famous_le_100m,13,0.8571428571428571,0.9285714285714286,5,osl_siamese_cnn,e478ac5d475b47a4783fb4235bda882cc4f0cf05477c03caf37357b1e2490cf5
5,famous_le_100m,14,0.9285714285714286,0.8571428571428571,5,osl_siamese_cnn,e478ac5d475b47a4783fb4235bda882cc4f0cf05477c03caf37357b1e2490cf5
5,famous_le_100m,15,0.9285714285714286,0.9285714285714286,5,osl_siamese_cnn,e478ac5d475b47a4783fb4235bda882cc4f0cf05477c03caf37357b1e2490cf5
5,famous_le_100m,16,0.9285714285714286,0.9285714285714286,5,osl_siamese_cnn,e478ac5d475b47a4783fb4235bda882cc4f0cf05477c03caf37357b1e2490cf5
5,famous_le_100m,17,0.9285714285714286,0.9285714285714286,5,osl_siamese_cnn,e478ac5d475b47a4783fb4235bda882cc4f0cf05477c03caf37357b1e2490cf5
5,famous_le_100m,18,0.9285714285714286,0.9285714285714286,5,osl_siamese_cnn,e478ac5d475b47a4783fb4235bda882cc4f0cf05477c03caf37357b1e2490cf5
5,famous_le_100m,19,0.9285714285714286,0.9285714285714286,5,osl_siamese_cnn,e478ac5d475b47a4783fb4235bda882cc4f0cf05477c03caf37357b1e2490cf5
5,famous_le_100m,20,1.0,1.0,5,osl_siamese_cnn,e478ac5d475b47a4783fb4235bda882cc4f0cf05477c03caf37357b1e2490cf5
5,famous_le_100m,21,1.0,1.0,5,osl_siamese_cnn,e478ac5d475b47a4783fb4235bda882cc4f0cf05477c03caf37357b1e2490cf5
5,famous_le_100m,22,1.0,1.0,5,osl_siamese_cnn,e478ac5d475b47a4783fb4235bda882cc4f0cf05477c03caf37357b1e2490cf5
5,famous_le_100m,23,1.0,1.0,5,osl_siamese_cnn,e478ac5d475b47a4783fb4235bda882cc4f0cf05477c03caf37357b1e2490cf5
6,torch_pretrained_classification,0,0.8875,0.7625,5,osl_siamese_cnn,f89837bd35cb4ee055afe481174b2f816a969c4004533e7557933fe92b7f4749
6,famous_le_10m,0,1.0,0.6,5,osl_siamese_cnn,f89837bd35cb4ee055afe481174b2f816a969c4004533e7557933fe92b7f4749
6,famous_le_10m,1,0.0,0.4,5,osl_siamese_cnn,f89837bd35cb4ee055afe481174b2f816a969c4004533e7557933fe92b7f4749
6,famous_le_10m,2,0.0,0.4,5,osl_siamese_cnn,f89837bd35cb4ee055afe481174b2f816a969c4004533e7557933fe92b7f4749
6,famous_le_10m,3,0.2,0.6,5,osl_siamese_cnn,f89837bd35cb4ee055afe481174b2f816a969c4004533e7557933fe92b7f4749
6,famous_le_10m,4,0.2,0.0,5,osl_siamese_cnn,f89837bd35cb4ee055afe481174b2f816a969c4004533e7557933fe92b7f4749
6,famous_le_10m,5,1.0,0.2,5,osl_siamese_cnn,f89837bd35cb4ee055afe481174b2f816a969c4004533e7557933fe92b7f4749
6,famous_le_10m,6,1.0,1.0,5,osl_siamese_cnn,f89837bd35cb4ee055afe481174b2f816a969c4004533e7557933fe92b7f4749
6,famous_le_10m,7,1.0,1.0,5,osl_siamese_cnn,f89837bd35cb4ee055afe481174b2f816a969c4004533e7557933fe92b7f4749
6,famous_le_10m,8,1.0,1.0,5,osl_siamese_cnn,f89837bd35cb4ee055afe481174b2f816a969c4004533e7557933fe92b7f4749
6,famous_le_10m,9,1.0,1.0,5,osl_siamese_cnn,f89837bd35cb4ee055afe481174b2f816a969c4004533e7557933fe92b7f4749
6,famous_le_10m,10,1.0,1.0,5,osl_siamese_cnn,f89837bd35cb4ee055afe481174b2f816a969c4004533e7557933fe92b7f4749
6,famous_le_10m,11,1.0,1.0,5,osl_siamese_cnn,f89837bd35cb4ee055afe481174b2f816a969c4004533e7557933fe92b7f4749
6,famous_le_10m,12,1.0,1.0,5,osl_siamese_cnn,f89837bd35cb4ee055afe481174b2f816a969c4004533e7557933fe92b7f4749
6,famous_le_10m,13,1.0,1.0,5,osl_siamese_cnn,f89837bd35cb4ee055afe481174b2f816a969c4004533e7557933fe92b7f4749
6,famous_le_10m,14,1.0,1.0,5,osl_siamese_cnn,f89837bd35cb4ee055afe481174b2f816a969c4004533e7557933fe92b7f4749
6,famous_le_10m,15,1.0,1.0,5,osl_siamese_cnn,f89837bd35cb4ee055afe481174b2f816a969c4004533e7557933fe92b7f4749
6,famous_le_10m,16,1.0,1.0,5,osl_siamese_cnn,f89837bd35cb4ee055afe481174b2f816a969c4004533e7557933fe92b7f4749
6,famous_le_10m,17,1.0,1.0,5,osl_siamese_cnn,f89837bd35cb4ee055afe481174b2f816a969c4004533e7557933fe92b7f4749
6,famous_le_10m,18,1.0,1.0,5,osl_siamese_cnn,f89837bd35cb4ee055afe481174b2f816a969c4004533e7557933fe92b7f4749
6,famous_le_10m,19,1.0,1.0,5,osl_siamese_cnn,f89837bd35cb4ee055afe481174b2f816a969c4004533e7557933fe92b7f4749
6,famous_le_10m,20,1.0,1.0,5,osl_siamese_cnn,f89837bd35cb4ee055afe481174b2f816a969c4004533e7557933fe92b7f4749
6,famous_le_10m,21,1.0,1.0,5,osl_siamese_cnn,f89837bd35cb4ee055afe481174b2f816a969c4004533e7557933fe92b7f4749
6,famous_le_10m,22,1.0,1.0,5,osl_siamese_cnn,f89837bd35cb4ee055afe481174b2f816a969c4004533e7557933fe92b7f4749
6,famous_le_10m,23,1.0,1.0,5,osl_siamese_cnn,f89837bd35cb4ee055afe481174b2f816a969c4004533e7557933fe92b7f4749
6,famous_le_100m,0,0.7857142857142857,0.35714285714285715,5,osl_siamese_cnn,f89837bd35cb4ee055afe481174b2f816a969c4004533e7557933fe92b7f4749
6,famous_le_100m,1,0.21428571428571427,0.6428571428571429,5,osl_siamese_cnn,f89837bd35cb4ee055afe481174b2f816a969c4004533e7557933fe92b7f4749
6,famous_le_100m,2,0.21428571428571427,0.5714285714285714,5,osl_siamese_cnn,f89837bd35cb4ee055afe481174b2f816a969c4004533e7557933fe92b7f4749
6,famous_le_100m,3,0.21428571428571427,0.6428571428571429,5,osl_siamese_cnn,f89837bd35cb4ee055afe481174b2f816a969c4004533e7557933fe92b7f4749
6,famous_le_100m,4,0.21428571428571427,0.5,5,osl_siamese_cnn,f89837bd35cb4ee055afe481174b2f816a969c4004533e7557933fe92b7f4749
6,famous_le_100m,5,0.35714285714285715,0.42857142857142855,5,osl_siamese_cnn,f89837bd35cb4ee055afe481174b2f816a969c4004533e7557933fe92b7f4749
6,famous_le_100m,6,0.5,0.6428571428571429,5,osl_siamese_cnn,f89837bd35cb4ee055afe481174b2f816a969c4004533e7557933fe92b7f4749
6,famous_le_100m,7,0.5,0.5,5,osl_siamese_cnn,f89837bd35cb4ee055afe481174b2f816a969c4004533e7557933fe92b7f4749
6,famous_le_100m,8,0.6428571428571429,0.8571428571428571,5,osl_siamese_cnn,f89837bd35cb4ee055afe481174b2f816a969c4004533e7557933fe92b7f4749
6,famous_le_100m,9,0.8571428571428571,0.7857142857142857,5,osl_siamese_cnn,f89837bd35cb4ee055afe481174b2f816a969c4004533e7557933fe92b7f4749
6,famous_le_100m,10,0.8571428571428571,0.9285714285714286,5,osl_siamese_cnn,f89837bd35cb4ee055afe481174b2f816a969c4004533e7557933fe92b7f4749
6,famous_le_100m,11,0.8571428571428571,1.0,5,osl_siamese_cnn,f89837bd35cb4ee055afe481174b2f816a969c4004533e7557933fe92b7f4749
6,famous_le_100m,12,0.8571428571428571,0.9285714285714286,5,osl_siamese_cnn,f89837bd35cb4ee055afe481174b2f816a969c4004533e7557933fe92b7f4749
6,famous_le_100m,13,0.9285714285714286,0.9285714285714286,5,osl_siamese_cnn,f89837bd35cb4ee055afe481174b2f816a969c4004533e7557933fe92b7f4749
6,famous_le_100m,14,0.9285714285714286,1.0,5,osl_siamese_cnn,f89837bd35cb4ee055afe481174b2f816a969c4004533e7557933fe92b7f4749
6,famous_le_100m,15,0.9285714285714286,1.0,5,osl_siamese_cnn,f89837bd35cb4ee055afe481174b2f816a969c4004533e7557933fe92b7f4749
6,famous_le_100m,16,0.9285714285714286,1.0,5,osl_siamese_cnn,f89837bd35cb4ee055afe481174b2f816a969c4004533e7557933fe92b7f4749
6,famous_le_100m,17,0.9285714285714286,0.9285714285714286,5,osl_siamese_cnn,f89837bd35cb4ee055afe481174b2f816a969c4004533e7557933fe92b7f4749
6,famous_le_100m,18,1.0,1.0,5,osl_siamese_cnn,f89837bd35cb4ee055afe481174b2f816a969c4004533e7557933fe92b7f4749
6,famous_le_100m,19,1.0,1.0,5,osl_siamese_cnn,f89837bd35cb4ee055afe481174b2f816a969c4004533e7557933fe92b7f4749
6,famous_le_100m,20,1.0,1.0,5,osl_siamese_cnn,f89837bd35cb4ee055afe481174b2f816a969c4004533e7557933fe92b7f4749
6,famous_le_100m,21,1.0,1.0,5,osl_siamese_cnn,f89837bd35cb4ee055afe481174b2f816a969c4004533e7557933fe92b7f4749
6,famous_le_100m,22,1.0,1.0,5,osl_siamese_cnn,f89837bd35cb4ee055afe481174b2f816a969c4004533e7557933fe92b7f4749
6,famous_le_100m,23,1.0,1.0,5,osl_siamese_cnn,f89837bd35cb4ee055afe481174b2f816a969c4004533e7557933fe92b7f4749
7,torch_pretrained_classification,0,0.5625,0.625,5,osl_siamese_cnn,8e90e40b03dc458f7804f839f3c2287caa6bb5cf40f514fd36ba3fae613cc654
7,famous_le_10m,0,0.8,0.4,5,osl_siamese_cnn,8e90e40b03dc458f7804f839f3c2287caa6bb5cf40f514fd36ba3fae613cc654
7,famous_le_10m,1,0.2,0.6,5,osl_siamese_cnn,8e90e40b03dc458f7804f839f3c2287caa6bb5cf40f514fd36ba3fae613cc654
7,famous_le_10m,2,0.2,0.4,5,osl_siamese_cnn,8e90e40b03dc458f7804f839f3c2287caa6bb5cf40f514fd36ba3fae613cc654
7,famous_le_10m,3,0.6,0.0,5,osl_siamese_cnn,8e90e40b03dc458f7804f839f3c2287caa6bb5cf40f514fd36ba3fae613cc654
7,famous_le_10m,4,0.8,0.6,5,osl_siamese_cnn,8e90e40b03dc458f7804f839f3c2287caa6bb5cf40f514fd36ba3fae613cc654
7,famous_le_10m,5,1.0,1.0,5,osl_siamese_cnn,8e90e40b03dc458f7804f839f3c2287caa6bb5cf40f514fd36ba3fae613cc654
7,famous_le_10m,6,1.0,1.0,5,osl_siamese_cnn,8e90e40b03dc458f7804f839f3c2287caa6bb5cf40f514fd36ba3fae613cc654
7,famous_le_10m,7,1.0,1.0,5,osl_siamese_cnn,8e90e40b03dc458f7804f839f3c2287caa6bb5cf40f514fd36ba3fae613cc654
7,famous_le_10m,8,1.0,1.0,5,osl_siamese_cnn,8e90e40b03dc458f7804f839f3c2287caa6bb5cf40f514fd36ba3fae613cc654
7,famous_le_10m,9,1.0,1.0,5,osl_siamese_cnn,8e90e40b03dc458f7804f839f3c2287caa6bb5cf40f514fd36ba3fae613cc654
7,famous_le_10m,10,1.0,1.0,5,osl_siamese_cnn,8e90e40b03dc458f7804f839f3c2287caa6bb5cf40f514fd36ba3fae613cc654
7,famous_le_10m,11,1.0,1.0,5,osl_siamese_cnn,8e90e40b03dc458f7804f839f3c2287caa6bb5cf40f514fd36ba3fae613cc654
7,famous_le_10m,12,1.0,1.0,5,osl_siamese_cnn,8e90e40b03dc458f7804f839f3c2287caa6bb5cf40f514fd36ba3fae613cc654
7,famous_le_10m,13,1.0,1.0,5,osl_siamese_cnn,8e90e40b03dc458f7804f839f3c2287caa6bb5cf40f514fd36ba3fae613cc654
7,famous_le_10m,14,1.0,1.0,5,osl_siamese_cnn,8e90e40b03dc458f7804f839f3c2287caa6bb5cf40f514fd36ba3fae613cc654
7,famous_le_10m,15,1.0,1.0,5,osl_siamese_cnn,8e90e40b03dc458f7804f839f3c2287caa6bb5cf40f514fd36ba3fae613cc654
7,famous_le_10m,16,1.0,1.0,5,osl_siamese_cnn,8e90e40b03dc458f7804f839f3c2287caa6bb5cf40f514fd36ba3fae613cc654
7,famous_le_10m,17,1.0,1.0,5,osl_siamese_cnn,8e90e40b03dc458f7804f839f3c2287caa6bb5cf40f514fd36ba3fae613cc654
7,famous_le_10m,18,1.0,1.0,5,osl_siamese_cnn,8e90e40b03dc458f7804f839f3c2287caa6bb5cf40f514fd36ba3fae613cc654
7,famous_le_10m,19,1.0,1.0,5,osl_siamese_cnn,8e90e40b03dc458f7804f839f3c2287caa6bb5cf40f514fd36ba3fae613cc654
7,famous_le_10m,20,1.0,1.0,5,osl_siamese_cnn,8e90e40b03dc458f7804f839f3c2287caa6bb5cf40f514fd36ba3fae613cc654
7,famous_le_10m,21,1.0,1.0,5,osl_siamese_cnn,8e90e40b03dc458f7804f839f3c2287caa6bb5cf40f514fd36ba3fae613cc654
7,famous_le_10m,22,1.0,1.0,5,osl_siamese_cnn,8e90e40b03dc458f7804f839f3c2287caa6bb5cf40f514fd36ba3fae613cc654
7,famous_le_10m,23,1.0,1.0,5,osl_siamese_cnn,8e90e40b03dc458f7804f839f3c2287caa6bb5cf40f514fd36ba3fae613cc654
7,famous_le_100m,0,0.6428571428571429,0.5714285714285714,5,osl_siamese_cnn,8e90e40b03dc458f7804f839f3c2287caa6bb5cf40f514fd36ba3fae613cc654
7,famous_le_100m,1,0.35714285714285715,0.42857142857142855,5,osl_siamese_cnn,8e90e40b03dc458f7804f839f3c2287caa6bb5cf40f514fd36ba3fae613cc654
7,famous_le_100m,2,0.2857142857142857,0.42857142857142855,5,osl_siamese_cnn,8e90e40b03dc458f7804f839f3c2287caa6bb5cf40f514fd36ba3fae613cc654
7,famous_le_100m,3,0.2857142857142857,0.42857142857142855,5,osl_siamese_cnn,8e90e40b03dc458f7804f839f3c2287caa6bb5cf40f514fd36ba3fae613cc654
7,famous_le_100m,4,0.35714285714285715,0.35714285714285715,5,osl_siamese_cnn,8e90e40b03dc458f7804f839f3c2287caa6bb5cf40f514fd36ba3fae613cc654
7,famous_le_100m,5,0.42857142857142855,0.5,5,osl_siamese_cnn,8e90e40b03dc458f7804f839f3c2287caa6bb5cf40f514fd36ba3fae613cc654
7,famous_le_100m,6,0.5714285714285714,0.6428571428571429,5,osl_siamese_cnn,8e90e40b03dc458f7804f839f3c2287caa6bb5cf40f514fd36ba3fae613cc654
7,famous_le_100m,7,0.6428571428571429,0.5714285714285714,5,osl_siamese_cnn,8e90e40b03dc458f7804f839f3c2287caa6bb5cf40f514fd36ba3fae613cc654
7,famous_le_100m,8,0.7857142857142857,0.7857142857142857,5,osl_siamese_cnn,8e90e40b03dc458f7804f839f3c2287caa6bb5cf40f514fd36ba3fae613cc654
7,famous_le_100m,9,0.8571428571428571,0.9285714285714286,5,osl_siamese_cnn,8e90e40b03dc458f7804f839f3c2287caa6bb5cf40f514fd36ba3fae613cc654
7,famous_le_100m,10,0.8571428571428571,0.9285714285714286,5,osl_siamese_cnn,8e90e40b03dc458f7804f839f3c2287caa6bb5cf40f514fd36ba3fae613cc654
7,famous_le_100m,11,0.9285714285714286,0.8571428571428571,5,osl_siamese_cnn,8e90e40b03dc458f7804f839f3c2287caa6bb5cf40f514fd36ba3fae613cc654
7,famous_le_100m,12,0.9285714285714286,0.9285714285714286,5,osl_siamese_cnn,8e90e40b03dc458f7804f839f3c2287caa6bb5cf40f514fd36ba3fae613cc654
7,famous_le_100m,13,0.9285714285714286,0.9285714285714286,5,osl_siamese_cnn,8e90e40b03dc458f7804f839f3c2287caa6bb5cf40f514fd36ba3fae613cc654
7,famous_le_100m,14,0.9285714285714286,1.0,5,osl_siamese_cnn,8e90e40b03dc458f7804f839f3c2287caa6bb5cf40f514fd36ba3fae613cc654
7,famous_le_100m,15,0.9285714285714286,1.0,5,osl_siamese_cnn,8e90e40b03dc458f7804f839f3c2287caa6bb5cf40f514fd36ba3fae613cc654
7,famous_le_100m,16,1.0,1.0,5,osl_siamese_cnn,8e90e40b03dc458f7804f839f3c2287caa6bb5cf40f514fd36ba3fae613cc654
7,famous_le_100m,17,1.0,1.0,5,osl_siamese_cnn,8e90e40b03dc458f7804f839f3c2287caa6bb5cf40f514fd36ba3fae613cc654
7,famous_le_100m,18,1.0,1.0,5,osl_siamese_cnn,8e90e40b03dc458f7804f839f3c2287caa6bb5cf40f514fd36ba3fae613cc654
7,famous_le_100m,19,1.0,1.0,5,osl_siamese_cnn,8e90e40b03dc458f7804f839f3c2287caa6bb5cf40f514fd36ba3fae613cc654
7,famous_le_100m,20,1.0,1.0,5,osl_siamese_cnn,8e90e40b03dc458f7804f839f3c2287caa6bb5cf40f514fd36ba3fae613cc654
7,famous_le_100m,21,1.0,1.0,5,osl_siamese_cnn,8e90e40b03dc458f7804f839f3c2287caa6bb5cf40f514fd36ba3fae613cc654
7,famous_le_100m,22,1.0,1.0,5,osl_siamese_cnn,8e90e40b03dc458f7804f839f3c2287caa6bb5cf40f514fd36ba3fae613cc654
7,famous_le_100m,23,1.0,1.0,5,osl_siamese_cnn,8e90e40b03dc458f7804f839f3c2287caa6bb5cf40f514fd36ba3fae613cc654
8,torch_pretrained_classification,0,0.875,0.6625,5,osl_siamese_cnn,d87a74956a3e4342ef378b69bd14d5ff35af636867992a4969e1bdc576c8e845
8,famous_le_10m,0,1.0,0.4,5,osl_siamese_cnn,d87a74956a3e4342ef378b69bd14d5ff35af636867992a4969e1bdc576c8e845
8,famous_le_10m,1,0.0,0.6,5,osl_siamese_cnn,d87a74956a3e4342ef378b69bd14d5ff35af636867992a4969e1bdc576c8e845
8,famous_le_10m,2,0.0,0.6,5,osl_siamese_cnn,d87a74956a3e4342ef378b69bd14d5ff35af636867992a4969e1bdc576c8e845
8,famous_le_10m,3,0.0,1.0,5,osl_siamese_cnn,d87a74956a3e4342ef378b69bd14d5ff35af636867992a4969e1bdc576c8e845
8,famous_le_10m,4,0.0,0.4,5,osl_siamese_cnn,d87a74956a3e4342ef378b69bd14d5ff35af636867992a4969e1bdc576c8e845
8,famous_le_10m,5,0.4,0.0,5,osl_siamese_cnn,d87a74956a3e4342ef378b69bd14d5ff35af636867992a4969e1bdc576c8e845
8,famous_le_10m,6,1.0,0.4,5,osl_siamese_cnn,d87a74956a3e4342ef378b69bd14d5ff35af636867992a4969e1bdc576c8e845
8,famous_le_10m,7,1.0,1.0,5,osl_siamese_cnn,d87a74956a3e4342ef378b69bd14d5ff35af636867992a4969e1bdc576c8e845
8,famous_le_10m,8,1.0,1.0,5,osl_siamese_cnn,d87a74956a3e4342ef378b69bd14d5ff35af636867992a4969e1bdc576c8e845
8,famous_le_10m,9,1.0,1.0,5,osl_siamese_cnn,d87a74956a3e4342ef378b69bd14d5ff35af636867992a4969e1bdc576c8e845
8,famous_le_10m,10,1.0,1.0,5,osl_siamese_cnn,d87a74956a3e4342ef378b69bd14d5ff35af636867992a4969e1bdc576c8e845
8,famous_le_10m,11,1.0,1.0,5,osl_siamese_cnn,d87a74956a3e4342ef378b69bd14d5ff35af636867992a4969e1bdc576c8e845
8,famous_le_10m,12,1.0,1.0,5,osl_siamese_cnn,d87a74956a3e4342ef378b69bd14d5ff35af636867992a4969e1bdc576c8e845
8,famous_le_10m,13,1.0,1.0,5,osl_siamese_cnn,d87a74956a3e4342ef378b69bd14d5ff35af636867992a4969e1bdc576c8e845
8,famous_le_10m,14,1.0,1.0,5,osl_siamese_cnn,d87a74956a3e4342ef378b69bd14d5ff35af636867992a4969e1bdc576c8e845
8,famous_le_10m,15,1.0,1.0,5,osl_siamese_cnn,d87a74956a3e4342ef378b69bd14d5ff35af636867992a4969e1bdc576c8e845
8,famous_le_10m,16,1.0,1.0,5,osl_siamese_cnn,d87a74956a3e4342ef378b69bd14d5ff35af636867992a4969e1bdc576c8e845
8,famous_le_10m,17,1.0,1.0,5,osl_siamese_cnn,d87a74956a3e4342ef378b69bd14d5ff35af636867992a4969e1bdc576c8e845
8,famous_le_10m,18,1.0,1.0,5,osl_siamese_cnn,d87a74956a3e4342ef378b69bd14d5ff35af636867992a4969e1bdc576c8e845
8,famous_le_10m,19,1.0,1.0,5,osl_siamese_cnn,d87a74956a3e4342ef378b69bd14d5ff35af636867992a4969e1bdc576c8e845
8,famous_le_10m,20,1.0,1.0,5,osl_siamese_cnn,d87a74956a3e4342ef378b69bd14d5ff35af636867992a4969e1bdc576c8e845
8,famous_le_10m,21,1.0,1.0,5,osl_siamese_cnn,d87a74956a3e4342ef378b69bd14d5ff35af636867992a4969e1bdc576c8e845
8,famous_le_10m,22,1.0,1.0,5,osl_siamese_cnn,d87a74956a3e4342ef378b69bd14d5ff35af636867992a4969e1bdc576c8e845
8,famous_le_10m,23,1.0,1.0,5,osl_siamese_cnn,d87a74956a3e4342ef378b69bd14d5ff35af636867992a4969e1bdc576c8e845
8,famous_le_100m,0,0.7857142857142857,0.5714285714285714,5,osl_siamese_cnn,d87a74956a3e4342ef378b69bd14d5ff35af636867992a4969e1bdc576c8e845
8,famous_le_100m,1,0.21428571428571427,0.42857142857142855,5,osl_siamese_cnn,d87a74956a3e4342ef378b69bd14d5ff35af636867992a4969e1bdc576c8e845
8,famous_le_100m,2,0.21428571428571427,0.42857142857142855,5,osl_siamese_cnn,d87a74956a3e4342ef378b69bd14d5ff35af636867992a4969e1bdc576c8e845
8,famous_le_100m,3,0.21428571428571427,0.42857142857142855,5,osl_siamese_cnn,d87a74956a3e4342ef378b69bd14d5ff35af636867992a4969e1bdc576c8e845
8,famous_le_100m,4,0.21428571428571427,0.2857142857142857,5,osl_siamese_cnn,d87a74956a3e4342ef378b69bd14d5ff35af636867992a4969e1bdc576c8e845
8,famous_le_100m,5,0.5,0.35714285714285715,5,osl_siamese_cnn,d87a74956a3e4342ef378b69bd14d5ff35af636867992a4969e1bdc576c8e845
8,famous_le_100m,6,0.5,0.5,5,osl_siamese_cnn,d87a74956a3e4342ef378b69bd14d5ff35af636867992a4969e1bdc576c8e845
8,famous_le_100m,7,0.5,0.5714285714285714,5,osl_siamese_cnn,d87a74956a3e4342ef378b69bd14d5ff35af636867992a4969e1bdc576c8e845
8,famous_le_100m,8,0.6428571428571429,1.0,5,osl_siamese_cnn,d87a74956a3e4342ef378b69bd14d5ff35af636867992a4969e1bdc576c8e845
8,famous_le_100m,9,0.7142857142857143,0.7857142857142857,5,osl_siamese_cnn,d87a74956a3e4342ef378b69bd14d5ff35af636867992a4969e1bdc576c8e845
8,famous_le_100m,10,0.8571428571428571,0.7857142857142857,5,osl_siamese_cnn,d87a74956a3e4342ef378b69bd14d5ff35af636867992a4969e1bdc576c8e845
8,famous_le_100m,11,0.8571428571428571,1.0,5,osl_siamese_cnn,d87a74956a3e4342ef378b69bd14d5ff35af636867992a4969e1bdc576c8e845
8,famous_le_100m,12,0.8571428571428571,1.0,5,osl_siamese_cnn,d87a74956a3e4342ef378b69bd14d5ff35af636867992a4969e1bdc576c8e845
8,famous_le_100m,13,0.8571428571428571,0.9285714285714286,5,osl_siamese_cnn,d87a74956a3e4342ef378b69bd14d5ff35af636867992a4969e1bdc576c8e845
8,famous_le_100m,14,0.9285714285714286,0.8571428571428571,5,osl_siamese_cnn,d87a74956a3e4342ef378b69bd14d5ff35af636867992a4969e1bdc576c8e845
8,famous_le_100m,15,0.9285714285714286,1.0,5,osl_siamese_cnn,d87a74956a3e4342ef378b69bd14d5ff35af636867992a4969e1bdc576c8e845
8,famous_le_100m,16,0.9285714285714286,0.9285714285714286,5,osl_siamese_cnn,d87a74956a3e4342ef378b69bd14d5ff35af636867992a4969e1bdc576c8e845
8,famous_le_100m,17,1.0,0.9285714285714286,5,osl_siamese_cnn,d87a74956a3e4342ef378b69bd14d5ff35af636867992a4969e1bdc576c8e845
8,famous_le_100m,18,1.0,0.9285714285714286,5,osl_siamese_cnn,d87a74956a3e4342ef378b69bd14d5ff35af636867992a4969e1bdc576c8e845
8,famous_le_100m,19,1.0,1.0,5,osl_siamese_cnn,d87a74956a3e4342ef378b69bd14d5ff35af636867992a4969e1bdc576c8e845
8,famous_le_100m,20,1.0,1.0,5,osl_siamese_cnn,d87a74956a3e4342ef378b69bd14d5ff35af636867992a4969e1bdc576c8e845
8,famous_le_100m,21,1.0,1.0,5,osl_siamese_cnn,d87a74956a3e4342ef378b69bd14d5ff35af636867992a4969e1bdc576c8e845
8,famous_le_100m,22,1.0,1.0,5,osl_siamese_cnn,d87a74956a3e4342ef378b69bd14d5ff35af636867992a4969e1bdc576c8e845
8,famous_le_100m,23,1.0,1.0,5,osl_siamese_cnn,d87a74956a3e4342ef378b69bd14d5ff35af636867992a4969e1bdc576c8e845
9,torch_pretrained_classification,0,0.95,0.6875,5,osl_siamese_cnn,03044ecd28cc6e7203d160f6fce03172b4f95836dd42f1ca6e8b1b4dc929259c
9,famous_le_10m,0,1.0,0.8,5,osl_siamese_cnn,03044ecd28cc6e7203d160f6fce03172b4f95836dd42f1ca6e8b1b4dc929259c
9,famous_le_10m,1,0.0,0.2,5,osl_siamese_cnn,03044ecd28cc6e7203d160f6fce03172b4f95836dd42f1ca6e8b1b4dc929259c
9,famous_le_10m,2,0.0,0.2,5,osl_siamese_cnn,03044ecd28cc6e7203d160f6fce03172b4f95836dd42f1ca6e8b1b4dc929259c
9,famous_le_10m,3,0.0,0.0,5,osl_siamese_cnn,03044ecd28cc6e7203d160f6fce03172b4f95836dd42f1ca6e8b1b4dc929259c
9,famous_le_10m,4,0.0,0.0,5,osl_siamese_cnn,03044ecd28cc6e7203d160f6fce03172b4f95836dd42f1ca6e8b1b4dc929259c
9,famous_le_10m,5,0.4,0.0,5,osl_siamese_cnn,03044ecd28cc6e7203d160f6fce03172b4f95836dd42f1ca6e8b1b4dc929259c
9,famous_le_10m,6,1.0,0.4,5,osl_siamese_cnn,03044ecd28cc6e7203d160f6fce03172b4f95836dd42f1ca6e8b1b4dc929259c
9,famous_le_10m,7,0.6,0.4,5,osl_siamese_cnn,03044ecd28cc6e7203d160f6fce03172b4f95836dd42f1ca6e8b1b4dc929259c
9,famous_le_10m,8,1.0,1.0,5,osl_siamese_cnn,03044ecd28cc6e7203d160f6fce03172b4f95836dd42f1ca6e8b1b4dc929259c
9,famous_le_10m,9,1.0,1.0,5,osl_siamese_cnn,03044ecd28cc6e7203d160f6fce03172b4f95836dd42f1ca6e8b1b4dc929259c
9,famous_le_10m,10,1.0,1.0,5,osl_siamese_cnn,03044ecd28cc6e7203d160f6fce03172b4f95836dd42f1ca6e8b1b4dc929259c
9,famous_le_10m,11,1.0,1.0,5,osl_siamese_cnn,03044ecd28cc6e7203d160f6fce03172b4f95836dd42f1ca6e8b1b4dc929259c
9,famous_le_10m,12,1.0,1.0,5,osl_siamese_cnn,03044ecd28cc6e7203d160f6fce03172b4f95836dd42f1ca6e8b1b4dc929259c
9,famous_le_10m,13,1.0,1.0,5,osl_siamese_cnn,03044ecd28cc6e7203d160f6fce03172b4f95836dd42f1ca6e8b1b4dc929259c
9,famous_le_10m,14,1.0,1.0,5,osl_siamese_cnn,03044ecd28cc6e7203d160f6fce03172b4f95836dd42f1ca6e8b1b4dc929259c
9,famous_le_10m,15,1.0,1.0,5,osl_siamese_cnn,03044ecd28cc6e7203d160f6fce03172b4f95836dd42f1ca6e8b1b4dc929259c
9,famous_le_10m,16,1.0,1.0,5,osl_siamese_cnn,03044ecd28cc6e7203d160f6fce03172b4f95836dd42f1ca6e8b1b4dc929259c
9,famous_le_10m,17,1.0,1.0,5,osl_siamese_cnn,03044ecd28cc6e7203d160f6fce03172b4f95836dd42f1ca6e8b1b4dc929259c
9,famous_le_10m,18,1.0,1.0,5,osl_siamese_cnn,03044ecd28cc6e7203d160f6fce03172b4f95836dd42f1ca6e8b1b4dc929259c
9,famous_le_10m,19,1.0,1.0,5,osl_siamese_cnn,03044ecd28cc6e7203d160f6fce03172b4f95836dd42f1ca6e8b1b4dc929259c
9,famous_le_10m,20,1.0,1.0,5,osl_siamese_cnn,03044ecd28cc6e7203d160f6fce03172b4f95836dd42f1ca6e8b1b4dc929259c
9,famous_le_10m,21,1.0,1.0,5,osl_siamese_cnn,03044ecd28cc6e7203d160f6fce03172b4f95836dd42f1ca6e8b1b4dc929259c
9,famous_le_10m,22,1.0,1.0,5,osl_siamese_cnn,03044ecd28cc6e7203d160f6fce03172b4f95836dd42f1ca6e8b1b4dc929259c
9,famous_le_10m,23,1.0,1.0,5,osl_siamese_cnn,03044ecd28cc6e7203d160f6fce03172b4f95836dd42f1ca6e8b1b4dc929259c
9,famous_le_100m,0,0.7857142857142857,0.8571428571428571,5,osl_siamese_cnn,03044ecd28cc6e7203d160f6fce03172b4f95836dd42f1ca6e8b1b4dc929259c
9,famous_le_100m,1,0.21428571428571427,0.14285714285714285,5,osl_siamese_cnn,03044ecd28cc6e7203d160f6fce03172b4f95836dd42f1ca6e8b1b4dc929259c
9,famous_le_100m,2,0.21428571428571427,0.07142857142857142,5,osl_siamese_cnn,03044ecd28cc6e7203d160f6fce03172b4f95836dd42f1ca6e8b1b4dc929259c
9,famous_le_100m,3,0.21428571428571427,0.07142857142857142,5,osl_siamese_cnn,03044ecd28cc6e7203d160f6fce03172b4f95836dd42f1ca6e8b1b4dc929259c
9,famous_le_100m,4,0.21428571428571427,0.07142857142857142,5,osl_siamese_cnn,03044ecd28cc6e7203d160f6fce03172b4f95836dd42f1ca6e8b1b4dc929259c
9,famous_le_100m,5,0.35714285714285715,0.14285714285714285,5,osl_siamese_cnn,03044ecd28cc6e7203d160f6fce03172b4f95836dd42f1ca6e8b1b4dc929259c
9,famous_le_100m,6,0.42857142857142855,0.42857142857142855,5,osl_siamese_cnn,03044ecd28cc6e7203d160f6fce03172b4f95836dd42f1ca6e8b1b4dc929259c
9,famous_le_100m,7,0.5,0.5714285714285714,5,osl_siamese_cnn,03044ecd28cc6e7203d160f6fce03172b4f95836dd42f1ca6e8b1b4dc929259c
9,famous_le_100m,8,0.6428571428571429,0.6428571428571429,5,osl_siamese_cnn,03044ecd28cc6e7203d160f6fce03172b4f95836dd42f1ca6e8b1b4dc929259c
9,famous_le_100m,9,0.7857142857142857,0.6428571428571429,5,osl_siamese_cnn,03044ecd28cc6e7203d160f6fce03172b4f95836dd42f1ca6e8b1b4dc929259c
9,famous_le_100m,10,0.8571428571428571,0.8571428571428571,5,osl_siamese_cnn,03044ecd28cc6e7203d160f6fce03172b4f95836dd42f1ca6e8b1b4dc929259c
9,famous_le_100m,11,0.8571428571428571,0.8571428571428571,5,osl_siamese_cnn,03044ecd28cc6e7203d160f6fce03172b4f95836dd42f1ca6e8b1b4dc929259c
9,famous_le_100m,12,0.8571428571428571,0.8571428571428571,5,osl_siamese_cnn,03044ecd28cc6e7203d160f6fce03172b4f95836dd42f1ca6e8b1b4dc929259c
9,famous_le_100m,13,0.9285714285714286,0.8571428571428571,5,osl_siamese_cnn,03044ecd28cc6e7203d160f6fce03172b4f95836dd42f1ca6e8b1b4dc929259c
9,famous_le_100m,14,0.9285714285714286,0.9285714285714286,5,osl_siamese_cnn,03044ecd28cc6e7203d160f6fce03172b4f95836dd42f1ca6e8b1b4dc929259c
9,famous_le_100m,15,0.9285714285714286,0.9285714285714286,5,osl_siamese_cnn,03044ecd28cc6e7203d160f6fce03172b4f95836dd42f1ca6e8b1b4dc929259c
9,famous_le_100m,16,0.9285714285714286,0.9285714285714286,5,osl_siamese_cnn,03044ecd28cc6e7203d160f6fce03172b4f95836dd42f1ca6e8b1b4dc929259c
9,famous_le_100m,17,0.9285714285714286,0.9285714285714286,5,osl_siamese_cnn,03044ecd28cc6e7203d160f6fce03172b4f95836dd42f1ca6e8b1b4dc929259c
9,famous_le_100m,18,1.0,0.9285714285714286,5,osl_siamese_cnn,03044ecd28cc6e7203d160f6fce03172b4f95836dd42f1ca6e8b1b4dc929259c
9,famous_le_100m,19,1.0,1.0,5,osl_siamese_cnn,03044ecd28cc6e7203d160f6fce03172b4f95836dd42f1ca6e8b1b4dc929259c
9,famous_le_100m,20,1.0,1.0,5,osl_siamese_cnn,03044ecd28cc6e7203d160f6fce03172b4f95836dd42f1ca6e8b1b4dc929259c
9,famous_le_100m,21,1.0,1.0,5,osl_siamese_cnn,03044ecd28cc6e7203d160f6fce03172b4f95836dd42f1ca6e8b1b4dc929259c
9,famous_le_100m,22,1.0,1.0,5,osl_siamese_cnn,03044ecd28cc6e7203d160f6fce03172b4f95836dd42f1ca6e8b1b4dc929259c
9,famous_le_100m,23,1.0,1.0,5,osl_siamese_cnn,03044ecd28cc6e7203d160f6fce03172b4f95836dd42f1ca6e8b1b4dc929259c
5,torch_pretrained_classification,0,0.7625,0.475,6,osl_siamese_cnn,3a1306aa51c9829137c610255679b9c8a9982ddf304072b544a0037fc591bcbd
5,famous_le_10m,0,1.0,1.0,6,osl_siamese_cnn,3a1306aa51c9829137c610255679b9c8a9982ddf304072b544a0037fc591bcbd
5,famous_le_10m,1,0.0,0.0,6,osl_siamese_cnn,3a1306aa51c9829137c610255679b9c8a9982ddf304072b544a0037fc591bcbd
5,famous_le_10m,2,0.0,0.0,6,osl_siamese_cnn,3a1306aa51c9829137c610255679b9c8a9982ddf304072b544a0037fc591bcbd
5,famous_le_10m,3,0.0,0.0,6,osl_siamese_cnn,3a1306aa51c9829137c610255679b9c8a9982ddf304072b544a0037fc591bcbd
5,famous_le_10m,4,0.0,0.0,6,osl_siamese_cnn,3a1306aa51c9829137c610255679b9c8a9982ddf304072b544a0037fc591bcbd
5,famous_le_10m,5,0.0,0.0,6,osl_siamese_cnn,3a1306aa51c9829137c610255679b9c8a9982ddf304072b544a0037fc591bcbd
5,famous_le_10m,6,0.2,0.0,6,osl_siamese_cnn,3a1306aa51c9829137c610255679b9c8a9982ddf304072b544a0037fc591bcbd
5,famous_le_10m,7,0.8,0.2,6,osl_siamese_cnn,3a1306aa51c9829137c610255679b9c8a9982ddf304072b544a0037fc591bcbd
5,famous_le_10m,8,1.0,1.0,6,osl_siamese_cnn,3a1306aa51c9829137c610255679b9c8a9982ddf304072b544a0037fc591bcbd
5,famous_le_10m,9,1.0,0.4,6,osl_siamese_cnn,3a1306aa51c9829137c610255679b9c8a9982ddf304072b544a0037fc591bcbd
5,famous_le_10m,10,1.0,1.0,6,osl_siamese_cnn,3a1306aa51c9829137c610255679b9c8a9982ddf304072b544a0037fc591bcbd
5,famous_le_10m,11,1.0,0.4,6,osl_siamese_cnn,3a1306aa51c9829137c610255679b9c8a9982ddf304072b544a0037fc591bcbd
5,famous_le_10m,12,1.0,0.6,6,osl_siamese_cnn,3a1306aa51c9829137c610255679b9c8a9982ddf304072b544a0037fc591bcbd
5,famous_le_10m,13,1.0,0.2,6,osl_siamese_cnn,3a1306aa51c9829137c610255679b9c8a9982ddf304072b544a0037fc591bcbd
5,famous_le_10m,14,1.0,0.0,6,osl_siamese_cnn,3a1306aa51c9829137c610255679b9c8a9982ddf304072b544a0037fc591bcbd
5,famous_le_10m,15,0.6,0.4,6,osl_siamese_cnn,3a1306aa51c9829137c610255679b9c8a9982ddf304072b544a0037fc591bcbd
5,famous_le_10m,16,0.0,1.0,6,osl_siamese_cnn,3a1306aa51c9829137c610255679b9c8a9982ddf304072b544a0037fc591bcbd
5,famous_le_10m,17,0.0,0.4,6,osl_siamese_cnn,3a1306aa51c9829137c610255679b9c8a9982ddf304072b544a0037fc591bcbd
5,famous_le_10m,18,0.0,1.0,6,osl_siamese_cnn,3a1306aa51c9829137c610255679b9c8a9982ddf304072b544a0037fc591bcbd
5,famous_le_10m,19,0.0,0.4,6,osl_siamese_cnn,3a1306aa51c9829137c610255679b9c8a9982ddf304072b544a0037fc591bcbd
5,famous_le_10m,20,0.0,1.0,6,osl_siamese_cnn,3a1306aa51c9829137c610255679b9c8a9982ddf304072b544a0037fc591bcbd
5,famous_le_10m,21,0.0,0.4,6,osl_siamese_cnn,3a1306aa51c9829137c610255679b9c8a9982ddf304072b544a0037fc591bcbd
5,famous_le_10m,22,0.0,1.0,6,osl_siamese_cnn,3a1306aa51c9829137c610255679b9c8a9982ddf304072b544a0037fc591bcbd
5,famous_le_10m,23,0.0,0.4,6,osl_siamese_cnn,3a1306aa51c9829137c610255679b9c8a9982ddf304072b544a0037fc591bcbd
5,famous_le_100m,0,0.7142857142857143,0.6428571428571429,6,osl_siamese_cnn,3a1306aa51c9829137c610255679b9c8a9982ddf304072b544a0037fc591bcbd
5,famous_le_100m,1,0.2857142857142857,0.35714285714285715,6,osl_siamese_cnn,3a1306aa51c9829137c610255679b9c8a9982ddf304072b544a0037fc591bcbd
5,famous_le_100m,2,0.2857142857142857,0.35714285714285715,6,osl_siamese_cnn,3a1306aa51c9829137c610255679b9c8a9982ddf304072b544a0037fc591bcbd
5,famous_le_100m,3,0.2857142857142857,0.35714285714285715,6,osl_siamese_cnn,3a1306aa51c9829137c610255679b9c8a9982ddf304072b544a0037fc591bcbd
5,famous_le_100m,4,0.2857142857142857,0.35714285714285715,6,osl_siamese_cnn,3a1306aa51c9829137c610255679b9c8a9982ddf304072b544a0037fc591bcbd
5,famous_le_100m,5,0.35714285714285715,0.35714285714285715,6,osl_siamese_cnn,3a1306aa51c9829137c610255679b9c8a9982ddf304072b544a0037fc591bcbd
5,famous_le_100m,6,0.5,0.35714285714285715,6,osl_siamese_cnn,3a1306aa51c9829137c610255679b9c8a9982ddf304072b544a0037fc591bcbd
5,famous_le_100m,7,0.5,0.42857142857142855,6,osl_siamese_cnn,3a1306aa51c9829137c610255679b9c8a9982ddf304072b544a0037fc591bcbd
5,famous_le_100m,8,0.5,0.6428571428571429,6,osl_siamese_cnn,3a1306aa51c9829137c610255679b9c8a9982ddf304072b544a0037fc591bcbd
5,famous_le_100m,9,0.6428571428571429,0.7142857142857143,6,osl_siamese_cnn,3a1306aa51c9829137c610255679b9c8a9982ddf304072b544a0037fc591bcbd
5,famous_le_100m,10,0.6428571428571429,0.8571428571428571,6,osl_siamese_cnn,3a1306aa51c9829137c610255679b9c8a9982ddf304072b544a0037fc591bcbd
5,famous_le_100m,11,0.6428571428571429,0.7142857142857143,6,osl_siamese_cnn,3a1306aa51c9829137c610255679b9c8a9982ddf304072b544a0037fc591bcbd
5,famous_le_100m,12,0.6428571428571429,0.7142857142857143,6,osl_siamese_cnn,3a1306aa51c9829137c610255679b9c8a9982ddf304072b544a0037fc591bcbd
5,famous_le_100m,13,0.7142857142857143,0.7142857142857143,6,osl_siamese_cnn,3a1306aa51c9829137c610255679b9c8a9982ddf304072b544a0037fc591bcbd
5,famous_le_100m,14,0.8571428571428571,0.7142857142857143,6,osl_siamese_cnn,3a1306aa51c9829137c610255679b9c8a9982ddf304072b544a0037fc591bcbd
5,famous_le_100m,15,0.9285714285714286,0.7857142857142857,6,osl_siamese_cnn,3a1306aa51c9829137c610255679b9c8a9982ddf304072b544a0037fc591bcbd
5,famous_le_100m,16,0.7142857142857143,0.5714285714285714,6,osl_siamese_cnn,3a1306aa51c9829137c610255679b9c8a9982ddf304072b544a0037fc591bcbd
5,famous_le_100m,17,0.6428571428571429,0.7142857142857143,6,osl_siamese_cnn,3a1306aa51c9829137c610255679b9c8a9982ddf304072b544a0037fc591bcbd
5,famous_le_100m,18,0.5,0.7142857142857143,6,osl_siamese_cnn,3a1306aa51c9829137c610255679b9c8a9982ddf304072b544a0037fc591bcbd
5,famous_le_100m,19,0.5714285714285714,0.8571428571428571,6,osl_siamese_cnn,3a1306aa51c9829137c610255679b9c8a9982ddf304072b544a0037fc591bcbd
5,famous_le_100m,20,0.5714285714285714,0.9285714285714286,6,osl_siamese_cnn,3a1306aa51c9829137c610255679b9c8a9982ddf304072b544a0037fc591bcbd
5,famous_le_100m,21,0.5714285714285714,0.8571428571428571,6,osl_siamese_cnn,3a1306aa51c9829137c610255679b9c8a9982ddf304072b544a0037fc591bcbd
5,famous_le_100m,22,0.5714285714285714,0.9285714285714286,6,osl_siamese_cnn,3a1306aa51c9829137c610255679b9c8a9982ddf304072b544a0037fc591bcbd
5,famous_le_100m,23,0.5,0.7857142857142857,6,osl_siamese_cnn,3a1306aa51c9829137c610255679b9c8a9982ddf304072b544a0037fc591bcbd
6,torch_pretrained_classification,0,0.925,0.7125,6,osl_siamese_cnn,7096772e5b2eceb9bea9ee9bb765bb05b1620f44ff7147d1bf64dcc76946b49f
6,famous_le_10m,0,1.0,0.8,6,osl_siamese_cnn,7096772e5b2eceb9bea9ee9bb765bb05b1620f44ff7147d1bf64dcc76946b49f
6,famous_le_10m,1,0.0,0.2,6,osl_siamese_cnn,7096772e5b2eceb9bea9ee9bb765bb05b1620f44ff7147d1bf64dcc76946b49f
6,famous_le_10m,2,0.0,0.0,6,osl_siamese_cnn,7096772e5b2eceb9bea9ee9bb765bb05b1620f44ff7147d1bf64dcc76946b49f
6,famous_le_10m,3,0.2,0.0,6,osl_siamese_cnn,7096772e5b2eceb9bea9ee9bb765bb05b1620f44ff7147d1bf64dcc76946b49f
6,famous_le_10m,4,0.2,0.0,6,osl_siamese_cnn,7096772e5b2eceb9bea9ee9bb765bb05b1620f44ff7147d1bf64dcc76946b49f
6,famous_le_10m,5,0.4,0.0,6,osl_siamese_cnn,7096772e5b2eceb9bea9ee9bb765bb05b1620f44ff7147d1bf64dcc76946b49f
6,famous_le_10m,6,0.6,0.0,6,osl_siamese_cnn,7096772e5b2eceb9bea9ee9bb765bb05b1620f44ff7147d1bf64dcc76946b49f
6,famous_le_10m,7,0.6,0.2,6,osl_siamese_cnn,7096772e5b2eceb9bea9ee9bb765bb05b1620f44ff7147d1bf64dcc76946b49f
6,famous_le_10m,8,1.0,1.0,6,osl_siamese_cnn,7096772e5b2eceb9bea9ee9bb765bb05b1620f44ff7147d1bf64dcc76946b49f
6,famous_le_10m,9,0.4,0.4,6,osl_siamese_cnn,7096772e5b2eceb9bea9ee9bb765bb05b1620f44ff7147d1bf64dcc76946b49f
6,famous_le_10m,10,0.8,0.4,6,osl_siamese_cnn,7096772e5b2eceb9bea9ee9bb765bb05b1620f44ff7147d1bf64dcc76946b49f
6,famous_le_10m,11,0.6,0.4,6,osl_siamese_cnn,7096772e5b2eceb9bea9ee9bb765bb05b1620f44ff7147d1bf64dcc76946b49f
6,famous_le_10m,12,0.8,0.4,6,osl_siamese_cnn,7096772e5b2eceb9bea9ee9bb765bb05b1620f44ff7147d1bf64dcc76946b49f
6,famous_le_10m,13,0.6,0.2,6,osl_siamese_cnn,7096772e5b2eceb9bea9ee9bb765bb05b1620f44ff7147d1bf64dcc76946b49f
6,famous_le_10m,14,0.8,0.2,6,osl_siamese_cnn,7096772e5b2eceb9bea9ee9bb765bb05b1620f44ff7147d1bf64dcc76946b49f
6,famous_le_10m,15,0.8,0.6,6,osl_siamese_cnn,7096772e5b2eceb9bea9ee9bb765bb05b1620f44ff7147d1bf64dcc76946b49f
6,famous_le_10m,16,1.0,1.0,6,osl_siamese_cnn,7096772e5b2eceb9bea9ee9bb765bb05b1620f44ff7147d1bf64dcc76946b49f
6,famous_le_10m,17,0.6,1.0,6,osl_siamese_cnn,7096772e5b2eceb9bea9ee9bb765bb05b1620f44ff7147d1bf64dcc76946b49f
6,famous_le_10m,18,0.6,0.6,6,osl_siamese_cnn,7096772e5b2eceb9bea9ee9bb765bb05b1620f44ff7147d1bf64dcc76946b49f
6,famous_le_10m,19,0.6,1.0,6,osl_siamese_cnn,7096772e5b2eceb9bea9ee9bb765bb05b1620f44ff7147d1bf64dcc76946b49f
6,famous_le_10m,20,0.8,0.0,6,osl_siamese_cnn,7096772e5b2eceb9bea9ee9bb765bb05b1620f44ff7147d1bf64dcc76946b49f
6,famous_le_10m,21,0.6,1.0,6,osl_siamese_cnn,7096772e5b2eceb9bea9ee9bb765bb05b1620f44ff7147d1bf64dcc76946b49f
6,famous_le_10m,22,0.6,0.8,6,osl_siamese_cnn,7096772e5b2eceb9bea9ee9bb765bb05b1620f44ff7147d1bf64dcc76946b49f
6,famous_le_10m,23,0.6,0.6,6,osl_siamese_cnn,7096772e5b2eceb9bea9ee9bb765bb05b1620f44ff7147d1bf64dcc76946b49f
6,famous_le_100m,0,0.8571428571428571,0.9285714285714286,6,osl_siamese_cnn,7096772e5b2eceb9bea9ee9bb765bb05b1620f44ff7147d1bf64dcc76946b49f
6,famous_le_100m,1,0.14285714285714285,0.07142857142857142,6,osl_siamese_cnn,7096772e5b2eceb9bea9ee9bb765bb05b1620f44ff7147d1bf64dcc76946b49f
6,famous_le_100m,2,0.14285714285714285,0.07142857142857142,6,osl_siamese_cnn,7096772e5b2eceb9bea9ee9bb765bb05b1620f44ff7147d1bf64dcc76946b49f
6,famous_le_100m,3,0.14285714285714285,0.07142857142857142,6,osl_siamese_cnn,7096772e5b2eceb9bea9ee9bb765bb05b1620f44ff7147d1bf64dcc76946b49f
6,famous_le_100m,4,0.14285714285714285,0.07142857142857142,6,osl_siamese_cnn,7096772e5b2eceb9bea9ee9bb765bb05b1620f44ff7147d1bf64dcc76946b49f
6,famous_le_100m,5,0.14285714285714285,0.07142857142857142,6,osl_siamese_cnn,7096772e5b2eceb9bea9ee9bb765bb05b1620f44ff7147d1bf64dcc76946b49f
6,famous_le_100m,6,0.35714285714285715,0.14285714285714285,6,osl_siamese_cnn,7096772e5b2eceb9bea9ee9bb765bb05b1620f44ff7147d1bf64dcc76946b49f
6,famous_le_100m,7,0.42857142857142855,0.42857142857142855,6,osl_siamese_cnn,7096772e5b2eceb9bea9ee9bb765bb05b1620f44ff7147d1bf64dcc76946b49f
6,famous_le_100m,8,0.42857142857142855,0.7857142857142857,6,osl_siamese_cnn,7096772e5b2eceb9bea9ee9bb765bb05b1620f44ff7147d1bf64dcc76946b49f
6,famous_le_100m,9,0.42857142857142855,0.6428571428571429,6,osl_siamese_cnn,7096772e5b2eceb9bea9ee9bb765bb05b1620f44ff7147d1bf64dcc76946b49f
6,famous_le_100m,10,0.6428571428571429,0.6428571428571429,6,osl_siamese_cnn,7096772e5b2eceb9bea9ee9bb765bb05b1620f44ff7147d1bf64dcc76946b49f
6,famous_le_100m,11,0.6428571428571429,0.7857142857142857,6,osl_siamese_cnn,7096772e5b2eceb9bea9ee9bb765bb05b1620f44ff7147d1bf64dcc76946b49f
6,famous_le_100m,12,0.7142857142857143,0.7142857142857143,6,osl_siamese_cnn,7096772e5b2eceb9bea9ee9bb765bb05b1620f44ff7147d1bf64dcc76946b49f
6,famous_le_100m,13,0.8571428571428571,0.7857142857142857,6,osl_siamese_cnn,7096772e5b2eceb9bea9ee9bb765bb05b1620f44ff7147d1bf64dcc76946b49f
6,famous_le_100m,14,0.8571428571428571,0.9285714285714286,6,osl_siamese_cnn,7096772e5b2eceb9bea9ee9bb765bb05b1620f44ff7147d1bf64dcc76946b49f
6,famous_le_100m,15,0.8571428571428571,0.8571428571428571,6,osl_siamese_cnn,7096772e5b2eceb9bea9ee9bb765bb05b1620f44ff7147d1bf64dcc76946b49f
6,famous_le_100m,16,0.9285714285714286,1.0,6,osl_siamese_cnn,7096772e5b2eceb9bea9ee9bb765bb05b1620f44ff7147d1bf64dcc76946b49f
6,famous_le_100m,17,0.9285714285714286,1.0,6,osl_siamese_cnn,7096772e5b2eceb9bea9ee9bb765bb05b1620f44ff7147d1bf64dcc76946b49f
6,famous_le_100m,18,0.9285714285714286,1.0,6,osl_siamese_cnn,7096772e5b2eceb9bea9ee9bb765bb05b1620f44ff7147d1bf64dcc76946b49f
6,famous_le_100m,19,0.9285714285714286,0.9285714285714286,6,osl_siamese_cnn,7096772e5b2eceb9bea9ee9bb765bb05b1620f44ff7147d1bf64dcc76946b49f
6,famous_le_100m,20,0.9285714285714286,0.9285714285714286,6,osl_siamese_cnn,7096772e5b2eceb9bea9ee9bb765bb05b1620f44ff7147d1bf64dcc76946b49f
6,famous_le_100m,21,0.9285714285714286,0.9285714285714286,6,osl_siamese_cnn,7096772e5b2eceb9bea9ee9bb765bb05b1620f44ff7147d1bf64dcc76946b49f
6,famous_le_100m,22,0.9285714285714286,0.9285714285714286,6,osl_siamese_cnn,7096772e5b2eceb9bea9ee9bb765bb05b1620f44ff7147d1bf64dcc76946b49f
6,famous_le_100m,23,0.9285714285714286,0.9285714285714286,6,osl_siamese_cnn,7096772e5b2eceb9bea9ee9bb765bb05b1620f44ff7147d1bf64dcc76946b49f
7,torch_pretrained_classification,0,0.7,0.5625,6,osl_siamese_cnn,2b0f5d0b4de7de8385689266e8e6f070be44799900b2c31909f94a4387ebb840
7,famous_le_10m,0,1.0,0.6,6,osl_siamese_cnn,2b0f5d0b4de7de8385689266e8e6f070be44799900b2c31909f94a4387ebb840
7,famous_le_10m,1,0.0,0.4,6,osl_siamese_cnn,2b0f5d0b4de7de8385689266e8e6f070be44799900b2c31909f94a4387ebb840
7,famous_le_10m,2,0.0,0.6,6,osl_siamese_cnn,2b0f5d0b4de7de8385689266e8e6f070be44799900b2c31909f94a4387ebb840
7,famous_le_10m,3,0.0,0.8,6,osl_siamese_cnn,2b0f5d0b4de7de8385689266e8e6f070be44799900b2c31909f94a4387ebb840
7,famous_le_10m,4,0.6,1.0,6,osl_siamese_cnn,2b0f5d0b4de7de8385689266e8e6f070be44799900b2c31909f94a4387ebb840
7,famous_le_10m,5,1.0,1.0,6,osl_siamese_cnn,2b0f5d0b4de7de8385689266e8e6f070be44799900b2c31909f94a4387ebb840
7,famous_le_10m,6,1.0,1.0,6,osl_siamese_cnn,2b0f5d0b4de7de8385689266e8e6f070be44799900b2c31909f94a4387ebb840
7,famous_le_10m,7,1.0,1.0,6,osl_siamese_cnn,2b0f5d0b4de7de8385689266e8e6f070be44799900b2c31909f94a4387ebb840
7,famous_le_10m,8,1.0,1.0,6,osl_siamese_cnn,2b0f5d0b4de7de8385689266e8e6f070be44799900b2c31909f94a4387ebb840
7,famous_le_10m,9,1.0,1.0,6,osl_siamese_cnn,2b0f5d0b4de7de8385689266e8e6f070be44799900b2c31909f94a4387ebb840
7,famous_le_10m,10,1.0,1.0,6,osl_siamese_cnn,2b0f5d0b4de7de8385689266e8e6f070be44799900b2c31909f94a4387ebb840
7,famous_le_10m,11,1.0,1.0,6,osl_siamese_cnn,2b0f5d0b4de7de8385689266e8e6f070be44799900b2c31909f94a4387ebb840
7,famous_le_10m,12,1.0,1.0,6,osl_siamese_cnn,2b0f5d0b4de7de8385689266e8e6f070be44799900b2c31909f94a4387ebb840
7,famous_le_10m,13,1.0,1.0,6,osl_siamese_cnn,2b0f5d0b4de7de8385689266e8e6f070be44799900b2c31909f94a4387ebb840
7,famous_le_10m,14,1.0,1.0,6,osl_siamese_cnn,2b0f5d0b4de7de8385689266e8e6f070be44799900b2c31909f94a4387ebb840
7,famous_le_10m,15,1.0,1.0,6,osl_siamese_cnn,2b0f5d0b4de7de8385689266e8e6f070be44799900b2c31909f94a4387ebb840
7,famous_le_10m,16,1.0,1.0,6,osl_siamese_cnn,2b0f5d0b4de7de8385689266e8e6f070be44799900b2c31909f94a4387ebb840
7,famous_le_10m,17,1.0,1.0,6,osl_siamese_cnn,2b0f5d0b4de7de8385689266e8e6f070be44799900b2c31909f94a4387ebb840
7,famous_le_10m,18,1.0,1.0,6,osl_siamese_cnn,2b0f5d0b4de7de8385689266e8e6f070be44799900b2c31909f94a4387ebb840
7,famous_le_10m,19,1.0,1.0,6,osl_siamese_cnn,2b0f5d0b4de7de8385689266e8e6f070be44799900b2c31909f94a4387ebb840
7,famous_le_10m,20,1.0,1.0,6,osl_siamese_cnn,2b0f5d0b4de7de8385689266e8e6f070be44799900b2c31909f94a4387ebb840
7,famous_le_10m,21,1.0,1.0,6,osl_siamese_cnn,2b0f5d0b4de7de8385689266e8e6f070be44799900b2c31909f94a4387ebb840
7,famous_le_10m,22,1.0,1.0,6,osl_siamese_cnn,2b0f5d0b4de7de8385689266e8e6f070be44799900b2c31909f94a4387ebb840
7,famous_le_10m,23,1.0,1.0,6,osl_siamese_cnn,2b0f5d0b4de7de8385689266e8e6f070be44799900b2c31909f94a4387ebb840
7,famous_le_100m,0,0.7857142857142857,0.5714285714285714,6,osl_siamese_cnn,2b0f5d0b4de7de8385689266e8e6f070be44799900b2c31909f94a4387ebb840
7,famous_le_100m,1,0.21428571428571427,0.42857142857142855,6,osl_siamese_cnn,2b0f5d0b4de7de8385689266e8e6f070be44799900b2c31909f94a4387ebb840
7,famous_le_100m,2,0.21428571428571427,0.35714285714285715,6,osl_siamese_cnn,2b0f5d0b4de7de8385689266e8e6f070be44799900b2c31909f94a4387ebb840
7,famous_le_100m,3,0.21428571428571427,0.35714285714285715,6,osl_siamese_cnn,2b0f5d0b4de7de8385689266e8e6f070be44799900b2c31909f94a4387ebb840
7,famous_le_100m,4,0.21428571428571427,0.35714285714285715,6,osl_siamese_cnn,2b0f5d0b4de7de8385689266e8e6f070be44799900b2c31909f94a4387ebb840
7,famous_le_100m,5,0.2857142857142857,0.5,6,osl_siamese_cnn,2b0f5d0b4de7de8385689266e8e6f070be44799900b2c31909f94a4387ebb840
7,famous_le_100m,6,0.5,0.7142857142857143,6,osl_siamese_cnn,2b0f5d0b4de7de8385689266e8e6f070be44799900b2c31909f94a4387ebb840
7,famous_le_100m,7,0.5714285714285714,0.7857142857142857,6,osl_siamese_cnn,2b0f5d0b4de7de8385689266e8e6f070be44799900b2c31909f94a4387ebb840
7,famous_le_100m,8,0.8571428571428571,0.8571428571428571,6,osl_siamese_cnn,2b0f5d0b4de7de8385689266e8e6f070be44799900b2c31909f94a4387ebb840
7,famous_le_100m,9,0.8571428571428571,0.8571428571428571,6,osl_siamese_cnn,2b0f5d0b4de7de8385689266e8e6f070be44799900b2c31909f94a4387ebb840
7,famous_le_100m,10,0.8571428571428571,0.9285714285714286,6,osl_siamese_cnn,2b0f5d0b4de7de8385689266e8e6f070be44799900b2c31909f94a4387ebb840
7,famous_le_100m,11,0.9285714285714286,0.9285714285714286,6,osl_siamese_cnn,2b0f5d0b4de7de8385689266e8e6f070be44799900b2c31909f94a4387ebb840
7,famous_le_100m,12,0.9285714285714286,0.9285714285714286,6,osl_siamese_cnn,2b0f5d0b4de7de8385689266e8e6f070be44799900b2c31909f94a4387ebb840
7,famous_le_100m,13,0.9285714285714286,0.9285714285714286,6,osl_siamese_cnn,2b0f5d0b4de7de8385689266e8e6f070be44799900b2c31909f94a4387ebb840
7,famous_le_100m,14,0.9285714285714286,0.9285714285714286,6,osl_siamese_cnn,2b0f5d0b4de7de8385689266e8e6f070be44799900b2c31909f94a4387ebb840
7,famous_le_100m,15,0.9285714285714286,0.9285714285714286,6,osl_siamese_cnn,2b0f5d0b4de7de8385689266e8e6f070be44799900b2c31909f94a4387ebb840
7,famous_le_100m,16,0.9285714285714286,1.0,6,osl_siamese_cnn,2b0f5d0b4de7de8385689266e8e6f070be44799900b2c31909f94a4387ebb840
7,famous_le_100m,17,1.0,1.0,6,osl_siamese_cnn,2b0f5d0b4de7de8385689266e8e6f070be44799900b2c31909f94a4387ebb840
7,famous_le_100m,18,1.0,1.0,6,osl_siamese_cnn,2b0f5d0b4de7de8385689266e8e6f070be44799900b2c31909f94a4387ebb840
7,famous_le_100m,19,1.0,1.0,6,osl_siamese_cnn,2b0f5d0b4de7de8385689266e8e6f070be44799900b2c31909f94a4387ebb840
7,famous_le_100m,20,1.0,1.0,6,osl_siamese_cnn,2b0f5d0b4de7de8385689266e8e6f070be44799900b2c31909f94a4387ebb840
7,famous_le_100m,21,1.0,1.0,6,osl_siamese_cnn,2b0f5d0b4de7de8385689266e8e6f070be44799900b2c31909f94a4387ebb840
7,famous_le_100m,22,1.0,1.0,6,osl_siamese_cnn,2b0f5d0b4de7de8385689266e8e6f070be44799900b2c31909f94a4387ebb840
7,famous_le_100m,23,1.0,1.0,6,osl_siamese_cnn,2b0f5d0b4de7de8385689266e8e6f070be44799900b2c31909f94a4387ebb840
8,torch_pretrained_classification,0,0.95,0.6375,6,osl_siamese_cnn,50f8f6b5016c6a45b0f09669a8359be8fc855d6d6821a165dd92fa5d1266afb0
8,famous_le_10m,0,1.0,0.8,6,osl_siamese_cnn,50f8f6b5016c6a45b0f09669a8359be8fc855d6d6821a165dd92fa5d1266afb0
8,famous_le_10m,1,0.0,0.2,6,osl_siamese_cnn,50f8f6b5016c6a45b0f09669a8359be8fc855d6d6821a165dd92fa5d1266afb0
8,famous_le_10m,2,0.0,0.2,6,osl_siamese_cnn,50f8f6b5016c6a45b0f09669a8359be8fc855d6d6821a165dd92fa5d1266afb0
8,famous_le_10m,3,0.0,0.0,6,osl_siamese_cnn,50f8f6b5016c6a45b0f09669a8359be8fc855d6d6821a165dd92fa5d1266afb0
8,famous_le_10m,4,0.0,0.0,6,osl_siamese_cnn,50f8f6b5016c6a45b0f09669a8359be8fc855d6d6821a165dd92fa5d1266afb0
8,famous_le_10m,5,0.6,0.0,6,osl_siamese_cnn,50f8f6b5016c6a45b0f09669a8359be8fc855d6d6821a165dd92fa5d1266afb0
8,famous_le_10m,6,1.0,0.2,6,osl_siamese_cnn,50f8f6b5016c6a45b0f09669a8359be8fc855d6d6821a165dd92fa5d1266afb0
8,famous_le_10m,7,1.0,0.6,6,osl_siamese_cnn,50f8f6b5016c6a45b0f09669a8359be8fc855d6d6821a165dd92fa5d1266afb0
8,famous_le_10m,8,1.0,1.0,6,osl_siamese_cnn,50f8f6b5016c6a45b0f09669a8359be8fc855d6d6821a165dd92fa5d1266afb0
8,famous_le_10m,9,1.0,1.0,6,osl_siamese_cnn,50f8f6b5016c6a45b0f09669a8359be8fc855d6d6821a165dd92fa5d1266afb0
8,famous_le_10m,10,1.0,1.0,6,osl_siamese_cnn,50f8f6b5016c6a45b0f09669a8359be8fc855d6d6821a165dd92fa5d1266afb0
8,famous_le_10m,11,1.0,1.0,6,osl_siamese_cnn,50f8f6b5016c6a45b0f09669a8359be8fc855d6d6821a165dd92fa5d1266afb0
8,famous_le_10m,12,1.0,1.0,6,osl_siamese_cnn,50f8f6b5016c6a45b0f09669a8359be8fc855d6d6821a165dd92fa5d1266afb0
8,famous_le_10m,13,1.0,1.0,6,osl_siamese_cnn,50f8f6b5016c6a45b0f09669a8359be8fc855d6d6821a165dd92fa5d1266afb0
8,famous_le_10m,14,1.0,1.0,6,osl_siamese_cnn,50f8f6b5016c6a45b0f09669a8359be8fc855d6d6821a165dd92fa5d1266afb0
8,famous_le_10m,15,1.0,1.0,6,osl_siamese_cnn,50f8f6b5016c6a45b0f09669a8359be8fc855d6d6821a165dd92fa5d1266afb0
8,famous_le_10m,16,1.0,1.0,6,osl_siamese_cnn,50f8f6b5016c6a45b0f09669a8359be8fc855d6d6821a165dd92fa5d1266afb0
8,famous_le_10m,17,1.0,1.0,6,osl_siamese_cnn,50f8f6b5016c6a45b0f09669a8359be8fc855d6d6821a165dd92fa5d1266afb0
8,famous_le_10m,18,1.0,1.0,6,osl_siamese_cnn,50f8f6b5016c6a45b0f09669a8359be8fc855d6d6821a165dd92fa5d1266afb0
8,famous_le_10m,19,1.0,1.0,6,osl_siamese_cnn,50f8f6b5016c6a45b0f09669a8359be8fc855d6d6821a165dd92fa5d1266afb0
8,famous_le_10m,20,1.0,1.0,6,osl_siamese_cnn,50f8f6b5016c6a45b0f09669a8359be8fc855d6d6821a165dd92fa5d1266afb0
8,famous_le_10m,21,1.0,1.0,6,osl_siamese_cnn,50f8f6b5016c6a45b0f09669a8359be8fc855d6d6821a165dd92fa5d1266afb0
8,famous_le_10m,22,1.0,1.0,6,osl_siamese_cnn,50f8f6b5016c6a45b0f09669a8359be8fc855d6d6821a165dd92fa5d1266afb0
8,famous_le_10m,23,1.0,1.0,6,osl_siamese_cnn,50f8f6b5016c6a45b0f09669a8359be8fc855d6d6821a165dd92fa5d1266afb0
8,famous_le_100m,0,0.9285714285714286,0.9285714285714286,6,osl_siamese_cnn,50f8f6b5016c6a45b0f09669a8359be8fc855d6d6821a165dd92fa5d1266afb0
8,famous_le_100m,1,0.07142857142857142,0.14285714285714285,6,osl_siamese_cnn,50f8f6b5016c6a45b0f09669a8359be8fc855d6d6821a165dd92fa5d1266afb0
8,famous_le_100m,2,0.07142857142857142,0.14285714285714285,6,osl_siamese_cnn,50f8f6b5016c6a45b0f09669a8359be8fc855d6d6821a165dd92fa5d1266afb0
8,famous_le_100m,3,0.07142857142857142,0.14285714285714285,6,osl_siamese_cnn,50f8f6b5016c6a45b0f09669a8359be8fc855d6d6821a165dd92fa5d1266afb0
8,famous_le_100m,4,0.07142857142857142,0.07142857142857142,6,osl_siamese_cnn,50f8f6b5016c6a45b0f09669a8359be8fc855d6d6821a165dd92fa5d1266afb0
8,famous_le_100m,5,0.21428571428571427,0.07142857142857142,6,osl_siamese_cnn,50f8f6b5016c6a45b0f09669a8359be8fc855d6d6821a165dd92fa5d1266afb0
8,famous_le_100m,6,0.42857142857142855,0.35714285714285715,6,osl_siamese_cnn,50f8f6b5016c6a45b0f09669a8359be8fc855d6d6821a165dd92fa5d1266afb0
8,famous_le_100m,7,0.42857142857142855,0.5,6,osl_siamese_cnn,50f8f6b5016c6a45b0f09669a8359be8fc855d6d6821a165dd92fa5d1266afb0
8,famous_le_100m,8,0.6428571428571429,0.42857142857142855,6,osl_siamese_cnn,50f8f6b5016c6a45b0f09669a8359be8fc855d6d6821a165dd92fa5d1266afb0
8,famous_le_100m,9,0.8571428571428571,0.6428571428571429,6,osl_siamese_cnn,50f8f6b5016c6a45b0f09669a8359be8fc855d6d6821a165dd92fa5d1266afb0
8,famous_le_100m,10,0.8571428571428571,0.7857142857142857,6,osl_siamese_cnn,50f8f6b5016c6a45b0f09669a8359be8fc855d6d6821a165dd92fa5d1266afb0
8,famous_le_100m,11,0.8571428571428571,0.8571428571428571,6,osl_siamese_cnn,50f8f6b5016c6a45b0f09669a8359be8fc855d6d6821a165dd92fa5d1266afb0
8,famous_le_100m,12,0.8571428571428571,0.8571428571428571,6,osl_siamese_cnn,50f8f6b5016c6a45b0f09669a8359be8fc855d6d6821a165dd92fa5d1266afb0
8,famous_le_100m,13,0.9285714285714286,0.8571428571428571,6,osl_siamese_cnn,50f8f6b5016c6a45b0f09669a8359be8fc855d6d6821a165dd92fa5d1266afb0
8,famous_le_100m,14,0.9285714285714286,0.8571428571428571,6,osl_siamese_cnn,50f8f6b5016c6a45b0f09669a8359be8fc855d6d6821a165dd92fa5d1266afb0
8,famous_le_100m,15,0.9285714285714286,0.9285714285714286,6,osl_siamese_cnn,50f8f6b5016c6a45b0f09669a8359be8fc855d6d6821a165dd92fa5d1266afb0
8,famous_le_100m,16,0.9285714285714286,0.9285714285714286,6,osl_siamese_cnn,50f8f6b5016c6a45b0f09669a8359be8fc855d6d6821a165dd92fa5d1266afb0
8,famous_le_100m,17,1.0,0.9285714285714286,6,osl_siamese_cnn,50f8f6b5016c6a45b0f09669a8359be8fc855d6d6821a165dd92fa5d1266afb0
8,famous_le_100m,18,1.0,0.9285714285714286,6,osl_siamese_cnn,50f8f6b5016c6a45b0f09669a8359be8fc855d6d6821a165dd92fa5d1266afb0
8,famous_le_100m,19,1.0,0.9285714285714286,6,osl_siamese_cnn,50f8f6b5016c6a45b0f09669a8359be8fc855d6d6821a165dd92fa5d1266afb0
8,famous_le_100m,20,1.0,1.0,6,osl_siamese_cnn,50f8f6b5016c6a45b0f09669a8359be8fc855d6d6821a165dd92fa5d1266afb0
8,famous_le_100m,21,1.0,1.0,6,osl_siamese_cnn,50f8f6b5016c6a45b0f09669a8359be8fc855d6d6821a165dd92fa5d1266afb0
8,famous_le_100m,22,1.0,1.0,6,osl_siamese_cnn,50f8f6b5016c6a45b0f09669a8359be8fc855d6d6821a165dd92fa5d1266afb0
8,famous_le_100m,23,1.0,1.0,6,osl_siamese_cnn,50f8f6b5016c6a45b0f09669a8359be8fc855d6d6821a165dd92fa5d1266afb0
9,torch_pretrained_classification,0,0.925,0.75,6,osl_siamese_cnn,01a0f47968ced943aa3bf01dc4de6f31d9fde82cade784f5a67da793bdef00df
9,famous_le_10m,0,1.0,0.2,6,osl_siamese_cnn,01a0f47968ced943aa3bf01dc4de6f31d9fde82cade784f5a67da793bdef00df
9,famous_le_10m,1,0.0,0.8,6,osl_siamese_cnn,01a0f47968ced943aa3bf01dc4de6f31d9fde82cade784f5a67da793bdef00df
9,famous_le_10m,2,0.0,0.8,6,osl_siamese_cnn,01a0f47968ced943aa3bf01dc4de6f31d9fde82cade784f5a67da793bdef00df
9,famous_le_10m,3,0.0,0.8,6,osl_siamese_cnn,01a0f47968ced943aa3bf01dc4de6f31d9fde82cade784f5a67da793bdef00df
9,famous_le_10m,4,0.0,0.6,6,osl_siamese_cnn,01a0f47968ced943aa3bf01dc4de6f31d9fde82cade784f5a67da793bdef00df
9,famous_le_10m,5,0.4,0.0,6,osl_siamese_cnn,01a0f47968ced943aa3bf01dc4de6f31d9fde82cade784f5a67da793bdef00df
9,famous_le_10m,6,1.0,0.2,6,osl_siamese_cnn,01a0f47968ced943aa3bf01dc4de6f31d9fde82cade784f5a67da793bdef00df
9,famous_le_10m,7,1.0,1.0,6,osl_siamese_cnn,01a0f47968ced943aa3bf01dc4de6f31d9fde82cade784f5a67da793bdef00df
9,famous_le_10m,8,1.0,1.0,6,osl_siamese_cnn,01a0f47968ced943aa3bf01dc4de6f31d9fde82cade784f5a67da793bdef00df
9,famous_le_10m,9,1.0,1.0,6,osl_siamese_cnn,01a0f47968ced943aa3bf01dc4de6f31d9fde82cade784f5a67da793bdef00df
9,famous_le_10m,10,1.0,1.0,6,osl_siamese_cnn,01a0f47968ced943aa3bf01dc4de6f31d9fde82cade784f5a67da793bdef00df
9,famous_le_10m,11,1.0,1.0,6,osl_siamese_cnn,01a0f47968ced943aa3bf01dc4de6f31d9fde82cade784f5a67da793bdef00df
9,famous_le_10m,12,1.0,1.0,6,osl_siamese_cnn,01a0f47968ced943aa3bf01dc4de6f31d9fde82cade784f5a67da793bdef00df
9,famous_le_10m,13,1.0,1.0,6,osl_siamese_cnn,01a0f47968ced943aa3bf01dc4de6f31d9fde82cade784f5a67da793bdef00df
9,famous_le_10m,14,1.0,1.0,6,osl_siamese_cnn,01a0f47968ced943aa3bf01dc4de6f31d9fde82cade784f5a67da793bdef00df
9,famous_le_10m,15,1.0,1.0,6,osl_siamese_cnn,01a0f47968ced943aa3bf01dc4de6f31d9fde82cade784f5a67da793bdef00df
9,famous_le_10m,16,1.0,1.0,6,osl_siamese_cnn,01a0f47968ced943aa3bf01dc4de6f31d9fde82cade784f5a67da793bdef00df
9,famous_le_10m,17,1.0,1.0,6,osl_siamese_cnn,01a0f47968ced943aa3bf01dc4de6f31d9fde82cade784f5a67da793bdef00df
9,famous_le_10m,18,1.0,1.0,6,osl_siamese_cnn,01a0f47968ced943aa3bf01dc4de6f31d9fde82cade784f5a67da793bdef00df
9,famous_le_10m,19,1.0,1.0,6,osl_siamese_cnn,01a0f47968ced943aa3bf01dc4de6f31d9fde82cade784f5a67da793bdef00df
9,famous_le_10m,20,1.0,1.0,6,osl_siamese_cnn,01a0f47968ced943aa3bf01dc4de6f31d9fde82cade784f5a67da793bdef00df
9,famous_le_10m,21,1.0,1.0,6,osl_siamese_cnn,01a0f47968ced943aa3bf01dc4de6f31d9fde82cade784f5a67da793bdef00df
9,famous_le_10m,22,1.0,1.0,6,osl_siamese_cnn,01a0f47968ced943aa3bf01dc4de6f31d9fde82cade784f5a67da793bdef00df
9,famous_le_10m,23,1.0,1.0,6,osl_siamese_cnn,01a0f47968ced943aa3bf01dc4de6f31d9fde82cade784f5a67da793bdef00df
9,famous_le_100m,0,0.9285714285714286,0.42857142857142855,6,osl_siamese_cnn,01a0f47968ced943aa3bf01dc4de6f31d9fde82cade784f5a67da793bdef00df
9,famous_le_100m,1,0.07142857142857142,0.5714285714285714,6,osl_siamese_cnn,01a0f47968ced943aa3bf01dc4de6f31d9fde82cade784f5a67da793bdef00df
9,famous_le_100m,2,0.0,0.5714285714285714,6,osl_siamese_cnn,01a0f47968ced943aa3bf01dc4de6f31d9fde82cade784f5a67da793bdef00df
9,famous_le_100m,3,0.0,0.5714285714285714,6,osl_siamese_cnn,01a0f47968ced943aa3bf01dc4de6f31d9fde82cade784f5a67da793bdef00df
9,famous_le_100m,4,0.07142857142857142,0.5714285714285714,6,osl_siamese_cnn,01a0f47968ced943aa3bf01dc4de6f31d9fde82cade784f5a67da793bdef00df
9,famous_le_100m,5,0.14285714285714285,0.35714285714285715,6,osl_siamese_cnn,01a0f47968ced943aa3bf01dc4de6f31d9fde82cade784f5a67da793bdef00df
9,famous_le_100m,6,0.42857142857142855,0.35714285714285715,6,osl_siamese_cnn,01a0f47968ced943aa3bf01dc4de6f31d9fde82cade784f5a67da793bdef00df
9,famous_le_100m,7,0.5,0.7142857142857143,6,osl_siamese_cnn,01a0f47968ced943aa3bf01dc4de6f31d9fde82cade784f5a67da793bdef00df
9,famous_le_100m,8,0.5714285714285714,0.5714285714285714,6,osl_siamese_cnn,01a0f47968ced943aa3bf01dc4de6f31d9fde82cade784f5a67da793bdef00df
9,famous_le_100m,9,0.6428571428571429,0.6428571428571429,6,osl_siamese_cnn,01a0f47968ced943aa3bf01dc4de6f31d9fde82cade784f5a67da793bdef00df
9,famous_le_100m,10,0.6428571428571429,0.7142857142857143,6,osl_siamese_cnn,01a0f47968ced943aa3bf01dc4de6f31d9fde82cade784f5a67da793bdef00df
9,famous_le_100m,11,0.8571428571428571,0.7142857142857143,6,osl_siamese_cnn,01a0f47968ced943aa3bf01dc4de6f31d9fde82cade784f5a67da793bdef00df
9,famous_le_100m,12,0.8571428571428571,0.8571428571428571,6,osl_siamese_cnn,01a0f47968ced943aa3bf01dc4de6f31d9fde82cade784f5a67da793bdef00df
9,famous_le_100m,13,0.8571428571428571,0.9285714285714286,6,osl_siamese_cnn,01a0f47968ced943aa3bf01dc4de6f31d9fde82cade784f5a67da793bdef00df
9,famous_le_100m,14,0.8571428571428571,0.9285714285714286,6,osl_siamese_cnn,01a0f47968ced943aa3bf01dc4de6f31d9fde82cade784f5a67da793bdef00df
9,famous_le_100m,15,0.8571428571428571,0.8571428571428571,6,osl_siamese_cnn,01a0f47968ced943aa3bf01dc4de6f31d9fde82cade784f5a67da793bdef00df
9,famous_le_100m,16,0.8571428571428571,0.8571428571428571,6,osl_siamese_cnn,01a0f47968ced943aa3bf01dc4de6f31d9fde82cade784f5a67da793bdef00df
9,famous_le_100m,17,0.9285714285714286,0.9285714285714286,6,osl_siamese_cnn,01a0f47968ced943aa3bf01dc4de6f31d9fde82cade784f5a67da793bdef00df
9,famous_le_100m,18,0.9285714285714286,0.9285714285714286,6,osl_siamese_cnn,01a0f47968ced943aa3bf01dc4de6f31d9fde82cade784f5a67da793bdef00df
9,famous_le_100m,19,0.9285714285714286,0.9285714285714286,6,osl_siamese_cnn,01a0f47968ced943aa3bf01dc4de6f31d9fde82cade784f5a67da793bdef00df
9,famous_le_100m,20,0.9285714285714286,0.9285714285714286,6,osl_siamese_cnn,01a0f47968ced943aa3bf01dc4de6f31d9fde82cade784f5a67da793bdef00df
9,famous_le_100m,21,0.9285714285714286,0.9285714285714286,6,osl_siamese_cnn,01a0f47968ced943aa3bf01dc4de6f31d9fde82cade784f5a67da793bdef00df
9,famous_le_100m,22,1.0,0.9285714285714286,6,osl_siamese_cnn,01a0f47968ced943aa3bf01dc4de6f31d9fde82cade784f5a67da793bdef00df
9,famous_le_100m,23,1.0,1.0,6,osl_siamese_cnn,01a0f47968ced943aa3bf01dc4de6f31d9fde82cade784f5a67da793bdef00df
5,torch_pretrained_classification,0,0.975,0.4375,7,osl_siamese_cnn,cebd1b05d7da2b9d1adff2adf0a1c39616215dcc9dfed732bd771de113504087
5,famous_le_10m,0,1.0,0.6,7,osl_siamese_cnn,cebd1b05d7da2b9d1adff2adf0a1c39616215dcc9dfed732bd771de113504087
5,famous_le_10m,1,0.0,0.4,7,osl_siamese_cnn,cebd1b05d7da2b9d1adff2adf0a1c39616215dcc9dfed732bd771de113504087
5,famous_le_10m,2,0.0,0.6,7,osl_siamese_cnn,cebd1b05d7da2b9d1adff2adf0a1c39616215dcc9dfed732bd771de113504087
5,famous_le_10m,3,0.0,0.6,7,osl_siamese_cnn,cebd1b05d7da2b9d1adff2adf0a1c39616215dcc9dfed732bd771de113504087
5,famous_le_10m,4,0.0,0.0,7,osl_siamese_cnn,cebd1b05d7da2b9d1adff2adf0a1c39616215dcc9dfed732bd771de113504087
5,famous_le_10m,5,0.0,0.0,7,osl_siamese_cnn,cebd1b05d7da2b9d1adff2adf0a1c39616215dcc9dfed732bd771de113504087
5,famous_le_10m,6,0.4,0.0,7,osl_siamese_cnn,cebd1b05d7da2b9d1adff2adf0a1c39616215dcc9dfed732bd771de113504087
5,famous_le_10m,7,0.8,0.2,7,osl_siamese_cnn,cebd1b05d7da2b9d1adff2adf0a1c39616215dcc9dfed732bd771de113504087
5,famous_le_10m,8,1.0,1.0,7,osl_siamese_cnn,cebd1b05d7da2b9d1adff2adf0a1c39616215dcc9dfed732bd771de113504087
5,famous_le_10m,9,1.0,0.4,7,osl_siamese_cnn,cebd1b05d7da2b9d1adff2adf0a1c39616215dcc9dfed732bd771de113504087
5,famous_le_10m,10,1.0,0.4,7,osl_siamese_cnn,cebd1b05d7da2b9d1adff2adf0a1c39616215dcc9dfed732bd771de113504087
5,famous_le_10m,11,1.0,0.4,7,osl_siamese_cnn,cebd1b05d7da2b9d1adff2adf0a1c39616215dcc9dfed732bd771de113504087
5,famous_le_10m,12,1.0,1.0,7,osl_siamese_cnn,cebd1b05d7da2b9d1adff2adf0a1c39616215dcc9dfed732bd771de113504087
5,famous_le_10m,13,1.0,0.4,7,osl_siamese_cnn,cebd1b05d7da2b9d1adff2adf0a1c39616215dcc9dfed732bd771de113504087
5,famous_le_10m,14,1.0,1.0,7,osl_siamese_cnn,cebd1b05d7da2b9d1adff2adf0a1c39616215dcc9dfed732bd771de113504087
5,famous_le_10m,15,1.0,1.0,7,osl_siamese_cnn,cebd1b05d7da2b9d1adff2adf0a1c39616215dcc9dfed732bd771de113504087
5,famous_le_10m,16,1.0,1.0,7,osl_siamese_cnn,cebd1b05d7da2b9d1adff2adf0a1c39616215dcc9dfed732bd771de113504087
5,famous_le_10m,17,1.0,1.0,7,osl_siamese_cnn,cebd1b05d7da2b9d1adff2adf0a1c39616215dcc9dfed732bd771de113504087
5,famous_le_10m,18,1.0,1.0,7,osl_siamese_cnn,cebd1b05d7da2b9d1adff2adf0a1c39616215dcc9dfed732bd771de113504087
5,famous_le_10m,19,1.0,1.0,7,osl_siamese_cnn,cebd1b05d7da2b9d1adff2adf0a1c39616215dcc9dfed732bd771de113504087
5,famous_le_10m,20,1.0,1.0,7,osl_siamese_cnn,cebd1b05d7da2b9d1adff2adf0a1c39616215dcc9dfed732bd771de113504087
5,famous_le_10m,21,1.0,1.0,7,osl_siamese_cnn,cebd1b05d7da2b9d1adff2adf0a1c39616215dcc9dfed732bd771de113504087
5,famous_le_10m,22,1.0,1.0,7,osl_siamese_cnn,cebd1b05d7da2b9d1adff2adf0a1c39616215dcc9dfed732bd771de113504087
5,famous_le_10m,23,1.0,1.0,7,osl_siamese_cnn,cebd1b05d7da2b9d1adff2adf0a1c39616215dcc9dfed732bd771de113504087
5,famous_le_100m,0,0.9285714285714286,0.7857142857142857,7,osl_siamese_cnn,cebd1b05d7da2b9d1adff2adf0a1c39616215dcc9dfed732bd771de113504087
5,famous_le_100m,1,0.0,0.21428571428571427,7,osl_siamese_cnn,cebd1b05d7da2b9d1adff2adf0a1c39616215dcc9dfed732bd771de113504087
5,famous_le_100m,2,0.0,0.21428571428571427,7,osl_siamese_cnn,cebd1b05d7da2b9d1adff2adf0a1c39616215dcc9dfed732bd771de113504087
5,famous_le_100m,3,0.0,0.14285714285714285,7,osl_siamese_cnn,cebd1b05d7da2b9d1adff2adf0a1c39616215dcc9dfed732bd771de113504087
5,famous_le_100m,4,0.0,0.07142857142857142,7,osl_siamese_cnn,cebd1b05d7da2b9d1adff2adf0a1c39616215dcc9dfed732bd771de113504087
5,famous_le_100m,5,0.07142857142857142,0.21428571428571427,7,osl_siamese_cnn,cebd1b05d7da2b9d1adff2adf0a1c39616215dcc9dfed732bd771de113504087
5,famous_le_100m,6,0.2857142857142857,0.2857142857142857,7,osl_siamese_cnn,cebd1b05d7da2b9d1adff2adf0a1c39616215dcc9dfed732bd771de113504087
5,famous_le_100m,7,0.42857142857142855,0.5714285714285714,7,osl_siamese_cnn,cebd1b05d7da2b9d1adff2adf0a1c39616215dcc9dfed732bd771de113504087
5,famous_le_100m,8,0.6428571428571429,0.6428571428571429,7,osl_siamese_cnn,cebd1b05d7da2b9d1adff2adf0a1c39616215dcc9dfed732bd771de113504087
5,famous_le_100m,9,0.6428571428571429,0.5714285714285714,7,osl_siamese_cnn,cebd1b05d7da2b9d1adff2adf0a1c39616215dcc9dfed732bd771de113504087
5,famous_le_100m,10,0.7857142857142857,0.7857142857142857,7,osl_siamese_cnn,cebd1b05d7da2b9d1adff2adf0a1c39616215dcc9dfed732bd771de113504087
5,famous_le_100m,11,0.8571428571428571,0.8571428571428571,7,osl_siamese_cnn,cebd1b05d7da2b9d1adff2adf0a1c39616215dcc9dfed732bd771de113504087
5,famous_le_100m,12,0.8571428571428571,0.9285714285714286,7,osl_siamese_cnn,cebd1b05d7da2b9d1adff2adf0a1c39616215dcc9dfed732bd771de113504087
5,famous_le_100m,13,0.8571428571428571,0.9285714285714286,7,osl_siamese_cnn,cebd1b05d7da2b9d1adff2adf0a1c39616215dcc9dfed732bd771de113504087
5,famous_le_100m,14,0.9285714285714286,0.9285714285714286,7,osl_siamese_cnn,cebd1b05d7da2b9d1adff2adf0a1c39616215dcc9dfed732bd771de113504087
5,famous_le_100m,15,0.9285714285714286,1.0,7,osl_siamese_cnn,cebd1b05d7da2b9d1adff2adf0a1c39616215dcc9dfed732bd771de113504087
5,famous_le_100m,16,0.9285714285714286,0.9285714285714286,7,osl_siamese_cnn,cebd1b05d7da2b9d1adff2adf0a1c39616215dcc9dfed732bd771de113504087
5,famous_le_100m,17,0.9285714285714286,0.9285714285714286,7,osl_siamese_cnn,cebd1b05d7da2b9d1adff2adf0a1c39616215dcc9dfed732bd771de113504087
5,famous_le_100m,18,1.0,0.9285714285714286,7,osl_siamese_cnn,cebd1b05d7da2b9d1adff2adf0a1c39616215dcc9dfed732bd771de113504087
5,famous_le_100m,19,1.0,0.9285714285714286,7,osl_siamese_cnn,cebd1b05d7da2b9d1adff2adf0a1c39616215dcc9dfed732bd771de113504087
5,famous_le_100m,20,1.0,0.9285714285714286,7,osl_siamese_cnn,cebd1b05d7da2b9d1adff2adf0a1c39616215dcc9dfed732bd771de113504087
5,famous_le_100m,21,1.0,1.0,7,osl_siamese_cnn,cebd1b05d7da2b9d1adff2adf0a1c39616215dcc9dfed732bd771de113504087
5,famous_le_100m,22,1.0,1.0,7,osl_siamese_cnn,cebd1b05d7da2b9d1adff2adf0a1c39616215dcc9dfed732bd771de113504087
5,famous_le_100m,23,1.0,1.0,7,osl_siamese_cnn,cebd1b05d7da2b9d1adff2adf0a1c39616215dcc9dfed732bd771de113504087
6,torch_pretrained_classification,0,0.4875,0.6625,7,osl_siamese_cnn,4a418f4bb7be94adbc09d539f0865a4aac2e0b661c61815c7e3e06398577dae6
6,famous_le_10m,0,0.8,1.0,7,osl_siamese_cnn,4a418f4bb7be94adbc09d539f0865a4aac2e0b661c61815c7e3e06398577dae6
6,famous_le_10m,1,0.2,0.0,7,osl_siamese_cnn,4a418f4bb7be94adbc09d539f0865a4aac2e0b661c61815c7e3e06398577dae6
6,famous_le_10m,2,0.2,0.0,7,osl_siamese_cnn,4a418f4bb7be94adbc09d539f0865a4aac2e0b661c61815c7e3e06398577dae6
6,famous_le_10m,3,0.4,0.0,7,osl_siamese_cnn,4a418f4bb7be94adbc09d539f0865a4aac2e0b661c61815c7e3e06398577dae6
6,famous_le_10m,4,0.4,0.2,7,osl_siamese_cnn,4a418f4bb7be94adbc09d539f0865a4aac2e0b661c61815c7e3e06398577dae6
6,famous_le_10m,5,0.6,0.4,7,osl_siamese_cnn,4a418f4bb7be94adbc09d539f0865a4aac2e0b661c61815c7e3e06398577dae6
6,famous_le_10m,6,1.0,1.0,7,osl_siamese_cnn,4a418f4bb7be94adbc09d539f0865a4aac2e0b661c61815c7e3e06398577dae6
6,famous_le_10m,7,1.0,1.0,7,osl_siamese_cnn,4a418f4bb7be94adbc09d539f0865a4aac2e0b661c61815c7e3e06398577dae6
6,famous_le_10m,8,1.0,1.0,7,osl_siamese_cnn,4a418f4bb7be94adbc09d539f0865a4aac2e0b661c61815c7e3e06398577dae6
6,famous_le_10m,9,1.0,1.0,7,osl_siamese_cnn,4a418f4bb7be94adbc09d539f0865a4aac2e0b661c61815c7e3e06398577dae6
6,famous_le_10m,10,1.0,1.0,7,osl_siamese_cnn,4a418f4bb7be94adbc09d539f0865a4aac2e0b661c61815c7e3e06398577dae6
6,famous_le_10m,11,1.0,1.0,7,osl_siamese_cnn,4a418f4bb7be94adbc09d539f0865a4aac2e0b661c61815c7e3e06398577dae6
6,famous_le_10m,12,1.0,1.0,7,osl_siamese_cnn,4a418f4bb7be94adbc09d539f0865a4aac2e0b661c61815c7e3e06398577dae6
6,famous_le_10m,13,1.0,1.0,7,osl_siamese_cnn,4a418f4bb7be94adbc09d539f0865a4aac2e0b661c61815c7e3e06398577dae6
6,famous_le_10m,14,1.0,1.0,7,osl_siamese_cnn,4a418f4bb7be94adbc09d539f0865a4aac2e0b661c61815c7e3e06398577dae6
6,famous_le_10m,15,1.0,1.0,7,osl_siamese_cnn,4a418f4bb7be94adbc09d539f0865a4aac2e0b661c61815c7e3e06398577dae6
6,famous_le_10m,16,1.0,1.0,7,osl_siamese_cnn,4a418f4bb7be94adbc09d539f0865a4aac2e0b661c61815c7e3e06398577dae6
6,famous_le_10m,17,1.0,1.0,7,osl_siamese_cnn,4a418f4bb7be94adbc09d539f0865a4aac2e0b661c61815c7e3e06398577dae6
6,famous_le_10m,18,1.0,1.0,7,osl_siamese_cnn,4a418f4bb7be94adbc09d539f0865a4aac2e0b661c61815c7e3e06398577dae6
6,famous_le_10m,19,1.0,1.0,7,osl_siamese_cnn,4a418f4bb7be94adbc09d539f0865a4aac2e0b661c61815c7e3e06398577dae6
6,famous_le_10m,20,1.0,1.0,7,osl_siamese_cnn,4a418f4bb7be94adbc09d539f0865a4aac2e0b661c61815c7e3e06398577dae6
6,famous_le_10m,21,1.0,1.0,7,osl_siamese_cnn,4a418f4bb7be94adbc09d539f0865a4aac2e0b661c61815c7e3e06398577dae6
6,famous_le_10m,22,1.0,1.0,7,osl_siamese_cnn,4a418f4bb7be94adbc09d539f0865a4aac2e0b661c61815c7e3e06398577dae6
6,famous_le_10m,23,1.0,1.0,7,osl_siamese_cnn,4a418f4bb7be94adbc09d539f0865a4aac2e0b661c61815c7e3e06398577dae6
6,famous_le_100m,0,0.6428571428571429,0.7857142857142857,7,osl_siamese_cnn,4a418f4bb7be94adbc09d539f0865a4aac2e0b661c61815c7e3e06398577dae6
6,famous_le_100m,1,0.35714285714285715,0.21428571428571427,7,osl_siamese_cnn,4a418f4bb7be94adbc09d539f0865a4aac2e0b661c61815c7e3e06398577dae6
6,famous_le_100m,2,0.35714285714285715,0.21428571428571427,7,osl_siamese_cnn,4a418f4bb7be94adbc09d539f0865a4aac2e0b661c61815c7e3e06398577dae6
6,famous_le_100m,3,0.35714285714285715,0.21428571428571427,7,osl_siamese_cnn,4a418f4bb7be94adbc09d539f0865a4aac2e0b661c61815c7e3e06398577dae6
6,famous_le_100m,4,0.35714285714285715,0.14285714285714285,7,osl_siamese_cnn,4a418f4bb7be94adbc09d539f0865a4aac2e0b661c61815c7e3e06398577dae6
6,famous_le_100m,5,0.35714285714285715,0.14285714285714285,7,osl_siamese_cnn,4a418f4bb7be94adbc09d539f0865a4aac2e0b661c61815c7e3e06398577dae6
6,famous_le_100m,6,0.5,0.21428571428571427,7,osl_siamese_cnn,4a418f4bb7be94adbc09d539f0865a4aac2e0b661c61815c7e3e06398577dae6
6,famous_le_100m,7,0.5714285714285714,0.42857142857142855,7,osl_siamese_cnn,4a418f4bb7be94adbc09d539f0865a4aac2e0b661c61815c7e3e06398577dae6
6,famous_le_100m,8,0.8571428571428571,0.7142857142857143,7,osl_siamese_cnn,4a418f4bb7be94adbc09d539f0865a4aac2e0b661c61815c7e3e06398577dae6
6,famous_le_100m,9,0.8571428571428571,0.7857142857142857,7,osl_siamese_cnn,4a418f4bb7be94adbc09d539f0865a4aac2e0b661c61815c7e3e06398577dae6
6,famous_le_100m,10,0.8571428571428571,0.7857142857142857,7,osl_siamese_cnn,4a418f4bb7be94adbc09d539f0865a4aac2e0b661c61815c7e3e06398577dae6
6,famous_le_100m,11,0.9285714285714286,0.7857142857142857,7,osl_siamese_cnn,4a418f4bb7be94adbc09d539f0865a4aac2e0b661c61815c7e3e06398577dae6
6,famous_le_100m,12,0.9285714285714286,0.9285714285714286,7,osl_siamese_cnn,4a418f4bb7be94adbc09d539f0865a4aac2e0b661c61815c7e3e06398577dae6
6,famous_le_100m,13,0.9285714285714286,0.9285714285714286,7,osl_siamese_cnn,4a418f4bb7be94adbc09d539f0865a4aac2e0b661c61815c7e3e06398577dae6
6,famous_le_100m,14,0.9285714285714286,0.9285714285714286,7,osl_siamese_cnn,4a418f4bb7be94adbc09d539f0865a4aac2e0b661c61815c7e3e06398577dae6
6,famous_le_100m,15,0.9285714285714286,0.9285714285714286,7,osl_siamese_cnn,4a418f4bb7be94adbc09d539f0865a4aac2e0b661c61815c7e3e06398577dae6
6,famous_le_100m,16,1.0,0.9285714285714286,7,osl_siamese_cnn,4a418f4bb7be94adbc09d539f0865a4aac2e0b661c61815c7e3e06398577dae6
6,famous_le_100m,17,1.0,0.9285714285714286,7,osl_siamese_cnn,4a418f4bb7be94adbc09d539f0865a4aac2e0b661c61815c7e3e06398577dae6
6,famous_le_100m,18,1.0,0.9285714285714286,7,osl_siamese_cnn,4a418f4bb7be94adbc09d539f0865a4aac2e0b661c61815c7e3e06398577dae6
6,famous_le_100m,19,1.0,1.0,7,osl_siamese_cnn,4a418f4bb7be94adbc09d539f0865a4aac2e0b661c61815c7e3e06398577dae6
6,famous_le_100m,20,1.0,1.0,7,osl_siamese_cnn,4a418f4bb7be94adbc09d539f0865a4aac2e0b661c61815c7e3e06398577dae6
6,famous_le_100m,21,1.0,1.0,7,osl_siamese_cnn,4a418f4bb7be94adbc09d539f0865a4aac2e0b661c61815c7e3e06398577dae6
6,famous_le_100m,22,1.0,1.0,7,osl_siamese_cnn,4a418f4bb7be94adbc09d539f0865a4aac2e0b661c61815c7e3e06398577dae6
6,famous_le_100m,23,1.0,1.0,7,osl_siamese_cnn,4a418f4bb7be94adbc09d539f0865a4aac2e0b661c61815c7e3e06398577dae6
7,torch_pretrained_classification,0,0.7875,0.7375,7,osl_siamese_cnn,350bed1f846ffe255a2cfa18d486eb1bd918049cdb457ee776dda6f2f601337c
7,famous_le_10m,0,1.0,0.2,7,osl_siamese_cnn,350bed1f846ffe255a2cfa18d486eb1bd918049cdb457ee776dda6f2f601337c
7,famous_le_10m,1,0.0,0.8,7,osl_siamese_cnn,350bed1f846ffe255a2cfa18d486eb1bd918049cdb457ee776dda6f2f601337c
7,famous_le_10m,2,0.0,0.6,7,osl_siamese_cnn,350bed1f846ffe255a2cfa18d486eb1bd918049cdb457ee776dda6f2f601337c
7,famous_le_10m,3,0.0,0.0,7,osl_siamese_cnn,350bed1f846ffe255a2cfa18d486eb1bd918049cdb457ee776dda6f2f601337c
7,famous_le_10m,4,0.0,0.0,7,osl_siamese_cnn,350bed1f846ffe255a2cfa18d486eb1bd918049cdb457ee776dda6f2f601337c
7,famous_le_10m,5,0.0,0.0,7,osl_siamese_cnn,350bed1f846ffe255a2cfa18d486eb1bd918049cdb457ee776dda6f2f601337c
7,famous_le_10m,6,0.4,0.0,7,osl_siamese_cnn,350bed1f846ffe255a2cfa18d486eb1bd918049cdb457ee776dda6f2f601337c
7,famous_le_10m,7,0.4,0.6,7,osl_siamese_cnn,350bed1f846ffe255a2cfa18d486eb1bd918049cdb457ee776dda6f2f601337c
7,famous_le_10m,8,1.0,1.0,7,osl_siamese_cnn,350bed1f846ffe255a2cfa18d486eb1bd918049cdb457ee776dda6f2f601337c
7,famous_le_10m,9,0.4,0.4,7,osl_siamese_cnn,350bed1f846ffe255a2cfa18d486eb1bd918049cdb457ee776dda6f2f601337c
7,famous_le_10m,10,0.8,0.2,7,osl_siamese_cnn,350bed1f846ffe255a2cfa18d486eb1bd918049cdb457ee776dda6f2f601337c
7,famous_le_10m,11,0.4,0.0,7,osl_siamese_cnn,350bed1f846ffe255a2cfa18d486eb1bd918049cdb457ee776dda6f2f601337c
7,famous_le_10m,12,1.0,0.4,7,osl_siamese_cnn,350bed1f846ffe255a2cfa18d486eb1bd918049cdb457ee776dda6f2f601337c
7,famous_le_10m,13,0.4,0.0,7,osl_siamese_cnn,350bed1f846ffe255a2cfa18d486eb1bd918049cdb457ee776dda6f2f601337c
7,famous_le_10m,14,1.0,0.2,7,osl_siamese_cnn,350bed1f846ffe255a2cfa18d486eb1bd918049cdb457ee776dda6f2f601337c
7,famous_le_10m,15,1.0,0.2,7,osl_siamese_cnn,350bed1f846ffe255a2cfa18d486eb1bd918049cdb457ee776dda6f2f601337c
7,famous_le_10m,16,1.0,1.0,7,osl_siamese_cnn,350bed1f846ffe255a2cfa18d486eb1bd918049cdb457ee776dda6f2f601337c
7,famous_le_10m,17,1.0,1.0,7,osl_siamese_cnn,350bed1f846ffe255a2cfa18d486eb1bd918049cdb457ee776dda6f2f601337c
7,famous_le_10m,18,1.0,1.0,7,osl_siamese_cnn,350bed1f846ffe255a2cfa18d486eb1bd918049cdb457ee776dda6f2f601337c
7,famous_le_10m,19,1.0,1.0,7,osl_siamese_cnn,350bed1f846ffe255a2cfa18d486eb1bd918049cdb457ee776dda6f2f601337c
7,famous_le_10m,20,1.0,1.0,7,osl_siamese_cnn,350bed1f846ffe255a2cfa18d486eb1bd918049cdb457ee776dda6f2f601337c
7,famous_le_10m,21,1.0,1.0,7,osl_siamese_cnn,350bed1f846ffe255a2cfa18d486eb1bd918049cdb457ee776dda6f2f601337c
7,famous_le_10m,22,1.0,1.0,7,osl_siamese_cnn,350bed1f846ffe255a2cfa18d486eb1bd918049cdb457ee776dda6f2f601337c
7,famous_le_10m,23,1.0,1.0,7,osl_siamese_cnn,350bed1f846ffe255a2cfa18d486eb1bd918049cdb457ee776dda6f2f601337c
7,famous_le_100m,0,0.8571428571428571,0.5714285714285714,7,osl_siamese_cnn,350bed1f846ffe255a2cfa18d486eb1bd918049cdb457ee776dda6f2f601337c
7,famous_le_100m,1,0.14285714285714285,0.42857142857142855,7,osl_siamese_cnn,350bed1f846ffe255a2cfa18d486eb1bd918049cdb457ee776dda6f2f601337c
7,famous_le_100m,2,0.14285714285714285,0.42857142857142855,7,osl_siamese_cnn,350bed1f846ffe255a2cfa18d486eb1bd918049cdb457ee776dda6f2f601337c
7,famous_le_100m,3,0.07142857142857142,0.42857142857142855,7,osl_siamese_cnn,350bed1f846ffe255a2cfa18d486eb1bd918049cdb457ee776dda6f2f601337c
7,famous_le_100m,4,0.07142857142857142,0.35714285714285715,7,osl_siamese_cnn,350bed1f846ffe255a2cfa18d486eb1bd918049cdb457ee776dda6f2f601337c
7,famous_le_100m,5,0.07142857142857142,0.2857142857142857,7,osl_siamese_cnn,350bed1f846ffe255a2cfa18d486eb1bd918049cdb457ee776dda6f2f601337c
7,famous_le_100m,6,0.35714285714285715,0.2857142857142857,7,osl_siamese_cnn,350bed1f846ffe255a2cfa18d486eb1bd918049cdb457ee776dda6f2f601337c
7,famous_le_100m,7,0.5,0.5,7,osl_siamese_cnn,350bed1f846ffe255a2cfa18d486eb1bd918049cdb457ee776dda6f2f601337c
7,famous_le_100m,8,0.7142857142857143,0.6428571428571429,7,osl_siamese_cnn,350bed1f846ffe255a2cfa18d486eb1bd918049cdb457ee776dda6f2f601337c
7,famous_le_100m,9,0.8571428571428571,0.7857142857142857,7,osl_siamese_cnn,350bed1f846ffe255a2cfa18d486eb1bd918049cdb457ee776dda6f2f601337c
7,famous_le_100m,10,0.8571428571428571,0.9285714285714286,7,osl_siamese_cnn,350bed1f846ffe255a2cfa18d486eb1bd918049cdb457ee776dda6f2f601337c
7,famous_le_100m,11,0.8571428571428571,0.9285714285714286,7,osl_siamese_cnn,350bed1f846ffe255a2cfa18d486eb1bd918049cdb457ee776dda6f2f601337c
7,famous_le_100m,12,0.9285714285714286,0.9285714285714286,7,osl_siamese_cnn,350bed1f846ffe255a2cfa18d486eb1bd918049cdb457ee776dda6f2f601337c
7,famous_le_100m,13,0.9285714285714286,0.9285714285714286,7,osl_siamese_cnn,350bed1f846ffe255a2cfa18d486eb1bd918049cdb457ee776dda6f2f601337c
7,famous_le_100m,14,0.9285714285714286,1.0,7,osl_siamese_cnn,350bed1f846ffe255a2cfa18d486eb1bd918049cdb457ee776dda6f2f601337c
7,famous_le_100m,15,0.9285714285714286,0.9285714285714286,7,osl_siamese_cnn,350bed1f846ffe255a2cfa18d486eb1bd918049cdb457ee776dda6f2f601337c
7,famous_le_100m,16,0.9285714285714286,0.9285714285714286,7,osl_siamese_cnn,350bed1f846ffe255a2cfa18d486eb1bd918049cdb457ee776dda6f2f601337c
7,famous_le_100m,17,1.0,0.9285714285714286,7,osl_siamese_cnn,350bed1f846ffe255a2cfa18d486eb1bd918049cdb457ee776dda6f2f601337c
7,famous_le_100m,18,1.0,1.0,7,osl_siamese_cnn,350bed1f846ffe255a2cfa18d486eb1bd918049cdb457ee776dda6f2f601337c
7,famous_le_100m,19,1.0,1.0,7,osl_siamese_cnn,350bed1f846ffe255a2cfa18d486eb1bd918049cdb457ee776dda6f2f601337c
7,famous_le_100m,20,1.0,1.0,7,osl_siamese_cnn,350bed1f846ffe255a2cfa18d486eb1bd918049cdb457ee776dda6f2f601337c
7,famous_le_100m,21,1.0,1.0,7,osl_siamese_cnn,350bed1f846ffe255a2cfa18d486eb1bd918049cdb457ee776dda6f2f601337c
7,famous_le_100m,22,1.0,1.0,7,osl_siamese_cnn,350bed1f846ffe255a2cfa18d486eb1bd918049cdb457ee776dda6f2f601337c
7,famous_le_100m,23,1.0,1.0,7,osl_siamese_cnn,350bed1f846ffe255a2cfa18d486eb1bd918049cdb457ee776dda6f2f601337c
8,torch_pretrained_classification,0,0.5125,0.2,7,osl_siamese_cnn,cc3eada9327d209cd3c8464c10d63c9db56178c1d4aa8516fe07c48f17c30299
8,famous_le_10m,0,0.6,0.2,7,osl_siamese_cnn,cc3eada9327d209cd3c8464c10d63c9db56178c1d4aa8516fe07c48f17c30299
8,famous_le_10m,1,0.4,0.8,7,osl_siamese_cnn,cc3eada9327d209cd3c8464c10d63c9db56178c1d4aa8516fe07c48f17c30299
8,famous_le_10m,2,0.4,0.8,7,osl_siamese_cnn,cc3eada9327d209cd3c8464c10d63c9db56178c1d4aa8516fe07c48f17c30299
8,famous_le_10m,3,0.2,0.8,7,osl_siamese_cnn,cc3eada9327d209cd3c8464c10d63c9db56178c1d4aa8516fe07c48f17c30299
8,famous_le_10m,4,0.2,0.8,7,osl_siamese_cnn,cc3eada9327d209cd3c8464c10d63c9db56178c1d4aa8516fe07c48f17c30299
8,famous_le_10m,5,0.2,1.0,7,osl_siamese_cnn,cc3eada9327d209cd3c8464c10d63c9db56178c1d4aa8516fe07c48f17c30299
8,famous_le_10m,6,0.6,0.8,7,osl_siamese_cnn,cc3eada9327d209cd3c8464c10d63c9db56178c1d4aa8516fe07c48f17c30299
8,famous_le_10m,7,1.0,1.0,7,osl_siamese_cnn,cc3eada9327d209cd3c8464c10d63c9db56178c1d4aa8516fe07c48f17c30299
8,famous_le_10m,8,1.0,1.0,7,osl_siamese_cnn,cc3eada9327d209cd3c8464c10d63c9db56178c1d4aa8516fe07c48f17c30299
8,famous_le_10m,9,1.0,1.0,7,osl_siamese_cnn,cc3eada9327d209cd3c8464c10d63c9db56178c1d4aa8516fe07c48f17c30299
8,famous_le_10m,10,1.0,1.0,7,osl_siamese_cnn,cc3eada9327d209cd3c8464c10d63c9db56178c1d4aa8516fe07c48f17c30299
8,famous_le_10m,11,1.0,1.0,7,osl_siamese_cnn,cc3eada9327d209cd3c8464c10d63c9db56178c1d4aa8516fe07c48f17c30299
8,famous_le_10m,12,1.0,1.0,7,osl_siamese_cnn,cc3eada9327d209cd3c8464c10d63c9db56178c1d4aa8516fe07c48f17c30299
8,famous_le_10m,13,1.0,1.0,7,osl_siamese_cnn,cc3eada9327d209cd3c8464c10d63c9db56178c1d4aa8516fe07c48f17c30299
8,famous_le_10m,14,1.0,1.0,7,osl_siamese_cnn,cc3eada9327d209cd3c8464c10d63c9db56178c1d4aa8516fe07c48f17c30299
8,famous_le_10m,15,1.0,1.0,7,osl_siamese_cnn,cc3eada9327d209cd3c8464c10d63c9db56178c1d4aa8516fe07c48f17c30299
8,famous_le_10m,16,1.0,1.0,7,osl_siamese_cnn,cc3eada9327d209cd3c8464c10d63c9db56178c1d4aa8516fe07c48f17c30299
8,famous_le_10m,17,1.0,1.0,7,osl_siamese_cnn,cc3eada9327d209cd3c8464c10d63c9db56178c1d4aa8516fe07c48f17c30299
8,famous_le_10m,18,1.0,1.0,7,osl_siamese_cnn,cc3eada9327d209cd3c8464c10d63c9db56178c1d4aa8516fe07c48f17c30299
8,famous_le_10m,19,1.0,1.0,7,osl_siamese_cnn,cc3eada9327d209cd3c8464c10d63c9db56178c1d4aa8516fe07c48f17c30299
8,famous_le_10m,20,1.0,1.0,7,osl_siamese_cnn,cc3eada9327d209cd3c8464c10d63c9db56178c1d4aa8516fe07c48f17c30299
8,famous_le_10m,21,1.0,1.0,7,osl_siamese_cnn,cc3eada9327d209cd3c8464c10d63c9db56178c1d4aa8516fe07c48f17c30299
8,famous_le_10m,22,1.0,1.0,7,osl_siamese_cnn,cc3eada9327d209cd3c8464c10d63c9db56178c1d4aa8516fe07c48f17c30299
8,famous_le_10m,23,1.0,1.0,7,osl_siamese_cnn,cc3eada9327d209cd3c8464c10d63c9db56178c1d4aa8516fe07c48f17c30299
8,famous_le_100m,0,0.7857142857142857,0.21428571428571427,7,osl_siamese_cnn,cc3eada9327d209cd3c8464c10d63c9db56178c1d4aa8516fe07c48f17c30299
8,famous_le_100m,1,0.21428571428571427,0.7857142857142857,7,osl_siamese_cnn,cc3eada9327d209cd3c8464c10d63c9db56178c1d4aa8516fe07c48f17c30299
8,famous_le_100m,2,0.21428571428571427,0.7857142857142857,7,osl_siamese_cnn,cc3eada9327d209cd3c8464c10d63c9db56178c1d4aa8516fe07c48f17c30299
8,famous_le_100m,3,0.21428571428571427,0.7857142857142857,7,osl_siamese_cnn,cc3eada9327d209cd3c8464c10d63c9db56178c1d4aa8516fe07c48f17c30299
8,famous_le_100m,4,0.21428571428571427,0.7857142857142857,7,osl_siamese_cnn,cc3eada9327d209cd3c8464c10d63c9db56178c1d4aa8516fe07c48f17c30299
8,famous_le_100m,5,0.2857142857142857,0.8571428571428571,7,osl_siamese_cnn,cc3eada9327d209cd3c8464c10d63c9db56178c1d4aa8516fe07c48f17c30299
8,famous_le_100m,6,0.6428571428571429,0.7857142857142857,7,osl_siamese_cnn,cc3eada9327d209cd3c8464c10d63c9db56178c1d4aa8516fe07c48f17c30299
8,famous_le_100m,7,0.7857142857142857,0.9285714285714286,7,osl_siamese_cnn,cc3eada9327d209cd3c8464c10d63c9db56178c1d4aa8516fe07c48f17c30299
8,famous_le_100m,8,0.8571428571428571,1.0,7,osl_siamese_cnn,cc3eada9327d209cd3c8464c10d63c9db56178c1d4aa8516fe07c48f17c30299
8,famous_le_100m,9,0.8571428571428571,1.0,7,osl_siamese_cnn,cc3eada9327d209cd3c8464c10d63c9db56178c1d4aa8516fe07c48f17c30299
8,famous_le_100m,10,0.9285714285714286,0.9285714285714286,7,osl_siamese_cnn,cc3eada9327d209cd3c8464c10d63c9db56178c1d4aa8516fe07c48f17c30299
8,famous_le_100m,11,0.9285714285714286,1.0,7,osl_siamese_cnn,cc3eada9327d209cd3c8464c10d63c9db56178c1d4aa8516fe07c48f17c30299
8,famous_le_100m,12,0.9285714285714286,1.0,7,osl_siamese_cnn,cc3eada9327d209cd3c8464c10d63c9db56178c1d4aa8516fe07c48f17c30299
8,famous_le_100m,13,0.9285714285714286,1.0,7,osl_siamese_cnn,cc3eada9327d209cd3c8464c10d63c9db56178c1d4aa8516fe07c48f17c30299
8,famous_le_100m,14,1.0,1.0,7,osl_siamese_cnn,cc3eada9327d209cd3c8464c10d63c9db56178c1d4aa8516fe07c48f17c30299
8,famous_le_100m,15,1.0,1.0,7,osl_siamese_cnn,cc3eada9327d209cd3c8464c10d63c9db56178c1d4aa8516fe07c48f17c30299
8,famous_le_100m,16,1.0,1.0,7,osl_siamese_cnn,cc3eada9327d209cd3c8464c10d63c9db56178c1d4aa8516fe07c48f17c30299
8,famous_le_100m,17,1.0,1.0,7,osl_siamese_cnn,cc3eada9327d209cd3c8464c10d63c9db56178c1d4aa8516fe07c48f17c30299
8,famous_le_100m,18,1.0,1.0,7,osl_siamese_cnn,cc3eada9327d209cd3c8464c10d63c9db56178c1d4aa8516fe07c48f17c30299
8,famous_le_100m,19,0.9285714285714286,1.0,7,osl_siamese_cnn,cc3eada9327d209cd3c8464c10d63c9db56178c1d4aa8516fe07c48f17c30299
8,famous_le_100m,20,1.0,1.0,7,osl_siamese_cnn,cc3eada9327d209cd3c8464c10d63c9db56178c1d4aa8516fe07c48f17c30299
8,famous_le_100m,21,1.0,1.0,7,osl_siamese_cnn,cc3eada9327d209cd3c8464c10d63c9db56178c1d4aa8516fe07c48f17c30299
8,famous_le_100m,22,1.0,1.0,7,osl_siamese_cnn,cc3eada9327d209cd3c8464c10d63c9db56178c1d4aa8516fe07c48f17c30299
8,famous_le_100m,23,1.0,1.0,7,osl_siamese_cnn,cc3eada9327d209cd3c8464c10d63c9db56178c1d4aa8516fe07c48f17c30299
9,torch_pretrained_classification,0,0.6875,0.625,7,osl_siamese_cnn,c749f2e3056dc57de3c590906186cd574009c0414c8dd377abc0d0769d59a0d1
9,famous_le_10m,0,1.0,0.8,7,osl_siamese_cnn,c749f2e3056dc57de3c590906186cd574009c0414c8dd377abc0d0769d59a0d1
9,famous_le_10m,1,0.0,0.2,7,osl_siamese_cnn,c749f2e3056dc57de3c590906186cd574009c0414c8dd377abc0d0769d59a0d1
9,famous_le_10m,2,0.0,0.2,7,osl_siamese_cnn,c749f2e3056dc57de3c590906186cd574009c0414c8dd377abc0d0769d59a0d1
9,famous_le_10m,3,0.0,0.2,7,osl_siamese_cnn,c749f2e3056dc57de3c590906186cd574009c0414c8dd377abc0d0769d59a0d1
9,famous_le_10m,4,0.2,0.4,7,osl_siamese_cnn,c749f2e3056dc57de3c590906186cd574009c0414c8dd377abc0d0769d59a0d1
9,famous_le_10m,5,0.2,1.0,7,osl_siamese_cnn,c749f2e3056dc57de3c590906186cd574009c0414c8dd377abc0d0769d59a0d1
9,famous_le_10m,6,1.0,1.0,7,osl_siamese_cnn,c749f2e3056dc57de3c590906186cd574009c0414c8dd377abc0d0769d59a0d1
9,famous_le_10m,7,1.0,1.0,7,osl_siamese_cnn,c749f2e3056dc57de3c590906186cd574009c0414c8dd377abc0d0769d59a0d1
9,famous_le_10m,8,1.0,1.0,7,osl_siamese_cnn,c749f2e3056dc57de3c590906186cd574009c0414c8dd377abc0d0769d59a0d1
9,famous_le_10m,9,1.0,1.0,7,osl_siamese_cnn,c749f2e3056dc57de3c590906186cd574009c0414c8dd377abc0d0769d59a0d1
9,famous_le_10m,10,1.0,1.0,7,osl_siamese_cnn,c749f2e3056dc57de3c590906186cd574009c0414c8dd377abc0d0769d59a0d1
9,famous_le_10m,11,1.0,1.0,7,osl_siamese_cnn,c749f2e3056dc57de3c590906186cd574009c0414c8dd377abc0d0769d59a0d1
9,famous_le_10m,12,1.0,1.0,7,osl_siamese_cnn,c749f2e3056dc57de3c590906186cd574009c0414c8dd377abc0d0769d59a0d1
9,famous_le_10m,13,1.0,1.0,7,osl_siamese_cnn,c749f2e3056dc57de3c590906186cd574009c0414c8dd377abc0d0769d59a0d1
9,famous_le_10m,14,1.0,1.0,7,osl_siamese_cnn,c749f2e3056dc57de3c590906186cd574009c0414c8dd377abc0d0769d59a0d1
9,famous_le_10m,15,1.0,1.0,7,osl_siamese_cnn,c749f2e3056dc57de3c590906186cd574009c0414c8dd377abc0d0769d59a0d1
9,famous_le_10m,16,1.0,1.0,7,osl_siamese_cnn,c749f2e3056dc57de3c590906186cd574009c0414c8dd377abc0d0769d59a0d1
9,famous_le_10m,17,1.0,1.0,7,osl_siamese_cnn,c749f2e3056dc57de3c590906186cd574009c0414c8dd377abc0d0769d59a0d1
9,famous_le_10m,18,1.0,1.0,7,osl_siamese_cnn,c749f2e3056dc57de3c590906186cd574009c0414c8dd377abc0d0769d59a0d1
9,famous_le_10m,19,1.0,1.0,7,osl_siamese_cnn,c749f2e3056dc57de3c590906186cd574009c0414c8dd377abc0d0769d59a0d1
9,famous_le_10m,20,1.0,1.0,7,osl_siamese_cnn,c749f2e3056dc57de3c590906186cd574009c0414c8dd377abc0d0769d59a0d1
9,famous_le_10m,21,1.0,1.0,7,osl_siamese_cnn,c749f2e3056dc57de3c590906186cd574009c0414c8dd377abc0d0769d59a0d1
9,famous_le_10m,22,1.0,1.0,7,osl_siamese_cnn,c749f2e3056dc57de3c590906186cd574009c0414c8dd377abc0d0769d59a0d1
9,famous_le_10m,23,1.0,1.0,7,osl_siamese_cnn,c749f2e3056dc57de3c590906186cd574009c0414c8dd377abc0d0769d59a0d1
9,famous_le_100m,0,0.8571428571428571,0.6428571428571429,7,osl_siamese_cnn,c749f2e3056dc57de3c590906186cd574009c0414c8dd377abc0d0769d59a0d1
9,famous_le_100m,1,0.14285714285714285,0.35714285714285715,7,osl_siamese_cnn,c749f2e3056dc57de3c590906186cd574009c0414c8dd377abc0d0769d59a0d1
9,famous_le_100m,2,0.14285714285714285,0.35714285714285715,7,osl_siamese_cnn,c749f2e3056dc57de3c590906186cd574009c0414c8dd377abc0d0769d59a0d1
9,famous_le_100m,3,0.14285714285714285,0.2857142857142857,7,osl_siamese_cnn,c749f2e3056dc57de3c590906186cd574009c0414c8dd377abc0d0769d59a0d1
9,famous_le_100m,4,0.14285714285714285,0.2857142857142857,7,osl_siamese_cnn,c749f2e3056dc57de3c590906186cd574009c0414c8dd377abc0d0769d59a0d1
9,famous_le_100m,5,0.14285714285714285,0.35714285714285715,7,osl_siamese_cnn,c749f2e3056dc57de3c590906186cd574009c0414c8dd377abc0d0769d59a0d1
9,famous_le_100m,6,0.35714285714285715,0.5714285714285714,7,osl_siamese_cnn,c749f2e3056dc57de3c590906186cd574009c0414c8dd377abc0d0769d59a0d1
9,famous_le_100m,7,0.5,0.6428571428571429,7,osl_siamese_cnn,c749f2e3056dc57de3c590906186cd574009c0414c8dd377abc0d0769d59a0d1
9,famous_le_100m,8,0.7857142857142857,0.7857142857142857,7,osl_siamese_cnn,c749f2e3056dc57de3c590906186cd574009c0414c8dd377abc0d0769d59a0d1
9,famous_le_100m,9,0.8571428571428571,0.8571428571428571,7,osl_siamese_cnn,c749f2e3056dc57de3c590906186cd574009c0414c8dd377abc0d0769d59a0d1
9,famous_le_100m,10,0.8571428571428571,0.9285714285714286,7,osl_siamese_cnn,c749f2e3056dc57de3c590906186cd574009c0414c8dd377abc0d0769d59a0d1
9,famous_le_100m,11,0.8571428571428571,0.9285714285714286,7,osl_siamese_cnn,c749f2e3056dc57de3c590906186cd574009c0414c8dd377abc0d0769d59a0d1
9,famous_le_100m,12,0.9285714285714286,0.9285714285714286,7,osl_siamese_cnn,c749f2e3056dc57de3c590906186cd574009c0414c8dd377abc0d0769d59a0d1
9,famous_le_100m,13,0.9285714285714286,0.9285714285714286,7,osl_siamese_cnn,c749f2e3056dc57de3c590906186cd574009c0414c8dd377abc0d0769d59a0d1
9,famous_le_100m,14,0.9285714285714286,0.9285714285714286,7,osl_siamese_cnn,c749f2e3056dc57de3c590906186cd574009c0414c8dd377abc0d0769d59a0d1
9,famous_le_100m,15,0.9285714285714286,0.9285714285714286,7,osl_siamese_cnn,c749f2e3056dc57de3c590906186cd574009c0414c8dd377abc0d0769d59a0d1
9,famous_le_100m,16,0.9285714285714286,1.0,7,osl_siamese_cnn,c749f2e3056dc57de3c590906186cd574009c0414c8dd377abc0d0769d59a0d1
9,famous_le_100m,17,0.9285714285714286,1.0,7,osl_siamese_cnn,c749f2e3056dc57de3c590906186cd574009c0414c8dd377abc0d0769d59a0d1
9,famous_le_100m,18,1.0,1.0,7,osl_siamese_cnn,c749f2e3056dc57de3c590906186cd574009c0414c8dd377abc0d0769d59a0d1
9,famous_le_100m,19,1.0,1.0,7,osl_siamese_cnn,c749f2e3056dc57de3c590906186cd574009c0414c8dd377abc0d0769d59a0d1
9,famous_le_100m,20,1.0,1.0,7,osl_siamese_cnn,c749f2e3056dc57de3c590906186cd574009c0414c8dd377abc0d0769d59a0d1
9,famous_le_100m,21,1.0,1.0,7,osl_siamese_cnn,c749f2e3056dc57de3c590906186cd574009c0414c8dd377abc0d0769d59a0d1
9,famous_le_100m,22,1.0,1.0,7,osl_siamese_cnn,c749f2e3056dc57de3c590906186cd574009c0414c8dd377abc0d0769d59a0d1
9,famous_le_100m,23,1.0,1.0,7,osl_siamese_cnn,c749f2e3056dc57de3c590906186cd574009c0414c8dd377abc0d0769d59a0d1
5,torch_pretrained_classification,0,0.975,0.5625,8,osl_siamese_cnn,4783cdf078bd33b7541d927cd93d8cf7f01b4953c559452c9323618e6c081a3a
5,famous_le_10m,0,1.0,1.0,8,osl_siamese_cnn,4783cdf078bd33b7541d927cd93d8cf7f01b4953c559452c9323618e6c081a3a
5,famous_le_10m,1,0.0,0.0,8,osl_siamese_cnn,4783cdf078bd33b7541d927cd93d8cf7f01b4953c559452c9323618e6c081a3a
5,famous_le_10m,2,0.0,0.0,8,osl_siamese_cnn,4783cdf078bd33b7541d927cd93d8cf7f01b4953c559452c9323618e6c081a3a
5,famous_le_10m,3,0.0,0.6,8,osl_siamese_cnn,4783cdf078bd33b7541d927cd93d8cf7f01b4953c559452c9323618e6c081a3a
5,famous_le_10m,4,0.0,0.8,8,osl_siamese_cnn,4783cdf078bd33b7541d927cd93d8cf7f01b4953c559452c9323618e6c081a3a
5,famous_le_10m,5,0.0,1.0,8,osl_siamese_cnn,4783cdf078bd33b7541d927cd93d8cf7f01b4953c559452c9323618e6c081a3a
5,famous_le_10m,6,0.0,1.0,8,osl_siamese_cnn,4783cdf078bd33b7541d927cd93d8cf7f01b4953c559452c9323618e6c081a3a
5,famous_le_10m,7,0.4,1.0,8,osl_siamese_cnn,4783cdf078bd33b7541d927cd93d8cf7f01b4953c559452c9323618e6c081a3a
5,famous_le_10m,8,1.0,1.0,8,osl_siamese_cnn,4783cdf078bd33b7541d927cd93d8cf7f01b4953c559452c9323618e6c081a3a
5,famous_le_10m,9,1.0,1.0,8,osl_siamese_cnn,4783cdf078bd33b7541d927cd93d8cf7f01b4953c559452c9323618e6c081a3a
5,famous_le_10m,10,1.0,1.0,8,osl_siamese_cnn,4783cdf078bd33b7541d927cd93d8cf7f01b4953c559452c9323618e6c081a3a
5,famous_le_10m,11,1.0,1.0,8,osl_siamese_cnn,4783cdf078bd33b7541d927cd93d8cf7f01b4953c559452c9323618e6c081a3a
5,famous_le_10m,12,1.0,1.0,8,osl_siamese_cnn,4783cdf078bd33b7541d927cd93d8cf7f01b4953c559452c9323618e6c081a3a
5,famous_le_10m,13,1.0,1.0,8,osl_siamese_cnn,4783cdf078bd33b7541d927cd93d8cf7f01b4953c559452c9323618e6c081a3a
5,famous_le_10m,14,1.0,1.0,8,osl_siamese_cnn,4783cdf078bd33b7541d927cd93d8cf7f01b4953c559452c9323618e6c081a3a
5,famous_le_10m,15,1.0,1.0,8,osl_siamese_cnn,4783cdf078bd33b7541d927cd93d8cf7f01b4953c559452c9323618e6c081a3a
5,famous_le_10m,16,1.0,1.0,8,osl_siamese_cnn,4783cdf078bd33b7541d927cd93d8cf7f01b4953c559452c9323618e6c081a3a
5,famous_le_10m,17,1.0,1.0,8,osl_siamese_cnn,4783cdf078bd33b7541d927cd93d8cf7f01b4953c559452c9323618e6c081a3a
5,famous_le_10m,18,1.0,1.0,8,osl_siamese_cnn,4783cdf078bd33b7541d927cd93d8cf7f01b4953c559452c9323618e6c081a3a
5,famous_le_10m,19,1.0,1.0,8,osl_siamese_cnn,4783cdf078bd33b7541d927cd93d8cf7f01b4953c559452c9323618e6c081a3a
5,famous_le_10m,20,1.0,1.0,8,osl_siamese_cnn,4783cdf078bd33b7541d927cd93d8cf7f01b4953c559452c9323618e6c081a3a
5,famous_le_10m,21,1.0,1.0,8,osl_siamese_cnn,4783cdf078bd33b7541d927cd93d8cf7f01b4953c559452c9323618e6c081a3a
5,famous_le_10m,22,1.0,1.0,8,osl_siamese_cnn,4783cdf078bd33b7541d927cd93d8cf7f01b4953c559452c9323618e6c081a3a
5,famous_le_10m,23,1.0,1.0,8,osl_siamese_cnn,4783cdf078bd33b7541d927cd93d8cf7f01b4953c559452c9323618e6c081a3a
5,famous_le_100m,0,1.0,0.6428571428571429,8,osl_siamese_cnn,4783cdf078bd33b7541d927cd93d8cf7f01b4953c559452c9323618e6c081a3a
5,famous_le_100m,1,0.0,0.35714285714285715,8,osl_siamese_cnn,4783cdf078bd33b7541d927cd93d8cf7f01b4953c559452c9323618e6c081a3a
5,famous_le_100m,2,0.0,0.35714285714285715,8,osl_siamese_cnn,4783cdf078bd33b7541d927cd93d8cf7f01b4953c559452c9323618e6c081a3a
5,famous_le_100m,3,0.0,0.35714285714285715,8,osl_siamese_cnn,4783cdf078bd33b7541d927cd93d8cf7f01b4953c559452c9323618e6c081a3a
5,famous_le_100m,4,0.0,0.35714285714285715,8,osl_siamese_cnn,4783cdf078bd33b7541d927cd93d8cf7f01b4953c559452c9323618e6c081a3a
5,famous_le_100m,5,0.0,0.42857142857142855,8,osl_siamese_cnn,4783cdf078bd33b7541d927cd93d8cf7f01b4953c559452c9323618e6c081a3a
5,famous_le_100m,6,0.07142857142857142,0.6428571428571429,8,osl_siamese_cnn,4783cdf078bd33b7541d927cd93d8cf7f01b4953c559452c9323618e6c081a3a
5,famous_le_100m,7,0.2857142857142857,0.7857142857142857,8,osl_siamese_cnn,4783cdf078bd33b7541d927cd93d8cf7f01b4953c559452c9323618e6c081a3a
5,famous_le_100m,8,0.42857142857142855,0.8571428571428571,8,osl_siamese_cnn,4783cdf078bd33b7541d927cd93d8cf7f01b4953c559452c9323618e6c081a3a
5,famous_le_100m,9,0.42857142857142855,0.8571428571428571,8,osl_siamese_cnn,4783cdf078bd33b7541d927cd93d8cf7f01b4953c559452c9323618e6c081a3a
5,famous_le_100m,10,0.42857142857142855,0.8571428571428571,8,osl_siamese_cnn,4783cdf078bd33b7541d927cd93d8cf7f01b4953c559452c9323618e6c081a3a
5,famous_le_100m,11,0.6428571428571429,0.9285714285714286,8,osl_siamese_cnn,4783cdf078bd33b7541d927cd93d8cf7f01b4953c559452c9323618e6c081a3a
5,famous_le_100m,12,0.7857142857142857,0.9285714285714286,8,osl_siamese_cnn,4783cdf078bd33b7541d927cd93d8cf7f01b4953c559452c9323618e6c081a3a
5,famous_le_100m,13,0.8571428571428571,0.9285714285714286,8,osl_siamese_cnn,4783cdf078bd33b7541d927cd93d8cf7f01b4953c559452c9323618e6c081a3a
5,famous_le_100m,14,0.8571428571428571,0.9285714285714286,8,osl_siamese_cnn,4783cdf078bd33b7541d927cd93d8cf7f01b4953c559452c9323618e6c081a3a
5,famous_le_100m,15,0.8571428571428571,0.9285714285714286,8,osl_siamese_cnn,4783cdf078bd33b7541d927cd93d8cf7f01b4953c559452c9323618e6c081a3a
5,famous_le_100m,16,0.8571428571428571,0.9285714285714286,8,osl_siamese_cnn,4783cdf078bd33b7541d927cd93d8cf7f01b4953c559452c9323618e6c081a3a
5,famous_le_100m,17,0.9285714285714286,1.0,8,osl_siamese_cnn,4783cdf078bd33b7541d927cd93d8cf7f01b4953c559452c9323618e6c081a3a
5,famous_le_100m,18,0.9285714285714286,1.0,8,osl_siamese_cnn,4783cdf078bd33b7541d927cd93d8cf7f01b4953c559452c9323618e6c081a3a
5,famous_le_100m,19,0.9285714285714286,1.0,8,osl_siamese_cnn,4783cdf078bd33b7541d927cd93d8cf7f01b4953c559452c9323618e6c081a3a
5,famous_le_100m,20,0.9285714285714286,1.0,8,osl_siamese_cnn,4783cdf078bd33b7541d927cd93d8cf7f01b4953c559452c9323618e6c081a3a
5,famous_le_100m,21,0.9285714285714286,1.0,8,osl_siamese_cnn,4783cdf078bd33b7541d927cd93d8cf7f01b4953c559452c9323618e6c081a3a
5,famous_le_100m,22,1.0,1.0,8,osl_siamese_cnn,4783cdf078bd33b7541d927cd93d8cf7f01b4953c559452c9323618e6c081a3a
5,famous_le_100m,23,1.0,1.0,8,osl_siamese_cnn,4783cdf078bd33b7541d927cd93d8cf7f01b4953c559452c9323618e6c081a3a
6,torch_pretrained_classification,0,0.975,0.6125,8,osl_siamese_cnn,58d540cf20a55a7baec72057b5e4bcaae359be6b63e17011a48cd297243151cc
6,famous_le_10m,0,1.0,0.8,8,osl_siamese_cnn,58d540cf20a55a7baec72057b5e4bcaae359be6b63e17011a48cd297243151cc
6,famous_le_10m,1,0.0,0.4,8,osl_siamese_cnn,58d540cf20a55a7baec72057b5e4bcaae359be6b63e17011a48cd297243151cc
6,famous_le_10m,2,0.0,0.4,8,osl_siamese_cnn,58d540cf20a55a7baec72057b5e4bcaae359be6b63e17011a48cd297243151cc
6,famous_le_10m,3,0.0,0.8,8,osl_siamese_cnn,58d540cf20a55a7baec72057b5e4bcaae359be6b63e17011a48cd297243151cc
6,famous_le_10m,4,0.0,1.0,8,osl_siamese_cnn,58d540cf20a55a7baec72057b5e4bcaae359be6b63e17011a48cd297243151cc
6,famous_le_10m,5,0.0,1.0,8,osl_siamese_cnn,58d540cf20a55a7baec72057b5e4bcaae359be6b63e17011a48cd297243151cc
6,famous_le_10m,6,0.0,1.0,8,osl_siamese_cnn,58d540cf20a55a7baec72057b5e4bcaae359be6b63e17011a48cd297243151cc
6,famous_le_10m,7,0.4,1.0,8,osl_siamese_cnn,58d540cf20a55a7baec72057b5e4bcaae359be6b63e17011a48cd297243151cc
6,famous_le_10m,8,1.0,1.0,8,osl_siamese_cnn,58d540cf20a55a7baec72057b5e4bcaae359be6b63e17011a48cd297243151cc
6,famous_le_10m,9,1.0,1.0,8,osl_siamese_cnn,58d540cf20a55a7baec72057b5e4bcaae359be6b63e17011a48cd297243151cc
6,famous_le_10m,10,1.0,1.0,8,osl_siamese_cnn,58d540cf20a55a7baec72057b5e4bcaae359be6b63e17011a48cd297243151cc
6,famous_le_10m,11,1.0,1.0,8,osl_siamese_cnn,58d540cf20a55a7baec72057b5e4bcaae359be6b63e17011a48cd297243151cc
6,famous_le_10m,12,1.0,1.0,8,osl_siamese_cnn,58d540cf20a55a7baec72057b5e4bcaae359be6b63e17011a48cd297243151cc
6,famous_le_10m,13,1.0,1.0,8,osl_siamese_cnn,58d540cf20a55a7baec72057b5e4bcaae359be6b63e17011a48cd297243151cc
6,famous_le_10m,14,1.0,1.0,8,osl_siamese_cnn,58d540cf20a55a7baec72057b5e4bcaae359be6b63e17011a48cd297243151cc
6,famous_le_10m,15,1.0,1.0,8,osl_siamese_cnn,58d540cf20a55a7baec72057b5e4bcaae359be6b63e17011a48cd297243151cc
6,famous_le_10m,16,1.0,1.0,8,osl_siamese_cnn,58d540cf20a55a7baec72057b5e4bcaae359be6b63e17011a48cd297243151cc
6,famous_le_10m,17,1.0,1.0,8,osl_siamese_cnn,58d540cf20a55a7baec72057b5e4bcaae359be6b63e17011a48cd297243151cc
6,famous_le_10m,18,1.0,1.0,8,osl_siamese_cnn,58d540cf20a55a7baec72057b5e4bcaae359be6b63e17011a48cd297243151cc
6,famous_le_10m,19,1.0,1.0,8,osl_siamese_cnn,58d540cf20a55a7baec72057b5e4bcaae359be6b63e17011a48cd297243151cc
6,famous_le_10m,20,1.0,1.0,8,osl_siamese_cnn,58d540cf20a55a7baec72057b5e4bcaae359be6b63e17011a48cd297243151cc
6,famous_le_10m,21,1.0,1.0,8,osl_siamese_cnn,58d540cf20a55a7baec72057b5e4bcaae359be6b63e17011a48cd297243151cc
6,famous_le_10m,22,1.0,1.0,8,osl_siamese_cnn,58d540cf20a55a7baec72057b5e4bcaae359be6b63e17011a48cd297243151cc
6,famous_le_10m,23,1.0,1.0,8,osl_siamese_cnn,58d540cf20a55a7baec72057b5e4bcaae359be6b63e17011a48cd297243151cc
6,famous_le_100m,0,1.0,0.5714285714285714,8,osl_siamese_cnn,58d540cf20a55a7baec72057b5e4bcaae359be6b63e17011a48cd297243151cc
6,famous_le_100m,1,0.0,0.42857142857142855,8,osl_siamese_cnn,58d540cf20a55a7baec72057b5e4bcaae359be6b63e17011a48cd297243151cc
6,famous_le_100m,2,0.0,0.42857142857142855,8,osl_siamese_cnn,58d540cf20a55a7baec72057b5e4bcaae359be6b63e17011a48cd297243151cc
6,famous_le_100m,3,0.0,0.35714285714285715,8,osl_siamese_cnn,58d540cf20a55a7baec72057b5e4bcaae359be6b63e17011a48cd297243151cc
6,famous_le_100m,4,0.0,0.42857142857142855,8,osl_siamese_cnn,58d540cf20a55a7baec72057b5e4bcaae359be6b63e17011a48cd297243151cc
6,famous_le_100m,5,0.0,0.6428571428571429,8,osl_siamese_cnn,58d540cf20a55a7baec72057b5e4bcaae359be6b63e17011a48cd297243151cc
6,famous_le_100m,6,0.0,0.7142857142857143,8,osl_siamese_cnn,58d540cf20a55a7baec72057b5e4bcaae359be6b63e17011a48cd297243151cc
6,famous_le_100m,7,0.2857142857142857,0.7857142857142857,8,osl_siamese_cnn,58d540cf20a55a7baec72057b5e4bcaae359be6b63e17011a48cd297243151cc
6,famous_le_100m,8,0.42857142857142855,0.8571428571428571,8,osl_siamese_cnn,58d540cf20a55a7baec72057b5e4bcaae359be6b63e17011a48cd297243151cc
6,famous_le_100m,9,0.42857142857142855,0.8571428571428571,8,osl_siamese_cnn,58d540cf20a55a7baec72057b5e4bcaae359be6b63e17011a48cd297243151cc
6,famous_le_100m,10,0.6428571428571429,0.9285714285714286,8,osl_siamese_cnn,58d540cf20a55a7baec72057b5e4bcaae359be6b63e17011a48cd297243151cc
6,famous_le_100m,11,0.7857142857142857,0.9285714285714286,8,osl_siamese_cnn,58d540cf20a55a7baec72057b5e4bcaae359be6b63e17011a48cd297243151cc
6,famous_le_100m,12,0.8571428571428571,0.9285714285714286,8,osl_siamese_cnn,58d540cf20a55a7baec72057b5e4bcaae359be6b63e17011a48cd297243151cc
6,famous_le_100m,13,0.8571428571428571,0.9285714285714286,8,osl_siamese_cnn,58d540cf20a55a7baec72057b5e4bcaae359be6b63e17011a48cd297243151cc
6,famous_le_100m,14,0.8571428571428571,0.9285714285714286,8,osl_siamese_cnn,58d540cf20a55a7baec72057b5e4bcaae359be6b63e17011a48cd297243151cc
6,famous_le_100m,15,0.8571428571428571,0.9285714285714286,8,osl_siamese_cnn,58d540cf20a55a7baec72057b5e4bcaae359be6b63e17011a48cd297243151cc
6,famous_le_100m,16,0.9285714285714286,1.0,8,osl_siamese_cnn,58d540cf20a55a7baec72057b5e4bcaae359be6b63e17011a48cd297243151cc
6,famous_le_100m,17,0.9285714285714286,1.0,8,osl_siamese_cnn,58d540cf20a55a7baec72057b5e4bcaae359be6b63e17011a48cd297243151cc
6,famous_le_100m,18,0.9285714285714286,1.0,8,osl_siamese_cnn,58d540cf20a55a7baec72057b5e4bcaae359be6b63e17011a48cd297243151cc
6,famous_le_100m,19,0.9285714285714286,1.0,8,osl_siamese_cnn,58d540cf20a55a7baec72057b5e4bcaae359be6b63e17011a48cd297243151cc
6,famous_le_100m,20,0.9285714285714286,1.0,8,osl_siamese_cnn,58d540cf20a55a7baec72057b5e4bcaae359be6b63e17011a48cd297243151cc
6,famous_le_100m,21,1.0,1.0,8,osl_siamese_cnn,58d540cf20a55a7baec72057b5e4bcaae359be6b63e17011a48cd297243151cc
6,famous_le_100m,22,1.0,1.0,8,osl_siamese_cnn,58d540cf20a55a7baec72057b5e4bcaae359be6b63e17011a48cd297243151cc
6,famous_le_100m,23,1.0,1.0,8,osl_siamese_cnn,58d540cf20a55a7baec72057b5e4bcaae359be6b63e17011a48cd297243151cc
7,torch_pretrained_classification,0,0.975,0.775,8,osl_siamese_cnn,cf104465669d95846a90b5297e90ec6538926288f8029c880e4d815fbc15aaac
7,famous_le_10m,0,1.0,1.0,8,osl_siamese_cnn,cf104465669d95846a90b5297e90ec6538926288f8029c880e4d815fbc15aaac
7,famous_le_10m,1,0.0,0.0,8,osl_siamese_cnn,cf104465669d95846a90b5297e90ec6538926288f8029c880e4d815fbc15aaac
7,famous_le_10m,2,0.0,0.2,8,osl_siamese_cnn,cf104465669d95846a90b5297e90ec6538926288f8029c880e4d815fbc15aaac
7,famous_le_10m,3,0.0,0.4,8,osl_siamese_cnn,cf104465669d95846a90b5297e90ec6538926288f8029c880e4d815fbc15aaac
7,famous_le_10m,4,0.0,0.0,8,osl_siamese_cnn,cf104465669d95846a90b5297e90ec6538926288f8029c880e4d815fbc15aaac
7,famous_le_10m,5,0.0,0.0,8,osl_siamese_cnn,cf104465669d95846a90b5297e90ec6538926288f8029c880e4d815fbc15aaac
7,famous_le_10m,6,0.0,0.0,8,osl_siamese_cnn,cf104465669d95846a90b5297e90ec6538926288f8029c880e4d815fbc15aaac
7,famous_le_10m,7,0.4,0.0,8,osl_siamese_cnn,cf104465669d95846a90b5297e90ec6538926288f8029c880e4d815fbc15aaac
7,famous_le_10m,8,1.0,0.4,8,osl_siamese_cnn,cf104465669d95846a90b5297e90ec6538926288f8029c880e4d815fbc15aaac
7,famous_le_10m,9,1.0,0.2,8,osl_siamese_cnn,cf104465669d95846a90b5297e90ec6538926288f8029c880e4d815fbc15aaac
7,famous_le_10m,10,1.0,0.2,8,osl_siamese_cnn,cf104465669d95846a90b5297e90ec6538926288f8029c880e4d815fbc15aaac
7,famous_le_10m,11,1.0,0.2,8,osl_siamese_cnn,cf104465669d95846a90b5297e90ec6538926288f8029c880e4d815fbc15aaac
7,famous_le_10m,12,1.0,0.4,8,osl_siamese_cnn,cf104465669d95846a90b5297e90ec6538926288f8029c880e4d815fbc15aaac
7,famous_le_10m,13,1.0,0.2,8,osl_siamese_cnn,cf104465669d95846a90b5297e90ec6538926288f8029c880e4d815fbc15aaac
7,famous_le_10m,14,1.0,0.2,8,osl_siamese_cnn,cf104465669d95846a90b5297e90ec6538926288f8029c880e4d815fbc15aaac
7,famous_le_10m,15,1.0,0.2,8,osl_siamese_cnn,cf104465669d95846a90b5297e90ec6538926288f8029c880e4d815fbc15aaac
7,famous_le_10m,16,1.0,1.0,8,osl_siamese_cnn,cf104465669d95846a90b5297e90ec6538926288f8029c880e4d815fbc15aaac
7,famous_le_10m,17,1.0,0.8,8,osl_siamese_cnn,cf104465669d95846a90b5297e90ec6538926288f8029c880e4d815fbc15aaac
7,famous_le_10m,18,1.0,1.0,8,osl_siamese_cnn,cf104465669d95846a90b5297e90ec6538926288f8029c880e4d815fbc15aaac
7,famous_le_10m,19,1.0,0.8,8,osl_siamese_cnn,cf104465669d95846a90b5297e90ec6538926288f8029c880e4d815fbc15aaac
7,famous_le_10m,20,1.0,0.6,8,osl_siamese_cnn,cf104465669d95846a90b5297e90ec6538926288f8029c880e4d815fbc15aaac
7,famous_le_10m,21,1.0,0.6,8,osl_siamese_cnn,cf104465669d95846a90b5297e90ec6538926288f8029c880e4d815fbc15aaac
7,famous_le_10m,22,1.0,1.0,8,osl_siamese_cnn,cf104465669d95846a90b5297e90ec6538926288f8029c880e4d815fbc15aaac
7,famous_le_10m,23,1.0,0.6,8,osl_siamese_cnn,cf104465669d95846a90b5297e90ec6538926288f8029c880e4d815fbc15aaac
7,famous_le_100m,0,1.0,0.5714285714285714,8,osl_siamese_cnn,cf104465669d95846a90b5297e90ec6538926288f8029c880e4d815fbc15aaac
7,famous_le_100m,1,0.0,0.42857142857142855,8,osl_siamese_cnn,cf104465669d95846a90b5297e90ec6538926288f8029c880e4d815fbc15aaac
7,famous_le_100m,2,0.0,0.5714285714285714,8,osl_siamese_cnn,cf104465669d95846a90b5297e90ec6538926288f8029c880e4d815fbc15aaac
7,famous_le_100m,3,0.0,0.6428571428571429,8,osl_siamese_cnn,cf104465669d95846a90b5297e90ec6538926288f8029c880e4d815fbc15aaac
7,famous_le_100m,4,0.0,0.42857142857142855,8,osl_siamese_cnn,cf104465669d95846a90b5297e90ec6538926288f8029c880e4d815fbc15aaac
7,famous_le_100m,5,0.0,0.21428571428571427,8,osl_siamese_cnn,cf104465669d95846a90b5297e90ec6538926288f8029c880e4d815fbc15aaac
7,famous_le_100m,6,0.0,0.0,8,osl_siamese_cnn,cf104465669d95846a90b5297e90ec6538926288f8029c880e4d815fbc15aaac
7,famous_le_100m,7,0.2857142857142857,0.21428571428571427,8,osl_siamese_cnn,cf104465669d95846a90b5297e90ec6538926288f8029c880e4d815fbc15aaac
7,famous_le_100m,8,0.42857142857142855,0.42857142857142855,8,osl_siamese_cnn,cf104465669d95846a90b5297e90ec6538926288f8029c880e4d815fbc15aaac
7,famous_le_100m,9,0.5714285714285714,0.42857142857142855,8,osl_siamese_cnn,cf104465669d95846a90b5297e90ec6538926288f8029c880e4d815fbc15aaac
7,famous_le_100m,10,0.6428571428571429,0.42857142857142855,8,osl_siamese_cnn,cf104465669d95846a90b5297e90ec6538926288f8029c880e4d815fbc15aaac
7,famous_le_100m,11,0.7142857142857143,0.42857142857142855,8,osl_siamese_cnn,cf104465669d95846a90b5297e90ec6538926288f8029c880e4d815fbc15aaac
7,famous_le_100m,12,0.8571428571428571,0.42857142857142855,8,osl_siamese_cnn,cf104465669d95846a90b5297e90ec6538926288f8029c880e4d815fbc15aaac
7,famous_le_100m,13,0.8571428571428571,0.6428571428571429,8,osl_siamese_cnn,cf104465669d95846a90b5297e90ec6538926288f8029c880e4d815fbc15aaac
7,famous_le_100m,14,0.8571428571428571,0.7857142857142857,8,osl_siamese_cnn,cf104465669d95846a90b5297e90ec6538926288f8029c880e4d815fbc15aaac
7,famous_le_100m,15,0.9285714285714286,0.8571428571428571,8,osl_siamese_cnn,cf104465669d95846a90b5297e90ec6538926288f8029c880e4d815fbc15aaac
7,famous_le_100m,16,0.9285714285714286,0.8571428571428571,8,osl_siamese_cnn,cf104465669d95846a90b5297e90ec6538926288f8029c880e4d815fbc15aaac
7,famous_le_100m,17,0.9285714285714286,0.8571428571428571,8,osl_siamese_cnn,cf104465669d95846a90b5297e90ec6538926288f8029c880e4d815fbc15aaac
7,famous_le_100m,18,0.9285714285714286,0.9285714285714286,8,osl_siamese_cnn,cf104465669d95846a90b5297e90ec6538926288f8029c880e4d815fbc15aaac
7,famous_le_100m,19,0.9285714285714286,0.9285714285714286,8,osl_siamese_cnn,cf104465669d95846a90b5297e90ec6538926288f8029c880e4d815fbc15aaac
7,famous_le_100m,20,1.0,0.9285714285714286,8,osl_siamese_cnn,cf104465669d95846a90b5297e90ec6538926288f8029c880e4d815fbc15aaac
7,famous_le_100m,21,1.0,0.9285714285714286,8,osl_siamese_cnn,cf104465669d95846a90b5297e90ec6538926288f8029c880e4d815fbc15aaac
7,famous_le_100m,22,1.0,0.9285714285714286,8,osl_siamese_cnn,cf104465669d95846a90b5297e90ec6538926288f8029c880e4d815fbc15aaac
7,famous_le_100m,23,1.0,1.0,8,osl_siamese_cnn,cf104465669d95846a90b5297e90ec6538926288f8029c880e4d815fbc15aaac
8,torch_pretrained_classification,0,0.975,0.675,8,osl_siamese_cnn,be1572f2f5e863bc03ba9bc9486cf72b7ec5b7bcb3341b9bad15e338d6226028
8,famous_le_10m,0,1.0,0.8,8,osl_siamese_cnn,be1572f2f5e863bc03ba9bc9486cf72b7ec5b7bcb3341b9bad15e338d6226028
8,famous_le_10m,1,0.0,0.2,8,osl_siamese_cnn,be1572f2f5e863bc03ba9bc9486cf72b7ec5b7bcb3341b9bad15e338d6226028
8,famous_le_10m,2,0.0,0.2,8,osl_siamese_cnn,be1572f2f5e863bc03ba9bc9486cf72b7ec5b7bcb3341b9bad15e338d6226028
8,famous_le_10m,3,0.0,0.2,8,osl_siamese_cnn,be1572f2f5e863bc03ba9bc9486cf72b7ec5b7bcb3341b9bad15e338d6226028
8,famous_le_10m,4,0.0,0.0,8,osl_siamese_cnn,be1572f2f5e863bc03ba9bc9486cf72b7ec5b7bcb3341b9bad15e338d6226028
8,famous_le_10m,5,0.0,0.0,8,osl_siamese_cnn,be1572f2f5e863bc03ba9bc9486cf72b7ec5b7bcb3341b9bad15e338d6226028
8,famous_le_10m,6,0.0,0.0,8,osl_siamese_cnn,be1572f2f5e863bc03ba9bc9486cf72b7ec5b7bcb3341b9bad15e338d6226028
8,famous_le_10m,7,0.0,0.6,8,osl_siamese_cnn,be1572f2f5e863bc03ba9bc9486cf72b7ec5b7bcb3341b9bad15e338d6226028
8,famous_le_10m,8,0.2,0.0,8,osl_siamese_cnn,be1572f2f5e863bc03ba9bc9486cf72b7ec5b7bcb3341b9bad15e338d6226028
8,famous_le_10m,9,0.0,0.8,8,osl_siamese_cnn,be1572f2f5e863bc03ba9bc9486cf72b7ec5b7bcb3341b9bad15e338d6226028
8,famous_le_10m,10,0.0,0.6,8,osl_siamese_cnn,be1572f2f5e863bc03ba9bc9486cf72b7ec5b7bcb3341b9bad15e338d6226028
8,famous_le_10m,11,0.0,0.8,8,osl_siamese_cnn,be1572f2f5e863bc03ba9bc9486cf72b7ec5b7bcb3341b9bad15e338d6226028
8,famous_le_10m,12,0.0,0.6,8,osl_siamese_cnn,be1572f2f5e863bc03ba9bc9486cf72b7ec5b7bcb3341b9bad15e338d6226028
8,famous_le_10m,13,0.0,1.0,8,osl_siamese_cnn,be1572f2f5e863bc03ba9bc9486cf72b7ec5b7bcb3341b9bad15e338d6226028
8,famous_le_10m,14,0.0,0.8,8,osl_siamese_cnn,be1572f2f5e863bc03ba9bc9486cf72b7ec5b7bcb3341b9bad15e338d6226028
8,famous_le_10m,15,0.0,0.8,8,osl_siamese_cnn,be1572f2f5e863bc03ba9bc9486cf72b7ec5b7bcb3341b9bad15e338d6226028
8,famous_le_10m,16,0.0,1.0,8,osl_siamese_cnn,be1572f2f5e863bc03ba9bc9486cf72b7ec5b7bcb3341b9bad15e338d6226028
8,famous_le_10m,17,0.0,1.0,8,osl_siamese_cnn,be1572f2f5e863bc03ba9bc9486cf72b7ec5b7bcb3341b9bad15e338d6226028
8,famous_le_10m,18,0.0,1.0,8,osl_siamese_cnn,be1572f2f5e863bc03ba9bc9486cf72b7ec5b7bcb3341b9bad15e338d6226028
8,famous_le_10m,19,0.0,1.0,8,osl_siamese_cnn,be1572f2f5e863bc03ba9bc9486cf72b7ec5b7bcb3341b9bad15e338d6226028
8,famous_le_10m,20,0.0,1.0,8,osl_siamese_cnn,be1572f2f5e863bc03ba9bc9486cf72b7ec5b7bcb3341b9bad15e338d6226028
8,famous_le_10m,21,0.0,1.0,8,osl_siamese_cnn,be1572f2f5e863bc03ba9bc9486cf72b7ec5b7bcb3341b9bad15e338d6226028
8,famous_le_10m,22,0.0,1.0,8,osl_siamese_cnn,be1572f2f5e863bc03ba9bc9486cf72b7ec5b7bcb3341b9bad15e338d6226028
8,famous_le_10m,23,0.0,1.0,8,osl_siamese_cnn,be1572f2f5e863bc03ba9bc9486cf72b7ec5b7bcb3341b9bad15e338d6226028
8,famous_le_100m,0,1.0,0.9285714285714286,8,osl_siamese_cnn,be1572f2f5e863bc03ba9bc9486cf72b7ec5b7bcb3341b9bad15e338d6226028
8,famous_le_100m,1,0.0,0.07142857142857142,8,osl_siamese_cnn,be1572f2f5e863bc03ba9bc9486cf72b7ec5b7bcb3341b9bad15e338d6226028
8,famous_le_100m,2,0.0,0.07142857142857142,8,osl_siamese_cnn,be1572f2f5e863bc03ba9bc9486cf72b7ec5b7bcb3341b9bad15e338d6226028
8,famous_le_100m,3,0.0,0.07142857142857142,8,osl_siamese_cnn,be1572f2f5e863bc03ba9bc9486cf72b7ec5b7bcb3341b9bad15e338d6226028
8,famous_le_100m,4,0.0,0.07142857142857142,8,osl_siamese_cnn,be1572f2f5e863bc03ba9bc9486cf72b7ec5b7bcb3341b9bad15e338d6226028
8,famous_le_100m,5,0.0,0.07142857142857142,8,osl_siamese_cnn,be1572f2f5e863bc03ba9bc9486cf72b7ec5b7bcb3341b9bad15e338d6226028
8,famous_le_100m,6,0.0,0.07142857142857142,8,osl_siamese_cnn,be1572f2f5e863bc03ba9bc9486cf72b7ec5b7bcb3341b9bad15e338d6226028
8,famous_le_100m,7,0.42857142857142855,0.07142857142857142,8,osl_siamese_cnn,be1572f2f5e863bc03ba9bc9486cf72b7ec5b7bcb3341b9bad15e338d6226028
8,famous_le_100m,8,0.6428571428571429,0.42857142857142855,8,osl_siamese_cnn,be1572f2f5e863bc03ba9bc9486cf72b7ec5b7bcb3341b9bad15e338d6226028
8,famous_le_100m,9,0.6428571428571429,0.42857142857142855,8,osl_siamese_cnn,be1572f2f5e863bc03ba9bc9486cf72b7ec5b7bcb3341b9bad15e338d6226028
8,famous_le_100m,10,0.6428571428571429,0.42857142857142855,8,osl_siamese_cnn,be1572f2f5e863bc03ba9bc9486cf72b7ec5b7bcb3341b9bad15e338d6226028
8,famous_le_100m,11,0.7857142857142857,0.42857142857142855,8,osl_siamese_cnn,be1572f2f5e863bc03ba9bc9486cf72b7ec5b7bcb3341b9bad15e338d6226028
8,famous_le_100m,12,0.8571428571428571,0.6428571428571429,8,osl_siamese_cnn,be1572f2f5e863bc03ba9bc9486cf72b7ec5b7bcb3341b9bad15e338d6226028
8,famous_le_100m,13,0.8571428571428571,0.6428571428571429,8,osl_siamese_cnn,be1572f2f5e863bc03ba9bc9486cf72b7ec5b7bcb3341b9bad15e338d6226028
8,famous_le_100m,14,0.9285714285714286,0.6428571428571429,8,osl_siamese_cnn,be1572f2f5e863bc03ba9bc9486cf72b7ec5b7bcb3341b9bad15e338d6226028
8,famous_le_100m,15,0.9285714285714286,0.8571428571428571,8,osl_siamese_cnn,be1572f2f5e863bc03ba9bc9486cf72b7ec5b7bcb3341b9bad15e338d6226028
8,famous_le_100m,16,0.9285714285714286,0.7142857142857143,8,osl_siamese_cnn,be1572f2f5e863bc03ba9bc9486cf72b7ec5b7bcb3341b9bad15e338d6226028
8,famous_le_100m,17,0.9285714285714286,0.7142857142857143,8,osl_siamese_cnn,be1572f2f5e863bc03ba9bc9486cf72b7ec5b7bcb3341b9bad15e338d6226028
8,famous_le_100m,18,1.0,0.6428571428571429,8,osl_siamese_cnn,be1572f2f5e863bc03ba9bc9486cf72b7ec5b7bcb3341b9bad15e338d6226028
8,famous_le_100m,19,0.8571428571428571,0.6428571428571429,8,osl_siamese_cnn,be1572f2f5e863bc03ba9bc9486cf72b7ec5b7bcb3341b9bad15e338d6226028
8,famous_le_100m,20,0.7857142857142857,0.5,8,osl_siamese_cnn,be1572f2f5e863bc03ba9bc9486cf72b7ec5b7bcb3341b9bad15e338d6226028
8,famous_le_100m,21,0.7142857142857143,0.2857142857142857,8,osl_siamese_cnn,be1572f2f5e863bc03ba9bc9486cf72b7ec5b7bcb3341b9bad15e338d6226028
8,famous_le_100m,22,0.42857142857142855,0.2857142857142857,8,osl_siamese_cnn,be1572f2f5e863bc03ba9bc9486cf72b7ec5b7bcb3341b9bad15e338d6226028
8,famous_le_100m,23,0.0,0.7142857142857143,8,osl_siamese_cnn,be1572f2f5e863bc03ba9bc9486cf72b7ec5b7bcb3341b9bad15e338d6226028
9,torch_pretrained_classification,0,0.975,0.5375,8,osl_siamese_cnn,f77602cbc7d3c054330c9b51993233c5ff7888d2cc286e6f44c985ab82624e0c
9,famous_le_10m,0,1.0,0.6,8,osl_siamese_cnn,f77602cbc7d3c054330c9b51993233c5ff7888d2cc286e6f44c985ab82624e0c
9,famous_le_10m,1,0.0,0.6,8,osl_siamese_cnn,f77602cbc7d3c054330c9b51993233c5ff7888d2cc286e6f44c985ab82624e0c
9,famous_le_10m,2,0.0,0.8,8,osl_siamese_cnn,f77602cbc7d3c054330c9b51993233c5ff7888d2cc286e6f44c985ab82624e0c
9,famous_le_10m,3,0.0,0.8,8,osl_siamese_cnn,f77602cbc7d3c054330c9b51993233c5ff7888d2cc286e6f44c985ab82624e0c
9,famous_le_10m,4,0.0,1.0,8,osl_siamese_cnn,f77602cbc7d3c054330c9b51993233c5ff7888d2cc286e6f44c985ab82624e0c
9,famous_le_10m,5,0.0,1.0,8,osl_siamese_cnn,f77602cbc7d3c054330c9b51993233c5ff7888d2cc286e6f44c985ab82624e0c
9,famous_le_10m,6,0.0,1.0,8,osl_siamese_cnn,f77602cbc7d3c054330c9b51993233c5ff7888d2cc286e6f44c985ab82624e0c
9,famous_le_10m,7,0.4,1.0,8,osl_siamese_cnn,f77602cbc7d3c054330c9b51993233c5ff7888d2cc286e6f44c985ab82624e0c
9,famous_le_10m,8,1.0,1.0,8,osl_siamese_cnn,f77602cbc7d3c054330c9b51993233c5ff7888d2cc286e6f44c985ab82624e0c
9,famous_le_10m,9,1.0,1.0,8,osl_siamese_cnn,f77602cbc7d3c054330c9b51993233c5ff7888d2cc286e6f44c985ab82624e0c
9,famous_le_10m,10,1.0,1.0,8,osl_siamese_cnn,f77602cbc7d3c054330c9b51993233c5ff7888d2cc286e6f44c985ab82624e0c
9,famous_le_10m,11,1.0,1.0,8,osl_siamese_cnn,f77602cbc7d3c054330c9b51993233c5ff7888d2cc286e6f44c985ab82624e0c
9,famous_le_10m,12,1.0,1.0,8,osl_siamese_cnn,f77602cbc7d3c054330c9b51993233c5ff7888d2cc286e6f44c985ab82624e0c
9,famous_le_10m,13,1.0,1.0,8,osl_siamese_cnn,f77602cbc7d3c054330c9b51993233c5ff7888d2cc286e6f44c985ab82624e0c
9,famous_le_10m,14,1.0,1.0,8,osl_siamese_cnn,f77602cbc7d3c054330c9b51993233c5ff7888d2cc286e6f44c985ab82624e0c
9,famous_le_10m,15,1.0,1.0,8,osl_siamese_cnn,f77602cbc7d3c054330c9b51993233c5ff7888d2cc286e6f44c985ab82624e0c
9,famous_le_10m,16,1.0,1.0,8,osl_siamese_cnn,f77602cbc7d3c054330c9b51993233c5ff7888d2cc286e6f44c985ab82624e0c
9,famous_le_10m,17,1.0,1.0,8,osl_siamese_cnn,f77602cbc7d3c054330c9b51993233c5ff7888d2cc286e6f44c985ab82624e0c
9,famous_le_10m,18,1.0,1.0,8,osl_siamese_cnn,f77602cbc7d3c054330c9b51993233c5ff7888d2cc286e6f44c985ab82624e0c
9,famous_le_10m,19,1.0,1.0,8,osl_siamese_cnn,f77602cbc7d3c054330c9b51993233c5ff7888d2cc286e6f44c985ab82624e0c
9,famous_le_10m,20,1.0,1.0,8,osl_siamese_cnn,f77602cbc7d3c054330c9b51993233c5ff7888d2cc286e6f44c985ab82624e0c
9,famous_le_10m,21,1.0,1.0,8,osl_siamese_cnn,f77602cbc7d3c054330c9b51993233c5ff7888d2cc286e6f44c985ab82624e0c
9,famous_le_10m,22,1.0,1.0,8,osl_siamese_cnn,f77602cbc7d3c054330c9b51993233c5ff7888d2cc286e6f44c985ab82624e0c
9,famous_le_10m,23,1.0,1.0,8,osl_siamese_cnn,f77602cbc7d3c054330c9b51993233c5ff7888d2cc286e6f44c985ab82624e0c
9,famous_le_100m,0,1.0,0.5714285714285714,8,osl_siamese_cnn,f77602cbc7d3c054330c9b51993233c5ff7888d2cc286e6f44c985ab82624e0c
9,famous_le_100m,1,0.0,0.42857142857142855,8,osl_siamese_cnn,f77602cbc7d3c054330c9b51993233c5ff7888d2cc286e6f44c985ab82624e0c
9,famous_le_100m,2,0.0,0.42857142857142855,8,osl_siamese_cnn,f77602cbc7d3c054330c9b51993233c5ff7888d2cc286e6f44c985ab82624e0c
9,famous_le_100m,3,0.0,0.42857142857142855,8,osl_siamese_cnn,f77602cbc7d3c054330c9b51993233c5ff7888d2cc286e6f44c985ab82624e0c
9,famous_le_100m,4,0.0,0.5,8,osl_siamese_cnn,f77602cbc7d3c054330c9b51993233c5ff7888d2cc286e6f44c985ab82624e0c
9,famous_le_100m,5,0.0,0.7857142857142857,8,osl_siamese_cnn,f77602cbc7d3c054330c9b51993233c5ff7888d2cc286e6f44c985ab82624e0c
9,famous_le_100m,6,0.07142857142857142,0.7142857142857143,8,osl_siamese_cnn,f77602cbc7d3c054330c9b51993233c5ff7888d2cc286e6f44c985ab82624e0c
9,famous_le_100m,7,0.2857142857142857,0.8571428571428571,8,osl_siamese_cnn,f77602cbc7d3c054330c9b51993233c5ff7888d2cc286e6f44c985ab82624e0c
9,famous_le_100m,8,0.42857142857142855,0.8571428571428571,8,osl_siamese_cnn,f77602cbc7d3c054330c9b51993233c5ff7888d2cc286e6f44c985ab82624e0c
9,famous_le_100m,9,0.42857142857142855,0.8571428571428571,8,osl_siamese_cnn,f77602cbc7d3c054330c9b51993233c5ff7888d2cc286e6f44c985ab82624e0c
9,famous_le_100m,10,0.5714285714285714,0.8571428571428571,8,osl_siamese_cnn,f77602cbc7d3c054330c9b51993233c5ff7888d2cc286e6f44c985ab82624e0c
9,famous_le_100m,11,0.7142857142857143,0.9285714285714286,8,osl_siamese_cnn,f77602cbc7d3c054330c9b51993233c5ff7888d2cc286e6f44c985ab82624e0c
9,famous_le_100m,12,0.8571428571428571,0.9285714285714286,8,osl_siamese_cnn,f77602cbc7d3c054330c9b51993233c5ff7888d2cc286e6f44c985ab82624e0c
9,famous_le_100m,13,0.8571428571428571,0.9285714285714286,8,osl_siamese_cnn,f77602cbc7d3c054330c9b51993233c5ff7888d2cc286e6f44c985ab82624e0c
9,famous_le_100m,14,0.8571428571428571,0.9285714285714286,8,osl_siamese_cnn,f77602cbc7d3c054330c9b51993233c5ff7888d2cc286e6f44c985ab82624e0c
9,famous_le_100m,15,0.8571428571428571,0.9285714285714286,8,osl_siamese_cnn,f77602cbc7d3c054330c9b51993233c5ff7888d2cc286e6f44c985ab82624e0c
9,famous_le_100m,16,0.9285714285714286,1.0,8,osl_siamese_cnn,f77602cbc7d3c054330c9b51993233c5ff7888d2cc286e6f44c985ab82624e0c
9,famous_le_100m,17,0.9285714285714286,1.0,8,osl_siamese_cnn,f77602cbc7d3c054330c9b51993233c5ff7888d2cc286e6f44c985ab82624e0c
9,famous_le_100m,18,0.9285714285714286,1.0,8,osl_siamese_cnn,f77602cbc7d3c054330c9b51993233c5ff7888d2cc286e6f44c985ab82624e0c
9,famous_le_100m,19,0.9285714285714286,1.0,8,osl_siamese_cnn,f77602cbc7d3c054330c9b51993233c5ff7888d2cc286e6f44c985ab82624e0c
9,famous_le_100m,20,1.0,1.0,8,osl_siamese_cnn,f77602cbc7d3c054330c9b51993233c5ff7888d2cc286e6f44c985ab82624e0c
9,famous_le_100m,21,1.0,1.0,8,osl_siamese_cnn,f77602cbc7d3c054330c9b51993233c5ff7888d2cc286e6f44c985ab82624e0c
9,famous_le_100m,22,1.0,1.0,8,osl_siamese_cnn,f77602cbc7d3c054330c9b51993233c5ff7888d2cc286e6f44c985ab82624e0c
9,famous_le_100m,23,1.0,1.0,8,osl_siamese_cnn,f77602cbc7d3c054330c9b51993233c5ff7888d2cc286e6f44c985ab82624e0c
