run num,mc,lsb,test_acc_centroid,test_acc_nn,model_lsb,model_arch,model_sha256
0,torch_pretrained_classification,0,0.675,0.675,1,srnet,8a6560a44332b6d259ebdd2c0371a3c0167ef0ef6c91b5e9a798b2f97a941265
0,famous_le_10m,0,0.6,0.4,1,srnet,8a6560a44332b6d259ebdd2c0371a3c0167ef0ef6c91b5e9a798b2f97a941265
0,famous_le_10m,1,0.4,0.6,1,srnet,8a6560a44332b6d259ebdd2c0371a3c0167ef0ef6c91b5e9a798b2f97a941265
0,famous_le_10m,2,0.4,0.6,1,srnet,8a6560a44332b6d259ebdd2c0371a3c0167ef0ef6c91b5e9a798b2f97a941265
0,famous_le_10m,3,0.4,0.6,1,srnet,8a6560a44332b6d259ebdd2c0371a3c0167ef0ef6c91b5e9a798b2f97a941265
0,famous_le_10m,4,1.0,0.4,1,srnet,8a6560a44332b6d259ebdd2c0371a3c0167ef0ef6c91b5e9a798b2f97a941265
0,famous_le_10m,5,1.0,1.0,1,srnet,8a6560a44332b6d259ebdd2c0371a3c0167ef0ef6c91b5e9a798b2f97a941265
0,famous_le_10m,6,1.0,1.0,1,srnet,8a6560a44332b6d259ebdd2c0371a3c0167ef0ef6c91b5e9a798b2f97a941265
0,famous_le_10m,7,1.0,1.0,1,srnet,8a6560a44332b6d259ebdd2c0371a3c0167ef0ef6c91b5e9a798b2f97a941265
0,famous_le_10m,8,1.0,1.0,1,srnet,8a6560a44332b6d259ebdd2c0371a3c0167ef0ef6c91b5e9a798b2f97a941265
0,famous_le_10m,9,1.0,1.0,1,srnet,8a6560a44332b6d259ebdd2c0371a3c0167ef0ef6c91b5e9a798b2f97a941265
0,famous_le_10m,10,1.0,1.0,1,srnet,8a6560a44332b6d259ebdd2c0371a3c0167ef0ef6c91b5e9a798b2f97a941265
0,famous_le_10m,11,1.0,1.0,1,srnet,8a6560a44332b6d259ebdd2c0371a3c0167ef0ef6c91b5e9a798b2f97a941265
0,famous_le_10m,12,1.0,1.0,1,srnet,8a6560a44332b6d259ebdd2c0371a3c0167ef0ef6c91b5e9a798b2f97a941265
0,famous_le_10m,13,1.0,1.0,1,srnet,8a6560a44332b6d259ebdd2c0371a3c0167ef0ef6c91b5e9a798b2f97a941265
0,famous_le_10m,14,1.0,1.0,1,srnet,8a6560a44332b6d259ebdd2c0371a3c0167ef0ef6c91b5e9a798b2f97a941265
0,famous_le_10m,15,1.0,1.0,1,srnet,8a6560a44332b6d259ebdd2c0371a3c0167ef0ef6c91b5e9a798b2f97a941265
0,famous_le_10m,16,1.0,1.0,1,srnet,8a6560a44332b6d259ebdd2c0371a3c0167ef0ef6c91b5e9a798b2f97a941265
0,famous_le_10m,17,1.0,1.0,1,srnet,8a6560a44332b6d259ebdd2c0371a3c0167ef0ef6c91b5e9a798b2f97a941265
0,famous_le_10m,18,1.0,1.0,1,srnet,8a6560a44332b6d259ebdd2c0371a3c0167ef0ef6c91b5e9a798b2f97a941265
0,famous_le_10m,19,1.0,1.0,1,srnet,8a6560a44332b6d259ebdd2c0371a3c0167ef0ef6c91b5e9a798b2f97a941265
0,famous_le_10m,20,1.0,1.0,1,srnet,8a6560a44332b6d259ebdd2c0371a3c0167ef0ef6c91b5e9a798b2f97a941265
0,famous_le_10m,21,1.0,1.0,1,srnet,8a6560a44332b6d259ebdd2c0371a3c0167ef0ef6c91b5e9a798b2f97a941265
0,famous_le_10m,22,1.0,1.0,1,srnet,8a6560a44332b6d259ebdd2c0371a3c0167ef0ef6c91b5e9a798b2f97a941265
0,famous_le_10m,23,1.0,1.0,1,srnet,8a6560a44332b6d259ebdd2c0371a3c0167ef0ef6c91b5e9a798b2f97a941265
0,famous_le_100m,0,0.6428571428571429,0.6428571428571429,1,srnet,8a6560a44332b6d259ebdd2c0371a3c0167ef0ef6c91b5e9a798b2f97a941265
0,famous_le_100m,1,0.35714285714285715,0.35714285714285715,1,srnet,8a6560a44332b6d259ebdd2c0371a3c0167ef0ef6c91b5e9a798b2f97a941265
0,famous_le_100m,2,0.35714285714285715,0.2857142857142857,1,srnet,8a6560a44332b6d259ebdd2c0371a3c0167ef0ef6c91b5e9a798b2f97a941265
0,famous_le_100m,3,0.35714285714285715,0.2857142857142857,1,srnet,8a6560a44332b6d259ebdd2c0371a3c0167ef0ef6c91b5e9a798b2f97a941265
0,famous_le_100m,4,0.35714285714285715,0.42857142857142855,1,srnet,8a6560a44332b6d259ebdd2c0371a3c0167ef0ef6c91b5e9a798b2f97a941265
0,famous_le_100m,5,0.6428571428571429,0.6428571428571429,1,srnet,8a6560a44332b6d259ebdd2c0371a3c0167ef0ef6c91b5e9a798b2f97a941265
0,famous_le_100m,6,0.7142857142857143,0.7857142857142857,1,srnet,8a6560a44332b6d259ebdd2c0371a3c0167ef0ef6c91b5e9a798b2f97a941265
0,famous_le_100m,7,0.8571428571428571,0.9285714285714286,1,srnet,8a6560a44332b6d259ebdd2c0371a3c0167ef0ef6c91b5e9a798b2f97a941265
0,famous_le_100m,8,0.8571428571428571,1.0,1,srnet,8a6560a44332b6d259ebdd2c0371a3c0167ef0ef6c91b5e9a798b2f97a941265
0,famous_le_100m,9,0.9285714285714286,0.9285714285714286,1,srnet,8a6560a44332b6d259ebdd2c0371a3c0167ef0ef6c91b5e9a798b2f97a941265
0,famous_le_100m,10,0.9285714285714286,0.9285714285714286,1,srnet,8a6560a44332b6d259ebdd2c0371a3c0167ef0ef6c91b5e9a798b2f97a941265
0,famous_le_100m,11,0.9285714285714286,0.9285714285714286,1,srnet,8a6560a44332b6d259ebdd2c0371a3c0167ef0ef6c91b5e9a798b2f97a941265
0,famous_le_100m,12,0.9285714285714286,0.9285714285714286,1,srnet,8a6560a44332b6d259ebdd2c0371a3c0167ef0ef6c91b5e9a798b2f97a941265
0,famous_le_100m,13,1.0,1.0,1,srnet,8a6560a44332b6d259ebdd2c0371a3c0167ef0ef6c91b5e9a798b2f97a941265
0,famous_le_100m,14,1.0,1.0,1,srnet,8a6560a44332b6d259ebdd2c0371a3c0167ef0ef6c91b5e9a798b2f97a941265
0,famous_le_100m,15,1.0,1.0,1,srnet,8a6560a44332b6d259ebdd2c0371a3c0167ef0ef6c91b5e9a798b2f97a941265
0,famous_le_100m,16,1.0,1.0,1,srnet,8a6560a44332b6d259ebdd2c0371a3c0167ef0ef6c91b5e9a798b2f97a941265
0,famous_le_100m,17,1.0,1.0,1,srnet,8a6560a44332b6d259ebdd2c0371a3c0167ef0ef6c91b5e9a798b2f97a941265
0,famous_le_100m,18,1.0,1.0,1,srnet,8a6560a44332b6d259ebdd2c0371a3c0167ef0ef6c91b5e9a798b2f97a941265
0,famous_le_100m,19,1.0,1.0,1,srnet,8a6560a44332b6d259ebdd2c0371a3c0167ef0ef6c91b5e9a798b2f97a941265
0,famous_le_100m,20,1.0,1.0,1,srnet,8a6560a44332b6d259ebdd2c0371a3c0167ef0ef6c91b5e9a798b2f97a941265
0,famous_le_100m,21,1.0,1.0,1,srnet,8a6560a44332b6d259ebdd2c0371a3c0167ef0ef6c91b5e9a798b2f97a941265
0,famous_le_100m,22,1.0,1.0,1,srnet,8a6560a44332b6d259ebdd2c0371a3c0167ef0ef6c91b5e9a798b2f97a941265
0,famous_le_100m,23,1.0,1.0,1,srnet,8a6560a44332b6d259ebdd2c0371a3c0167ef0ef6c91b5e9a798b2f97a941265
1,torch_pretrained_classification,0,0.7,0.65,1,srnet,aec297802dd9e51deb68bb316babc285adc45440441f075bb43354dcd8e75f98
1,famous_le_10m,0,0.4,0.4,1,srnet,aec297802dd9e51deb68bb316babc285adc45440441f075bb43354dcd8e75f98
1,famous_le_10m,1,0.6,0.6,1,srnet,aec297802dd9e51deb68bb316babc285adc45440441f075bb43354dcd8e75f98
1,famous_le_10m,2,0.6,0.6,1,srnet,aec297802dd9e51deb68bb316babc285adc45440441f075bb43354dcd8e75f98
1,famous_le_10m,3,0.6,0.6,1,srnet,aec297802dd9e51deb68bb316babc285adc45440441f075bb43354dcd8e75f98
1,famous_le_10m,4,1.0,1.0,1,srnet,aec297802dd9e51deb68bb316babc285adc45440441f075bb43354dcd8e75f98
1,famous_le_10m,5,1.0,1.0,1,srnet,aec297802dd9e51deb68bb316babc285adc45440441f075bb43354dcd8e75f98
1,famous_le_10m,6,1.0,1.0,1,srnet,aec297802dd9e51deb68bb316babc285adc45440441f075bb43354dcd8e75f98
1,famous_le_10m,7,1.0,1.0,1,srnet,aec297802dd9e51deb68bb316babc285adc45440441f075bb43354dcd8e75f98
1,famous_le_10m,8,1.0,1.0,1,srnet,aec297802dd9e51deb68bb316babc285adc45440441f075bb43354dcd8e75f98
1,famous_le_10m,9,1.0,1.0,1,srnet,aec297802dd9e51deb68bb316babc285adc45440441f075bb43354dcd8e75f98
1,famous_le_10m,10,1.0,1.0,1,srnet,aec297802dd9e51deb68bb316babc285adc45440441f075bb43354dcd8e75f98
1,famous_le_10m,11,1.0,1.0,1,srnet,aec297802dd9e51deb68bb316babc285adc45440441f075bb43354dcd8e75f98
1,famous_le_10m,12,1.0,1.0,1,srnet,aec297802dd9e51deb68bb316babc285adc45440441f075bb43354dcd8e75f98
1,famous_le_10m,13,1.0,1.0,1,srnet,aec297802dd9e51deb68bb316babc285adc45440441f075bb43354dcd8e75f98
1,famous_le_10m,14,1.0,1.0,1,srnet,aec297802dd9e51deb68bb316babc285adc45440441f075bb43354dcd8e75f98
1,famous_le_10m,15,1.0,1.0,1,srnet,aec297802dd9e51deb68bb316babc285adc45440441f075bb43354dcd8e75f98
1,famous_le_10m,16,1.0,1.0,1,srnet,aec297802dd9e51deb68bb316babc285adc45440441f075bb43354dcd8e75f98
1,famous_le_10m,17,1.0,1.0,1,srnet,aec297802dd9e51deb68bb316babc285adc45440441f075bb43354dcd8e75f98
1,famous_le_10m,18,1.0,1.0,1,srnet,aec297802dd9e51deb68bb316babc285adc45440441f075bb43354dcd8e75f98
1,famous_le_10m,19,1.0,1.0,1,srnet,aec297802dd9e51deb68bb316babc285adc45440441f075bb43354dcd8e75f98
1,famous_le_10m,20,1.0,1.0,1,srnet,aec297802dd9e51deb68bb316babc285adc45440441f075bb43354dcd8e75f98
1,famous_le_10m,21,1.0,1.0,1,srnet,aec297802dd9e51deb68bb316babc285adc45440441f075bb43354dcd8e75f98
1,famous_le_10m,22,1.0,1.0,1,srnet,aec297802dd9e51deb68bb316babc285adc45440441f075bb43354dcd8e75f98
1,famous_le_10m,23,1.0,1.0,1,srnet,aec297802dd9e51deb68bb316babc285adc45440441f075bb43354dcd8e75f98
1,famous_le_100m,0,0.6428571428571429,0.6428571428571429,1,srnet,aec297802dd9e51deb68bb316babc285adc45440441f075bb43354dcd8e75f98
1,famous_le_100m,1,0.35714285714285715,0.35714285714285715,1,srnet,aec297802dd9e51deb68bb316babc285adc45440441f075bb43354dcd8e75f98
1,famous_le_100m,2,0.2857142857142857,0.35714285714285715,1,srnet,aec297802dd9e51deb68bb316babc285adc45440441f075bb43354dcd8e75f98
1,famous_le_100m,3,0.2857142857142857,0.2857142857142857,1,srnet,aec297802dd9e51deb68bb316babc285adc45440441f075bb43354dcd8e75f98
1,famous_le_100m,4,0.35714285714285715,0.42857142857142855,1,srnet,aec297802dd9e51deb68bb316babc285adc45440441f075bb43354dcd8e75f98
1,famous_le_100m,5,0.6428571428571429,0.6428571428571429,1,srnet,aec297802dd9e51deb68bb316babc285adc45440441f075bb43354dcd8e75f98
1,famous_le_100m,6,0.7142857142857143,0.7857142857142857,1,srnet,aec297802dd9e51deb68bb316babc285adc45440441f075bb43354dcd8e75f98
1,famous_le_100m,7,0.8571428571428571,0.9285714285714286,1,srnet,aec297802dd9e51deb68bb316babc285adc45440441f075bb43354dcd8e75f98
1,famous_le_100m,8,0.8571428571428571,0.9285714285714286,1,srnet,aec297802dd9e51deb68bb316babc285adc45440441f075bb43354dcd8e75f98
1,famous_le_100m,9,0.9285714285714286,0.9285714285714286,1,srnet,aec297802dd9e51deb68bb316babc285adc45440441f075bb43354dcd8e75f98
1,famous_le_100m,10,0.9285714285714286,0.9285714285714286,1,srnet,aec297802dd9e51deb68bb316babc285adc45440441f075bb43354dcd8e75f98
1,famous_le_100m,11,0.9285714285714286,0.9285714285714286,1,srnet,aec297802dd9e51deb68bb316babc285adc45440441f075bb43354dcd8e75f98
1,famous_le_100m,12,0.9285714285714286,0.9285714285714286,1,srnet,aec297802dd9e51deb68bb316babc285adc45440441f075bb43354dcd8e75f98
1,famous_le_100m,13,1.0,1.0,1,srnet,aec297802dd9e51deb68bb316babc285adc45440441f075bb43354dcd8e75f98
1,famous_le_100m,14,1.0,1.0,1,srnet,aec297802dd9e51deb68bb316babc285adc45440441f075bb43354dcd8e75f98
1,famous_le_100m,15,1.0,1.0,1,srnet,aec297802dd9e51deb68bb316babc285adc45440441f075bb43354dcd8e75f98
1,famous_le_100m,16,1.0,1.0,1,srnet,aec297802dd9e51deb68bb316babc285adc45440441f075bb43354dcd8e75f98
1,famous_le_100m,17,1.0,1.0,1,srnet,aec297802dd9e51deb68bb316babc285adc45440441f075bb43354dcd8e75f98
1,famous_le_100m,18,1.0,1.0,1,srnet,aec297802dd9e51deb68bb316babc285adc45440441f075bb43354dcd8e75f98
1,famous_le_100m,19,1.0,1.0,1,srnet,aec297802dd9e51deb68bb316babc285adc45440441f075bb43354dcd8e75f98
1,famous_le_100m,20,1.0,1.0,1,srnet,aec297802dd9e51deb68bb316babc285adc45440441f075bb43354dcd8e75f98
1,famous_le_100m,21,1.0,1.0,1,srnet,aec297802dd9e51deb68bb316babc285adc45440441f075bb43354dcd8e75f98
1,famous_le_100m,22,1.0,1.0,1,srnet,aec297802dd9e51deb68bb316babc285adc45440441f075bb43354dcd8e75f98
1,famous_le_100m,23,1.0,1.0,1,srnet,aec297802dd9e51deb68bb316babc285adc45440441f075bb43354dcd8e75f98
2,torch_pretrained_classification,0,0.5875,0.4375,1,srnet,d987756c0d89c9c79f73598a971b09a7dc00cf5db2043c96739001cadcf4b47c
2,famous_le_10m,0,0.4,0.6,1,srnet,d987756c0d89c9c79f73598a971b09a7dc00cf5db2043c96739001cadcf4b47c
2,famous_le_10m,1,0.6,0.6,1,srnet,d987756c0d89c9c79f73598a971b09a7dc00cf5db2043c96739001cadcf4b47c
2,famous_le_10m,2,0.6,0.8,1,srnet,d987756c0d89c9c79f73598a971b09a7dc00cf5db2043c96739001cadcf4b47c
2,famous_le_10m,3,0.8,0.8,1,srnet,d987756c0d89c9c79f73598a971b09a7dc00cf5db2043c96739001cadcf4b47c
2,famous_le_10m,4,1.0,1.0,1,srnet,d987756c0d89c9c79f73598a971b09a7dc00cf5db2043c96739001cadcf4b47c
2,famous_le_10m,5,1.0,1.0,1,srnet,d987756c0d89c9c79f73598a971b09a7dc00cf5db2043c96739001cadcf4b47c
2,famous_le_10m,6,1.0,1.0,1,srnet,d987756c0d89c9c79f73598a971b09a7dc00cf5db2043c96739001cadcf4b47c
2,famous_le_10m,7,1.0,1.0,1,srnet,d987756c0d89c9c79f73598a971b09a7dc00cf5db2043c96739001cadcf4b47c
2,famous_le_10m,8,1.0,1.0,1,srnet,d987756c0d89c9c79f73598a971b09a7dc00cf5db2043c96739001cadcf4b47c
2,famous_le_10m,9,1.0,1.0,1,srnet,d987756c0d89c9c79f73598a971b09a7dc00cf5db2043c96739001cadcf4b47c
2,famous_le_10m,10,1.0,1.0,1,srnet,d987756c0d89c9c79f73598a971b09a7dc00cf5db2043c96739001cadcf4b47c
2,famous_le_10m,11,1.0,1.0,1,srnet,d987756c0d89c9c79f73598a971b09a7dc00cf5db2043c96739001cadcf4b47c
2,famous_le_10m,12,1.0,1.0,1,srnet,d987756c0d89c9c79f73598a971b09a7dc00cf5db2043c96739001cadcf4b47c
2,famous_le_10m,13,1.0,1.0,1,srnet,d987756c0d89c9c79f73598a971b09a7dc00cf5db2043c96739001cadcf4b47c
2,famous_le_10m,14,1.0,1.0,1,srnet,d987756c0d89c9c79f73598a971b09a7dc00cf5db2043c96739001cadcf4b47c
2,famous_le_10m,15,1.0,1.0,1,srnet,d987756c0d89c9c79f73598a971b09a7dc00cf5db2043c96739001cadcf4b47c
2,famous_le_10m,16,1.0,1.0,1,srnet,d987756c0d89c9c79f73598a971b09a7dc00cf5db2043c96739001cadcf4b47c
2,famous_le_10m,17,1.0,1.0,1,srnet,d987756c0d89c9c79f73598a971b09a7dc00cf5db2043c96739001cadcf4b47c
2,famous_le_10m,18,1.0,1.0,1,srnet,d987756c0d89c9c79f73598a971b09a7dc00cf5db2043c96739001cadcf4b47c
2,famous_le_10m,19,1.0,1.0,1,srnet,d987756c0d89c9c79f73598a971b09a7dc00cf5db2043c96739001cadcf4b47c
2,famous_le_10m,20,1.0,1.0,1,srnet,d987756c0d89c9c79f73598a971b09a7dc00cf5db2043c96739001cadcf4b47c
2,famous_le_10m,21,1.0,1.0,1,srnet,d987756c0d89c9c79f73598a971b09a7dc00cf5db2043c96739001cadcf4b47c
2,famous_le_10m,22,1.0,1.0,1,srnet,d987756c0d89c9c79f73598a971b09a7dc00cf5db2043c96739001cadcf4b47c
2,famous_le_10m,23,1.0,1.0,1,srnet,d987756c0d89c9c79f73598a971b09a7dc00cf5db2043c96739001cadcf4b47c
2,famous_le_100m,0,0.5714285714285714,0.5,1,srnet,d987756c0d89c9c79f73598a971b09a7dc00cf5db2043c96739001cadcf4b47c
2,famous_le_100m,1,0.42857142857142855,0.5,1,srnet,d987756c0d89c9c79f73598a971b09a7dc00cf5db2043c96739001cadcf4b47c
2,famous_le_100m,2,0.42857142857142855,0.5,1,srnet,d987756c0d89c9c79f73598a971b09a7dc00cf5db2043c96739001cadcf4b47c
2,famous_le_100m,3,0.42857142857142855,0.5714285714285714,1,srnet,d987756c0d89c9c79f73598a971b09a7dc00cf5db2043c96739001cadcf4b47c
2,famous_le_100m,4,0.6428571428571429,0.7142857142857143,1,srnet,d987756c0d89c9c79f73598a971b09a7dc00cf5db2043c96739001cadcf4b47c
2,famous_le_100m,5,0.7142857142857143,0.7142857142857143,1,srnet,d987756c0d89c9c79f73598a971b09a7dc00cf5db2043c96739001cadcf4b47c
2,famous_le_100m,6,0.8571428571428571,0.8571428571428571,1,srnet,d987756c0d89c9c79f73598a971b09a7dc00cf5db2043c96739001cadcf4b47c
2,famous_le_100m,7,0.9285714285714286,0.9285714285714286,1,srnet,d987756c0d89c9c79f73598a971b09a7dc00cf5db2043c96739001cadcf4b47c
2,famous_le_100m,8,0.8571428571428571,0.9285714285714286,1,srnet,d987756c0d89c9c79f73598a971b09a7dc00cf5db2043c96739001cadcf4b47c
2,famous_le_100m,9,0.9285714285714286,0.9285714285714286,1,srnet,d987756c0d89c9c79f73598a971b09a7dc00cf5db2043c96739001cadcf4b47c
2,famous_le_100m,10,0.9285714285714286,0.9285714285714286,1,srnet,d987756c0d89c9c79f73598a971b09a7dc00cf5db2043c96739001cadcf4b47c
2,famous_le_100m,11,0.9285714285714286,0.9285714285714286,1,srnet,d987756c0d89c9c79f73598a971b09a7dc00cf5db2043c96739001cadcf4b47c
2,famous_le_100m,12,0.9285714285714286,0.9285714285714286,1,srnet,d987756c0d89c9c79f73598a971b09a7dc00cf5db2043c96739001cadcf4b47c
2,famous_le_100m,13,1.0,1.0,1,srnet,d987756c0d89c9c79f73598a971b09a7dc00cf5db2043c96739001cadcf4b47c
2,famous_le_100m,14,1.0,1.0,1,srnet,d987756c0d89c9c79f73598a971b09a7dc00cf5db2043c96739001cadcf4b47c
2,famous_le_100m,15,1.0,1.0,1,srnet,d987756c0d89c9c79f73598a971b09a7dc00cf5db2043c96739001cadcf4b47c
2,famous_le_100m,16,1.0,1.0,1,srnet,d987756c0d89c9c79f73598a971b09a7dc00cf5db2043c96739001cadcf4b47c
2,famous_le_100m,17,1.0,1.0,1,srnet,d987756c0d89c9c79f73598a971b09a7dc00cf5db2043c96739001cadcf4b47c
2,famous_le_100m,18,1.0,1.0,1,srnet,d987756c0d89c9c79f73598a971b09a7dc00cf5db2043c96739001cadcf4b47c
2,famous_le_100m,19,1.0,1.0,1,srnet,d987756c0d89c9c79f73598a971b09a7dc00cf5db2043c96739001cadcf4b47c
2,famous_le_100m,20,1.0,1.0,1,srnet,d987756c0d89c9c79f73598a971b09a7dc00cf5db2043c96739001cadcf4b47c
2,famous_le_100m,21,1.0,1.0,1,srnet,d987756c0d89c9c79f73598a971b09a7dc00cf5db2043c96739001cadcf4b47c
2,famous_le_100m,22,1.0,1.0,1,srnet,d987756c0d89c9c79f73598a971b09a7dc00cf5db2043c96739001cadcf4b47c
2,famous_le_100m,23,1.0,1.0,1,srnet,d987756c0d89c9c79f73598a971b09a7dc00cf5db2043c96739001cadcf4b47c
3,torch_pretrained_classification,0,0.6125,0.5,1,srnet,0bfd70dc75ac0a79b36ec92203856b61e51de2a91195c896c742782a33e26d31
3,famous_le_10m,0,0.8,0.6,1,srnet,0bfd70dc75ac0a79b36ec92203856b61e51de2a91195c896c742782a33e26d31
3,famous_le_10m,1,0.2,0.2,1,srnet,0bfd70dc75ac0a79b36ec92203856b61e51de2a91195c896c742782a33e26d31
3,famous_le_10m,2,0.6,0.2,1,srnet,0bfd70dc75ac0a79b36ec92203856b61e51de2a91195c896c742782a33e26d31
3,famous_le_10m,3,0.6,0.6,1,srnet,0bfd70dc75ac0a79b36ec92203856b61e51de2a91195c896c742782a33e26d31
3,famous_le_10m,4,0.8,0.6,1,srnet,0bfd70dc75ac0a79b36ec92203856b61e51de2a91195c896c742782a33e26d31
3,famous_le_10m,5,1.0,1.0,1,srnet,0bfd70dc75ac0a79b36ec92203856b61e51de2a91195c896c742782a33e26d31
3,famous_le_10m,6,1.0,1.0,1,srnet,0bfd70dc75ac0a79b36ec92203856b61e51de2a91195c896c742782a33e26d31
3,famous_le_10m,7,1.0,1.0,1,srnet,0bfd70dc75ac0a79b36ec92203856b61e51de2a91195c896c742782a33e26d31
3,famous_le_10m,8,1.0,1.0,1,srnet,0bfd70dc75ac0a79b36ec92203856b61e51de2a91195c896c742782a33e26d31
3,famous_le_10m,9,1.0,1.0,1,srnet,0bfd70dc75ac0a79b36ec92203856b61e51de2a91195c896c742782a33e26d31
3,famous_le_10m,10,1.0,1.0,1,srnet,0bfd70dc75ac0a79b36ec92203856b61e51de2a91195c896c742782a33e26d31
3,famous_le_10m,11,1.0,1.0,1,srnet,0bfd70dc75ac0a79b36ec92203856b61e51de2a91195c896c742782a33e26d31
3,famous_le_10m,12,1.0,1.0,1,srnet,0bfd70dc75ac0a79b36ec92203856b61e51de2a91195c896c742782a33e26d31
3,famous_le_10m,13,1.0,1.0,1,srnet,0bfd70dc75ac0a79b36ec92203856b61e51de2a91195c896c742782a33e26d31
3,famous_le_10m,14,1.0,1.0,1,srnet,0bfd70dc75ac0a79b36ec92203856b61e51de2a91195c896c742782a33e26d31
3,famous_le_10m,15,1.0,1.0,1,srnet,0bfd70dc75ac0a79b36ec92203856b61e51de2a91195c896c742782a33e26d31
3,famous_le_10m,16,1.0,1.0,1,srnet,0bfd70dc75ac0a79b36ec92203856b61e51de2a91195c896c742782a33e26d31
3,famous_le_10m,17,1.0,1.0,1,srnet,0bfd70dc75ac0a79b36ec92203856b61e51de2a91195c896c742782a33e26d31
3,famous_le_10m,18,1.0,1.0,1,srnet,0bfd70dc75ac0a79b36ec92203856b61e51de2a91195c896c742782a33e26d31
3,famous_le_10m,19,1.0,1.0,1,srnet,0bfd70dc75ac0a79b36ec92203856b61e51de2a91195c896c742782a33e26d31
3,famous_le_10m,20,1.0,1.0,1,srnet,0bfd70dc75ac0a79b36ec92203856b61e51de2a91195c896c742782a33e26d31
3,famous_le_10m,21,1.0,1.0,1,srnet,0bfd70dc75ac0a79b36ec92203856b61e51de2a91195c896c742782a33e26d31
3,famous_le_10m,22,1.0,1.0,1,srnet,0bfd70dc75ac0a79b36ec92203856b61e51de2a91195c896c742782a33e26d31
3,famous_le_10m,23,1.0,1.0,1,srnet,0bfd70dc75ac0a79b36ec92203856b61e51de2a91195c896c742782a33e26d31
3,famous_le_100m,0,0.6428571428571429,0.42857142857142855,1,srnet,0bfd70dc75ac0a79b36ec92203856b61e51de2a91195c896c742782a33e26d31
3,famous_le_100m,1,0.35714285714285715,0.5714285714285714,1,srnet,0bfd70dc75ac0a79b36ec92203856b61e51de2a91195c896c742782a33e26d31
3,famous_le_100m,2,0.35714285714285715,0.5714285714285714,1,srnet,0bfd70dc75ac0a79b36ec92203856b61e51de2a91195c896c742782a33e26d31
3,famous_le_100m,3,0.35714285714285715,0.5714285714285714,1,srnet,0bfd70dc75ac0a79b36ec92203856b61e51de2a91195c896c742782a33e26d31
3,famous_le_100m,4,0.5,0.7142857142857143,1,srnet,0bfd70dc75ac0a79b36ec92203856b61e51de2a91195c896c742782a33e26d31
3,famous_le_100m,5,0.6428571428571429,0.7857142857142857,1,srnet,0bfd70dc75ac0a79b36ec92203856b61e51de2a91195c896c742782a33e26d31
3,famous_le_100m,6,0.8571428571428571,0.8571428571428571,1,srnet,0bfd70dc75ac0a79b36ec92203856b61e51de2a91195c896c742782a33e26d31
3,famous_le_100m,7,0.9285714285714286,0.9285714285714286,1,srnet,0bfd70dc75ac0a79b36ec92203856b61e51de2a91195c896c742782a33e26d31
3,famous_le_100m,8,0.9285714285714286,0.9285714285714286,1,srnet,0bfd70dc75ac0a79b36ec92203856b61e51de2a91195c896c742782a33e26d31
3,famous_le_100m,9,0.9285714285714286,0.9285714285714286,1,srnet,0bfd70dc75ac0a79b36ec92203856b61e51de2a91195c896c742782a33e26d31
3,famous_le_100m,10,0.9285714285714286,0.9285714285714286,1,srnet,0bfd70dc75ac0a79b36ec92203856b61e51de2a91195c896c742782a33e26d31
3,famous_le_100m,11,0.9285714285714286,0.9285714285714286,1,srnet,0bfd70dc75ac0a79b36ec92203856b61e51de2a91195c896c742782a33e26d31
3,famous_le_100m,12,0.9285714285714286,0.9285714285714286,1,srnet,0bfd70dc75ac0a79b36ec92203856b61e51de2a91195c896c742782a33e26d31
3,famous_le_100m,13,1.0,1.0,1,srnet,0bfd70dc75ac0a79b36ec92203856b61e51de2a91195c896c742782a33e26d31
3,famous_le_100m,14,1.0,1.0,1,srnet,0bfd70dc75ac0a79b36ec92203856b61e51de2a91195c896c742782a33e26d31
3,famous_le_100m,15,1.0,1.0,1,srnet,0bfd70dc75ac0a79b36ec92203856b61e51de2a91195c896c742782a33e26d31
3,famous_le_100m,16,1.0,1.0,1,srnet,0bfd70dc75ac0a79b36ec92203856b61e51de2a91195c896c742782a33e26d31
3,famous_le_100m,17,1.0,1.0,1,srnet,0bfd70dc75ac0a79b36ec92203856b61e51de2a91195c896c742782a33e26d31
3,famous_le_100m,18,1.0,1.0,1,srnet,0bfd70dc75ac0a79b36ec92203856b61e51de2a91195c896c742782a33e26d31
3,famous_le_100m,19,1.0,1.0,1,srnet,0bfd70dc75ac0a79b36ec92203856b61e51de2a91195c896c742782a33e26d31
3,famous_le_100m,20,1.0,1.0,1,srnet,0bfd70dc75ac0a79b36ec92203856b61e51de2a91195c896c742782a33e26d31
3,famous_le_100m,21,1.0,1.0,1,srnet,0bfd70dc75ac0a79b36ec92203856b61e51de2a91195c896c742782a33e26d31
3,famous_le_100m,22,1.0,1.0,1,srnet,0bfd70dc75ac0a79b36ec92203856b61e51de2a91195c896c742782a33e26d31
3,famous_le_100m,23,1.0,1.0,1,srnet,0bfd70dc75ac0a79b36ec92203856b61e51de2a91195c896c742782a33e26d31
4,torch_pretrained_classification,0,0.7125,0.7625,1,srnet,2c766033cffb7e268306d0d6543dcb64c4073654d2e54e15d7f46bafcf55444d
4,famous_le_10m,0,0.8,0.8,1,srnet,2c766033cffb7e268306d0d6543dcb64c4073654d2e54e15d7f46bafcf55444d
4,famous_le_10m,1,0.2,0.2,1,srnet,2c766033cffb7e268306d0d6543dcb64c4073654d2e54e15d7f46bafcf55444d
4,famous_le_10m,2,0.2,0.2,1,srnet,2c766033cffb7e268306d0d6543dcb64c4073654d2e54e15d7f46bafcf55444d
4,famous_le_10m,3,0.2,0.2,1,srnet,2c766033cffb7e268306d0d6543dcb64c4073654d2e54e15d7f46bafcf55444d
4,famous_le_10m,4,1.0,0.8,1,srnet,2c766033cffb7e268306d0d6543dcb64c4073654d2e54e15d7f46bafcf55444d
4,famous_le_10m,5,1.0,1.0,1,srnet,2c766033cffb7e268306d0d6543dcb64c4073654d2e54e15d7f46bafcf55444d
4,famous_le_10m,6,1.0,1.0,1,srnet,2c766033cffb7e268306d0d6543dcb64c4073654d2e54e15d7f46bafcf55444d
4,famous_le_10m,7,1.0,1.0,1,srnet,2c766033cffb7e268306d0d6543dcb64c4073654d2e54e15d7f46bafcf55444d
4,famous_le_10m,8,1.0,1.0,1,srnet,2c766033cffb7e268306d0d6543dcb64c4073654d2e54e15d7f46bafcf55444d
4,famous_le_10m,9,1.0,1.0,1,srnet,2c766033cffb7e268306d0d6543dcb64c4073654d2e54e15d7f46bafcf55444d
4,famous_le_10m,10,1.0,1.0,1,srnet,2c766033cffb7e268306d0d6543dcb64c4073654d2e54e15d7f46bafcf55444d
4,famous_le_10m,11,1.0,1.0,1,srnet,2c766033cffb7e268306d0d6543dcb64c4073654d2e54e15d7f46bafcf55444d
4,famous_le_10m,12,1.0,1.0,1,srnet,2c766033cffb7e268306d0d6543dcb64c4073654d2e54e15d7f46bafcf55444d
4,famous_le_10m,13,1.0,1.0,1,srnet,2c766033cffb7e268306d0d6543dcb64c4073654d2e54e15d7f46bafcf55444d
4,famous_le_10m,14,1.0,1.0,1,srnet,2c766033cffb7e268306d0d6543dcb64c4073654d2e54e15d7f46bafcf55444d
4,famous_le_10m,15,1.0,1.0,1,srnet,2c766033cffb7e268306d0d6543dcb64c4073654d2e54e15d7f46bafcf55444d
4,famous_le_10m,16,1.0,1.0,1,srnet,2c766033cffb7e268306d0d6543dcb64c4073654d2e54e15d7f46bafcf55444d
4,famous_le_10m,17,1.0,1.0,1,srnet,2c766033cffb7e268306d0d6543dcb64c4073654d2e54e15d7f46bafcf55444d
4,famous_le_10m,18,1.0,1.0,1,srnet,2c766033cffb7e268306d0d6543dcb64c4073654d2e54e15d7f46bafcf55444d
4,famous_le_10m,19,1.0,1.0,1,srnet,2c766033cffb7e268306d0d6543dcb64c4073654d2e54e15d7f46bafcf55444d
4,famous_le_10m,20,1.0,1.0,1,srnet,2c766033cffb7e268306d0d6543dcb64c4073654d2e54e15d7f46bafcf55444d
4,famous_le_10m,21,1.0,1.0,1,srnet,2c766033cffb7e268306d0d6543dcb64c4073654d2e54e15d7f46bafcf55444d
4,famous_le_10m,22,1.0,1.0,1,srnet,2c766033cffb7e268306d0d6543dcb64c4073654d2e54e15d7f46bafcf55444d
4,famous_le_10m,23,1.0,1.0,1,srnet,2c766033cffb7e268306d0d6543dcb64c4073654d2e54e15d7f46bafcf55444d
4,famous_le_100m,0,0.6428571428571429,0.6428571428571429,1,srnet,2c766033cffb7e268306d0d6543dcb64c4073654d2e54e15d7f46bafcf55444d
4,famous_le_100m,1,0.35714285714285715,0.35714285714285715,1,srnet,2c766033cffb7e268306d0d6543dcb64c4073654d2e54e15d7f46bafcf55444d
4,famous_le_100m,2,0.35714285714285715,0.35714285714285715,1,srnet,2c766033cffb7e268306d0d6543dcb64c4073654d2e54e15d7f46bafcf55444d
4,famous_le_100m,3,0.35714285714285715,0.35714285714285715,1,srnet,2c766033cffb7e268306d0d6543dcb64c4073654d2e54e15d7f46bafcf55444d
4,famous_le_100m,4,0.42857142857142855,0.42857142857142855,1,srnet,2c766033cffb7e268306d0d6543dcb64c4073654d2e54e15d7f46bafcf55444d
4,famous_le_100m,5,0.7142857142857143,0.7142857142857143,1,srnet,2c766033cffb7e268306d0d6543dcb64c4073654d2e54e15d7f46bafcf55444d
4,famous_le_100m,6,0.7857142857142857,0.7857142857142857,1,srnet,2c766033cffb7e268306d0d6543dcb64c4073654d2e54e15d7f46bafcf55444d
4,famous_le_100m,7,0.9285714285714286,0.9285714285714286,1,srnet,2c766033cffb7e268306d0d6543dcb64c4073654d2e54e15d7f46bafcf55444d
4,famous_le_100m,8,0.9285714285714286,1.0,1,srnet,2c766033cffb7e268306d0d6543dcb64c4073654d2e54e15d7f46bafcf55444d
4,famous_le_100m,9,0.9285714285714286,0.9285714285714286,1,srnet,2c766033cffb7e268306d0d6543dcb64c4073654d2e54e15d7f46bafcf55444d
4,famous_le_100m,10,0.9285714285714286,1.0,1,srnet,2c766033cffb7e268306d0d6543dcb64c4073654d2e54e15d7f46bafcf55444d
4,famous_le_100m,11,0.9285714285714286,0.9285714285714286,1,srnet,2c766033cffb7e268306d0d6543dcb64c4073654d2e54e15d7f46bafcf55444d
4,famous_le_100m,12,0.9285714285714286,1.0,1,srnet,2c766033cffb7e268306d0d6543dcb64c4073654d2e54e15d7f46bafcf55444d
4,famous_le_100m,13,1.0,1.0,1,srnet,2c766033cffb7e268306d0d6543dcb64c4073654d2e54e15d7f46bafcf55444d
4,famous_le_100m,14,1.0,1.0,1,srnet,2c766033cffb7e268306d0d6543dcb64c4073654d2e54e15d7f46bafcf55444d
4,famous_le_100m,15,1.0,1.0,1,srnet,2c766033cffb7e268306d0d6543dcb64c4073654d2e54e15d7f46bafcf55444d
4,famous_le_100m,16,1.0,1.0,1,srnet,2c766033cffb7e268306d0d6543dcb64c4073654d2e54e15d7f46bafcf55444d
4,famous_le_100m,17,1.0,1.0,1,srnet,2c766033cffb7e268306d0d6543dcb64c4073654d2e54e15d7f46bafcf55444d
4,famous_le_100m,18,1.0,1.0,1,srnet,2c766033cffb7e268306d0d6543dcb64c4073654d2e54e15d7f46bafcf55444d
4,famous_le_100m,19,1.0,1.0,1,srnet,2c766033cffb7e268306d0d6543dcb64c4073654d2e54e15d7f46bafcf55444d
4,famous_le_100m,20,1.0,1.0,1,srnet,2c766033cffb7e268306d0d6543dcb64c4073654d2e54e15d7f46bafcf55444d
4,famous_le_100m,21,1.0,1.0,1,srnet,2c766033cffb7e268306d0d6543dcb64c4073654d2e54e15d7f46bafcf55444d
4,famous_le_100m,22,1.0,1.0,1,srnet,2c766033cffb7e268306d0d6543dcb64c4073654d2e54e15d7f46bafcf55444d
4,famous_le_100m,23,1.0,1.0,1,srnet,2c766033cffb7e268306d0d6543dcb64c4073654d2e54e15d7f46bafcf55444d
0,torch_pretrained_classification,0,0.825,0.7375,2,srnet,84767e83f71c4cfe4fd4aeafd8c1b5bbd1bb127349e20eff123ceee6539454fc
0,famous_le_10m,0,0.8,0.6,2,srnet,84767e83f71c4cfe4fd4aeafd8c1b5bbd1bb127349e20eff123ceee6539454fc
0,famous_le_10m,1,0.2,0.4,2,srnet,84767e83f71c4cfe4fd4aeafd8c1b5bbd1bb127349e20eff123ceee6539454fc
0,famous_le_10m,2,0.2,0.4,2,srnet,84767e83f71c4cfe4fd4aeafd8c1b5bbd1bb127349e20eff123ceee6539454fc
0,famous_le_10m,3,0.4,0.6,2,srnet,84767e83f71c4cfe4fd4aeafd8c1b5bbd1bb127349e20eff123ceee6539454fc
0,famous_le_10m,4,1.0,1.0,2,srnet,84767e83f71c4cfe4fd4aeafd8c1b5bbd1bb127349e20eff123ceee6539454fc
0,famous_le_10m,5,1.0,1.0,2,srnet,84767e83f71c4cfe4fd4aeafd8c1b5bbd1bb127349e20eff123ceee6539454fc
0,famous_le_10m,6,1.0,1.0,2,srnet,84767e83f71c4cfe4fd4aeafd8c1b5bbd1bb127349e20eff123ceee6539454fc
0,famous_le_10m,7,1.0,1.0,2,srnet,84767e83f71c4cfe4fd4aeafd8c1b5bbd1bb127349e20eff123ceee6539454fc
0,famous_le_10m,8,1.0,1.0,2,srnet,84767e83f71c4cfe4fd4aeafd8c1b5bbd1bb127349e20eff123ceee6539454fc
0,famous_le_10m,9,1.0,1.0,2,srnet,84767e83f71c4cfe4fd4aeafd8c1b5bbd1bb127349e20eff123ceee6539454fc
0,famous_le_10m,10,1.0,1.0,2,srnet,84767e83f71c4cfe4fd4aeafd8c1b5bbd1bb127349e20eff123ceee6539454fc
0,famous_le_10m,11,1.0,1.0,2,srnet,84767e83f71c4cfe4fd4aeafd8c1b5bbd1bb127349e20eff123ceee6539454fc
0,famous_le_10m,12,1.0,1.0,2,srnet,84767e83f71c4cfe4fd4aeafd8c1b5bbd1bb127349e20eff123ceee6539454fc
0,famous_le_10m,13,1.0,1.0,2,srnet,84767e83f71c4cfe4fd4aeafd8c1b5bbd1bb127349e20eff123ceee6539454fc
0,famous_le_10m,14,1.0,1.0,2,srnet,84767e83f71c4cfe4fd4aeafd8c1b5bbd1bb127349e20eff123ceee6539454fc
0,famous_le_10m,15,1.0,1.0,2,srnet,84767e83f71c4cfe4fd4aeafd8c1b5bbd1bb127349e20eff123ceee6539454fc
0,famous_le_10m,16,1.0,1.0,2,srnet,84767e83f71c4cfe4fd4aeafd8c1b5bbd1bb127349e20eff123ceee6539454fc
0,famous_le_10m,17,1.0,1.0,2,srnet,84767e83f71c4cfe4fd4aeafd8c1b5bbd1bb127349e20eff123ceee6539454fc
0,famous_le_10m,18,1.0,1.0,2,srnet,84767e83f71c4cfe4fd4aeafd8c1b5bbd1bb127349e20eff123ceee6539454fc
0,famous_le_10m,19,1.0,1.0,2,srnet,84767e83f71c4cfe4fd4aeafd8c1b5bbd1bb127349e20eff123ceee6539454fc
0,famous_le_10m,20,1.0,1.0,2,srnet,84767e83f71c4cfe4fd4aeafd8c1b5bbd1bb127349e20eff123ceee6539454fc
0,famous_le_10m,21,1.0,1.0,2,srnet,84767e83f71c4cfe4fd4aeafd8c1b5bbd1bb127349e20eff123ceee6539454fc
0,famous_le_10m,22,1.0,1.0,2,srnet,84767e83f71c4cfe4fd4aeafd8c1b5bbd1bb127349e20eff123ceee6539454fc
0,famous_le_10m,23,1.0,1.0,2,srnet,84767e83f71c4cfe4fd4aeafd8c1b5bbd1bb127349e20eff123ceee6539454fc
0,famous_le_100m,0,0.7857142857142857,0.7142857142857143,2,srnet,84767e83f71c4cfe4fd4aeafd8c1b5bbd1bb127349e20eff123ceee6539454fc
0,famous_le_100m,1,0.14285714285714285,0.35714285714285715,2,srnet,84767e83f71c4cfe4fd4aeafd8c1b5bbd1bb127349e20eff123ceee6539454fc
0,famous_le_100m,2,0.14285714285714285,0.2857142857142857,2,srnet,84767e83f71c4cfe4fd4aeafd8c1b5bbd1bb127349e20eff123ceee6539454fc
0,famous_le_100m,3,0.14285714285714285,0.2857142857142857,2,srnet,84767e83f71c4cfe4fd4aeafd8c1b5bbd1bb127349e20eff123ceee6539454fc
0,famous_le_100m,4,0.14285714285714285,0.21428571428571427,2,srnet,84767e83f71c4cfe4fd4aeafd8c1b5bbd1bb127349e20eff123ceee6539454fc
0,famous_le_100m,5,0.2857142857142857,0.42857142857142855,2,srnet,84767e83f71c4cfe4fd4aeafd8c1b5bbd1bb127349e20eff123ceee6539454fc
0,famous_le_100m,6,0.5714285714285714,0.5714285714285714,2,srnet,84767e83f71c4cfe4fd4aeafd8c1b5bbd1bb127349e20eff123ceee6539454fc
0,famous_le_100m,7,0.8571428571428571,0.8571428571428571,2,srnet,84767e83f71c4cfe4fd4aeafd8c1b5bbd1bb127349e20eff123ceee6539454fc
0,famous_le_100m,8,0.8571428571428571,0.8571428571428571,2,srnet,84767e83f71c4cfe4fd4aeafd8c1b5bbd1bb127349e20eff123ceee6539454fc
0,famous_le_100m,9,0.8571428571428571,0.9285714285714286,2,srnet,84767e83f71c4cfe4fd4aeafd8c1b5bbd1bb127349e20eff123ceee6539454fc
0,famous_le_100m,10,0.9285714285714286,0.9285714285714286,2,srnet,84767e83f71c4cfe4fd4aeafd8c1b5bbd1bb127349e20eff123ceee6539454fc
0,famous_le_100m,11,0.9285714285714286,0.9285714285714286,2,srnet,84767e83f71c4cfe4fd4aeafd8c1b5bbd1bb127349e20eff123ceee6539454fc
0,famous_le_100m,12,0.9285714285714286,0.9285714285714286,2,srnet,84767e83f71c4cfe4fd4aeafd8c1b5bbd1bb127349e20eff123ceee6539454fc
0,famous_le_100m,13,1.0,1.0,2,srnet,84767e83f71c4cfe4fd4aeafd8c1b5bbd1bb127349e20eff123ceee6539454fc
0,famous_le_100m,14,1.0,1.0,2,srnet,84767e83f71c4cfe4fd4aeafd8c1b5bbd1bb127349e20eff123ceee6539454fc
0,famous_le_100m,15,1.0,1.0,2,srnet,84767e83f71c4cfe4fd4aeafd8c1b5bbd1bb127349e20eff123ceee6539454fc
0,famous_le_100m,16,1.0,1.0,2,srnet,84767e83f71c4cfe4fd4aeafd8c1b5bbd1bb127349e20eff123ceee6539454fc
0,famous_le_100m,17,1.0,1.0,2,srnet,84767e83f71c4cfe4fd4aeafd8c1b5bbd1bb127349e20eff123ceee6539454fc
0,famous_le_100m,18,1.0,1.0,2,srnet,84767e83f71c4cfe4fd4aeafd8c1b5bbd1bb127349e20eff123ceee6539454fc
0,famous_le_100m,19,1.0,1.0,2,srnet,84767e83f71c4cfe4fd4aeafd8c1b5bbd1bb127349e20eff123ceee6539454fc
0,famous_le_100m,20,1.0,1.0,2,srnet,84767e83f71c4cfe4fd4aeafd8c1b5bbd1bb127349e20eff123ceee6539454fc
0,famous_le_100m,21,1.0,1.0,2,srnet,84767e83f71c4cfe4fd4aeafd8c1b5bbd1bb127349e20eff123ceee6539454fc
0,famous_le_100m,22,1.0,1.0,2,srnet,84767e83f71c4cfe4fd4aeafd8c1b5bbd1bb127349e20eff123ceee6539454fc
0,famous_le_100m,23,1.0,1.0,2,srnet,84767e83f71c4cfe4fd4aeafd8c1b5bbd1bb127349e20eff123ceee6539454fc
1,torch_pretrained_classification,0,0.7375,0.725,2,srnet,e4a1940debeff90a48395e8bcc194db2514760f96691eaba7ba0479a102cc568
1,famous_le_10m,0,0.8,0.6,2,srnet,e4a1940debeff90a48395e8bcc194db2514760f96691eaba7ba0479a102cc568
1,famous_le_10m,1,0.2,0.4,2,srnet,e4a1940debeff90a48395e8bcc194db2514760f96691eaba7ba0479a102cc568
1,famous_le_10m,2,0.4,0.6,2,srnet,e4a1940debeff90a48395e8bcc194db2514760f96691eaba7ba0479a102cc568
1,famous_le_10m,3,0.6,0.6,2,srnet,e4a1940debeff90a48395e8bcc194db2514760f96691eaba7ba0479a102cc568
1,famous_le_10m,4,0.8,0.8,2,srnet,e4a1940debeff90a48395e8bcc194db2514760f96691eaba7ba0479a102cc568
1,famous_le_10m,5,1.0,1.0,2,srnet,e4a1940debeff90a48395e8bcc194db2514760f96691eaba7ba0479a102cc568
1,famous_le_10m,6,1.0,1.0,2,srnet,e4a1940debeff90a48395e8bcc194db2514760f96691eaba7ba0479a102cc568
1,famous_le_10m,7,1.0,1.0,2,srnet,e4a1940debeff90a48395e8bcc194db2514760f96691eaba7ba0479a102cc568
1,famous_le_10m,8,1.0,1.0,2,srnet,e4a1940debeff90a48395e8bcc194db2514760f96691eaba7ba0479a102cc568
1,famous_le_10m,9,1.0,1.0,2,srnet,e4a1940debeff90a48395e8bcc194db2514760f96691eaba7ba0479a102cc568
1,famous_le_10m,10,1.0,1.0,2,srnet,e4a1940debeff90a48395e8bcc194db2514760f96691eaba7ba0479a102cc568
1,famous_le_10m,11,1.0,1.0,2,srnet,e4a1940debeff90a48395e8bcc194db2514760f96691eaba7ba0479a102cc568
1,famous_le_10m,12,1.0,1.0,2,srnet,e4a1940debeff90a48395e8bcc194db2514760f96691eaba7ba0479a102cc568
1,famous_le_10m,13,1.0,1.0,2,srnet,e4a1940debeff90a48395e8bcc194db2514760f96691eaba7ba0479a102cc568
1,famous_le_10m,14,1.0,1.0,2,srnet,e4a1940debeff90a48395e8bcc194db2514760f96691eaba7ba0479a102cc568
1,famous_le_10m,15,1.0,1.0,2,srnet,e4a1940debeff90a48395e8bcc194db2514760f96691eaba7ba0479a102cc568
1,famous_le_10m,16,1.0,1.0,2,srnet,e4a1940debeff90a48395e8bcc194db2514760f96691eaba7ba0479a102cc568
1,famous_le_10m,17,1.0,1.0,2,srnet,e4a1940debeff90a48395e8bcc194db2514760f96691eaba7ba0479a102cc568
1,famous_le_10m,18,1.0,1.0,2,srnet,e4a1940debeff90a48395e8bcc194db2514760f96691eaba7ba0479a102cc568
1,famous_le_10m,19,1.0,1.0,2,srnet,e4a1940debeff90a48395e8bcc194db2514760f96691eaba7ba0479a102cc568
1,famous_le_10m,20,1.0,1.0,2,srnet,e4a1940debeff90a48395e8bcc194db2514760f96691eaba7ba0479a102cc568
1,famous_le_10m,21,1.0,1.0,2,srnet,e4a1940debeff90a48395e8bcc194db2514760f96691eaba7ba0479a102cc568
1,famous_le_10m,22,1.0,1.0,2,srnet,e4a1940debeff90a48395e8bcc194db2514760f96691eaba7ba0479a102cc568
1,famous_le_10m,23,1.0,1.0,2,srnet,e4a1940debeff90a48395e8bcc194db2514760f96691eaba7ba0479a102cc568
1,famous_le_100m,0,0.7142857142857143,0.6428571428571429,2,srnet,e4a1940debeff90a48395e8bcc194db2514760f96691eaba7ba0479a102cc568
1,famous_le_100m,1,0.2857142857142857,0.35714285714285715,2,srnet,e4a1940debeff90a48395e8bcc194db2514760f96691eaba7ba0479a102cc568
1,famous_le_100m,2,0.2857142857142857,0.35714285714285715,2,srnet,e4a1940debeff90a48395e8bcc194db2514760f96691eaba7ba0479a102cc568
1,famous_le_100m,3,0.2857142857142857,0.2857142857142857,2,srnet,e4a1940debeff90a48395e8bcc194db2514760f96691eaba7ba0479a102cc568
1,famous_le_100m,4,0.21428571428571427,0.2857142857142857,2,srnet,e4a1940debeff90a48395e8bcc194db2514760f96691eaba7ba0479a102cc568
1,famous_le_100m,5,0.5714285714285714,0.6428571428571429,2,srnet,e4a1940debeff90a48395e8bcc194db2514760f96691eaba7ba0479a102cc568
1,famous_le_100m,6,0.5714285714285714,0.6428571428571429,2,srnet,e4a1940debeff90a48395e8bcc194db2514760f96691eaba7ba0479a102cc568
1,famous_le_100m,7,0.8571428571428571,0.8571428571428571,2,srnet,e4a1940debeff90a48395e8bcc194db2514760f96691eaba7ba0479a102cc568
1,famous_le_100m,8,0.8571428571428571,0.8571428571428571,2,srnet,e4a1940debeff90a48395e8bcc194db2514760f96691eaba7ba0479a102cc568
1,famous_le_100m,9,0.9285714285714286,0.9285714285714286,2,srnet,e4a1940debeff90a48395e8bcc194db2514760f96691eaba7ba0479a102cc568
1,famous_le_100m,10,0.9285714285714286,0.9285714285714286,2,srnet,e4a1940debeff90a48395e8bcc194db2514760f96691eaba7ba0479a102cc568
1,famous_le_100m,11,0.9285714285714286,0.9285714285714286,2,srnet,e4a1940debeff90a48395e8bcc194db2514760f96691eaba7ba0479a102cc568
1,famous_le_100m,12,0.9285714285714286,0.9285714285714286,2,srnet,e4a1940debeff90a48395e8bcc194db2514760f96691eaba7ba0479a102cc568
1,famous_le_100m,13,1.0,1.0,2,srnet,e4a1940debeff90a48395e8bcc194db2514760f96691eaba7ba0479a102cc568
1,famous_le_100m,14,1.0,1.0,2,srnet,e4a1940debeff90a48395e8bcc194db2514760f96691eaba7ba0479a102cc568
1,famous_le_100m,15,1.0,1.0,2,srnet,e4a1940debeff90a48395e8bcc194db2514760f96691eaba7ba0479a102cc568
1,famous_le_100m,16,1.0,1.0,2,srnet,e4a1940debeff90a48395e8bcc194db2514760f96691eaba7ba0479a102cc568
1,famous_le_100m,17,1.0,1.0,2,srnet,e4a1940debeff90a48395e8bcc194db2514760f96691eaba7ba0479a102cc568
1,famous_le_100m,18,1.0,1.0,2,srnet,e4a1940debeff90a48395e8bcc194db2514760f96691eaba7ba0479a102cc568
1,famous_le_100m,19,1.0,1.0,2,srnet,e4a1940debeff90a48395e8bcc194db2514760f96691eaba7ba0479a102cc568
1,famous_le_100m,20,1.0,1.0,2,srnet,e4a1940debeff90a48395e8bcc194db2514760f96691eaba7ba0479a102cc568
1,famous_le_100m,21,1.0,1.0,2,srnet,e4a1940debeff90a48395e8bcc194db2514760f96691eaba7ba0479a102cc568
1,famous_le_100m,22,1.0,1.0,2,srnet,e4a1940debeff90a48395e8bcc194db2514760f96691eaba7ba0479a102cc568
1,famous_le_100m,23,1.0,1.0,2,srnet,e4a1940debeff90a48395e8bcc194db2514760f96691eaba7ba0479a102cc568
2,torch_pretrained_classification,0,0.725,0.6875,2,srnet,a8d0fe33e3dbe507bb8f9a0e9dc78a1971aca6b3637e335afd03d326cc56f2e5
2,famous_le_10m,0,0.8,1.0,2,srnet,a8d0fe33e3dbe507bb8f9a0e9dc78a1971aca6b3637e335afd03d326cc56f2e5
2,famous_le_10m,1,0.2,0.0,2,srnet,a8d0fe33e3dbe507bb8f9a0e9dc78a1971aca6b3637e335afd03d326cc56f2e5
2,famous_le_10m,2,0.2,0.4,2,srnet,a8d0fe33e3dbe507bb8f9a0e9dc78a1971aca6b3637e335afd03d326cc56f2e5
2,famous_le_10m,3,0.2,0.6,2,srnet,a8d0fe33e3dbe507bb8f9a0e9dc78a1971aca6b3637e335afd03d326cc56f2e5
2,famous_le_10m,4,1.0,0.8,2,srnet,a8d0fe33e3dbe507bb8f9a0e9dc78a1971aca6b3637e335afd03d326cc56f2e5
2,famous_le_10m,5,1.0,0.8,2,srnet,a8d0fe33e3dbe507bb8f9a0e9dc78a1971aca6b3637e335afd03d326cc56f2e5
2,famous_le_10m,6,1.0,1.0,2,srnet,a8d0fe33e3dbe507bb8f9a0e9dc78a1971aca6b3637e335afd03d326cc56f2e5
2,famous_le_10m,7,1.0,1.0,2,srnet,a8d0fe33e3dbe507bb8f9a0e9dc78a1971aca6b3637e335afd03d326cc56f2e5
2,famous_le_10m,8,1.0,1.0,2,srnet,a8d0fe33e3dbe507bb8f9a0e9dc78a1971aca6b3637e335afd03d326cc56f2e5
2,famous_le_10m,9,1.0,1.0,2,srnet,a8d0fe33e3dbe507bb8f9a0e9dc78a1971aca6b3637e335afd03d326cc56f2e5
2,famous_le_10m,10,1.0,1.0,2,srnet,a8d0fe33e3dbe507bb8f9a0e9dc78a1971aca6b3637e335afd03d326cc56f2e5
2,famous_le_10m,11,1.0,1.0,2,srnet,a8d0fe33e3dbe507bb8f9a0e9dc78a1971aca6b3637e335afd03d326cc56f2e5
2,famous_le_10m,12,1.0,1.0,2,srnet,a8d0fe33e3dbe507bb8f9a0e9dc78a1971aca6b3637e335afd03d326cc56f2e5
2,famous_le_10m,13,1.0,1.0,2,srnet,a8d0fe33e3dbe507bb8f9a0e9dc78a1971aca6b3637e335afd03d326cc56f2e5
2,famous_le_10m,14,1.0,1.0,2,srnet,a8d0fe33e3dbe507bb8f9a0e9dc78a1971aca6b3637e335afd03d326cc56f2e5
2,famous_le_10m,15,1.0,1.0,2,srnet,a8d0fe33e3dbe507bb8f9a0e9dc78a1971aca6b3637e335afd03d326cc56f2e5
2,famous_le_10m,16,1.0,1.0,2,srnet,a8d0fe33e3dbe507bb8f9a0e9dc78a1971aca6b3637e335afd03d326cc56f2e5
2,famous_le_10m,17,1.0,1.0,2,srnet,a8d0fe33e3dbe507bb8f9a0e9dc78a1971aca6b3637e335afd03d326cc56f2e5
2,famous_le_10m,18,1.0,1.0,2,srnet,a8d0fe33e3dbe507bb8f9a0e9dc78a1971aca6b3637e335afd03d326cc56f2e5
2,famous_le_10m,19,1.0,1.0,2,srnet,a8d0fe33e3dbe507bb8f9a0e9dc78a1971aca6b3637e335afd03d326cc56f2e5
2,famous_le_10m,20,1.0,1.0,2,srnet,a8d0fe33e3dbe507bb8f9a0e9dc78a1971aca6b3637e335afd03d326cc56f2e5
2,famous_le_10m,21,1.0,1.0,2,srnet,a8d0fe33e3dbe507bb8f9a0e9dc78a1971aca6b3637e335afd03d326cc56f2e5
2,famous_le_10m,22,1.0,1.0,2,srnet,a8d0fe33e3dbe507bb8f9a0e9dc78a1971aca6b3637e335afd03d326cc56f2e5
2,famous_le_10m,23,1.0,1.0,2,srnet,a8d0fe33e3dbe507bb8f9a0e9dc78a1971aca6b3637e335afd03d326cc56f2e5
2,famous_le_100m,0,0.7142857142857143,0.6428571428571429,2,srnet,a8d0fe33e3dbe507bb8f9a0e9dc78a1971aca6b3637e335afd03d326cc56f2e5
2,famous_le_100m,1,0.2857142857142857,0.35714285714285715,2,srnet,a8d0fe33e3dbe507bb8f9a0e9dc78a1971aca6b3637e335afd03d326cc56f2e5
2,famous_le_100m,2,0.2857142857142857,0.2857142857142857,2,srnet,a8d0fe33e3dbe507bb8f9a0e9dc78a1971aca6b3637e335afd03d326cc56f2e5
2,famous_le_100m,3,0.2857142857142857,0.2857142857142857,2,srnet,a8d0fe33e3dbe507bb8f9a0e9dc78a1971aca6b3637e335afd03d326cc56f2e5
2,famous_le_100m,4,0.2857142857142857,0.35714285714285715,2,srnet,a8d0fe33e3dbe507bb8f9a0e9dc78a1971aca6b3637e335afd03d326cc56f2e5
2,famous_le_100m,5,0.5714285714285714,0.6428571428571429,2,srnet,a8d0fe33e3dbe507bb8f9a0e9dc78a1971aca6b3637e335afd03d326cc56f2e5
2,famous_le_100m,6,0.7142857142857143,0.7142857142857143,2,srnet,a8d0fe33e3dbe507bb8f9a0e9dc78a1971aca6b3637e335afd03d326cc56f2e5
2,famous_le_100m,7,0.8571428571428571,0.8571428571428571,2,srnet,a8d0fe33e3dbe507bb8f9a0e9dc78a1971aca6b3637e335afd03d326cc56f2e5
2,famous_le_100m,8,0.8571428571428571,0.8571428571428571,2,srnet,a8d0fe33e3dbe507bb8f9a0e9dc78a1971aca6b3637e335afd03d326cc56f2e5
2,famous_le_100m,9,0.9285714285714286,0.8571428571428571,2,srnet,a8d0fe33e3dbe507bb8f9a0e9dc78a1971aca6b3637e335afd03d326cc56f2e5
2,famous_le_100m,10,0.9285714285714286,0.9285714285714286,2,srnet,a8d0fe33e3dbe507bb8f9a0e9dc78a1971aca6b3637e335afd03d326cc56f2e5
2,famous_le_100m,11,0.9285714285714286,0.9285714285714286,2,srnet,a8d0fe33e3dbe507bb8f9a0e9dc78a1971aca6b3637e335afd03d326cc56f2e5
2,famous_le_100m,12,0.9285714285714286,0.9285714285714286,2,srnet,a8d0fe33e3dbe507bb8f9a0e9dc78a1971aca6b3637e335afd03d326cc56f2e5
2,famous_le_100m,13,1.0,0.9285714285714286,2,srnet,a8d0fe33e3dbe507bb8f9a0e9dc78a1971aca6b3637e335afd03d326cc56f2e5
2,famous_le_100m,14,1.0,1.0,2,srnet,a8d0fe33e3dbe507bb8f9a0e9dc78a1971aca6b3637e335afd03d326cc56f2e5
2,famous_le_100m,15,1.0,1.0,2,srnet,a8d0fe33e3dbe507bb8f9a0e9dc78a1971aca6b3637e335afd03d326cc56f2e5
2,famous_le_100m,16,1.0,1.0,2,srnet,a8d0fe33e3dbe507bb8f9a0e9dc78a1971aca6b3637e335afd03d326cc56f2e5
2,famous_le_100m,17,1.0,1.0,2,srnet,a8d0fe33e3dbe507bb8f9a0e9dc78a1971aca6b3637e335afd03d326cc56f2e5
2,famous_le_100m,18,1.0,1.0,2,srnet,a8d0fe33e3dbe507bb8f9a0e9dc78a1971aca6b3637e335afd03d326cc56f2e5
2,famous_le_100m,19,1.0,1.0,2,srnet,a8d0fe33e3dbe507bb8f9a0e9dc78a1971aca6b3637e335afd03d326cc56f2e5
2,famous_le_100m,20,1.0,1.0,2,srnet,a8d0fe33e3dbe507bb8f9a0e9dc78a1971aca6b3637e335afd03d326cc56f2e5
2,famous_le_100m,21,1.0,1.0,2,srnet,a8d0fe33e3dbe507bb8f9a0e9dc78a1971aca6b3637e335afd03d326cc56f2e5
2,famous_le_100m,22,1.0,1.0,2,srnet,a8d0fe33e3dbe507bb8f9a0e9dc78a1971aca6b3637e335afd03d326cc56f2e5
2,famous_le_100m,23,1.0,1.0,2,srnet,a8d0fe33e3dbe507bb8f9a0e9dc78a1971aca6b3637e335afd03d326cc56f2e5
3,torch_pretrained_classification,0,0.6875,0.7,2,srnet,7eff74168ab323caa1b69d843926024780d5d2a893d8c5e170b9fcfa76f25b66
3,famous_le_10m,0,0.8,0.6,2,srnet,7eff74168ab323caa1b69d843926024780d5d2a893d8c5e170b9fcfa76f25b66
3,famous_le_10m,1,0.4,0.4,2,srnet,7eff74168ab323caa1b69d843926024780d5d2a893d8c5e170b9fcfa76f25b66
3,famous_le_10m,2,0.6,0.6,2,srnet,7eff74168ab323caa1b69d843926024780d5d2a893d8c5e170b9fcfa76f25b66
3,famous_le_10m,3,0.6,0.4,2,srnet,7eff74168ab323caa1b69d843926024780d5d2a893d8c5e170b9fcfa76f25b66
3,famous_le_10m,4,0.8,0.8,2,srnet,7eff74168ab323caa1b69d843926024780d5d2a893d8c5e170b9fcfa76f25b66
3,famous_le_10m,5,1.0,1.0,2,srnet,7eff74168ab323caa1b69d843926024780d5d2a893d8c5e170b9fcfa76f25b66
3,famous_le_10m,6,1.0,1.0,2,srnet,7eff74168ab323caa1b69d843926024780d5d2a893d8c5e170b9fcfa76f25b66
3,famous_le_10m,7,1.0,1.0,2,srnet,7eff74168ab323caa1b69d843926024780d5d2a893d8c5e170b9fcfa76f25b66
3,famous_le_10m,8,1.0,1.0,2,srnet,7eff74168ab323caa1b69d843926024780d5d2a893d8c5e170b9fcfa76f25b66
3,famous_le_10m,9,1.0,1.0,2,srnet,7eff74168ab323caa1b69d843926024780d5d2a893d8c5e170b9fcfa76f25b66
3,famous_le_10m,10,1.0,1.0,2,srnet,7eff74168ab323caa1b69d843926024780d5d2a893d8c5e170b9fcfa76f25b66
3,famous_le_10m,11,1.0,1.0,2,srnet,7eff74168ab323caa1b69d843926024780d5d2a893d8c5e170b9fcfa76f25b66
3,famous_le_10m,12,1.0,1.0,2,srnet,7eff74168ab323caa1b69d843926024780d5d2a893d8c5e170b9fcfa76f25b66
3,famous_le_10m,13,1.0,1.0,2,srnet,7eff74168ab323caa1b69d843926024780d5d2a893d8c5e170b9fcfa76f25b66
3,famous_le_10m,14,1.0,1.0,2,srnet,7eff74168ab323caa1b69d843926024780d5d2a893d8c5e170b9fcfa76f25b66
3,famous_le_10m,15,1.0,1.0,2,srnet,7eff74168ab323caa1b69d843926024780d5d2a893d8c5e170b9fcfa76f25b66
3,famous_le_10m,16,1.0,1.0,2,srnet,7eff74168ab323caa1b69d843926024780d5d2a893d8c5e170b9fcfa76f25b66
3,famous_le_10m,17,1.0,1.0,2,srnet,7eff74168ab323caa1b69d843926024780d5d2a893d8c5e170b9fcfa76f25b66
3,famous_le_10m,18,1.0,1.0,2,srnet,7eff74168ab323caa1b69d843926024780d5d2a893d8c5e170b9fcfa76f25b66
3,famous_le_10m,19,1.0,1.0,2,srnet,7eff74168ab323caa1b69d843926024780d5d2a893d8c5e170b9fcfa76f25b66
3,famous_le_10m,20,1.0,1.0,2,srnet,7eff74168ab323caa1b69d843926024780d5d2a893d8c5e170b9fcfa76f25b66
3,famous_le_10m,21,1.0,1.0,2,srnet,7eff74168ab323caa1b69d843926024780d5d2a893d8c5e170b9fcfa76f25b66
3,famous_le_10m,22,1.0,1.0,2,srnet,7eff74168ab323caa1b69d843926024780d5d2a893d8c5e170b9fcfa76f25b66
3,famous_le_10m,23,1.0,1.0,2,srnet,7eff74168ab323caa1b69d843926024780d5d2a893d8c5e170b9fcfa76f25b66
3,famous_le_100m,0,0.6428571428571429,0.6428571428571429,2,srnet,7eff74168ab323caa1b69d843926024780d5d2a893d8c5e170b9fcfa76f25b66
3,famous_le_100m,1,0.35714285714285715,0.35714285714285715,2,srnet,7eff74168ab323caa1b69d843926024780d5d2a893d8c5e170b9fcfa76f25b66
3,famous_le_100m,2,0.2857142857142857,0.35714285714285715,2,srnet,7eff74168ab323caa1b69d843926024780d5d2a893d8c5e170b9fcfa76f25b66
3,famous_le_100m,3,0.2857142857142857,0.2857142857142857,2,srnet,7eff74168ab323caa1b69d843926024780d5d2a893d8c5e170b9fcfa76f25b66
3,famous_le_100m,4,0.35714285714285715,0.5,2,srnet,7eff74168ab323caa1b69d843926024780d5d2a893d8c5e170b9fcfa76f25b66
3,famous_le_100m,5,0.6428571428571429,0.6428571428571429,2,srnet,7eff74168ab323caa1b69d843926024780d5d2a893d8c5e170b9fcfa76f25b66
3,famous_le_100m,6,0.7142857142857143,0.7857142857142857,2,srnet,7eff74168ab323caa1b69d843926024780d5d2a893d8c5e170b9fcfa76f25b66
3,famous_le_100m,7,0.8571428571428571,0.9285714285714286,2,srnet,7eff74168ab323caa1b69d843926024780d5d2a893d8c5e170b9fcfa76f25b66
3,famous_le_100m,8,0.8571428571428571,0.8571428571428571,2,srnet,7eff74168ab323caa1b69d843926024780d5d2a893d8c5e170b9fcfa76f25b66
3,famous_le_100m,9,0.9285714285714286,0.9285714285714286,2,srnet,7eff74168ab323caa1b69d843926024780d5d2a893d8c5e170b9fcfa76f25b66
3,famous_le_100m,10,0.9285714285714286,0.9285714285714286,2,srnet,7eff74168ab323caa1b69d843926024780d5d2a893d8c5e170b9fcfa76f25b66
3,famous_le_100m,11,0.9285714285714286,0.9285714285714286,2,srnet,7eff74168ab323caa1b69d843926024780d5d2a893d8c5e170b9fcfa76f25b66
3,famous_le_100m,12,0.9285714285714286,0.9285714285714286,2,srnet,7eff74168ab323caa1b69d843926024780d5d2a893d8c5e170b9fcfa76f25b66
3,famous_le_100m,13,1.0,1.0,2,srnet,7eff74168ab323caa1b69d843926024780d5d2a893d8c5e170b9fcfa76f25b66
3,famous_le_100m,14,1.0,1.0,2,srnet,7eff74168ab323caa1b69d843926024780d5d2a893d8c5e170b9fcfa76f25b66
3,famous_le_100m,15,1.0,1.0,2,srnet,7eff74168ab323caa1b69d843926024780d5d2a893d8c5e170b9fcfa76f25b66
3,famous_le_100m,16,1.0,1.0,2,srnet,7eff74168ab323caa1b69d843926024780d5d2a893d8c5e170b9fcfa76f25b66
3,famous_le_100m,17,1.0,1.0,2,srnet,7eff74168ab323caa1b69d843926024780d5d2a893d8c5e170b9fcfa76f25b66
3,famous_le_100m,18,1.0,1.0,2,srnet,7eff74168ab323caa1b69d843926024780d5d2a893d8c5e170b9fcfa76f25b66
3,famous_le_100m,19,1.0,1.0,2,srnet,7eff74168ab323caa1b69d843926024780d5d2a893d8c5e170b9fcfa76f25b66
3,famous_le_100m,20,1.0,1.0,2,srnet,7eff74168ab323caa1b69d843926024780d5d2a893d8c5e170b9fcfa76f25b66
3,famous_le_100m,21,1.0,1.0,2,srnet,7eff74168ab323caa1b69d843926024780d5d2a893d8c5e170b9fcfa76f25b66
3,famous_le_100m,22,1.0,1.0,2,srnet,7eff74168ab323caa1b69d843926024780d5d2a893d8c5e170b9fcfa76f25b66
3,famous_le_100m,23,1.0,1.0,2,srnet,7eff74168ab323caa1b69d843926024780d5d2a893d8c5e170b9fcfa76f25b66
4,torch_pretrained_classification,0,0.9,0.8875,2,srnet,f37ac809b43b681be15b2d22f84ad70b2de98bb59c6ff9299466a19c0c933a79
4,famous_le_10m,0,0.8,0.8,2,srnet,f37ac809b43b681be15b2d22f84ad70b2de98bb59c6ff9299466a19c0c933a79
4,famous_le_10m,1,0.2,0.2,2,srnet,f37ac809b43b681be15b2d22f84ad70b2de98bb59c6ff9299466a19c0c933a79
4,famous_le_10m,2,0.2,0.2,2,srnet,f37ac809b43b681be15b2d22f84ad70b2de98bb59c6ff9299466a19c0c933a79
4,famous_le_10m,3,0.2,0.4,2,srnet,f37ac809b43b681be15b2d22f84ad70b2de98bb59c6ff9299466a19c0c933a79
4,famous_le_10m,4,0.6,0.6,2,srnet,f37ac809b43b681be15b2d22f84ad70b2de98bb59c6ff9299466a19c0c933a79
4,famous_le_10m,5,0.8,1.0,2,srnet,f37ac809b43b681be15b2d22f84ad70b2de98bb59c6ff9299466a19c0c933a79
4,famous_le_10m,6,1.0,1.0,2,srnet,f37ac809b43b681be15b2d22f84ad70b2de98bb59c6ff9299466a19c0c933a79
4,famous_le_10m,7,1.0,1.0,2,srnet,f37ac809b43b681be15b2d22f84ad70b2de98bb59c6ff9299466a19c0c933a79
4,famous_le_10m,8,1.0,1.0,2,srnet,f37ac809b43b681be15b2d22f84ad70b2de98bb59c6ff9299466a19c0c933a79
4,famous_le_10m,9,1.0,1.0,2,srnet,f37ac809b43b681be15b2d22f84ad70b2de98bb59c6ff9299466a19c0c933a79
4,famous_le_10m,10,1.0,1.0,2,srnet,f37ac809b43b681be15b2d22f84ad70b2de98bb59c6ff9299466a19c0c933a79
4,famous_le_10m,11,1.0,1.0,2,srnet,f37ac809b43b681be15b2d22f84ad70b2de98bb59c6ff9299466a19c0c933a79
4,famous_le_10m,12,1.0,1.0,2,srnet,f37ac809b43b681be15b2d22f84ad70b2de98bb59c6ff9299466a19c0c933a79
4,famous_le_10m,13,1.0,1.0,2,srnet,f37ac809b43b681be15b2d22f84ad70b2de98bb59c6ff9299466a19c0c933a79
4,famous_le_10m,14,1.0,1.0,2,srnet,f37ac809b43b681be15b2d22f84ad70b2de98bb59c6ff9299466a19c0c933a79
4,famous_le_10m,15,1.0,1.0,2,srnet,f37ac809b43b681be15b2d22f84ad70b2de98bb59c6ff9299466a19c0c933a79
4,famous_le_10m,16,1.0,1.0,2,srnet,f37ac809b43b681be15b2d22f84ad70b2de98bb59c6ff9299466a19c0c933a79
4,famous_le_10m,17,1.0,1.0,2,srnet,f37ac809b43b681be15b2d22f84ad70b2de98bb59c6ff9299466a19c0c933a79
4,famous_le_10m,18,1.0,1.0,2,srnet,f37ac809b43b681be15b2d22f84ad70b2de98bb59c6ff9299466a19c0c933a79
4,famous_le_10m,19,1.0,1.0,2,srnet,f37ac809b43b681be15b2d22f84ad70b2de98bb59c6ff9299466a19c0c933a79
4,famous_le_10m,20,1.0,1.0,2,srnet,f37ac809b43b681be15b2d22f84ad70b2de98bb59c6ff9299466a19c0c933a79
4,famous_le_10m,21,1.0,1.0,2,srnet,f37ac809b43b681be15b2d22f84ad70b2de98bb59c6ff9299466a19c0c933a79
4,famous_le_10m,22,1.0,1.0,2,srnet,f37ac809b43b681be15b2d22f84ad70b2de98bb59c6ff9299466a19c0c933a79
4,famous_le_10m,23,1.0,1.0,2,srnet,f37ac809b43b681be15b2d22f84ad70b2de98bb59c6ff9299466a19c0c933a79
4,famous_le_100m,0,0.8571428571428571,0.7857142857142857,2,srnet,f37ac809b43b681be15b2d22f84ad70b2de98bb59c6ff9299466a19c0c933a79
4,famous_le_100m,1,0.14285714285714285,0.14285714285714285,2,srnet,f37ac809b43b681be15b2d22f84ad70b2de98bb59c6ff9299466a19c0c933a79
4,famous_le_100m,2,0.07142857142857142,0.14285714285714285,2,srnet,f37ac809b43b681be15b2d22f84ad70b2de98bb59c6ff9299466a19c0c933a79
4,famous_le_100m,3,0.07142857142857142,0.07142857142857142,2,srnet,f37ac809b43b681be15b2d22f84ad70b2de98bb59c6ff9299466a19c0c933a79
4,famous_le_100m,4,0.07142857142857142,0.07142857142857142,2,srnet,f37ac809b43b681be15b2d22f84ad70b2de98bb59c6ff9299466a19c0c933a79
4,famous_le_100m,5,0.2857142857142857,0.2857142857142857,2,srnet,f37ac809b43b681be15b2d22f84ad70b2de98bb59c6ff9299466a19c0c933a79
4,famous_le_100m,6,0.5,0.5,2,srnet,f37ac809b43b681be15b2d22f84ad70b2de98bb59c6ff9299466a19c0c933a79
4,famous_le_100m,7,0.8571428571428571,0.8571428571428571,2,srnet,f37ac809b43b681be15b2d22f84ad70b2de98bb59c6ff9299466a19c0c933a79
4,famous_le_100m,8,0.8571428571428571,0.8571428571428571,2,srnet,f37ac809b43b681be15b2d22f84ad70b2de98bb59c6ff9299466a19c0c933a79
4,famous_le_100m,9,0.8571428571428571,0.8571428571428571,2,srnet,f37ac809b43b681be15b2d22f84ad70b2de98bb59c6ff9299466a19c0c933a79
4,famous_le_100m,10,0.9285714285714286,0.9285714285714286,2,srnet,f37ac809b43b681be15b2d22f84ad70b2de98bb59c6ff9299466a19c0c933a79
4,famous_le_100m,11,0.9285714285714286,0.9285714285714286,2,srnet,f37ac809b43b681be15b2d22f84ad70b2de98bb59c6ff9299466a19c0c933a79
4,famous_le_100m,12,0.9285714285714286,0.9285714285714286,2,srnet,f37ac809b43b681be15b2d22f84ad70b2de98bb59c6ff9299466a19c0c933a79
4,famous_le_100m,13,0.9285714285714286,0.9285714285714286,2,srnet,f37ac809b43b681be15b2d22f84ad70b2de98bb59c6ff9299466a19c0c933a79
4,famous_le_100m,14,1.0,1.0,2,srnet,f37ac809b43b681be15b2d22f84ad70b2de98bb59c6ff9299466a19c0c933a79
4,famous_le_100m,15,1.0,1.0,2,srnet,f37ac809b43b681be15b2d22f84ad70b2de98bb59c6ff9299466a19c0c933a79
4,famous_le_100m,16,1.0,1.0,2,srnet,f37ac809b43b681be15b2d22f84ad70b2de98bb59c6ff9299466a19c0c933a79
4,famous_le_100m,17,1.0,1.0,2,srnet,f37ac809b43b681be15b2d22f84ad70b2de98bb59c6ff9299466a19c0c933a79
4,famous_le_100m,18,1.0,1.0,2,srnet,f37ac809b43b681be15b2d22f84ad70b2de98bb59c6ff9299466a19c0c933a79
4,famous_le_100m,19,1.0,1.0,2,srnet,f37ac809b43b681be15b2d22f84ad70b2de98bb59c6ff9299466a19c0c933a79
4,famous_le_100m,20,1.0,1.0,2,srnet,f37ac809b43b681be15b2d22f84ad70b2de98bb59c6ff9299466a19c0c933a79
4,famous_le_100m,21,1.0,1.0,2,srnet,f37ac809b43b681be15b2d22f84ad70b2de98bb59c6ff9299466a19c0c933a79
4,famous_le_100m,22,1.0,1.0,2,srnet,f37ac809b43b681be15b2d22f84ad70b2de98bb59c6ff9299466a19c0c933a79
4,famous_le_100m,23,1.0,1.0,2,srnet,f37ac809b43b681be15b2d22f84ad70b2de98bb59c6ff9299466a19c0c933a79
0,torch_pretrained_classification,0,0.7625,0.7625,3,srnet,cd0ea80f74b20b6e811c282b82d1b408188eb92f2de63293b14b1c2899a4a04e
0,famous_le_10m,0,0.8,0.8,3,srnet,cd0ea80f74b20b6e811c282b82d1b408188eb92f2de63293b14b1c2899a4a04e
0,famous_le_10m,1,0.2,0.2,3,srnet,cd0ea80f74b20b6e811c282b82d1b408188eb92f2de63293b14b1c2899a4a04e
0,famous_le_10m,2,0.2,0.4,3,srnet,cd0ea80f74b20b6e811c282b82d1b408188eb92f2de63293b14b1c2899a4a04e
0,famous_le_10m,3,0.2,0.6,3,srnet,cd0ea80f74b20b6e811c282b82d1b408188eb92f2de63293b14b1c2899a4a04e
0,famous_le_10m,4,1.0,0.8,3,srnet,cd0ea80f74b20b6e811c282b82d1b408188eb92f2de63293b14b1c2899a4a04e
0,famous_le_10m,5,1.0,1.0,3,srnet,cd0ea80f74b20b6e811c282b82d1b408188eb92f2de63293b14b1c2899a4a04e
0,famous_le_10m,6,1.0,1.0,3,srnet,cd0ea80f74b20b6e811c282b82d1b408188eb92f2de63293b14b1c2899a4a04e
0,famous_le_10m,7,1.0,1.0,3,srnet,cd0ea80f74b20b6e811c282b82d1b408188eb92f2de63293b14b1c2899a4a04e
0,famous_le_10m,8,1.0,1.0,3,srnet,cd0ea80f74b20b6e811c282b82d1b408188eb92f2de63293b14b1c2899a4a04e
0,famous_le_10m,9,1.0,1.0,3,srnet,cd0ea80f74b20b6e811c282b82d1b408188eb92f2de63293b14b1c2899a4a04e
0,famous_le_10m,10,1.0,1.0,3,srnet,cd0ea80f74b20b6e811c282b82d1b408188eb92f2de63293b14b1c2899a4a04e
0,famous_le_10m,11,1.0,1.0,3,srnet,cd0ea80f74b20b6e811c282b82d1b408188eb92f2de63293b14b1c2899a4a04e
0,famous_le_10m,12,1.0,1.0,3,srnet,cd0ea80f74b20b6e811c282b82d1b408188eb92f2de63293b14b1c2899a4a04e
0,famous_le_10m,13,1.0,1.0,3,srnet,cd0ea80f74b20b6e811c282b82d1b408188eb92f2de63293b14b1c2899a4a04e
0,famous_le_10m,14,1.0,1.0,3,srnet,cd0ea80f74b20b6e811c282b82d1b408188eb92f2de63293b14b1c2899a4a04e
0,famous_le_10m,15,1.0,1.0,3,srnet,cd0ea80f74b20b6e811c282b82d1b408188eb92f2de63293b14b1c2899a4a04e
0,famous_le_10m,16,1.0,1.0,3,srnet,cd0ea80f74b20b6e811c282b82d1b408188eb92f2de63293b14b1c2899a4a04e
0,famous_le_10m,17,1.0,1.0,3,srnet,cd0ea80f74b20b6e811c282b82d1b408188eb92f2de63293b14b1c2899a4a04e
0,famous_le_10m,18,1.0,1.0,3,srnet,cd0ea80f74b20b6e811c282b82d1b408188eb92f2de63293b14b1c2899a4a04e
0,famous_le_10m,19,1.0,1.0,3,srnet,cd0ea80f74b20b6e811c282b82d1b408188eb92f2de63293b14b1c2899a4a04e
0,famous_le_10m,20,1.0,1.0,3,srnet,cd0ea80f74b20b6e811c282b82d1b408188eb92f2de63293b14b1c2899a4a04e
0,famous_le_10m,21,1.0,1.0,3,srnet,cd0ea80f74b20b6e811c282b82d1b408188eb92f2de63293b14b1c2899a4a04e
0,famous_le_10m,22,1.0,1.0,3,srnet,cd0ea80f74b20b6e811c282b82d1b408188eb92f2de63293b14b1c2899a4a04e
0,famous_le_10m,23,1.0,1.0,3,srnet,cd0ea80f74b20b6e811c282b82d1b408188eb92f2de63293b14b1c2899a4a04e
0,famous_le_100m,0,0.7142857142857143,0.6428571428571429,3,srnet,cd0ea80f74b20b6e811c282b82d1b408188eb92f2de63293b14b1c2899a4a04e
0,famous_le_100m,1,0.2857142857142857,0.35714285714285715,3,srnet,cd0ea80f74b20b6e811c282b82d1b408188eb92f2de63293b14b1c2899a4a04e
0,famous_le_100m,2,0.2857142857142857,0.2857142857142857,3,srnet,cd0ea80f74b20b6e811c282b82d1b408188eb92f2de63293b14b1c2899a4a04e
0,famous_le_100m,3,0.2857142857142857,0.2857142857142857,3,srnet,cd0ea80f74b20b6e811c282b82d1b408188eb92f2de63293b14b1c2899a4a04e
0,famous_le_100m,4,0.2857142857142857,0.35714285714285715,3,srnet,cd0ea80f74b20b6e811c282b82d1b408188eb92f2de63293b14b1c2899a4a04e
0,famous_le_100m,5,0.5714285714285714,0.6428571428571429,3,srnet,cd0ea80f74b20b6e811c282b82d1b408188eb92f2de63293b14b1c2899a4a04e
0,famous_le_100m,6,0.6428571428571429,0.7142857142857143,3,srnet,cd0ea80f74b20b6e811c282b82d1b408188eb92f2de63293b14b1c2899a4a04e
0,famous_le_100m,7,0.8571428571428571,0.8571428571428571,3,srnet,cd0ea80f74b20b6e811c282b82d1b408188eb92f2de63293b14b1c2899a4a04e
0,famous_le_100m,8,0.8571428571428571,0.8571428571428571,3,srnet,cd0ea80f74b20b6e811c282b82d1b408188eb92f2de63293b14b1c2899a4a04e
0,famous_le_100m,9,0.9285714285714286,0.9285714285714286,3,srnet,cd0ea80f74b20b6e811c282b82d1b408188eb92f2de63293b14b1c2899a4a04e
0,famous_le_100m,10,0.9285714285714286,0.9285714285714286,3,srnet,cd0ea80f74b20b6e811c282b82d1b408188eb92f2de63293b14b1c2899a4a04e
0,famous_le_100m,11,0.9285714285714286,0.9285714285714286,3,srnet,cd0ea80f74b20b6e811c282b82d1b408188eb92f2de63293b14b1c2899a4a04e
0,famous_le_100m,12,0.9285714285714286,0.9285714285714286,3,srnet,cd0ea80f74b20b6e811c282b82d1b408188eb92f2de63293b14b1c2899a4a04e
0,famous_le_100m,13,1.0,1.0,3,srnet,cd0ea80f74b20b6e811c282b82d1b408188eb92f2de63293b14b1c2899a4a04e
0,famous_le_100m,14,1.0,1.0,3,srnet,cd0ea80f74b20b6e811c282b82d1b408188eb92f2de63293b14b1c2899a4a04e
0,famous_le_100m,15,1.0,1.0,3,srnet,cd0ea80f74b20b6e811c282b82d1b408188eb92f2de63293b14b1c2899a4a04e
0,famous_le_100m,16,1.0,1.0,3,srnet,cd0ea80f74b20b6e811c282b82d1b408188eb92f2de63293b14b1c2899a4a04e
0,famous_le_100m,17,1.0,1.0,3,srnet,cd0ea80f74b20b6e811c282b82d1b408188eb92f2de63293b14b1c2899a4a04e
0,famous_le_100m,18,1.0,1.0,3,srnet,cd0ea80f74b20b6e811c282b82d1b408188eb92f2de63293b14b1c2899a4a04e
0,famous_le_100m,19,1.0,1.0,3,srnet,cd0ea80f74b20b6e811c282b82d1b408188eb92f2de63293b14b1c2899a4a04e
0,famous_le_100m,20,1.0,1.0,3,srnet,cd0ea80f74b20b6e811c282b82d1b408188eb92f2de63293b14b1c2899a4a04e
0,famous_le_100m,21,1.0,1.0,3,srnet,cd0ea80f74b20b6e811c282b82d1b408188eb92f2de63293b14b1c2899a4a04e
0,famous_le_100m,22,1.0,1.0,3,srnet,cd0ea80f74b20b6e811c282b82d1b408188eb92f2de63293b14b1c2899a4a04e
0,famous_le_100m,23,1.0,1.0,3,srnet,cd0ea80f74b20b6e811c282b82d1b408188eb92f2de63293b14b1c2899a4a04e
1,torch_pretrained_classification,0,0.8125,0.8125,3,srnet,7b9bd881bd324fa5504bf528f56a048b649d7aaa6f3022c4af0ac3c337d5d982
1,famous_le_10m,0,0.8,0.8,3,srnet,7b9bd881bd324fa5504bf528f56a048b649d7aaa6f3022c4af0ac3c337d5d982
1,famous_le_10m,1,0.2,0.2,3,srnet,7b9bd881bd324fa5504bf528f56a048b649d7aaa6f3022c4af0ac3c337d5d982
1,famous_le_10m,2,0.2,0.2,3,srnet,7b9bd881bd324fa5504bf528f56a048b649d7aaa6f3022c4af0ac3c337d5d982
1,famous_le_10m,3,0.2,0.4,3,srnet,7b9bd881bd324fa5504bf528f56a048b649d7aaa6f3022c4af0ac3c337d5d982
1,famous_le_10m,4,0.8,0.4,3,srnet,7b9bd881bd324fa5504bf528f56a048b649d7aaa6f3022c4af0ac3c337d5d982
1,famous_le_10m,5,1.0,0.8,3,srnet,7b9bd881bd324fa5504bf528f56a048b649d7aaa6f3022c4af0ac3c337d5d982
1,famous_le_10m,6,1.0,1.0,3,srnet,7b9bd881bd324fa5504bf528f56a048b649d7aaa6f3022c4af0ac3c337d5d982
1,famous_le_10m,7,1.0,1.0,3,srnet,7b9bd881bd324fa5504bf528f56a048b649d7aaa6f3022c4af0ac3c337d5d982
1,famous_le_10m,8,1.0,1.0,3,srnet,7b9bd881bd324fa5504bf528f56a048b649d7aaa6f3022c4af0ac3c337d5d982
1,famous_le_10m,9,1.0,1.0,3,srnet,7b9bd881bd324fa5504bf528f56a048b649d7aaa6f3022c4af0ac3c337d5d982
1,famous_le_10m,10,1.0,1.0,3,srnet,7b9bd881bd324fa5504bf528f56a048b649d7aaa6f3022c4af0ac3c337d5d982
1,famous_le_10m,11,1.0,1.0,3,srnet,7b9bd881bd324fa5504bf528f56a048b649d7aaa6f3022c4af0ac3c337d5d982
1,famous_le_10m,12,1.0,1.0,3,srnet,7b9bd881bd324fa5504bf528f56a048b649d7aaa6f3022c4af0ac3c337d5d982
1,famous_le_10m,13,1.0,1.0,3,srnet,7b9bd881bd324fa5504bf528f56a048b649d7aaa6f3022c4af0ac3c337d5d982
1,famous_le_10m,14,1.0,1.0,3,srnet,7b9bd881bd324fa5504bf528f56a048b649d7aaa6f3022c4af0ac3c337d5d982
1,famous_le_10m,15,1.0,1.0,3,srnet,7b9bd881bd324fa5504bf528f56a048b649d7aaa6f3022c4af0ac3c337d5d982
1,famous_le_10m,16,1.0,1.0,3,srnet,7b9bd881bd324fa5504bf528f56a048b649d7aaa6f3022c4af0ac3c337d5d982
1,famous_le_10m,17,1.0,1.0,3,srnet,7b9bd881bd324fa5504bf528f56a048b649d7aaa6f3022c4af0ac3c337d5d982
1,famous_le_10m,18,1.0,1.0,3,srnet,7b9bd881bd324fa5504bf528f56a048b649d7aaa6f3022c4af0ac3c337d5d982
1,famous_le_10m,19,1.0,1.0,3,srnet,7b9bd881bd324fa5504bf528f56a048b649d7aaa6f3022c4af0ac3c337d5d982
1,famous_le_10m,20,1.0,1.0,3,srnet,7b9bd881bd324fa5504bf528f56a048b649d7aaa6f3022c4af0ac3c337d5d982
1,famous_le_10m,21,1.0,1.0,3,srnet,7b9bd881bd324fa5504bf528f56a048b649d7aaa6f3022c4af0ac3c337d5d982
1,famous_le_10m,22,1.0,1.0,3,srnet,7b9bd881bd324fa5504bf528f56a048b649d7aaa6f3022c4af0ac3c337d5d982
1,famous_le_10m,23,1.0,1.0,3,srnet,7b9bd881bd324fa5504bf528f56a048b649d7aaa6f3022c4af0ac3c337d5d982
1,famous_le_100m,0,0.7142857142857143,0.7857142857142857,3,srnet,7b9bd881bd324fa5504bf528f56a048b649d7aaa6f3022c4af0ac3c337d5d982
1,famous_le_100m,1,0.2857142857142857,0.21428571428571427,3,srnet,7b9bd881bd324fa5504bf528f56a048b649d7aaa6f3022c4af0ac3c337d5d982
1,famous_le_100m,2,0.2857142857142857,0.21428571428571427,3,srnet,7b9bd881bd324fa5504bf528f56a048b649d7aaa6f3022c4af0ac3c337d5d982
1,famous_le_100m,3,0.21428571428571427,0.21428571428571427,3,srnet,7b9bd881bd324fa5504bf528f56a048b649d7aaa6f3022c4af0ac3c337d5d982
1,famous_le_100m,4,0.21428571428571427,0.2857142857142857,3,srnet,7b9bd881bd324fa5504bf528f56a048b649d7aaa6f3022c4af0ac3c337d5d982
1,famous_le_100m,5,0.5714285714285714,0.42857142857142855,3,srnet,7b9bd881bd324fa5504bf528f56a048b649d7aaa6f3022c4af0ac3c337d5d982
1,famous_le_100m,6,0.5714285714285714,0.7142857142857143,3,srnet,7b9bd881bd324fa5504bf528f56a048b649d7aaa6f3022c4af0ac3c337d5d982
1,famous_le_100m,7,0.8571428571428571,0.8571428571428571,3,srnet,7b9bd881bd324fa5504bf528f56a048b649d7aaa6f3022c4af0ac3c337d5d982
1,famous_le_100m,8,0.8571428571428571,0.8571428571428571,3,srnet,7b9bd881bd324fa5504bf528f56a048b649d7aaa6f3022c4af0ac3c337d5d982
1,famous_le_100m,9,0.9285714285714286,0.9285714285714286,3,srnet,7b9bd881bd324fa5504bf528f56a048b649d7aaa6f3022c4af0ac3c337d5d982
1,famous_le_100m,10,0.9285714285714286,0.9285714285714286,3,srnet,7b9bd881bd324fa5504bf528f56a048b649d7aaa6f3022c4af0ac3c337d5d982
1,famous_le_100m,11,0.9285714285714286,0.9285714285714286,3,srnet,7b9bd881bd324fa5504bf528f56a048b649d7aaa6f3022c4af0ac3c337d5d982
1,famous_le_100m,12,0.9285714285714286,0.9285714285714286,3,srnet,7b9bd881bd324fa5504bf528f56a048b649d7aaa6f3022c4af0ac3c337d5d982
1,famous_le_100m,13,1.0,1.0,3,srnet,7b9bd881bd324fa5504bf528f56a048b649d7aaa6f3022c4af0ac3c337d5d982
1,famous_le_100m,14,1.0,1.0,3,srnet,7b9bd881bd324fa5504bf528f56a048b649d7aaa6f3022c4af0ac3c337d5d982
1,famous_le_100m,15,1.0,1.0,3,srnet,7b9bd881bd324fa5504bf528f56a048b649d7aaa6f3022c4af0ac3c337d5d982
1,famous_le_100m,16,1.0,1.0,3,srnet,7b9bd881bd324fa5504bf528f56a048b649d7aaa6f3022c4af0ac3c337d5d982
1,famous_le_100m,17,1.0,1.0,3,srnet,7b9bd881bd324fa5504bf528f56a048b649d7aaa6f3022c4af0ac3c337d5d982
1,famous_le_100m,18,1.0,1.0,3,srnet,7b9bd881bd324fa5504bf528f56a048b649d7aaa6f3022c4af0ac3c337d5d982
1,famous_le_100m,19,1.0,1.0,3,srnet,7b9bd881bd324fa5504bf528f56a048b649d7aaa6f3022c4af0ac3c337d5d982
1,famous_le_100m,20,1.0,1.0,3,srnet,7b9bd881bd324fa5504bf528f56a048b649d7aaa6f3022c4af0ac3c337d5d982
1,famous_le_100m,21,1.0,1.0,3,srnet,7b9bd881bd324fa5504bf528f56a048b649d7aaa6f3022c4af0ac3c337d5d982
1,famous_le_100m,22,1.0,1.0,3,srnet,7b9bd881bd324fa5504bf528f56a048b649d7aaa6f3022c4af0ac3c337d5d982
1,famous_le_100m,23,1.0,1.0,3,srnet,7b9bd881bd324fa5504bf528f56a048b649d7aaa6f3022c4af0ac3c337d5d982
2,torch_pretrained_classification,0,0.775,0.7625,3,srnet,8e4e58da1bd73afa163429897db7bceb1432665fbfe7768854e05354790d8419
2,famous_le_10m,0,0.8,1.0,3,srnet,8e4e58da1bd73afa163429897db7bceb1432665fbfe7768854e05354790d8419
2,famous_le_10m,1,0.2,0.0,3,srnet,8e4e58da1bd73afa163429897db7bceb1432665fbfe7768854e05354790d8419
2,famous_le_10m,2,0.2,0.4,3,srnet,8e4e58da1bd73afa163429897db7bceb1432665fbfe7768854e05354790d8419
2,famous_le_10m,3,0.2,0.6,3,srnet,8e4e58da1bd73afa163429897db7bceb1432665fbfe7768854e05354790d8419
2,famous_le_10m,4,1.0,0.8,3,srnet,8e4e58da1bd73afa163429897db7bceb1432665fbfe7768854e05354790d8419
2,famous_le_10m,5,1.0,0.4,3,srnet,8e4e58da1bd73afa163429897db7bceb1432665fbfe7768854e05354790d8419
2,famous_le_10m,6,1.0,1.0,3,srnet,8e4e58da1bd73afa163429897db7bceb1432665fbfe7768854e05354790d8419
2,famous_le_10m,7,1.0,1.0,3,srnet,8e4e58da1bd73afa163429897db7bceb1432665fbfe7768854e05354790d8419
2,famous_le_10m,8,1.0,1.0,3,srnet,8e4e58da1bd73afa163429897db7bceb1432665fbfe7768854e05354790d8419
2,famous_le_10m,9,1.0,1.0,3,srnet,8e4e58da1bd73afa163429897db7bceb1432665fbfe7768854e05354790d8419
2,famous_le_10m,10,1.0,1.0,3,srnet,8e4e58da1bd73afa163429897db7bceb1432665fbfe7768854e05354790d8419
2,famous_le_10m,11,1.0,1.0,3,srnet,8e4e58da1bd73afa163429897db7bceb1432665fbfe7768854e05354790d8419
2,famous_le_10m,12,1.0,1.0,3,srnet,8e4e58da1bd73afa163429897db7bceb1432665fbfe7768854e05354790d8419
2,famous_le_10m,13,1.0,1.0,3,srnet,8e4e58da1bd73afa163429897db7bceb1432665fbfe7768854e05354790d8419
2,famous_le_10m,14,1.0,1.0,3,srnet,8e4e58da1bd73afa163429897db7bceb1432665fbfe7768854e05354790d8419
2,famous_le_10m,15,1.0,1.0,3,srnet,8e4e58da1bd73afa163429897db7bceb1432665fbfe7768854e05354790d8419
2,famous_le_10m,16,1.0,1.0,3,srnet,8e4e58da1bd73afa163429897db7bceb1432665fbfe7768854e05354790d8419
2,famous_le_10m,17,1.0,1.0,3,srnet,8e4e58da1bd73afa163429897db7bceb1432665fbfe7768854e05354790d8419
2,famous_le_10m,18,1.0,1.0,3,srnet,8e4e58da1bd73afa163429897db7bceb1432665fbfe7768854e05354790d8419
2,famous_le_10m,19,1.0,1.0,3,srnet,8e4e58da1bd73afa163429897db7bceb1432665fbfe7768854e05354790d8419
2,famous_le_10m,20,1.0,1.0,3,srnet,8e4e58da1bd73afa163429897db7bceb1432665fbfe7768854e05354790d8419
2,famous_le_10m,21,1.0,1.0,3,srnet,8e4e58da1bd73afa163429897db7bceb1432665fbfe7768854e05354790d8419
2,famous_le_10m,22,1.0,1.0,3,srnet,8e4e58da1bd73afa163429897db7bceb1432665fbfe7768854e05354790d8419
2,famous_le_10m,23,1.0,1.0,3,srnet,8e4e58da1bd73afa163429897db7bceb1432665fbfe7768854e05354790d8419
2,famous_le_100m,0,0.7142857142857143,0.7857142857142857,3,srnet,8e4e58da1bd73afa163429897db7bceb1432665fbfe7768854e05354790d8419
2,famous_le_100m,1,0.2857142857142857,0.21428571428571427,3,srnet,8e4e58da1bd73afa163429897db7bceb1432665fbfe7768854e05354790d8419
2,famous_le_100m,2,0.2857142857142857,0.21428571428571427,3,srnet,8e4e58da1bd73afa163429897db7bceb1432665fbfe7768854e05354790d8419
2,famous_le_100m,3,0.21428571428571427,0.14285714285714285,3,srnet,8e4e58da1bd73afa163429897db7bceb1432665fbfe7768854e05354790d8419
2,famous_le_100m,4,0.21428571428571427,0.21428571428571427,3,srnet,8e4e58da1bd73afa163429897db7bceb1432665fbfe7768854e05354790d8419
2,famous_le_100m,5,0.5714285714285714,0.5,3,srnet,8e4e58da1bd73afa163429897db7bceb1432665fbfe7768854e05354790d8419
2,famous_le_100m,6,0.6428571428571429,0.6428571428571429,3,srnet,8e4e58da1bd73afa163429897db7bceb1432665fbfe7768854e05354790d8419
2,famous_le_100m,7,0.8571428571428571,0.8571428571428571,3,srnet,8e4e58da1bd73afa163429897db7bceb1432665fbfe7768854e05354790d8419
2,famous_le_100m,8,0.8571428571428571,0.8571428571428571,3,srnet,8e4e58da1bd73afa163429897db7bceb1432665fbfe7768854e05354790d8419
2,famous_le_100m,9,0.9285714285714286,0.8571428571428571,3,srnet,8e4e58da1bd73afa163429897db7bceb1432665fbfe7768854e05354790d8419
2,famous_le_100m,10,0.9285714285714286,0.9285714285714286,3,srnet,8e4e58da1bd73afa163429897db7bceb1432665fbfe7768854e05354790d8419
2,famous_le_100m,11,0.9285714285714286,0.9285714285714286,3,srnet,8e4e58da1bd73afa163429897db7bceb1432665fbfe7768854e05354790d8419
2,famous_le_100m,12,0.9285714285714286,0.9285714285714286,3,srnet,8e4e58da1bd73afa163429897db7bceb1432665fbfe7768854e05354790d8419
2,famous_le_100m,13,1.0,1.0,3,srnet,8e4e58da1bd73afa163429897db7bceb1432665fbfe7768854e05354790d8419
2,famous_le_100m,14,1.0,1.0,3,srnet,8e4e58da1bd73afa163429897db7bceb1432665fbfe7768854e05354790d8419
2,famous_le_100m,15,1.0,1.0,3,srnet,8e4e58da1bd73afa163429897db7bceb1432665fbfe7768854e05354790d8419
2,famous_le_100m,16,1.0,1.0,3,srnet,8e4e58da1bd73afa163429897db7bceb1432665fbfe7768854e05354790d8419
2,famous_le_100m,17,1.0,1.0,3,srnet,8e4e58da1bd73afa163429897db7bceb1432665fbfe7768854e05354790d8419
2,famous_le_100m,18,1.0,1.0,3,srnet,8e4e58da1bd73afa163429897db7bceb1432665fbfe7768854e05354790d8419
2,famous_le_100m,19,1.0,1.0,3,srnet,8e4e58da1bd73afa163429897db7bceb1432665fbfe7768854e05354790d8419
2,famous_le_100m,20,1.0,1.0,3,srnet,8e4e58da1bd73afa163429897db7bceb1432665fbfe7768854e05354790d8419
2,famous_le_100m,21,1.0,1.0,3,srnet,8e4e58da1bd73afa163429897db7bceb1432665fbfe7768854e05354790d8419
2,famous_le_100m,22,1.0,1.0,3,srnet,8e4e58da1bd73afa163429897db7bceb1432665fbfe7768854e05354790d8419
2,famous_le_100m,23,1.0,1.0,3,srnet,8e4e58da1bd73afa163429897db7bceb1432665fbfe7768854e05354790d8419
3,torch_pretrained_classification,0,0.75,0.75,3,srnet,4f76568570848cf7bdfd65320aadd491606d14dc4ce08a932371d201022431e2
3,famous_le_10m,0,0.8,1.0,3,srnet,4f76568570848cf7bdfd65320aadd491606d14dc4ce08a932371d201022431e2
3,famous_le_10m,1,0.2,0.0,3,srnet,4f76568570848cf7bdfd65320aadd491606d14dc4ce08a932371d201022431e2
3,famous_le_10m,2,0.2,0.4,3,srnet,4f76568570848cf7bdfd65320aadd491606d14dc4ce08a932371d201022431e2
3,famous_le_10m,3,0.2,0.6,3,srnet,4f76568570848cf7bdfd65320aadd491606d14dc4ce08a932371d201022431e2
3,famous_le_10m,4,0.8,0.6,3,srnet,4f76568570848cf7bdfd65320aadd491606d14dc4ce08a932371d201022431e2
3,famous_le_10m,5,1.0,0.4,3,srnet,4f76568570848cf7bdfd65320aadd491606d14dc4ce08a932371d201022431e2
3,famous_le_10m,6,1.0,1.0,3,srnet,4f76568570848cf7bdfd65320aadd491606d14dc4ce08a932371d201022431e2
3,famous_le_10m,7,1.0,1.0,3,srnet,4f76568570848cf7bdfd65320aadd491606d14dc4ce08a932371d201022431e2
3,famous_le_10m,8,1.0,1.0,3,srnet,4f76568570848cf7bdfd65320aadd491606d14dc4ce08a932371d201022431e2
3,famous_le_10m,9,1.0,1.0,3,srnet,4f76568570848cf7bdfd65320aadd491606d14dc4ce08a932371d201022431e2
3,famous_le_10m,10,1.0,1.0,3,srnet,4f76568570848cf7bdfd65320aadd491606d14dc4ce08a932371d201022431e2
3,famous_le_10m,11,1.0,1.0,3,srnet,4f76568570848cf7bdfd65320aadd491606d14dc4ce08a932371d201022431e2
3,famous_le_10m,12,1.0,1.0,3,srnet,4f76568570848cf7bdfd65320aadd491606d14dc4ce08a932371d201022431e2
3,famous_le_10m,13,1.0,1.0,3,srnet,4f76568570848cf7bdfd65320aadd491606d14dc4ce08a932371d201022431e2
3,famous_le_10m,14,1.0,1.0,3,srnet,4f76568570848cf7bdfd65320aadd491606d14dc4ce08a932371d201022431e2
3,famous_le_10m,15,1.0,1.0,3,srnet,4f76568570848cf7bdfd65320aadd491606d14dc4ce08a932371d201022431e2
3,famous_le_10m,16,1.0,1.0,3,srnet,4f76568570848cf7bdfd65320aadd491606d14dc4ce08a932371d201022431e2
3,famous_le_10m,17,1.0,1.0,3,srnet,4f76568570848cf7bdfd65320aadd491606d14dc4ce08a932371d201022431e2
3,famous_le_10m,18,1.0,1.0,3,srnet,4f76568570848cf7bdfd65320aadd491606d14dc4ce08a932371d201022431e2
3,famous_le_10m,19,1.0,1.0,3,srnet,4f76568570848cf7bdfd65320aadd491606d14dc4ce08a932371d201022431e2
3,famous_le_10m,20,1.0,1.0,3,srnet,4f76568570848cf7bdfd65320aadd491606d14dc4ce08a932371d201022431e2
3,famous_le_10m,21,1.0,1.0,3,srnet,4f76568570848cf7bdfd65320aadd491606d14dc4ce08a932371d201022431e2
3,famous_le_10m,22,1.0,1.0,3,srnet,4f76568570848cf7bdfd65320aadd491606d14dc4ce08a932371d201022431e2
3,famous_le_10m,23,1.0,1.0,3,srnet,4f76568570848cf7bdfd65320aadd491606d14dc4ce08a932371d201022431e2
3,famous_le_100m,0,0.7142857142857143,0.7857142857142857,3,srnet,4f76568570848cf7bdfd65320aadd491606d14dc4ce08a932371d201022431e2
3,famous_le_100m,1,0.2857142857142857,0.14285714285714285,3,srnet,4f76568570848cf7bdfd65320aadd491606d14dc4ce08a932371d201022431e2
3,famous_le_100m,2,0.2857142857142857,0.21428571428571427,3,srnet,4f76568570848cf7bdfd65320aadd491606d14dc4ce08a932371d201022431e2
3,famous_le_100m,3,0.2857142857142857,0.14285714285714285,3,srnet,4f76568570848cf7bdfd65320aadd491606d14dc4ce08a932371d201022431e2
3,famous_le_100m,4,0.2857142857142857,0.21428571428571427,3,srnet,4f76568570848cf7bdfd65320aadd491606d14dc4ce08a932371d201022431e2
3,famous_le_100m,5,0.5714285714285714,0.35714285714285715,3,srnet,4f76568570848cf7bdfd65320aadd491606d14dc4ce08a932371d201022431e2
3,famous_le_100m,6,0.6428571428571429,0.6428571428571429,3,srnet,4f76568570848cf7bdfd65320aadd491606d14dc4ce08a932371d201022431e2
3,famous_le_100m,7,0.8571428571428571,0.8571428571428571,3,srnet,4f76568570848cf7bdfd65320aadd491606d14dc4ce08a932371d201022431e2
3,famous_le_100m,8,0.8571428571428571,0.8571428571428571,3,srnet,4f76568570848cf7bdfd65320aadd491606d14dc4ce08a932371d201022431e2
3,famous_le_100m,9,0.9285714285714286,0.8571428571428571,3,srnet,4f76568570848cf7bdfd65320aadd491606d14dc4ce08a932371d201022431e2
3,famous_le_100m,10,0.9285714285714286,0.9285714285714286,3,srnet,4f76568570848cf7bdfd65320aadd491606d14dc4ce08a932371d201022431e2
3,famous_le_100m,11,0.9285714285714286,0.9285714285714286,3,srnet,4f76568570848cf7bdfd65320aadd491606d14dc4ce08a932371d201022431e2
3,famous_le_100m,12,0.9285714285714286,0.9285714285714286,3,srnet,4f76568570848cf7bdfd65320aadd491606d14dc4ce08a932371d201022431e2
3,famous_le_100m,13,1.0,0.9285714285714286,3,srnet,4f76568570848cf7bdfd65320aadd491606d14dc4ce08a932371d201022431e2
3,famous_le_100m,14,1.0,1.0,3,srnet,4f76568570848cf7bdfd65320aadd491606d14dc4ce08a932371d201022431e2
3,famous_le_100m,15,1.0,1.0,3,srnet,4f76568570848cf7bdfd65320aadd491606d14dc4ce08a932371d201022431e2
3,famous_le_100m,16,1.0,1.0,3,srnet,4f76568570848cf7bdfd65320aadd491606d14dc4ce08a932371d201022431e2
3,famous_le_100m,17,1.0,1.0,3,srnet,4f76568570848cf7bdfd65320aadd491606d14dc4ce08a932371d201022431e2
3,famous_le_100m,18,1.0,1.0,3,srnet,4f76568570848cf7bdfd65320aadd491606d14dc4ce08a932371d201022431e2
3,famous_le_100m,19,1.0,1.0,3,srnet,4f76568570848cf7bdfd65320aadd491606d14dc4ce08a932371d201022431e2
3,famous_le_100m,20,1.0,1.0,3,srnet,4f76568570848cf7bdfd65320aadd491606d14dc4ce08a932371d201022431e2
3,famous_le_100m,21,1.0,1.0,3,srnet,4f76568570848cf7bdfd65320aadd491606d14dc4ce08a932371d201022431e2
3,famous_le_100m,22,1.0,1.0,3,srnet,4f76568570848cf7bdfd65320aadd491606d14dc4ce08a932371d201022431e2
3,famous_le_100m,23,1.0,1.0,3,srnet,4f76568570848cf7bdfd65320aadd491606d14dc4ce08a932371d201022431e2
4,torch_pretrained_classification,0,0.825,0.7375,3,srnet,756a10f212fb6beb4c09b392532eb2a1f05a522bd51eda49c7bf6012467ff2e8
4,famous_le_10m,0,0.8,0.8,3,srnet,756a10f212fb6beb4c09b392532eb2a1f05a522bd51eda49c7bf6012467ff2e8
4,famous_le_10m,1,0.2,0.2,3,srnet,756a10f212fb6beb4c09b392532eb2a1f05a522bd51eda49c7bf6012467ff2e8
4,famous_le_10m,2,0.2,0.2,3,srnet,756a10f212fb6beb4c09b392532eb2a1f05a522bd51eda49c7bf6012467ff2e8
4,famous_le_10m,3,0.2,0.4,3,srnet,756a10f212fb6beb4c09b392532eb2a1f05a522bd51eda49c7bf6012467ff2e8
4,famous_le_10m,4,1.0,0.8,3,srnet,756a10f212fb6beb4c09b392532eb2a1f05a522bd51eda49c7bf6012467ff2e8
4,famous_le_10m,5,1.0,1.0,3,srnet,756a10f212fb6beb4c09b392532eb2a1f05a522bd51eda49c7bf6012467ff2e8
4,famous_le_10m,6,1.0,1.0,3,srnet,756a10f212fb6beb4c09b392532eb2a1f05a522bd51eda49c7bf6012467ff2e8
4,famous_le_10m,7,1.0,1.0,3,srnet,756a10f212fb6beb4c09b392532eb2a1f05a522bd51eda49c7bf6012467ff2e8
4,famous_le_10m,8,1.0,1.0,3,srnet,756a10f212fb6beb4c09b392532eb2a1f05a522bd51eda49c7bf6012467ff2e8
4,famous_le_10m,9,1.0,1.0,3,srnet,756a10f212fb6beb4c09b392532eb2a1f05a522bd51eda49c7bf6012467ff2e8
4,famous_le_10m,10,1.0,1.0,3,srnet,756a10f212fb6beb4c09b392532eb2a1f05a522bd51eda49c7bf6012467ff2e8
4,famous_le_10m,11,1.0,1.0,3,srnet,756a10f212fb6beb4c09b392532eb2a1f05a522bd51eda49c7bf6012467ff2e8
4,famous_le_10m,12,1.0,1.0,3,srnet,756a10f212fb6beb4c09b392532eb2a1f05a522bd51eda49c7bf6012467ff2e8
4,famous_le_10m,13,1.0,1.0,3,srnet,756a10f212fb6beb4c09b392532eb2a1f05a522bd51eda49c7bf6012467ff2e8
4,famous_le_10m,14,1.0,1.0,3,srnet,756a10f212fb6beb4c09b392532eb2a1f05a522bd51eda49c7bf6012467ff2e8
4,famous_le_10m,15,1.0,1.0,3,srnet,756a10f212fb6beb4c09b392532eb2a1f05a522bd51eda49c7bf6012467ff2e8
4,famous_le_10m,16,1.0,1.0,3,srnet,756a10f212fb6beb4c09b392532eb2a1f05a522bd51eda49c7bf6012467ff2e8
4,famous_le_10m,17,1.0,1.0,3,srnet,756a10f212fb6beb4c09b392532eb2a1f05a522bd51eda49c7bf6012467ff2e8
4,famous_le_10m,18,1.0,1.0,3,srnet,756a10f212fb6beb4c09b392532eb2a1f05a522bd51eda49c7bf6012467ff2e8
4,famous_le_10m,19,1.0,1.0,3,srnet,756a10f212fb6beb4c09b392532eb2a1f05a522bd51eda49c7bf6012467ff2e8
4,famous_le_10m,20,1.0,1.0,3,srnet,756a10f212fb6beb4c09b392532eb2a1f05a522bd51eda49c7bf6012467ff2e8
4,famous_le_10m,21,1.0,1.0,3,srnet,756a10f212fb6beb4c09b392532eb2a1f05a522bd51eda49c7bf6012467ff2e8
4,famous_le_10m,22,1.0,1.0,3,srnet,756a10f212fb6beb4c09b392532eb2a1f05a522bd51eda49c7bf6012467ff2e8
4,famous_le_10m,23,1.0,1.0,3,srnet,756a10f212fb6beb4c09b392532eb2a1f05a522bd51eda49c7bf6012467ff2e8
4,famous_le_100m,0,0.6428571428571429,0.6428571428571429,3,srnet,756a10f212fb6beb4c09b392532eb2a1f05a522bd51eda49c7bf6012467ff2e8
4,famous_le_100m,1,0.35714285714285715,0.35714285714285715,3,srnet,756a10f212fb6beb4c09b392532eb2a1f05a522bd51eda49c7bf6012467ff2e8
4,famous_le_100m,2,0.35714285714285715,0.35714285714285715,3,srnet,756a10f212fb6beb4c09b392532eb2a1f05a522bd51eda49c7bf6012467ff2e8
4,famous_le_100m,3,0.2857142857142857,0.2857142857142857,3,srnet,756a10f212fb6beb4c09b392532eb2a1f05a522bd51eda49c7bf6012467ff2e8
4,famous_le_100m,4,0.2857142857142857,0.35714285714285715,3,srnet,756a10f212fb6beb4c09b392532eb2a1f05a522bd51eda49c7bf6012467ff2e8
4,famous_le_100m,5,0.5714285714285714,0.6428571428571429,3,srnet,756a10f212fb6beb4c09b392532eb2a1f05a522bd51eda49c7bf6012467ff2e8
4,famous_le_100m,6,0.6428571428571429,0.7142857142857143,3,srnet,756a10f212fb6beb4c09b392532eb2a1f05a522bd51eda49c7bf6012467ff2e8
4,famous_le_100m,7,0.8571428571428571,0.8571428571428571,3,srnet,756a10f212fb6beb4c09b392532eb2a1f05a522bd51eda49c7bf6012467ff2e8
4,famous_le_100m,8,0.8571428571428571,0.8571428571428571,3,srnet,756a10f212fb6beb4c09b392532eb2a1f05a522bd51eda49c7bf6012467ff2e8
4,famous_le_100m,9,0.9285714285714286,0.9285714285714286,3,srnet,756a10f212fb6beb4c09b392532eb2a1f05a522bd51eda49c7bf6012467ff2e8
4,famous_le_100m,10,0.9285714285714286,0.9285714285714286,3,srnet,756a10f212fb6beb4c09b392532eb2a1f05a522bd51eda49c7bf6012467ff2e8
4,famous_le_100m,11,0.9285714285714286,0.9285714285714286,3,srnet,756a10f212fb6beb4c09b392532eb2a1f05a522bd51eda49c7bf6012467ff2e8
4,famous_le_100m,12,0.9285714285714286,0.9285714285714286,3,srnet,756a10f212fb6beb4c09b392532eb2a1f05a522bd51eda49c7bf6012467ff2e8
4,famous_le_100m,13,1.0,1.0,3,srnet,756a10f212fb6beb4c09b392532eb2a1f05a522bd51eda49c7bf6012467ff2e8
4,famous_le_100m,14,1.0,1.0,3,srnet,756a10f212fb6beb4c09b392532eb2a1f05a522bd51eda49c7bf6012467ff2e8
4,famous_le_100m,15,1.0,1.0,3,srnet,756a10f212fb6beb4c09b392532eb2a1f05a522bd51eda49c7bf6012467ff2e8
4,famous_le_100m,16,1.0,1.0,3,srnet,756a10f212fb6beb4c09b392532eb2a1f05a522bd51eda49c7bf6012467ff2e8
4,famous_le_100m,17,1.0,1.0,3,srnet,756a10f212fb6beb4c09b392532eb2a1f05a522bd51eda49c7bf6012467ff2e8
4,famous_le_100m,18,1.0,1.0,3,srnet,756a10f212fb6beb4c09b392532eb2a1f05a522bd51eda49c7bf6012467ff2e8
4,famous_le_100m,19,1.0,1.0,3,srnet,756a10f212fb6beb4c09b392532eb2a1f05a522bd51eda49c7bf6012467ff2e8
4,famous_le_100m,20,1.0,1.0,3,srnet,756a10f212fb6beb4c09b392532eb2a1f05a522bd51eda49c7bf6012467ff2e8
4,famous_le_100m,21,1.0,1.0,3,srnet,756a10f212fb6beb4c09b392532eb2a1f05a522bd51eda49c7bf6012467ff2e8
4,famous_le_100m,22,1.0,1.0,3,srnet,756a10f212fb6beb4c09b392532eb2a1f05a522bd51eda49c7bf6012467ff2e8
4,famous_le_100m,23,1.0,1.0,3,srnet,756a10f212fb6beb4c09b392532eb2a1f05a522bd51eda49c7bf6012467ff2e8
0,torch_pretrained_classification,0,0.8875,0.8875,4,srnet,a32a2bf81901da6b385e875997acc259dd070f28c108b1577feca0f3b74b0a85
0,famous_le_10m,0,0.8,0.8,4,srnet,a32a2bf81901da6b385e875997acc259dd070f28c108b1577feca0f3b74b0a85
0,famous_le_10m,1,0.2,0.2,4,srnet,a32a2bf81901da6b385e875997acc259dd070f28c108b1577feca0f3b74b0a85
0,famous_le_10m,2,0.2,0.2,4,srnet,a32a2bf81901da6b385e875997acc259dd070f28c108b1577feca0f3b74b0a85
0,famous_le_10m,3,0.2,0.2,4,srnet,a32a2bf81901da6b385e875997acc259dd070f28c108b1577feca0f3b74b0a85
0,famous_le_10m,4,0.6,0.4,4,srnet,a32a2bf81901da6b385e875997acc259dd070f28c108b1577feca0f3b74b0a85
0,famous_le_10m,5,0.8,0.8,4,srnet,a32a2bf81901da6b385e875997acc259dd070f28c108b1577feca0f3b74b0a85
0,famous_le_10m,6,1.0,1.0,4,srnet,a32a2bf81901da6b385e875997acc259dd070f28c108b1577feca0f3b74b0a85
0,famous_le_10m,7,1.0,1.0,4,srnet,a32a2bf81901da6b385e875997acc259dd070f28c108b1577feca0f3b74b0a85
0,famous_le_10m,8,1.0,1.0,4,srnet,a32a2bf81901da6b385e875997acc259dd070f28c108b1577feca0f3b74b0a85
0,famous_le_10m,9,1.0,1.0,4,srnet,a32a2bf81901da6b385e875997acc259dd070f28c108b1577feca0f3b74b0a85
0,famous_le_10m,10,1.0,1.0,4,srnet,a32a2bf81901da6b385e875997acc259dd070f28c108b1577feca0f3b74b0a85
0,famous_le_10m,11,1.0,1.0,4,srnet,a32a2bf81901da6b385e875997acc259dd070f28c108b1577feca0f3b74b0a85
0,famous_le_10m,12,1.0,1.0,4,srnet,a32a2bf81901da6b385e875997acc259dd070f28c108b1577feca0f3b74b0a85
0,famous_le_10m,13,1.0,1.0,4,srnet,a32a2bf81901da6b385e875997acc259dd070f28c108b1577feca0f3b74b0a85
0,famous_le_10m,14,1.0,1.0,4,srnet,a32a2bf81901da6b385e875997acc259dd070f28c108b1577feca0f3b74b0a85
0,famous_le_10m,15,1.0,1.0,4,srnet,a32a2bf81901da6b385e875997acc259dd070f28c108b1577feca0f3b74b0a85
0,famous_le_10m,16,1.0,1.0,4,srnet,a32a2bf81901da6b385e875997acc259dd070f28c108b1577feca0f3b74b0a85
0,famous_le_10m,17,1.0,1.0,4,srnet,a32a2bf81901da6b385e875997acc259dd070f28c108b1577feca0f3b74b0a85
0,famous_le_10m,18,1.0,1.0,4,srnet,a32a2bf81901da6b385e875997acc259dd070f28c108b1577feca0f3b74b0a85
0,famous_le_10m,19,1.0,1.0,4,srnet,a32a2bf81901da6b385e875997acc259dd070f28c108b1577feca0f3b74b0a85
0,famous_le_10m,20,1.0,1.0,4,srnet,a32a2bf81901da6b385e875997acc259dd070f28c108b1577feca0f3b74b0a85
0,famous_le_10m,21,1.0,1.0,4,srnet,a32a2bf81901da6b385e875997acc259dd070f28c108b1577feca0f3b74b0a85
0,famous_le_10m,22,1.0,1.0,4,srnet,a32a2bf81901da6b385e875997acc259dd070f28c108b1577feca0f3b74b0a85
0,famous_le_10m,23,1.0,1.0,4,srnet,a32a2bf81901da6b385e875997acc259dd070f28c108b1577feca0f3b74b0a85
0,famous_le_100m,0,0.8571428571428571,0.8571428571428571,4,srnet,a32a2bf81901da6b385e875997acc259dd070f28c108b1577feca0f3b74b0a85
0,famous_le_100m,1,0.14285714285714285,0.14285714285714285,4,srnet,a32a2bf81901da6b385e875997acc259dd070f28c108b1577feca0f3b74b0a85
0,famous_le_100m,2,0.14285714285714285,0.14285714285714285,4,srnet,a32a2bf81901da6b385e875997acc259dd070f28c108b1577feca0f3b74b0a85
0,famous_le_100m,3,0.14285714285714285,0.14285714285714285,4,srnet,a32a2bf81901da6b385e875997acc259dd070f28c108b1577feca0f3b74b0a85
0,famous_le_100m,4,0.07142857142857142,0.07142857142857142,4,srnet,a32a2bf81901da6b385e875997acc259dd070f28c108b1577feca0f3b74b0a85
0,famous_le_100m,5,0.2857142857142857,0.2857142857142857,4,srnet,a32a2bf81901da6b385e875997acc259dd070f28c108b1577feca0f3b74b0a85
0,famous_le_100m,6,0.5,0.5,4,srnet,a32a2bf81901da6b385e875997acc259dd070f28c108b1577feca0f3b74b0a85
0,famous_le_100m,7,0.8571428571428571,0.8571428571428571,4,srnet,a32a2bf81901da6b385e875997acc259dd070f28c108b1577feca0f3b74b0a85
0,famous_le_100m,8,0.8571428571428571,0.8571428571428571,4,srnet,a32a2bf81901da6b385e875997acc259dd070f28c108b1577feca0f3b74b0a85
0,famous_le_100m,9,0.9285714285714286,0.9285714285714286,4,srnet,a32a2bf81901da6b385e875997acc259dd070f28c108b1577feca0f3b74b0a85
0,famous_le_100m,10,0.9285714285714286,0.9285714285714286,4,srnet,a32a2bf81901da6b385e875997acc259dd070f28c108b1577feca0f3b74b0a85
0,famous_le_100m,11,0.9285714285714286,0.9285714285714286,4,srnet,a32a2bf81901da6b385e875997acc259dd070f28c108b1577feca0f3b74b0a85
0,famous_le_100m,12,0.9285714285714286,0.9285714285714286,4,srnet,a32a2bf81901da6b385e875997acc259dd070f28c108b1577feca0f3b74b0a85
0,famous_le_100m,13,1.0,1.0,4,srnet,a32a2bf81901da6b385e875997acc259dd070f28c108b1577feca0f3b74b0a85
0,famous_le_100m,14,1.0,1.0,4,srnet,a32a2bf81901da6b385e875997acc259dd070f28c108b1577feca0f3b74b0a85
0,famous_le_100m,15,1.0,1.0,4,srnet,a32a2bf81901da6b385e875997acc259dd070f28c108b1577feca0f3b74b0a85
0,famous_le_100m,16,1.0,1.0,4,srnet,a32a2bf81901da6b385e875997acc259dd070f28c108b1577feca0f3b74b0a85
0,famous_le_100m,17,1.0,1.0,4,srnet,a32a2bf81901da6b385e875997acc259dd070f28c108b1577feca0f3b74b0a85
0,famous_le_100m,18,1.0,1.0,4,srnet,a32a2bf81901da6b385e875997acc259dd070f28c108b1577feca0f3b74b0a85
0,famous_le_100m,19,1.0,1.0,4,srnet,a32a2bf81901da6b385e875997acc259dd070f28c108b1577feca0f3b74b0a85
0,famous_le_100m,20,1.0,1.0,4,srnet,a32a2bf81901da6b385e875997acc259dd070f28c108b1577feca0f3b74b0a85
0,famous_le_100m,21,1.0,1.0,4,srnet,a32a2bf81901da6b385e875997acc259dd070f28c108b1577feca0f3b74b0a85
0,famous_le_100m,22,1.0,1.0,4,srnet,a32a2bf81901da6b385e875997acc259dd070f28c108b1577feca0f3b74b0a85
0,famous_le_100m,23,1.0,1.0,4,srnet,a32a2bf81901da6b385e875997acc259dd070f28c108b1577feca0f3b74b0a85
1,torch_pretrained_classification,0,0.8375,0.7375,4,srnet,aa572d0940f18e485e51730b7820ba81df3e46cb3260a6cb1db857bae7fe25b8
1,famous_le_10m,0,1.0,1.0,4,srnet,aa572d0940f18e485e51730b7820ba81df3e46cb3260a6cb1db857bae7fe25b8
1,famous_le_10m,1,0.2,0.0,4,srnet,aa572d0940f18e485e51730b7820ba81df3e46cb3260a6cb1db857bae7fe25b8
1,famous_le_10m,2,0.2,0.0,4,srnet,aa572d0940f18e485e51730b7820ba81df3e46cb3260a6cb1db857bae7fe25b8
1,famous_le_10m,3,0.2,0.4,4,srnet,aa572d0940f18e485e51730b7820ba81df3e46cb3260a6cb1db857bae7fe25b8
1,famous_le_10m,4,0.6,0.4,4,srnet,aa572d0940f18e485e51730b7820ba81df3e46cb3260a6cb1db857bae7fe25b8
1,famous_le_10m,5,0.6,0.4,4,srnet,aa572d0940f18e485e51730b7820ba81df3e46cb3260a6cb1db857bae7fe25b8
1,famous_le_10m,6,1.0,1.0,4,srnet,aa572d0940f18e485e51730b7820ba81df3e46cb3260a6cb1db857bae7fe25b8
1,famous_le_10m,7,1.0,1.0,4,srnet,aa572d0940f18e485e51730b7820ba81df3e46cb3260a6cb1db857bae7fe25b8
1,famous_le_10m,8,1.0,1.0,4,srnet,aa572d0940f18e485e51730b7820ba81df3e46cb3260a6cb1db857bae7fe25b8
1,famous_le_10m,9,1.0,1.0,4,srnet,aa572d0940f18e485e51730b7820ba81df3e46cb3260a6cb1db857bae7fe25b8
1,famous_le_10m,10,1.0,1.0,4,srnet,aa572d0940f18e485e51730b7820ba81df3e46cb3260a6cb1db857bae7fe25b8
1,famous_le_10m,11,1.0,1.0,4,srnet,aa572d0940f18e485e51730b7820ba81df3e46cb3260a6cb1db857bae7fe25b8
1,famous_le_10m,12,1.0,1.0,4,srnet,aa572d0940f18e485e51730b7820ba81df3e46cb3260a6cb1db857bae7fe25b8
1,famous_le_10m,13,1.0,1.0,4,srnet,aa572d0940f18e485e51730b7820ba81df3e46cb3260a6cb1db857bae7fe25b8
1,famous_le_10m,14,1.0,1.0,4,srnet,aa572d0940f18e485e51730b7820ba81df3e46cb3260a6cb1db857bae7fe25b8
1,famous_le_10m,15,1.0,1.0,4,srnet,aa572d0940f18e485e51730b7820ba81df3e46cb3260a6cb1db857bae7fe25b8
1,famous_le_10m,16,1.0,1.0,4,srnet,aa572d0940f18e485e51730b7820ba81df3e46cb3260a6cb1db857bae7fe25b8
1,famous_le_10m,17,1.0,1.0,4,srnet,aa572d0940f18e485e51730b7820ba81df3e46cb3260a6cb1db857bae7fe25b8
1,famous_le_10m,18,1.0,1.0,4,srnet,aa572d0940f18e485e51730b7820ba81df3e46cb3260a6cb1db857bae7fe25b8
1,famous_le_10m,19,1.0,1.0,4,srnet,aa572d0940f18e485e51730b7820ba81df3e46cb3260a6cb1db857bae7fe25b8
1,famous_le_10m,20,1.0,1.0,4,srnet,aa572d0940f18e485e51730b7820ba81df3e46cb3260a6cb1db857bae7fe25b8
1,famous_le_10m,21,1.0,1.0,4,srnet,aa572d0940f18e485e51730b7820ba81df3e46cb3260a6cb1db857bae7fe25b8
1,famous_le_10m,22,1.0,1.0,4,srnet,aa572d0940f18e485e51730b7820ba81df3e46cb3260a6cb1db857bae7fe25b8
1,famous_le_10m,23,1.0,1.0,4,srnet,aa572d0940f18e485e51730b7820ba81df3e46cb3260a6cb1db857bae7fe25b8
1,famous_le_100m,0,0.8571428571428571,0.8571428571428571,4,srnet,aa572d0940f18e485e51730b7820ba81df3e46cb3260a6cb1db857bae7fe25b8
1,famous_le_100m,1,0.14285714285714285,0.14285714285714285,4,srnet,aa572d0940f18e485e51730b7820ba81df3e46cb3260a6cb1db857bae7fe25b8
1,famous_le_100m,2,0.14285714285714285,0.14285714285714285,4,srnet,aa572d0940f18e485e51730b7820ba81df3e46cb3260a6cb1db857bae7fe25b8
1,famous_le_100m,3,0.07142857142857142,0.14285714285714285,4,srnet,aa572d0940f18e485e51730b7820ba81df3e46cb3260a6cb1db857bae7fe25b8
1,famous_le_100m,4,0.07142857142857142,0.21428571428571427,4,srnet,aa572d0940f18e485e51730b7820ba81df3e46cb3260a6cb1db857bae7fe25b8
1,famous_le_100m,5,0.35714285714285715,0.35714285714285715,4,srnet,aa572d0940f18e485e51730b7820ba81df3e46cb3260a6cb1db857bae7fe25b8
1,famous_le_100m,6,0.5,0.5714285714285714,4,srnet,aa572d0940f18e485e51730b7820ba81df3e46cb3260a6cb1db857bae7fe25b8
1,famous_le_100m,7,0.8571428571428571,0.8571428571428571,4,srnet,aa572d0940f18e485e51730b7820ba81df3e46cb3260a6cb1db857bae7fe25b8
1,famous_le_100m,8,0.8571428571428571,0.8571428571428571,4,srnet,aa572d0940f18e485e51730b7820ba81df3e46cb3260a6cb1db857bae7fe25b8
1,famous_le_100m,9,0.8571428571428571,0.8571428571428571,4,srnet,aa572d0940f18e485e51730b7820ba81df3e46cb3260a6cb1db857bae7fe25b8
1,famous_le_100m,10,0.9285714285714286,0.9285714285714286,4,srnet,aa572d0940f18e485e51730b7820ba81df3e46cb3260a6cb1db857bae7fe25b8
1,famous_le_100m,11,0.9285714285714286,0.9285714285714286,4,srnet,aa572d0940f18e485e51730b7820ba81df3e46cb3260a6cb1db857bae7fe25b8
1,famous_le_100m,12,0.9285714285714286,0.9285714285714286,4,srnet,aa572d0940f18e485e51730b7820ba81df3e46cb3260a6cb1db857bae7fe25b8
1,famous_le_100m,13,1.0,1.0,4,srnet,aa572d0940f18e485e51730b7820ba81df3e46cb3260a6cb1db857bae7fe25b8
1,famous_le_100m,14,1.0,1.0,4,srnet,aa572d0940f18e485e51730b7820ba81df3e46cb3260a6cb1db857bae7fe25b8
1,famous_le_100m,15,1.0,1.0,4,srnet,aa572d0940f18e485e51730b7820ba81df3e46cb3260a6cb1db857bae7fe25b8
1,famous_le_100m,16,1.0,1.0,4,srnet,aa572d0940f18e485e51730b7820ba81df3e46cb3260a6cb1db857bae7fe25b8
1,famous_le_100m,17,1.0,1.0,4,srnet,aa572d0940f18e485e51730b7820ba81df3e46cb3260a6cb1db857bae7fe25b8
1,famous_le_100m,18,1.0,1.0,4,srnet,aa572d0940f18e485e51730b7820ba81df3e46cb3260a6cb1db857bae7fe25b8
1,famous_le_100m,19,1.0,1.0,4,srnet,aa572d0940f18e485e51730b7820ba81df3e46cb3260a6cb1db857bae7fe25b8
1,famous_le_100m,20,1.0,1.0,4,srnet,aa572d0940f18e485e51730b7820ba81df3e46cb3260a6cb1db857bae7fe25b8
1,famous_le_100m,21,1.0,1.0,4,srnet,aa572d0940f18e485e51730b7820ba81df3e46cb3260a6cb1db857bae7fe25b8
1,famous_le_100m,22,1.0,1.0,4,srnet,aa572d0940f18e485e51730b7820ba81df3e46cb3260a6cb1db857bae7fe25b8
1,famous_le_100m,23,1.0,1.0,4,srnet,aa572d0940f18e485e51730b7820ba81df3e46cb3260a6cb1db857bae7fe25b8
2,torch_pretrained_classification,0,0.825,0.8625,4,srnet,2860028ea3aea3fda74bce0b15ee84c54ae56ecc90dbcc0bd4e74bdfb6eb9269
2,famous_le_10m,0,1.0,1.0,4,srnet,2860028ea3aea3fda74bce0b15ee84c54ae56ecc90dbcc0bd4e74bdfb6eb9269
2,famous_le_10m,1,0.0,0.0,4,srnet,2860028ea3aea3fda74bce0b15ee84c54ae56ecc90dbcc0bd4e74bdfb6eb9269
2,famous_le_10m,2,0.2,0.2,4,srnet,2860028ea3aea3fda74bce0b15ee84c54ae56ecc90dbcc0bd4e74bdfb6eb9269
2,famous_le_10m,3,0.2,0.2,4,srnet,2860028ea3aea3fda74bce0b15ee84c54ae56ecc90dbcc0bd4e74bdfb6eb9269
2,famous_le_10m,4,0.4,0.2,4,srnet,2860028ea3aea3fda74bce0b15ee84c54ae56ecc90dbcc0bd4e74bdfb6eb9269
2,famous_le_10m,5,1.0,0.8,4,srnet,2860028ea3aea3fda74bce0b15ee84c54ae56ecc90dbcc0bd4e74bdfb6eb9269
2,famous_le_10m,6,1.0,1.0,4,srnet,2860028ea3aea3fda74bce0b15ee84c54ae56ecc90dbcc0bd4e74bdfb6eb9269
2,famous_le_10m,7,1.0,1.0,4,srnet,2860028ea3aea3fda74bce0b15ee84c54ae56ecc90dbcc0bd4e74bdfb6eb9269
2,famous_le_10m,8,1.0,1.0,4,srnet,2860028ea3aea3fda74bce0b15ee84c54ae56ecc90dbcc0bd4e74bdfb6eb9269
2,famous_le_10m,9,1.0,1.0,4,srnet,2860028ea3aea3fda74bce0b15ee84c54ae56ecc90dbcc0bd4e74bdfb6eb9269
2,famous_le_10m,10,1.0,1.0,4,srnet,2860028ea3aea3fda74bce0b15ee84c54ae56ecc90dbcc0bd4e74bdfb6eb9269
2,famous_le_10m,11,1.0,1.0,4,srnet,2860028ea3aea3fda74bce0b15ee84c54ae56ecc90dbcc0bd4e74bdfb6eb9269
2,famous_le_10m,12,1.0,1.0,4,srnet,2860028ea3aea3fda74bce0b15ee84c54ae56ecc90dbcc0bd4e74bdfb6eb9269
2,famous_le_10m,13,1.0,1.0,4,srnet,2860028ea3aea3fda74bce0b15ee84c54ae56ecc90dbcc0bd4e74bdfb6eb9269
2,famous_le_10m,14,1.0,1.0,4,srnet,2860028ea3aea3fda74bce0b15ee84c54ae56ecc90dbcc0bd4e74bdfb6eb9269
2,famous_le_10m,15,1.0,1.0,4,srnet,2860028ea3aea3fda74bce0b15ee84c54ae56ecc90dbcc0bd4e74bdfb6eb9269
2,famous_le_10m,16,1.0,1.0,4,srnet,2860028ea3aea3fda74bce0b15ee84c54ae56ecc90dbcc0bd4e74bdfb6eb9269
2,famous_le_10m,17,1.0,1.0,4,srnet,2860028ea3aea3fda74bce0b15ee84c54ae56ecc90dbcc0bd4e74bdfb6eb9269
2,famous_le_10m,18,1.0,1.0,4,srnet,2860028ea3aea3fda74bce0b15ee84c54ae56ecc90dbcc0bd4e74bdfb6eb9269
2,famous_le_10m,19,1.0,1.0,4,srnet,2860028ea3aea3fda74bce0b15ee84c54ae56ecc90dbcc0bd4e74bdfb6eb9269
2,famous_le_10m,20,1.0,1.0,4,srnet,2860028ea3aea3fda74bce0b15ee84c54ae56ecc90dbcc0bd4e74bdfb6eb9269
2,famous_le_10m,21,1.0,1.0,4,srnet,2860028ea3aea3fda74bce0b15ee84c54ae56ecc90dbcc0bd4e74bdfb6eb9269
2,famous_le_10m,22,1.0,1.0,4,srnet,2860028ea3aea3fda74bce0b15ee84c54ae56ecc90dbcc0bd4e74bdfb6eb9269
2,famous_le_10m,23,1.0,1.0,4,srnet,2860028ea3aea3fda74bce0b15ee84c54ae56ecc90dbcc0bd4e74bdfb6eb9269
2,famous_le_100m,0,0.7142857142857143,0.8571428571428571,4,srnet,2860028ea3aea3fda74bce0b15ee84c54ae56ecc90dbcc0bd4e74bdfb6eb9269
2,famous_le_100m,1,0.21428571428571427,0.14285714285714285,4,srnet,2860028ea3aea3fda74bce0b15ee84c54ae56ecc90dbcc0bd4e74bdfb6eb9269
2,famous_le_100m,2,0.21428571428571427,0.14285714285714285,4,srnet,2860028ea3aea3fda74bce0b15ee84c54ae56ecc90dbcc0bd4e74bdfb6eb9269
2,famous_le_100m,3,0.21428571428571427,0.14285714285714285,4,srnet,2860028ea3aea3fda74bce0b15ee84c54ae56ecc90dbcc0bd4e74bdfb6eb9269
2,famous_le_100m,4,0.21428571428571427,0.07142857142857142,4,srnet,2860028ea3aea3fda74bce0b15ee84c54ae56ecc90dbcc0bd4e74bdfb6eb9269
2,famous_le_100m,5,0.42857142857142855,0.35714285714285715,4,srnet,2860028ea3aea3fda74bce0b15ee84c54ae56ecc90dbcc0bd4e74bdfb6eb9269
2,famous_le_100m,6,0.5714285714285714,0.5,4,srnet,2860028ea3aea3fda74bce0b15ee84c54ae56ecc90dbcc0bd4e74bdfb6eb9269
2,famous_le_100m,7,0.8571428571428571,0.8571428571428571,4,srnet,2860028ea3aea3fda74bce0b15ee84c54ae56ecc90dbcc0bd4e74bdfb6eb9269
2,famous_le_100m,8,0.8571428571428571,0.8571428571428571,4,srnet,2860028ea3aea3fda74bce0b15ee84c54ae56ecc90dbcc0bd4e74bdfb6eb9269
2,famous_le_100m,9,0.9285714285714286,0.8571428571428571,4,srnet,2860028ea3aea3fda74bce0b15ee84c54ae56ecc90dbcc0bd4e74bdfb6eb9269
2,famous_le_100m,10,0.9285714285714286,0.9285714285714286,4,srnet,2860028ea3aea3fda74bce0b15ee84c54ae56ecc90dbcc0bd4e74bdfb6eb9269
2,famous_le_100m,11,0.9285714285714286,0.9285714285714286,4,srnet,2860028ea3aea3fda74bce0b15ee84c54ae56ecc90dbcc0bd4e74bdfb6eb9269
2,famous_le_100m,12,0.9285714285714286,0.9285714285714286,4,srnet,2860028ea3aea3fda74bce0b15ee84c54ae56ecc90dbcc0bd4e74bdfb6eb9269
2,famous_le_100m,13,1.0,1.0,4,srnet,2860028ea3aea3fda74bce0b15ee84c54ae56ecc90dbcc0bd4e74bdfb6eb9269
2,famous_le_100m,14,1.0,1.0,4,srnet,2860028ea3aea3fda74bce0b15ee84c54ae56ecc90dbcc0bd4e74bdfb6eb9269
2,famous_le_100m,15,1.0,1.0,4,srnet,2860028ea3aea3fda74bce0b15ee84c54ae56ecc90dbcc0bd4e74bdfb6eb9269
2,famous_le_100m,16,1.0,1.0,4,srnet,2860028ea3aea3fda74bce0b15ee84c54ae56ecc90dbcc0bd4e74bdfb6eb9269
2,famous_le_100m,17,1.0,1.0,4,srnet,2860028ea3aea3fda74bce0b15ee84c54ae56ecc90dbcc0bd4e74bdfb6eb9269
2,famous_le_100m,18,1.0,1.0,4,srnet,2860028ea3aea3fda74bce0b15ee84c54ae56ecc90dbcc0bd4e74bdfb6eb9269
2,famous_le_100m,19,1.0,1.0,4,srnet,2860028ea3aea3fda74bce0b15ee84c54ae56ecc90dbcc0bd4e74bdfb6eb9269
2,famous_le_100m,20,1.0,1.0,4,srnet,2860028ea3aea3fda74bce0b15ee84c54ae56ecc90dbcc0bd4e74bdfb6eb9269
2,famous_le_100m,21,1.0,1.0,4,srnet,2860028ea3aea3fda74bce0b15ee84c54ae56ecc90dbcc0bd4e74bdfb6eb9269
2,famous_le_100m,22,1.0,1.0,4,srnet,2860028ea3aea3fda74bce0b15ee84c54ae56ecc90dbcc0bd4e74bdfb6eb9269
2,famous_le_100m,23,1.0,1.0,4,srnet,2860028ea3aea3fda74bce0b15ee84c54ae56ecc90dbcc0bd4e74bdfb6eb9269
3,torch_pretrained_classification,0,0.8625,0.875,4,srnet,bd65e4515a8aad7d06565d4a6ac6971b259e95b9eb77cd560dd4be279234acdd
3,famous_le_10m,0,1.0,1.0,4,srnet,bd65e4515a8aad7d06565d4a6ac6971b259e95b9eb77cd560dd4be279234acdd
3,famous_le_10m,1,0.0,0.0,4,srnet,bd65e4515a8aad7d06565d4a6ac6971b259e95b9eb77cd560dd4be279234acdd
3,famous_le_10m,2,0.2,0.2,4,srnet,bd65e4515a8aad7d06565d4a6ac6971b259e95b9eb77cd560dd4be279234acdd
3,famous_le_10m,3,0.2,0.2,4,srnet,bd65e4515a8aad7d06565d4a6ac6971b259e95b9eb77cd560dd4be279234acdd
3,famous_le_10m,4,0.4,0.4,4,srnet,bd65e4515a8aad7d06565d4a6ac6971b259e95b9eb77cd560dd4be279234acdd
3,famous_le_10m,5,1.0,1.0,4,srnet,bd65e4515a8aad7d06565d4a6ac6971b259e95b9eb77cd560dd4be279234acdd
3,famous_le_10m,6,1.0,1.0,4,srnet,bd65e4515a8aad7d06565d4a6ac6971b259e95b9eb77cd560dd4be279234acdd
3,famous_le_10m,7,1.0,1.0,4,srnet,bd65e4515a8aad7d06565d4a6ac6971b259e95b9eb77cd560dd4be279234acdd
3,famous_le_10m,8,1.0,1.0,4,srnet,bd65e4515a8aad7d06565d4a6ac6971b259e95b9eb77cd560dd4be279234acdd
3,famous_le_10m,9,1.0,1.0,4,srnet,bd65e4515a8aad7d06565d4a6ac6971b259e95b9eb77cd560dd4be279234acdd
3,famous_le_10m,10,1.0,1.0,4,srnet,bd65e4515a8aad7d06565d4a6ac6971b259e95b9eb77cd560dd4be279234acdd
3,famous_le_10m,11,1.0,1.0,4,srnet,bd65e4515a8aad7d06565d4a6ac6971b259e95b9eb77cd560dd4be279234acdd
3,famous_le_10m,12,1.0,1.0,4,srnet,bd65e4515a8aad7d06565d4a6ac6971b259e95b9eb77cd560dd4be279234acdd
3,famous_le_10m,13,1.0,1.0,4,srnet,bd65e4515a8aad7d06565d4a6ac6971b259e95b9eb77cd560dd4be279234acdd
3,famous_le_10m,14,1.0,1.0,4,srnet,bd65e4515a8aad7d06565d4a6ac6971b259e95b9eb77cd560dd4be279234acdd
3,famous_le_10m,15,1.0,1.0,4,srnet,bd65e4515a8aad7d06565d4a6ac6971b259e95b9eb77cd560dd4be279234acdd
3,famous_le_10m,16,1.0,1.0,4,srnet,bd65e4515a8aad7d06565d4a6ac6971b259e95b9eb77cd560dd4be279234acdd
3,famous_le_10m,17,1.0,1.0,4,srnet,bd65e4515a8aad7d06565d4a6ac6971b259e95b9eb77cd560dd4be279234acdd
3,famous_le_10m,18,1.0,1.0,4,srnet,bd65e4515a8aad7d06565d4a6ac6971b259e95b9eb77cd560dd4be279234acdd
3,famous_le_10m,19,1.0,1.0,4,srnet,bd65e4515a8aad7d06565d4a6ac6971b259e95b9eb77cd560dd4be279234acdd
3,famous_le_10m,20,1.0,1.0,4,srnet,bd65e4515a8aad7d06565d4a6ac6971b259e95b9eb77cd560dd4be279234acdd
3,famous_le_10m,21,1.0,1.0,4,srnet,bd65e4515a8aad7d06565d4a6ac6971b259e95b9eb77cd560dd4be279234acdd
3,famous_le_10m,22,1.0,1.0,4,srnet,bd65e4515a8aad7d06565d4a6ac6971b259e95b9eb77cd560dd4be279234acdd
3,famous_le_10m,23,1.0,1.0,4,srnet,bd65e4515a8aad7d06565d4a6ac6971b259e95b9eb77cd560dd4be279234acdd
3,famous_le_100m,0,0.7142857142857143,0.8571428571428571,4,srnet,bd65e4515a8aad7d06565d4a6ac6971b259e95b9eb77cd560dd4be279234acdd
3,famous_le_100m,1,0.21428571428571427,0.14285714285714285,4,srnet,bd65e4515a8aad7d06565d4a6ac6971b259e95b9eb77cd560dd4be279234acdd
3,famous_le_100m,2,0.21428571428571427,0.14285714285714285,4,srnet,bd65e4515a8aad7d06565d4a6ac6971b259e95b9eb77cd560dd4be279234acdd
3,famous_le_100m,3,0.21428571428571427,0.14285714285714285,4,srnet,bd65e4515a8aad7d06565d4a6ac6971b259e95b9eb77cd560dd4be279234acdd
3,famous_le_100m,4,0.21428571428571427,0.14285714285714285,4,srnet,bd65e4515a8aad7d06565d4a6ac6971b259e95b9eb77cd560dd4be279234acdd
3,famous_le_100m,5,0.42857142857142855,0.35714285714285715,4,srnet,bd65e4515a8aad7d06565d4a6ac6971b259e95b9eb77cd560dd4be279234acdd
3,famous_le_100m,6,0.5714285714285714,0.5714285714285714,4,srnet,bd65e4515a8aad7d06565d4a6ac6971b259e95b9eb77cd560dd4be279234acdd
3,famous_le_100m,7,0.8571428571428571,0.8571428571428571,4,srnet,bd65e4515a8aad7d06565d4a6ac6971b259e95b9eb77cd560dd4be279234acdd
3,famous_le_100m,8,0.8571428571428571,0.8571428571428571,4,srnet,bd65e4515a8aad7d06565d4a6ac6971b259e95b9eb77cd560dd4be279234acdd
3,famous_le_100m,9,0.9285714285714286,0.9285714285714286,4,srnet,bd65e4515a8aad7d06565d4a6ac6971b259e95b9eb77cd560dd4be279234acdd
3,famous_le_100m,10,0.9285714285714286,0.9285714285714286,4,srnet,bd65e4515a8aad7d06565d4a6ac6971b259e95b9eb77cd560dd4be279234acdd
3,famous_le_100m,11,0.9285714285714286,0.9285714285714286,4,srnet,bd65e4515a8aad7d06565d4a6ac6971b259e95b9eb77cd560dd4be279234acdd
3,famous_le_100m,12,0.9285714285714286,0.9285714285714286,4,srnet,bd65e4515a8aad7d06565d4a6ac6971b259e95b9eb77cd560dd4be279234acdd
3,famous_le_100m,13,1.0,1.0,4,srnet,bd65e4515a8aad7d06565d4a6ac6971b259e95b9eb77cd560dd4be279234acdd
3,famous_le_100m,14,1.0,1.0,4,srnet,bd65e4515a8aad7d06565d4a6ac6971b259e95b9eb77cd560dd4be279234acdd
3,famous_le_100m,15,1.0,1.0,4,srnet,bd65e4515a8aad7d06565d4a6ac6971b259e95b9eb77cd560dd4be279234acdd
3,famous_le_100m,16,1.0,1.0,4,srnet,bd65e4515a8aad7d06565d4a6ac6971b259e95b9eb77cd560dd4be279234acdd
3,famous_le_100m,17,1.0,1.0,4,srnet,bd65e4515a8aad7d06565d4a6ac6971b259e95b9eb77cd560dd4be279234acdd
3,famous_le_100m,18,1.0,1.0,4,srnet,bd65e4515a8aad7d06565d4a6ac6971b259e95b9eb77cd560dd4be279234acdd
3,famous_le_100m,19,1.0,1.0,4,srnet,bd65e4515a8aad7d06565d4a6ac6971b259e95b9eb77cd560dd4be279234acdd
3,famous_le_100m,20,1.0,1.0,4,srnet,bd65e4515a8aad7d06565d4a6ac6971b259e95b9eb77cd560dd4be279234acdd
3,famous_le_100m,21,1.0,1.0,4,srnet,bd65e4515a8aad7d06565d4a6ac6971b259e95b9eb77cd560dd4be279234acdd
3,famous_le_100m,22,1.0,1.0,4,srnet,bd65e4515a8aad7d06565d4a6ac6971b259e95b9eb77cd560dd4be279234acdd
3,famous_le_100m,23,1.0,1.0,4,srnet,bd65e4515a8aad7d06565d4a6ac6971b259e95b9eb77cd560dd4be279234acdd
4,torch_pretrained_classification,0,0.8125,0.85,4,srnet,6b95245f0a24639018eab27c4bd32e1a6da3eb276fea753b3d8f680a24e39f4a
4,famous_le_10m,0,0.8,1.0,4,srnet,6b95245f0a24639018eab27c4bd32e1a6da3eb276fea753b3d8f680a24e39f4a
4,famous_le_10m,1,0.2,0.0,4,srnet,6b95245f0a24639018eab27c4bd32e1a6da3eb276fea753b3d8f680a24e39f4a
4,famous_le_10m,2,0.2,0.2,4,srnet,6b95245f0a24639018eab27c4bd32e1a6da3eb276fea753b3d8f680a24e39f4a
4,famous_le_10m,3,0.2,0.2,4,srnet,6b95245f0a24639018eab27c4bd32e1a6da3eb276fea753b3d8f680a24e39f4a
4,famous_le_10m,4,0.4,0.4,4,srnet,6b95245f0a24639018eab27c4bd32e1a6da3eb276fea753b3d8f680a24e39f4a
4,famous_le_10m,5,1.0,0.8,4,srnet,6b95245f0a24639018eab27c4bd32e1a6da3eb276fea753b3d8f680a24e39f4a
4,famous_le_10m,6,1.0,1.0,4,srnet,6b95245f0a24639018eab27c4bd32e1a6da3eb276fea753b3d8f680a24e39f4a
4,famous_le_10m,7,1.0,1.0,4,srnet,6b95245f0a24639018eab27c4bd32e1a6da3eb276fea753b3d8f680a24e39f4a
4,famous_le_10m,8,1.0,1.0,4,srnet,6b95245f0a24639018eab27c4bd32e1a6da3eb276fea753b3d8f680a24e39f4a
4,famous_le_10m,9,1.0,1.0,4,srnet,6b95245f0a24639018eab27c4bd32e1a6da3eb276fea753b3d8f680a24e39f4a
4,famous_le_10m,10,1.0,1.0,4,srnet,6b95245f0a24639018eab27c4bd32e1a6da3eb276fea753b3d8f680a24e39f4a
4,famous_le_10m,11,1.0,1.0,4,srnet,6b95245f0a24639018eab27c4bd32e1a6da3eb276fea753b3d8f680a24e39f4a
4,famous_le_10m,12,1.0,1.0,4,srnet,6b95245f0a24639018eab27c4bd32e1a6da3eb276fea753b3d8f680a24e39f4a
4,famous_le_10m,13,1.0,1.0,4,srnet,6b95245f0a24639018eab27c4bd32e1a6da3eb276fea753b3d8f680a24e39f4a
4,famous_le_10m,14,1.0,1.0,4,srnet,6b95245f0a24639018eab27c4bd32e1a6da3eb276fea753b3d8f680a24e39f4a
4,famous_le_10m,15,1.0,1.0,4,srnet,6b95245f0a24639018eab27c4bd32e1a6da3eb276fea753b3d8f680a24e39f4a
4,famous_le_10m,16,1.0,1.0,4,srnet,6b95245f0a24639018eab27c4bd32e1a6da3eb276fea753b3d8f680a24e39f4a
4,famous_le_10m,17,1.0,1.0,4,srnet,6b95245f0a24639018eab27c4bd32e1a6da3eb276fea753b3d8f680a24e39f4a
4,famous_le_10m,18,1.0,1.0,4,srnet,6b95245f0a24639018eab27c4bd32e1a6da3eb276fea753b3d8f680a24e39f4a
4,famous_le_10m,19,1.0,1.0,4,srnet,6b95245f0a24639018eab27c4bd32e1a6da3eb276fea753b3d8f680a24e39f4a
4,famous_le_10m,20,1.0,1.0,4,srnet,6b95245f0a24639018eab27c4bd32e1a6da3eb276fea753b3d8f680a24e39f4a
4,famous_le_10m,21,1.0,1.0,4,srnet,6b95245f0a24639018eab27c4bd32e1a6da3eb276fea753b3d8f680a24e39f4a
4,famous_le_10m,22,1.0,1.0,4,srnet,6b95245f0a24639018eab27c4bd32e1a6da3eb276fea753b3d8f680a24e39f4a
4,famous_le_10m,23,1.0,1.0,4,srnet,6b95245f0a24639018eab27c4bd32e1a6da3eb276fea753b3d8f680a24e39f4a
4,famous_le_100m,0,0.7142857142857143,0.8571428571428571,4,srnet,6b95245f0a24639018eab27c4bd32e1a6da3eb276fea753b3d8f680a24e39f4a
4,famous_le_100m,1,0.21428571428571427,0.14285714285714285,4,srnet,6b95245f0a24639018eab27c4bd32e1a6da3eb276fea753b3d8f680a24e39f4a
4,famous_le_100m,2,0.21428571428571427,0.14285714285714285,4,srnet,6b95245f0a24639018eab27c4bd32e1a6da3eb276fea753b3d8f680a24e39f4a
4,famous_le_100m,3,0.21428571428571427,0.14285714285714285,4,srnet,6b95245f0a24639018eab27c4bd32e1a6da3eb276fea753b3d8f680a24e39f4a
4,famous_le_100m,4,0.21428571428571427,0.14285714285714285,4,srnet,6b95245f0a24639018eab27c4bd32e1a6da3eb276fea753b3d8f680a24e39f4a
4,famous_le_100m,5,0.5,0.35714285714285715,4,srnet,6b95245f0a24639018eab27c4bd32e1a6da3eb276fea753b3d8f680a24e39f4a
4,famous_le_100m,6,0.5714285714285714,0.5,4,srnet,6b95245f0a24639018eab27c4bd32e1a6da3eb276fea753b3d8f680a24e39f4a
4,famous_le_100m,7,0.8571428571428571,0.8571428571428571,4,srnet,6b95245f0a24639018eab27c4bd32e1a6da3eb276fea753b3d8f680a24e39f4a
4,famous_le_100m,8,0.8571428571428571,0.8571428571428571,4,srnet,6b95245f0a24639018eab27c4bd32e1a6da3eb276fea753b3d8f680a24e39f4a
4,famous_le_100m,9,0.9285714285714286,0.8571428571428571,4,srnet,6b95245f0a24639018eab27c4bd32e1a6da3eb276fea753b3d8f680a24e39f4a
4,famous_le_100m,10,0.9285714285714286,0.9285714285714286,4,srnet,6b95245f0a24639018eab27c4bd32e1a6da3eb276fea753b3d8f680a24e39f4a
4,famous_le_100m,11,0.9285714285714286,0.9285714285714286,4,srnet,6b95245f0a24639018eab27c4bd32e1a6da3eb276fea753b3d8f680a24e39f4a
4,famous_le_100m,12,0.9285714285714286,0.9285714285714286,4,srnet,6b95245f0a24639018eab27c4bd32e1a6da3eb276fea753b3d8f680a24e39f4a
4,famous_le_100m,13,1.0,1.0,4,srnet,6b95245f0a24639018eab27c4bd32e1a6da3eb276fea753b3d8f680a24e39f4a
4,famous_le_100m,14,1.0,1.0,4,srnet,6b95245f0a24639018eab27c4bd32e1a6da3eb276fea753b3d8f680a24e39f4a
4,famous_le_100m,15,1.0,1.0,4,srnet,6b95245f0a24639018eab27c4bd32e1a6da3eb276fea753b3d8f680a24e39f4a
4,famous_le_100m,16,1.0,1.0,4,srnet,6b95245f0a24639018eab27c4bd32e1a6da3eb276fea753b3d8f680a24e39f4a
4,famous_le_100m,17,1.0,1.0,4,srnet,6b95245f0a24639018eab27c4bd32e1a6da3eb276fea753b3d8f680a24e39f4a
4,famous_le_100m,18,1.0,1.0,4,srnet,6b95245f0a24639018eab27c4bd32e1a6da3eb276fea753b3d8f680a24e39f4a
4,famous_le_100m,19,1.0,1.0,4,srnet,6b95245f0a24639018eab27c4bd32e1a6da3eb276fea753b3d8f680a24e39f4a
4,famous_le_100m,20,1.0,1.0,4,srnet,6b95245f0a24639018eab27c4bd32e1a6da3eb276fea753b3d8f680a24e39f4a
4,famous_le_100m,21,1.0,1.0,4,srnet,6b95245f0a24639018eab27c4bd32e1a6da3eb276fea753b3d8f680a24e39f4a
4,famous_le_100m,22,1.0,1.0,4,srnet,6b95245f0a24639018eab27c4bd32e1a6da3eb276fea753b3d8f680a24e39f4a
4,famous_le_100m,23,1.0,1.0,4,srnet,6b95245f0a24639018eab27c4bd32e1a6da3eb276fea753b3d8f680a24e39f4a
0,torch_pretrained_classification,0,0.8875,0.9125,5,srnet,754a3d3aa9256c38485916d884f016ae0eccd0a2ef94f2aac71a5b4a51b16b0d
0,famous_le_10m,0,1.0,1.0,5,srnet,754a3d3aa9256c38485916d884f016ae0eccd0a2ef94f2aac71a5b4a51b16b0d
0,famous_le_10m,1,0.0,0.0,5,srnet,754a3d3aa9256c38485916d884f016ae0eccd0a2ef94f2aac71a5b4a51b16b0d
0,famous_le_10m,2,0.0,0.0,5,srnet,754a3d3aa9256c38485916d884f016ae0eccd0a2ef94f2aac71a5b4a51b16b0d
0,famous_le_10m,3,0.2,0.2,5,srnet,754a3d3aa9256c38485916d884f016ae0eccd0a2ef94f2aac71a5b4a51b16b0d
0,famous_le_10m,4,0.2,0.2,5,srnet,754a3d3aa9256c38485916d884f016ae0eccd0a2ef94f2aac71a5b4a51b16b0d
0,famous_le_10m,5,0.4,0.4,5,srnet,754a3d3aa9256c38485916d884f016ae0eccd0a2ef94f2aac71a5b4a51b16b0d
0,famous_le_10m,6,1.0,1.0,5,srnet,754a3d3aa9256c38485916d884f016ae0eccd0a2ef94f2aac71a5b4a51b16b0d
0,famous_le_10m,7,1.0,1.0,5,srnet,754a3d3aa9256c38485916d884f016ae0eccd0a2ef94f2aac71a5b4a51b16b0d
0,famous_le_10m,8,1.0,1.0,5,srnet,754a3d3aa9256c38485916d884f016ae0eccd0a2ef94f2aac71a5b4a51b16b0d
0,famous_le_10m,9,1.0,1.0,5,srnet,754a3d3aa9256c38485916d884f016ae0eccd0a2ef94f2aac71a5b4a51b16b0d
0,famous_le_10m,10,1.0,1.0,5,srnet,754a3d3aa9256c38485916d884f016ae0eccd0a2ef94f2aac71a5b4a51b16b0d
0,famous_le_10m,11,1.0,1.0,5,srnet,754a3d3aa9256c38485916d884f016ae0eccd0a2ef94f2aac71a5b4a51b16b0d
0,famous_le_10m,12,1.0,1.0,5,srnet,754a3d3aa9256c38485916d884f016ae0eccd0a2ef94f2aac71a5b4a51b16b0d
0,famous_le_10m,13,1.0,1.0,5,srnet,754a3d3aa9256c38485916d884f016ae0eccd0a2ef94f2aac71a5b4a51b16b0d
0,famous_le_10m,14,1.0,1.0,5,srnet,754a3d3aa9256c38485916d884f016ae0eccd0a2ef94f2aac71a5b4a51b16b0d
0,famous_le_10m,15,1.0,1.0,5,srnet,754a3d3aa9256c38485916d884f016ae0eccd0a2ef94f2aac71a5b4a51b16b0d
0,famous_le_10m,16,1.0,1.0,5,srnet,754a3d3aa9256c38485916d884f016ae0eccd0a2ef94f2aac71a5b4a51b16b0d
0,famous_le_10m,17,1.0,1.0,5,srnet,754a3d3aa9256c38485916d884f016ae0eccd0a2ef94f2aac71a5b4a51b16b0d
0,famous_le_10m,18,1.0,1.0,5,srnet,754a3d3aa9256c38485916d884f016ae0eccd0a2ef94f2aac71a5b4a51b16b0d
0,famous_le_10m,19,1.0,1.0,5,srnet,754a3d3aa9256c38485916d884f016ae0eccd0a2ef94f2aac71a5b4a51b16b0d
0,famous_le_10m,20,1.0,1.0,5,srnet,754a3d3aa9256c38485916d884f016ae0eccd0a2ef94f2aac71a5b4a51b16b0d
0,famous_le_10m,21,1.0,1.0,5,srnet,754a3d3aa9256c38485916d884f016ae0eccd0a2ef94f2aac71a5b4a51b16b0d
0,famous_le_10m,22,1.0,1.0,5,srnet,754a3d3aa9256c38485916d884f016ae0eccd0a2ef94f2aac71a5b4a51b16b0d
0,famous_le_10m,23,1.0,1.0,5,srnet,754a3d3aa9256c38485916d884f016ae0eccd0a2ef94f2aac71a5b4a51b16b0d
0,famous_le_100m,0,0.8571428571428571,0.8571428571428571,5,srnet,754a3d3aa9256c38485916d884f016ae0eccd0a2ef94f2aac71a5b4a51b16b0d
0,famous_le_100m,1,0.14285714285714285,0.14285714285714285,5,srnet,754a3d3aa9256c38485916d884f016ae0eccd0a2ef94f2aac71a5b4a51b16b0d
0,famous_le_100m,2,0.14285714285714285,0.07142857142857142,5,srnet,754a3d3aa9256c38485916d884f016ae0eccd0a2ef94f2aac71a5b4a51b16b0d
0,famous_le_100m,3,0.07142857142857142,0.07142857142857142,5,srnet,754a3d3aa9256c38485916d884f016ae0eccd0a2ef94f2aac71a5b4a51b16b0d
0,famous_le_100m,4,0.07142857142857142,0.07142857142857142,5,srnet,754a3d3aa9256c38485916d884f016ae0eccd0a2ef94f2aac71a5b4a51b16b0d
0,famous_le_100m,5,0.35714285714285715,0.2857142857142857,5,srnet,754a3d3aa9256c38485916d884f016ae0eccd0a2ef94f2aac71a5b4a51b16b0d
0,famous_le_100m,6,0.5,0.5,5,srnet,754a3d3aa9256c38485916d884f016ae0eccd0a2ef94f2aac71a5b4a51b16b0d
0,famous_le_100m,7,0.8571428571428571,0.8571428571428571,5,srnet,754a3d3aa9256c38485916d884f016ae0eccd0a2ef94f2aac71a5b4a51b16b0d
0,famous_le_100m,8,0.8571428571428571,0.8571428571428571,5,srnet,754a3d3aa9256c38485916d884f016ae0eccd0a2ef94f2aac71a5b4a51b16b0d
0,famous_le_100m,9,0.8571428571428571,0.8571428571428571,5,srnet,754a3d3aa9256c38485916d884f016ae0eccd0a2ef94f2aac71a5b4a51b16b0d
0,famous_le_100m,10,0.9285714285714286,0.9285714285714286,5,srnet,754a3d3aa9256c38485916d884f016ae0eccd0a2ef94f2aac71a5b4a51b16b0d
0,famous_le_100m,11,0.9285714285714286,0.9285714285714286,5,srnet,754a3d3aa9256c38485916d884f016ae0eccd0a2ef94f2aac71a5b4a51b16b0d
0,famous_le_100m,12,0.9285714285714286,0.9285714285714286,5,srnet,754a3d3aa9256c38485916d884f016ae0eccd0a2ef94f2aac71a5b4a51b16b0d
0,famous_le_100m,13,1.0,0.9285714285714286,5,srnet,754a3d3aa9256c38485916d884f016ae0eccd0a2ef94f2aac71a5b4a51b16b0d
0,famous_le_100m,14,1.0,1.0,5,srnet,754a3d3aa9256c38485916d884f016ae0eccd0a2ef94f2aac71a5b4a51b16b0d
0,famous_le_100m,15,1.0,1.0,5,srnet,754a3d3aa9256c38485916d884f016ae0eccd0a2ef94f2aac71a5b4a51b16b0d
0,famous_le_100m,16,1.0,1.0,5,srnet,754a3d3aa9256c38485916d884f016ae0eccd0a2ef94f2aac71a5b4a51b16b0d
0,famous_le_100m,17,1.0,1.0,5,srnet,754a3d3aa9256c38485916d884f016ae0eccd0a2ef94f2aac71a5b4a51b16b0d
0,famous_le_100m,18,1.0,1.0,5,srnet,754a3d3aa9256c38485916d884f016ae0eccd0a2ef94f2aac71a5b4a51b16b0d
0,famous_le_100m,19,1.0,1.0,5,srnet,754a3d3aa9256c38485916d884f016ae0eccd0a2ef94f2aac71a5b4a51b16b0d
0,famous_le_100m,20,1.0,1.0,5,srnet,754a3d3aa9256c38485916d884f016ae0eccd0a2ef94f2aac71a5b4a51b16b0d
0,famous_le_100m,21,1.0,1.0,5,srnet,754a3d3aa9256c38485916d884f016ae0eccd0a2ef94f2aac71a5b4a51b16b0d
0,famous_le_100m,22,1.0,1.0,5,srnet,754a3d3aa9256c38485916d884f016ae0eccd0a2ef94f2aac71a5b4a51b16b0d
0,famous_le_100m,23,1.0,1.0,5,srnet,754a3d3aa9256c38485916d884f016ae0eccd0a2ef94f2aac71a5b4a51b16b0d
1,torch_pretrained_classification,0,0.8875,0.9,5,srnet,1d9929d9ce299a80a2a65af5cba357272af5b3ba536b19c4268e845933ca734f
1,famous_le_10m,0,1.0,1.0,5,srnet,1d9929d9ce299a80a2a65af5cba357272af5b3ba536b19c4268e845933ca734f
1,famous_le_10m,1,0.0,0.0,5,srnet,1d9929d9ce299a80a2a65af5cba357272af5b3ba536b19c4268e845933ca734f
1,famous_le_10m,2,0.2,0.0,5,srnet,1d9929d9ce299a80a2a65af5cba357272af5b3ba536b19c4268e845933ca734f
1,famous_le_10m,3,0.2,0.2,5,srnet,1d9929d9ce299a80a2a65af5cba357272af5b3ba536b19c4268e845933ca734f
1,famous_le_10m,4,0.2,0.2,5,srnet,1d9929d9ce299a80a2a65af5cba357272af5b3ba536b19c4268e845933ca734f
1,famous_le_10m,5,0.4,0.4,5,srnet,1d9929d9ce299a80a2a65af5cba357272af5b3ba536b19c4268e845933ca734f
1,famous_le_10m,6,1.0,1.0,5,srnet,1d9929d9ce299a80a2a65af5cba357272af5b3ba536b19c4268e845933ca734f
1,famous_le_10m,7,1.0,1.0,5,srnet,1d9929d9ce299a80a2a65af5cba357272af5b3ba536b19c4268e845933ca734f
1,famous_le_10m,8,1.0,1.0,5,srnet,1d9929d9ce299a80a2a65af5cba357272af5b3ba536b19c4268e845933ca734f
1,famous_le_10m,9,1.0,1.0,5,srnet,1d9929d9ce299a80a2a65af5cba357272af5b3ba536b19c4268e845933ca734f
1,famous_le_10m,10,1.0,1.0,5,srnet,1d9929d9ce299a80a2a65af5cba357272af5b3ba536b19c4268e845933ca734f
1,famous_le_10m,11,1.0,1.0,5,srnet,1d9929d9ce299a80a2a65af5cba357272af5b3ba536b19c4268e845933ca734f
1,famous_le_10m,12,1.0,1.0,5,srnet,1d9929d9ce299a80a2a65af5cba357272af5b3ba536b19c4268e845933ca734f
1,famous_le_10m,13,1.0,1.0,5,srnet,1d9929d9ce299a80a2a65af5cba357272af5b3ba536b19c4268e845933ca734f
1,famous_le_10m,14,1.0,1.0,5,srnet,1d9929d9ce299a80a2a65af5cba357272af5b3ba536b19c4268e845933ca734f
1,famous_le_10m,15,1.0,1.0,5,srnet,1d9929d9ce299a80a2a65af5cba357272af5b3ba536b19c4268e845933ca734f
1,famous_le_10m,16,1.0,1.0,5,srnet,1d9929d9ce299a80a2a65af5cba357272af5b3ba536b19c4268e845933ca734f
1,famous_le_10m,17,1.0,1.0,5,srnet,1d9929d9ce299a80a2a65af5cba357272af5b3ba536b19c4268e845933ca734f
1,famous_le_10m,18,1.0,1.0,5,srnet,1d9929d9ce299a80a2a65af5cba357272af5b3ba536b19c4268e845933ca734f
1,famous_le_10m,19,1.0,1.0,5,srnet,1d9929d9ce299a80a2a65af5cba357272af5b3ba536b19c4268e845933ca734f
1,famous_le_10m,20,1.0,1.0,5,srnet,1d9929d9ce299a80a2a65af5cba357272af5b3ba536b19c4268e845933ca734f
1,famous_le_10m,21,1.0,1.0,5,srnet,1d9929d9ce299a80a2a65af5cba357272af5b3ba536b19c4268e845933ca734f
1,famous_le_10m,22,1.0,1.0,5,srnet,1d9929d9ce299a80a2a65af5cba357272af5b3ba536b19c4268e845933ca734f
1,famous_le_10m,23,1.0,1.0,5,srnet,1d9929d9ce299a80a2a65af5cba357272af5b3ba536b19c4268e845933ca734f
1,famous_le_100m,0,0.8571428571428571,0.8571428571428571,5,srnet,1d9929d9ce299a80a2a65af5cba357272af5b3ba536b19c4268e845933ca734f
1,famous_le_100m,1,0.14285714285714285,0.14285714285714285,5,srnet,1d9929d9ce299a80a2a65af5cba357272af5b3ba536b19c4268e845933ca734f
1,famous_le_100m,2,0.14285714285714285,0.07142857142857142,5,srnet,1d9929d9ce299a80a2a65af5cba357272af5b3ba536b19c4268e845933ca734f
1,famous_le_100m,3,0.07142857142857142,0.07142857142857142,5,srnet,1d9929d9ce299a80a2a65af5cba357272af5b3ba536b19c4268e845933ca734f
1,famous_le_100m,4,0.07142857142857142,0.07142857142857142,5,srnet,1d9929d9ce299a80a2a65af5cba357272af5b3ba536b19c4268e845933ca734f
1,famous_le_100m,5,0.2857142857142857,0.2857142857142857,5,srnet,1d9929d9ce299a80a2a65af5cba357272af5b3ba536b19c4268e845933ca734f
1,famous_le_100m,6,0.5,0.5,5,srnet,1d9929d9ce299a80a2a65af5cba357272af5b3ba536b19c4268e845933ca734f
1,famous_le_100m,7,0.8571428571428571,0.8571428571428571,5,srnet,1d9929d9ce299a80a2a65af5cba357272af5b3ba536b19c4268e845933ca734f
1,famous_le_100m,8,0.8571428571428571,0.8571428571428571,5,srnet,1d9929d9ce299a80a2a65af5cba357272af5b3ba536b19c4268e845933ca734f
1,famous_le_100m,9,0.8571428571428571,0.8571428571428571,5,srnet,1d9929d9ce299a80a2a65af5cba357272af5b3ba536b19c4268e845933ca734f
1,famous_le_100m,10,0.9285714285714286,0.9285714285714286,5,srnet,1d9929d9ce299a80a2a65af5cba357272af5b3ba536b19c4268e845933ca734f
1,famous_le_100m,11,0.9285714285714286,0.9285714285714286,5,srnet,1d9929d9ce299a80a2a65af5cba357272af5b3ba536b19c4268e845933ca734f
1,famous_le_100m,12,0.9285714285714286,0.9285714285714286,5,srnet,1d9929d9ce299a80a2a65af5cba357272af5b3ba536b19c4268e845933ca734f
1,famous_le_100m,13,0.9285714285714286,0.9285714285714286,5,srnet,1d9929d9ce299a80a2a65af5cba357272af5b3ba536b19c4268e845933ca734f
1,famous_le_100m,14,1.0,1.0,5,srnet,1d9929d9ce299a80a2a65af5cba357272af5b3ba536b19c4268e845933ca734f
1,famous_le_100m,15,1.0,1.0,5,srnet,1d9929d9ce299a80a2a65af5cba357272af5b3ba536b19c4268e845933ca734f
1,famous_le_100m,16,1.0,1.0,5,srnet,1d9929d9ce299a80a2a65af5cba357272af5b3ba536b19c4268e845933ca734f
1,famous_le_100m,17,1.0,1.0,5,srnet,1d9929d9ce299a80a2a65af5cba357272af5b3ba536b19c4268e845933ca734f
1,famous_le_100m,18,1.0,1.0,5,srnet,1d9929d9ce299a80a2a65af5cba357272af5b3ba536b19c4268e845933ca734f
1,famous_le_100m,19,1.0,1.0,5,srnet,1d9929d9ce299a80a2a65af5cba357272af5b3ba536b19c4268e845933ca734f
1,famous_le_100m,20,1.0,1.0,5,srnet,1d9929d9ce299a80a2a65af5cba357272af5b3ba536b19c4268e845933ca734f
1,famous_le_100m,21,1.0,1.0,5,srnet,1d9929d9ce299a80a2a65af5cba357272af5b3ba536b19c4268e845933ca734f
1,famous_le_100m,22,1.0,1.0,5,srnet,1d9929d9ce299a80a2a65af5cba357272af5b3ba536b19c4268e845933ca734f
1,famous_le_100m,23,1.0,1.0,5,srnet,1d9929d9ce299a80a2a65af5cba357272af5b3ba536b19c4268e845933ca734f
2,torch_pretrained_classification,0,0.875,0.8875,5,srnet,6891929693a0ebe27391dd43a2546d90c6261f40022815a50602b4323853631e
2,famous_le_10m,0,1.0,1.0,5,srnet,6891929693a0ebe27391dd43a2546d90c6261f40022815a50602b4323853631e
2,famous_le_10m,1,0.0,0.0,5,srnet,6891929693a0ebe27391dd43a2546d90c6261f40022815a50602b4323853631e
2,famous_le_10m,2,0.0,0.0,5,srnet,6891929693a0ebe27391dd43a2546d90c6261f40022815a50602b4323853631e
2,famous_le_10m,3,0.2,0.2,5,srnet,6891929693a0ebe27391dd43a2546d90c6261f40022815a50602b4323853631e
2,famous_le_10m,4,0.2,0.2,5,srnet,6891929693a0ebe27391dd43a2546d90c6261f40022815a50602b4323853631e
2,famous_le_10m,5,0.4,0.4,5,srnet,6891929693a0ebe27391dd43a2546d90c6261f40022815a50602b4323853631e
2,famous_le_10m,6,1.0,1.0,5,srnet,6891929693a0ebe27391dd43a2546d90c6261f40022815a50602b4323853631e
2,famous_le_10m,7,1.0,1.0,5,srnet,6891929693a0ebe27391dd43a2546d90c6261f40022815a50602b4323853631e
2,famous_le_10m,8,1.0,1.0,5,srnet,6891929693a0ebe27391dd43a2546d90c6261f40022815a50602b4323853631e
2,famous_le_10m,9,1.0,1.0,5,srnet,6891929693a0ebe27391dd43a2546d90c6261f40022815a50602b4323853631e
2,famous_le_10m,10,1.0,1.0,5,srnet,6891929693a0ebe27391dd43a2546d90c6261f40022815a50602b4323853631e
2,famous_le_10m,11,1.0,1.0,5,srnet,6891929693a0ebe27391dd43a2546d90c6261f40022815a50602b4323853631e
2,famous_le_10m,12,1.0,1.0,5,srnet,6891929693a0ebe27391dd43a2546d90c6261f40022815a50602b4323853631e
2,famous_le_10m,13,1.0,1.0,5,srnet,6891929693a0ebe27391dd43a2546d90c6261f40022815a50602b4323853631e
2,famous_le_10m,14,1.0,1.0,5,srnet,6891929693a0ebe27391dd43a2546d90c6261f40022815a50602b4323853631e
2,famous_le_10m,15,1.0,1.0,5,srnet,6891929693a0ebe27391dd43a2546d90c6261f40022815a50602b4323853631e
2,famous_le_10m,16,1.0,1.0,5,srnet,6891929693a0ebe27391dd43a2546d90c6261f40022815a50602b4323853631e
2,famous_le_10m,17,1.0,1.0,5,srnet,6891929693a0ebe27391dd43a2546d90c6261f40022815a50602b4323853631e
2,famous_le_10m,18,1.0,1.0,5,srnet,6891929693a0ebe27391dd43a2546d90c6261f40022815a50602b4323853631e
2,famous_le_10m,19,1.0,1.0,5,srnet,6891929693a0ebe27391dd43a2546d90c6261f40022815a50602b4323853631e
2,famous_le_10m,20,1.0,1.0,5,srnet,6891929693a0ebe27391dd43a2546d90c6261f40022815a50602b4323853631e
2,famous_le_10m,21,1.0,1.0,5,srnet,6891929693a0ebe27391dd43a2546d90c6261f40022815a50602b4323853631e
2,famous_le_10m,22,1.0,1.0,5,srnet,6891929693a0ebe27391dd43a2546d90c6261f40022815a50602b4323853631e
2,famous_le_10m,23,1.0,1.0,5,srnet,6891929693a0ebe27391dd43a2546d90c6261f40022815a50602b4323853631e
2,famous_le_100m,0,0.8571428571428571,0.8571428571428571,5,srnet,6891929693a0ebe27391dd43a2546d90c6261f40022815a50602b4323853631e
2,famous_le_100m,1,0.14285714285714285,0.14285714285714285,5,srnet,6891929693a0ebe27391dd43a2546d90c6261f40022815a50602b4323853631e
2,famous_le_100m,2,0.14285714285714285,0.14285714285714285,5,srnet,6891929693a0ebe27391dd43a2546d90c6261f40022815a50602b4323853631e
2,famous_le_100m,3,0.14285714285714285,0.07142857142857142,5,srnet,6891929693a0ebe27391dd43a2546d90c6261f40022815a50602b4323853631e
2,famous_le_100m,4,0.07142857142857142,0.07142857142857142,5,srnet,6891929693a0ebe27391dd43a2546d90c6261f40022815a50602b4323853631e
2,famous_le_100m,5,0.35714285714285715,0.2857142857142857,5,srnet,6891929693a0ebe27391dd43a2546d90c6261f40022815a50602b4323853631e
2,famous_le_100m,6,0.5,0.5,5,srnet,6891929693a0ebe27391dd43a2546d90c6261f40022815a50602b4323853631e
2,famous_le_100m,7,0.8571428571428571,0.8571428571428571,5,srnet,6891929693a0ebe27391dd43a2546d90c6261f40022815a50602b4323853631e
2,famous_le_100m,8,0.8571428571428571,0.8571428571428571,5,srnet,6891929693a0ebe27391dd43a2546d90c6261f40022815a50602b4323853631e
2,famous_le_100m,9,0.8571428571428571,0.8571428571428571,5,srnet,6891929693a0ebe27391dd43a2546d90c6261f40022815a50602b4323853631e
2,famous_le_100m,10,0.9285714285714286,0.9285714285714286,5,srnet,6891929693a0ebe27391dd43a2546d90c6261f40022815a50602b4323853631e
2,famous_le_100m,11,0.9285714285714286,0.9285714285714286,5,srnet,6891929693a0ebe27391dd43a2546d90c6261f40022815a50602b4323853631e
2,famous_le_100m,12,0.9285714285714286,0.9285714285714286,5,srnet,6891929693a0ebe27391dd43a2546d90c6261f40022815a50602b4323853631e
2,famous_le_100m,13,1.0,0.9285714285714286,5,srnet,6891929693a0ebe27391dd43a2546d90c6261f40022815a50602b4323853631e
2,famous_le_100m,14,1.0,1.0,5,srnet,6891929693a0ebe27391dd43a2546d90c6261f40022815a50602b4323853631e
2,famous_le_100m,15,1.0,1.0,5,srnet,6891929693a0ebe27391dd43a2546d90c6261f40022815a50602b4323853631e
2,famous_le_100m,16,1.0,1.0,5,srnet,6891929693a0ebe27391dd43a2546d90c6261f40022815a50602b4323853631e
2,famous_le_100m,17,1.0,1.0,5,srnet,6891929693a0ebe27391dd43a2546d90c6261f40022815a50602b4323853631e
2,famous_le_100m,18,1.0,1.0,5,srnet,6891929693a0ebe27391dd43a2546d90c6261f40022815a50602b4323853631e
2,famous_le_100m,19,1.0,1.0,5,srnet,6891929693a0ebe27391dd43a2546d90c6261f40022815a50602b4323853631e
2,famous_le_100m,20,1.0,1.0,5,srnet,6891929693a0ebe27391dd43a2546d90c6261f40022815a50602b4323853631e
2,famous_le_100m,21,1.0,1.0,5,srnet,6891929693a0ebe27391dd43a2546d90c6261f40022815a50602b4323853631e
2,famous_le_100m,22,1.0,1.0,5,srnet,6891929693a0ebe27391dd43a2546d90c6261f40022815a50602b4323853631e
2,famous_le_100m,23,1.0,1.0,5,srnet,6891929693a0ebe27391dd43a2546d90c6261f40022815a50602b4323853631e
3,torch_pretrained_classification,0,0.8875,0.8875,5,srnet,e9658df816cfa5d57e8794e527302aa4d2290f5e5781b46abfbb26b2bc21ecbd
3,famous_le_10m,0,1.0,1.0,5,srnet,e9658df816cfa5d57e8794e527302aa4d2290f5e5781b46abfbb26b2bc21ecbd
3,famous_le_10m,1,0.0,0.0,5,srnet,e9658df816cfa5d57e8794e527302aa4d2290f5e5781b46abfbb26b2bc21ecbd
3,famous_le_10m,2,0.0,0.0,5,srnet,e9658df816cfa5d57e8794e527302aa4d2290f5e5781b46abfbb26b2bc21ecbd
3,famous_le_10m,3,0.2,0.2,5,srnet,e9658df816cfa5d57e8794e527302aa4d2290f5e5781b46abfbb26b2bc21ecbd
3,famous_le_10m,4,0.2,0.2,5,srnet,e9658df816cfa5d57e8794e527302aa4d2290f5e5781b46abfbb26b2bc21ecbd
3,famous_le_10m,5,0.4,0.4,5,srnet,e9658df816cfa5d57e8794e527302aa4d2290f5e5781b46abfbb26b2bc21ecbd
3,famous_le_10m,6,1.0,1.0,5,srnet,e9658df816cfa5d57e8794e527302aa4d2290f5e5781b46abfbb26b2bc21ecbd
3,famous_le_10m,7,1.0,1.0,5,srnet,e9658df816cfa5d57e8794e527302aa4d2290f5e5781b46abfbb26b2bc21ecbd
3,famous_le_10m,8,1.0,1.0,5,srnet,e9658df816cfa5d57e8794e527302aa4d2290f5e5781b46abfbb26b2bc21ecbd
3,famous_le_10m,9,1.0,1.0,5,srnet,e9658df816cfa5d57e8794e527302aa4d2290f5e5781b46abfbb26b2bc21ecbd
3,famous_le_10m,10,1.0,1.0,5,srnet,e9658df816cfa5d57e8794e527302aa4d2290f5e5781b46abfbb26b2bc21ecbd
3,famous_le_10m,11,1.0,1.0,5,srnet,e9658df816cfa5d57e8794e527302aa4d2290f5e5781b46abfbb26b2bc21ecbd
3,famous_le_10m,12,1.0,1.0,5,srnet,e9658df816cfa5d57e8794e527302aa4d2290f5e5781b46abfbb26b2bc21ecbd
3,famous_le_10m,13,1.0,1.0,5,srnet,e9658df816cfa5d57e8794e527302aa4d2290f5e5781b46abfbb26b2bc21ecbd
3,famous_le_10m,14,1.0,1.0,5,srnet,e9658df816cfa5d57e8794e527302aa4d2290f5e5781b46abfbb26b2bc21ecbd
3,famous_le_10m,15,1.0,1.0,5,srnet,e9658df816cfa5d57e8794e527302aa4d2290f5e5781b46abfbb26b2bc21ecbd
3,famous_le_10m,16,1.0,1.0,5,srnet,e9658df816cfa5d57e8794e527302aa4d2290f5e5781b46abfbb26b2bc21ecbd
3,famous_le_10m,17,1.0,1.0,5,srnet,e9658df816cfa5d57e8794e527302aa4d2290f5e5781b46abfbb26b2bc21ecbd
3,famous_le_10m,18,1.0,1.0,5,srnet,e9658df816cfa5d57e8794e527302aa4d2290f5e5781b46abfbb26b2bc21ecbd
3,famous_le_10m,19,1.0,1.0,5,srnet,e9658df816cfa5d57e8794e527302aa4d2290f5e5781b46abfbb26b2bc21ecbd
3,famous_le_10m,20,1.0,1.0,5,srnet,e9658df816cfa5d57e8794e527302aa4d2290f5e5781b46abfbb26b2bc21ecbd
3,famous_le_10m,21,1.0,1.0,5,srnet,e9658df816cfa5d57e8794e527302aa4d2290f5e5781b46abfbb26b2bc21ecbd
3,famous_le_10m,22,1.0,1.0,5,srnet,e9658df816cfa5d57e8794e527302aa4d2290f5e5781b46abfbb26b2bc21ecbd
3,famous_le_10m,23,1.0,1.0,5,srnet,e9658df816cfa5d57e8794e527302aa4d2290f5e5781b46abfbb26b2bc21ecbd
3,famous_le_100m,0,0.8571428571428571,0.8571428571428571,5,srnet,e9658df816cfa5d57e8794e527302aa4d2290f5e5781b46abfbb26b2bc21ecbd
3,famous_le_100m,1,0.14285714285714285,0.14285714285714285,5,srnet,e9658df816cfa5d57e8794e527302aa4d2290f5e5781b46abfbb26b2bc21ecbd
3,famous_le_100m,2,0.07142857142857142,0.07142857142857142,5,srnet,e9658df816cfa5d57e8794e527302aa4d2290f5e5781b46abfbb26b2bc21ecbd
3,famous_le_100m,3,0.07142857142857142,0.07142857142857142,5,srnet,e9658df816cfa5d57e8794e527302aa4d2290f5e5781b46abfbb26b2bc21ecbd
3,famous_le_100m,4,0.07142857142857142,0.07142857142857142,5,srnet,e9658df816cfa5d57e8794e527302aa4d2290f5e5781b46abfbb26b2bc21ecbd
3,famous_le_100m,5,0.2857142857142857,0.2857142857142857,5,srnet,e9658df816cfa5d57e8794e527302aa4d2290f5e5781b46abfbb26b2bc21ecbd
3,famous_le_100m,6,0.5,0.5,5,srnet,e9658df816cfa5d57e8794e527302aa4d2290f5e5781b46abfbb26b2bc21ecbd
3,famous_le_100m,7,0.8571428571428571,0.8571428571428571,5,srnet,e9658df816cfa5d57e8794e527302aa4d2290f5e5781b46abfbb26b2bc21ecbd
3,famous_le_100m,8,0.8571428571428571,0.8571428571428571,5,srnet,e9658df816cfa5d57e8794e527302aa4d2290f5e5781b46abfbb26b2bc21ecbd
3,famous_le_100m,9,0.8571428571428571,0.8571428571428571,5,srnet,e9658df816cfa5d57e8794e527302aa4d2290f5e5781b46abfbb26b2bc21ecbd
3,famous_le_100m,10,0.9285714285714286,0.9285714285714286,5,srnet,e9658df816cfa5d57e8794e527302aa4d2290f5e5781b46abfbb26b2bc21ecbd
3,famous_le_100m,11,0.9285714285714286,0.9285714285714286,5,srnet,e9658df816cfa5d57e8794e527302aa4d2290f5e5781b46abfbb26b2bc21ecbd
3,famous_le_100m,12,0.9285714285714286,0.9285714285714286,5,srnet,e9658df816cfa5d57e8794e527302aa4d2290f5e5781b46abfbb26b2bc21ecbd
3,famous_le_100m,13,0.9285714285714286,0.9285714285714286,5,srnet,e9658df816cfa5d57e8794e527302aa4d2290f5e5781b46abfbb26b2bc21ecbd
3,famous_le_100m,14,1.0,1.0,5,srnet,e9658df816cfa5d57e8794e527302aa4d2290f5e5781b46abfbb26b2bc21ecbd
3,famous_le_100m,15,1.0,1.0,5,srnet,e9658df816cfa5d57e8794e527302aa4d2290f5e5781b46abfbb26b2bc21ecbd
3,famous_le_100m,16,1.0,1.0,5,srnet,e9658df816cfa5d57e8794e527302aa4d2290f5e5781b46abfbb26b2bc21ecbd
3,famous_le_100m,17,1.0,1.0,5,srnet,e9658df816cfa5d57e8794e527302aa4d2290f5e5781b46abfbb26b2bc21ecbd
3,famous_le_100m,18,1.0,1.0,5,srnet,e9658df816cfa5d57e8794e527302aa4d2290f5e5781b46abfbb26b2bc21ecbd
3,famous_le_100m,19,1.0,1.0,5,srnet,e9658df816cfa5d57e8794e527302aa4d2290f5e5781b46abfbb26b2bc21ecbd
3,famous_le_100m,20,1.0,1.0,5,srnet,e9658df816cfa5d57e8794e527302aa4d2290f5e5781b46abfbb26b2bc21ecbd
3,famous_le_100m,21,1.0,1.0,5,srnet,e9658df816cfa5d57e8794e527302aa4d2290f5e5781b46abfbb26b2bc21ecbd
3,famous_le_100m,22,1.0,1.0,5,srnet,e9658df816cfa5d57e8794e527302aa4d2290f5e5781b46abfbb26b2bc21ecbd
3,famous_le_100m,23,1.0,1.0,5,srnet,e9658df816cfa5d57e8794e527302aa4d2290f5e5781b46abfbb26b2bc21ecbd
4,torch_pretrained_classification,0,0.9125,0.9125,5,srnet,670bb32c4adc74a19ffc34959c320021c2f3bfdce86e1dc9f9c44feea3606a76
4,famous_le_10m,0,1.0,1.0,5,srnet,670bb32c4adc74a19ffc34959c320021c2f3bfdce86e1dc9f9c44feea3606a76
4,famous_le_10m,1,0.0,0.0,5,srnet,670bb32c4adc74a19ffc34959c320021c2f3bfdce86e1dc9f9c44feea3606a76
4,famous_le_10m,2,0.0,0.0,5,srnet,670bb32c4adc74a19ffc34959c320021c2f3bfdce86e1dc9f9c44feea3606a76
4,famous_le_10m,3,0.2,0.2,5,srnet,670bb32c4adc74a19ffc34959c320021c2f3bfdce86e1dc9f9c44feea3606a76
4,famous_le_10m,4,0.2,0.2,5,srnet,670bb32c4adc74a19ffc34959c320021c2f3bfdce86e1dc9f9c44feea3606a76
4,famous_le_10m,5,0.4,0.4,5,srnet,670bb32c4adc74a19ffc34959c320021c2f3bfdce86e1dc9f9c44feea3606a76
4,famous_le_10m,6,1.0,1.0,5,srnet,670bb32c4adc74a19ffc34959c320021c2f3bfdce86e1dc9f9c44feea3606a76
4,famous_le_10m,7,1.0,1.0,5,srnet,670bb32c4adc74a19ffc34959c320021c2f3bfdce86e1dc9f9c44feea3606a76
4,famous_le_10m,8,1.0,1.0,5,srnet,670bb32c4adc74a19ffc34959c320021c2f3bfdce86e1dc9f9c44feea3606a76
4,famous_le_10m,9,1.0,1.0,5,srnet,670bb32c4adc74a19ffc34959c320021c2f3bfdce86e1dc9f9c44feea3606a76
4,famous_le_10m,10,1.0,1.0,5,srnet,670bb32c4adc74a19ffc34959c320021c2f3bfdce86e1dc9f9c44feea3606a76
4,famous_le_10m,11,1.0,1.0,5,srnet,670bb32c4adc74a19ffc34959c320021c2f3bfdce86e1dc9f9c44feea3606a76
4,famous_le_10m,12,1.0,1.0,5,srnet,670bb32c4adc74a19ffc34959c320021c2f3bfdce86e1dc9f9c44feea3606a76
4,famous_le_10m,13,1.0,1.0,5,srnet,670bb32c4adc74a19ffc34959c320021c2f3bfdce86e1dc9f9c44feea3606a76
4,famous_le_10m,14,1.0,1.0,5,srnet,670bb32c4adc74a19ffc34959c320021c2f3bfdce86e1dc9f9c44feea3606a76
4,famous_le_10m,15,1.0,1.0,5,srnet,670bb32c4adc74a19ffc34959c320021c2f3bfdce86e1dc9f9c44feea3606a76
4,famous_le_10m,16,1.0,1.0,5,srnet,670bb32c4adc74a19ffc34959c320021c2f3bfdce86e1dc9f9c44feea3606a76
4,famous_le_10m,17,1.0,1.0,5,srnet,670bb32c4adc74a19ffc34959c320021c2f3bfdce86e1dc9f9c44feea3606a76
4,famous_le_10m,18,1.0,1.0,5,srnet,670bb32c4adc74a19ffc34959c320021c2f3bfdce86e1dc9f9c44feea3606a76
4,famous_le_10m,19,1.0,1.0,5,srnet,670bb32c4adc74a19ffc34959c320021c2f3bfdce86e1dc9f9c44feea3606a76
4,famous_le_10m,20,1.0,1.0,5,srnet,670bb32c4adc74a19ffc34959c320021c2f3bfdce86e1dc9f9c44feea3606a76
4,famous_le_10m,21,1.0,1.0,5,srnet,670bb32c4adc74a19ffc34959c320021c2f3bfdce86e1dc9f9c44feea3606a76
4,famous_le_10m,22,1.0,1.0,5,srnet,670bb32c4adc74a19ffc34959c320021c2f3bfdce86e1dc9f9c44feea3606a76
4,famous_le_10m,23,1.0,1.0,5,srnet,670bb32c4adc74a19ffc34959c320021c2f3bfdce86e1dc9f9c44feea3606a76
4,famous_le_100m,0,0.8571428571428571,0.8571428571428571,5,srnet,670bb32c4adc74a19ffc34959c320021c2f3bfdce86e1dc9f9c44feea3606a76
4,famous_le_100m,1,0.14285714285714285,0.14285714285714285,5,srnet,670bb32c4adc74a19ffc34959c320021c2f3bfdce86e1dc9f9c44feea3606a76
4,famous_le_100m,2,0.14285714285714285,0.14285714285714285,5,srnet,670bb32c4adc74a19ffc34959c320021c2f3bfdce86e1dc9f9c44feea3606a76
4,famous_le_100m,3,0.07142857142857142,0.07142857142857142,5,srnet,670bb32c4adc74a19ffc34959c320021c2f3bfdce86e1dc9f9c44feea3606a76
4,famous_le_100m,4,0.07142857142857142,0.07142857142857142,5,srnet,670bb32c4adc74a19ffc34959c320021c2f3bfdce86e1dc9f9c44feea3606a76
4,famous_le_100m,5,0.2857142857142857,0.2857142857142857,5,srnet,670bb32c4adc74a19ffc34959c320021c2f3bfdce86e1dc9f9c44feea3606a76
4,famous_le_100m,6,0.5,0.5,5,srnet,670bb32c4adc74a19ffc34959c320021c2f3bfdce86e1dc9f9c44feea3606a76
4,famous_le_100m,7,0.8571428571428571,0.8571428571428571,5,srnet,670bb32c4adc74a19ffc34959c320021c2f3bfdce86e1dc9f9c44feea3606a76
4,famous_le_100m,8,0.8571428571428571,0.8571428571428571,5,srnet,670bb32c4adc74a19ffc34959c320021c2f3bfdce86e1dc9f9c44feea3606a76
4,famous_le_100m,9,0.8571428571428571,0.8571428571428571,5,srnet,670bb32c4adc74a19ffc34959c320021c2f3bfdce86e1dc9f9c44feea3606a76
4,famous_le_100m,10,0.9285714285714286,0.9285714285714286,5,srnet,670bb32c4adc74a19ffc34959c320021c2f3bfdce86e1dc9f9c44feea3606a76
4,famous_le_100m,11,0.9285714285714286,0.9285714285714286,5,srnet,670bb32c4adc74a19ffc34959c320021c2f3bfdce86e1dc9f9c44feea3606a76
4,famous_le_100m,12,0.9285714285714286,0.9285714285714286,5,srnet,670bb32c4adc74a19ffc34959c320021c2f3bfdce86e1dc9f9c44feea3606a76
4,famous_le_100m,13,1.0,1.0,5,srnet,670bb32c4adc74a19ffc34959c320021c2f3bfdce86e1dc9f9c44feea3606a76
4,famous_le_100m,14,1.0,1.0,5,srnet,670bb32c4adc74a19ffc34959c320021c2f3bfdce86e1dc9f9c44feea3606a76
4,famous_le_100m,15,1.0,1.0,5,srnet,670bb32c4adc74a19ffc34959c320021c2f3bfdce86e1dc9f9c44feea3606a76
4,famous_le_100m,16,1.0,1.0,5,srnet,670bb32c4adc74a19ffc34959c320021c2f3bfdce86e1dc9f9c44feea3606a76
4,famous_le_100m,17,1.0,1.0,5,srnet,670bb32c4adc74a19ffc34959c320021c2f3bfdce86e1dc9f9c44feea3606a76
4,famous_le_100m,18,1.0,1.0,5,srnet,670bb32c4adc74a19ffc34959c320021c2f3bfdce86e1dc9f9c44feea3606a76
4,famous_le_100m,19,1.0,1.0,5,srnet,670bb32c4adc74a19ffc34959c320021c2f3bfdce86e1dc9f9c44feea3606a76
4,famous_le_100m,20,1.0,1.0,5,srnet,670bb32c4adc74a19ffc34959c320021c2f3bfdce86e1dc9f9c44feea3606a76
4,famous_le_100m,21,1.0,1.0,5,srnet,670bb32c4adc74a19ffc34959c320021c2f3bfdce86e1dc9f9c44feea3606a76
4,famous_le_100m,22,1.0,1.0,5,srnet,670bb32c4adc74a19ffc34959c320021c2f3bfdce86e1dc9f9c44feea3606a76
4,famous_le_100m,23,1.0,1.0,5,srnet,670bb32c4adc74a19ffc34959c320021c2f3bfdce86e1dc9f9c44feea3606a76
0,torch_pretrained_classification,0,0.9125,0.925,6,srnet,292468ecff7f0097b9a0908f23f98c844846cfdd79ce27b1c67116d48c964fe7
0,famous_le_10m,0,1.0,1.0,6,srnet,292468ecff7f0097b9a0908f23f98c844846cfdd79ce27b1c67116d48c964fe7
0,famous_le_10m,1,0.0,0.0,6,srnet,292468ecff7f0097b9a0908f23f98c844846cfdd79ce27b1c67116d48c964fe7
0,famous_le_10m,2,0.0,0.0,6,srnet,292468ecff7f0097b9a0908f23f98c844846cfdd79ce27b1c67116d48c964fe7
0,famous_le_10m,3,0.0,0.0,6,srnet,292468ecff7f0097b9a0908f23f98c844846cfdd79ce27b1c67116d48c964fe7
0,famous_le_10m,4,0.2,0.2,6,srnet,292468ecff7f0097b9a0908f23f98c844846cfdd79ce27b1c67116d48c964fe7
0,famous_le_10m,5,0.4,0.4,6,srnet,292468ecff7f0097b9a0908f23f98c844846cfdd79ce27b1c67116d48c964fe7
0,famous_le_10m,6,1.0,1.0,6,srnet,292468ecff7f0097b9a0908f23f98c844846cfdd79ce27b1c67116d48c964fe7
0,famous_le_10m,7,1.0,1.0,6,srnet,292468ecff7f0097b9a0908f23f98c844846cfdd79ce27b1c67116d48c964fe7
0,famous_le_10m,8,1.0,1.0,6,srnet,292468ecff7f0097b9a0908f23f98c844846cfdd79ce27b1c67116d48c964fe7
0,famous_le_10m,9,1.0,1.0,6,srnet,292468ecff7f0097b9a0908f23f98c844846cfdd79ce27b1c67116d48c964fe7
0,famous_le_10m,10,1.0,1.0,6,srnet,292468ecff7f0097b9a0908f23f98c844846cfdd79ce27b1c67116d48c964fe7
0,famous_le_10m,11,1.0,1.0,6,srnet,292468ecff7f0097b9a0908f23f98c844846cfdd79ce27b1c67116d48c964fe7
0,famous_le_10m,12,1.0,1.0,6,srnet,292468ecff7f0097b9a0908f23f98c844846cfdd79ce27b1c67116d48c964fe7
0,famous_le_10m,13,1.0,1.0,6,srnet,292468ecff7f0097b9a0908f23f98c844846cfdd79ce27b1c67116d48c964fe7
0,famous_le_10m,14,1.0,1.0,6,srnet,292468ecff7f0097b9a0908f23f98c844846cfdd79ce27b1c67116d48c964fe7
0,famous_le_10m,15,1.0,1.0,6,srnet,292468ecff7f0097b9a0908f23f98c844846cfdd79ce27b1c67116d48c964fe7
0,famous_le_10m,16,1.0,1.0,6,srnet,292468ecff7f0097b9a0908f23f98c844846cfdd79ce27b1c67116d48c964fe7
0,famous_le_10m,17,1.0,1.0,6,srnet,292468ecff7f0097b9a0908f23f98c844846cfdd79ce27b1c67116d48c964fe7
0,famous_le_10m,18,1.0,1.0,6,srnet,292468ecff7f0097b9a0908f23f98c844846cfdd79ce27b1c67116d48c964fe7
0,famous_le_10m,19,1.0,1.0,6,srnet,292468ecff7f0097b9a0908f23f98c844846cfdd79ce27b1c67116d48c964fe7
0,famous_le_10m,20,1.0,1.0,6,srnet,292468ecff7f0097b9a0908f23f98c844846cfdd79ce27b1c67116d48c964fe7
0,famous_le_10m,21,1.0,1.0,6,srnet,292468ecff7f0097b9a0908f23f98c844846cfdd79ce27b1c67116d48c964fe7
0,famous_le_10m,22,1.0,1.0,6,srnet,292468ecff7f0097b9a0908f23f98c844846cfdd79ce27b1c67116d48c964fe7
0,famous_le_10m,23,1.0,1.0,6,srnet,292468ecff7f0097b9a0908f23f98c844846cfdd79ce27b1c67116d48c964fe7
0,famous_le_100m,0,0.9285714285714286,0.9285714285714286,6,srnet,292468ecff7f0097b9a0908f23f98c844846cfdd79ce27b1c67116d48c964fe7
0,famous_le_100m,1,0.07142857142857142,0.07142857142857142,6,srnet,292468ecff7f0097b9a0908f23f98c844846cfdd79ce27b1c67116d48c964fe7
0,famous_le_100m,2,0.07142857142857142,0.07142857142857142,6,srnet,292468ecff7f0097b9a0908f23f98c844846cfdd79ce27b1c67116d48c964fe7
0,famous_le_100m,3,0.07142857142857142,0.07142857142857142,6,srnet,292468ecff7f0097b9a0908f23f98c844846cfdd79ce27b1c67116d48c964fe7
0,famous_le_100m,4,0.07142857142857142,0.07142857142857142,6,srnet,292468ecff7f0097b9a0908f23f98c844846cfdd79ce27b1c67116d48c964fe7
0,famous_le_100m,5,0.14285714285714285,0.07142857142857142,6,srnet,292468ecff7f0097b9a0908f23f98c844846cfdd79ce27b1c67116d48c964fe7
0,famous_le_100m,6,0.42857142857142855,0.42857142857142855,6,srnet,292468ecff7f0097b9a0908f23f98c844846cfdd79ce27b1c67116d48c964fe7
0,famous_le_100m,7,0.7857142857142857,0.7857142857142857,6,srnet,292468ecff7f0097b9a0908f23f98c844846cfdd79ce27b1c67116d48c964fe7
0,famous_le_100m,8,0.8571428571428571,0.8571428571428571,6,srnet,292468ecff7f0097b9a0908f23f98c844846cfdd79ce27b1c67116d48c964fe7
0,famous_le_100m,9,0.8571428571428571,0.8571428571428571,6,srnet,292468ecff7f0097b9a0908f23f98c844846cfdd79ce27b1c67116d48c964fe7
0,famous_le_100m,10,0.9285714285714286,0.9285714285714286,6,srnet,292468ecff7f0097b9a0908f23f98c844846cfdd79ce27b1c67116d48c964fe7
0,famous_le_100m,11,0.9285714285714286,0.9285714285714286,6,srnet,292468ecff7f0097b9a0908f23f98c844846cfdd79ce27b1c67116d48c964fe7
0,famous_le_100m,12,0.9285714285714286,0.9285714285714286,6,srnet,292468ecff7f0097b9a0908f23f98c844846cfdd79ce27b1c67116d48c964fe7
0,famous_le_100m,13,0.9285714285714286,0.9285714285714286,6,srnet,292468ecff7f0097b9a0908f23f98c844846cfdd79ce27b1c67116d48c964fe7
0,famous_le_100m,14,1.0,1.0,6,srnet,292468ecff7f0097b9a0908f23f98c844846cfdd79ce27b1c67116d48c964fe7
0,famous_le_100m,15,1.0,1.0,6,srnet,292468ecff7f0097b9a0908f23f98c844846cfdd79ce27b1c67116d48c964fe7
0,famous_le_100m,16,1.0,1.0,6,srnet,292468ecff7f0097b9a0908f23f98c844846cfdd79ce27b1c67116d48c964fe7
0,famous_le_100m,17,1.0,1.0,6,srnet,292468ecff7f0097b9a0908f23f98c844846cfdd79ce27b1c67116d48c964fe7
0,famous_le_100m,18,1.0,1.0,6,srnet,292468ecff7f0097b9a0908f23f98c844846cfdd79ce27b1c67116d48c964fe7
0,famous_le_100m,19,1.0,1.0,6,srnet,292468ecff7f0097b9a0908f23f98c844846cfdd79ce27b1c67116d48c964fe7
0,famous_le_100m,20,1.0,1.0,6,srnet,292468ecff7f0097b9a0908f23f98c844846cfdd79ce27b1c67116d48c964fe7
0,famous_le_100m,21,1.0,1.0,6,srnet,292468ecff7f0097b9a0908f23f98c844846cfdd79ce27b1c67116d48c964fe7
0,famous_le_100m,22,1.0,1.0,6,srnet,292468ecff7f0097b9a0908f23f98c844846cfdd79ce27b1c67116d48c964fe7
0,famous_le_100m,23,1.0,1.0,6,srnet,292468ecff7f0097b9a0908f23f98c844846cfdd79ce27b1c67116d48c964fe7
1,torch_pretrained_classification,0,0.9375,0.9375,6,srnet,486ab799f38b9ae4091c94978564975231b1000d6ff30627d38c6fd93c1d7e92
1,famous_le_10m,0,1.0,1.0,6,srnet,486ab799f38b9ae4091c94978564975231b1000d6ff30627d38c6fd93c1d7e92
1,famous_le_10m,1,0.0,0.0,6,srnet,486ab799f38b9ae4091c94978564975231b1000d6ff30627d38c6fd93c1d7e92
1,famous_le_10m,2,0.0,0.0,6,srnet,486ab799f38b9ae4091c94978564975231b1000d6ff30627d38c6fd93c1d7e92
1,famous_le_10m,3,0.0,0.0,6,srnet,486ab799f38b9ae4091c94978564975231b1000d6ff30627d38c6fd93c1d7e92
1,famous_le_10m,4,0.2,0.2,6,srnet,486ab799f38b9ae4091c94978564975231b1000d6ff30627d38c6fd93c1d7e92
1,famous_le_10m,5,0.4,0.4,6,srnet,486ab799f38b9ae4091c94978564975231b1000d6ff30627d38c6fd93c1d7e92
1,famous_le_10m,6,1.0,1.0,6,srnet,486ab799f38b9ae4091c94978564975231b1000d6ff30627d38c6fd93c1d7e92
1,famous_le_10m,7,1.0,1.0,6,srnet,486ab799f38b9ae4091c94978564975231b1000d6ff30627d38c6fd93c1d7e92
1,famous_le_10m,8,1.0,1.0,6,srnet,486ab799f38b9ae4091c94978564975231b1000d6ff30627d38c6fd93c1d7e92
1,famous_le_10m,9,1.0,1.0,6,srnet,486ab799f38b9ae4091c94978564975231b1000d6ff30627d38c6fd93c1d7e92
1,famous_le_10m,10,1.0,1.0,6,srnet,486ab799f38b9ae4091c94978564975231b1000d6ff30627d38c6fd93c1d7e92
1,famous_le_10m,11,1.0,1.0,6,srnet,486ab799f38b9ae4091c94978564975231b1000d6ff30627d38c6fd93c1d7e92
1,famous_le_10m,12,1.0,1.0,6,srnet,486ab799f38b9ae4091c94978564975231b1000d6ff30627d38c6fd93c1d7e92
1,famous_le_10m,13,1.0,1.0,6,srnet,486ab799f38b9ae4091c94978564975231b1000d6ff30627d38c6fd93c1d7e92
1,famous_le_10m,14,1.0,1.0,6,srnet,486ab799f38b9ae4091c94978564975231b1000d6ff30627d38c6fd93c1d7e92
1,famous_le_10m,15,1.0,1.0,6,srnet,486ab799f38b9ae4091c94978564975231b1000d6ff30627d38c6fd93c1d7e92
1,famous_le_10m,16,1.0,1.0,6,srnet,486ab799f38b9ae4091c94978564975231b1000d6ff30627d38c6fd93c1d7e92
1,famous_le_10m,17,1.0,1.0,6,srnet,486ab799f38b9ae4091c94978564975231b1000d6ff30627d38c6fd93c1d7e92
1,famous_le_10m,18,1.0,1.0,6,srnet,486ab799f38b9ae4091c94978564975231b1000d6ff30627d38c6fd93c1d7e92
1,famous_le_10m,19,1.0,1.0,6,srnet,486ab799f38b9ae4091c94978564975231b1000d6ff30627d38c6fd93c1d7e92
1,famous_le_10m,20,1.0,1.0,6,srnet,486ab799f38b9ae4091c94978564975231b1000d6ff30627d38c6fd93c1d7e92
1,famous_le_10m,21,1.0,1.0,6,srnet,486ab799f38b9ae4091c94978564975231b1000d6ff30627d38c6fd93c1d7e92
1,famous_le_10m,22,1.0,1.0,6,srnet,486ab799f38b9ae4091c94978564975231b1000d6ff30627d38c6fd93c1d7e92
1,famous_le_10m,23,1.0,1.0,6,srnet,486ab799f38b9ae4091c94978564975231b1000d6ff30627d38c6fd93c1d7e92
1,famous_le_100m,0,0.9285714285714286,0.9285714285714286,6,srnet,486ab799f38b9ae4091c94978564975231b1000d6ff30627d38c6fd93c1d7e92
1,famous_le_100m,1,0.07142857142857142,0.07142857142857142,6,srnet,486ab799f38b9ae4091c94978564975231b1000d6ff30627d38c6fd93c1d7e92
1,famous_le_100m,2,0.07142857142857142,0.07142857142857142,6,srnet,486ab799f38b9ae4091c94978564975231b1000d6ff30627d38c6fd93c1d7e92
1,famous_le_100m,3,0.07142857142857142,0.07142857142857142,6,srnet,486ab799f38b9ae4091c94978564975231b1000d6ff30627d38c6fd93c1d7e92
1,famous_le_100m,4,0.07142857142857142,0.07142857142857142,6,srnet,486ab799f38b9ae4091c94978564975231b1000d6ff30627d38c6fd93c1d7e92
1,famous_le_100m,5,0.14285714285714285,0.14285714285714285,6,srnet,486ab799f38b9ae4091c94978564975231b1000d6ff30627d38c6fd93c1d7e92
1,famous_le_100m,6,0.42857142857142855,0.42857142857142855,6,srnet,486ab799f38b9ae4091c94978564975231b1000d6ff30627d38c6fd93c1d7e92
1,famous_le_100m,7,0.7857142857142857,0.7857142857142857,6,srnet,486ab799f38b9ae4091c94978564975231b1000d6ff30627d38c6fd93c1d7e92
1,famous_le_100m,8,0.8571428571428571,0.8571428571428571,6,srnet,486ab799f38b9ae4091c94978564975231b1000d6ff30627d38c6fd93c1d7e92
1,famous_le_100m,9,0.8571428571428571,0.8571428571428571,6,srnet,486ab799f38b9ae4091c94978564975231b1000d6ff30627d38c6fd93c1d7e92
1,famous_le_100m,10,0.9285714285714286,0.9285714285714286,6,srnet,486ab799f38b9ae4091c94978564975231b1000d6ff30627d38c6fd93c1d7e92
1,famous_le_100m,11,0.9285714285714286,0.9285714285714286,6,srnet,486ab799f38b9ae4091c94978564975231b1000d6ff30627d38c6fd93c1d7e92
1,famous_le_100m,12,0.9285714285714286,0.9285714285714286,6,srnet,486ab799f38b9ae4091c94978564975231b1000d6ff30627d38c6fd93c1d7e92
1,famous_le_100m,13,0.9285714285714286,0.9285714285714286,6,srnet,486ab799f38b9ae4091c94978564975231b1000d6ff30627d38c6fd93c1d7e92
1,famous_le_100m,14,1.0,1.0,6,srnet,486ab799f38b9ae4091c94978564975231b1000d6ff30627d38c6fd93c1d7e92
1,famous_le_100m,15,1.0,1.0,6,srnet,486ab799f38b9ae4091c94978564975231b1000d6ff30627d38c6fd93c1d7e92
1,famous_le_100m,16,1.0,1.0,6,srnet,486ab799f38b9ae4091c94978564975231b1000d6ff30627d38c6fd93c1d7e92
1,famous_le_100m,17,1.0,1.0,6,srnet,486ab799f38b9ae4091c94978564975231b1000d6ff30627d38c6fd93c1d7e92
1,famous_le_100m,18,1.0,1.0,6,srnet,486ab799f38b9ae4091c94978564975231b1000d6ff30627d38c6fd93c1d7e92
1,famous_le_100m,19,1.0,1.0,6,srnet,486ab799f38b9ae4091c94978564975231b1000d6ff30627d38c6fd93c1d7e92
1,famous_le_100m,20,1.0,1.0,6,srnet,486ab799f38b9ae4091c94978564975231b1000d6ff30627d38c6fd93c1d7e92
1,famous_le_100m,21,1.0,1.0,6,srnet,486ab799f38b9ae4091c94978564975231b1000d6ff30627d38c6fd93c1d7e92
1,famous_le_100m,22,1.0,1.0,6,srnet,486ab799f38b9ae4091c94978564975231b1000d6ff30627d38c6fd93c1d7e92
1,famous_le_100m,23,1.0,1.0,6,srnet,486ab799f38b9ae4091c94978564975231b1000d6ff30627d38c6fd93c1d7e92
2,torch_pretrained_classification,0,0.9125,0.9125,6,srnet,df8116b0d0e5c16ec00b5956ba3be42663c5b2a42492318b04e7a058d8708595
2,famous_le_10m,0,1.0,1.0,6,srnet,df8116b0d0e5c16ec00b5956ba3be42663c5b2a42492318b04e7a058d8708595
2,famous_le_10m,1,0.0,0.0,6,srnet,df8116b0d0e5c16ec00b5956ba3be42663c5b2a42492318b04e7a058d8708595
2,famous_le_10m,2,0.0,0.0,6,srnet,df8116b0d0e5c16ec00b5956ba3be42663c5b2a42492318b04e7a058d8708595
2,famous_le_10m,3,0.0,0.0,6,srnet,df8116b0d0e5c16ec00b5956ba3be42663c5b2a42492318b04e7a058d8708595
2,famous_le_10m,4,0.2,0.2,6,srnet,df8116b0d0e5c16ec00b5956ba3be42663c5b2a42492318b04e7a058d8708595
2,famous_le_10m,5,0.4,0.4,6,srnet,df8116b0d0e5c16ec00b5956ba3be42663c5b2a42492318b04e7a058d8708595
2,famous_le_10m,6,1.0,1.0,6,srnet,df8116b0d0e5c16ec00b5956ba3be42663c5b2a42492318b04e7a058d8708595
2,famous_le_10m,7,1.0,1.0,6,srnet,df8116b0d0e5c16ec00b5956ba3be42663c5b2a42492318b04e7a058d8708595
2,famous_le_10m,8,1.0,1.0,6,srnet,df8116b0d0e5c16ec00b5956ba3be42663c5b2a42492318b04e7a058d8708595
2,famous_le_10m,9,1.0,1.0,6,srnet,df8116b0d0e5c16ec00b5956ba3be42663c5b2a42492318b04e7a058d8708595
2,famous_le_10m,10,1.0,1.0,6,srnet,df8116b0d0e5c16ec00b5956ba3be42663c5b2a42492318b04e7a058d8708595
2,famous_le_10m,11,1.0,1.0,6,srnet,df8116b0d0e5c16ec00b5956ba3be42663c5b2a42492318b04e7a058d8708595
2,famous_le_10m,12,1.0,1.0,6,srnet,df8116b0d0e5c16ec00b5956ba3be42663c5b2a42492318b04e7a058d8708595
2,famous_le_10m,13,1.0,1.0,6,srnet,df8116b0d0e5c16ec00b5956ba3be42663c5b2a42492318b04e7a058d8708595
2,famous_le_10m,14,1.0,1.0,6,srnet,df8116b0d0e5c16ec00b5956ba3be42663c5b2a42492318b04e7a058d8708595
2,famous_le_10m,15,1.0,1.0,6,srnet,df8116b0d0e5c16ec00b5956ba3be42663c5b2a42492318b04e7a058d8708595
2,famous_le_10m,16,1.0,1.0,6,srnet,df8116b0d0e5c16ec00b5956ba3be42663c5b2a42492318b04e7a058d8708595
2,famous_le_10m,17,1.0,1.0,6,srnet,df8116b0d0e5c16ec00b5956ba3be42663c5b2a42492318b04e7a058d8708595
2,famous_le_10m,18,1.0,1.0,6,srnet,df8116b0d0e5c16ec00b5956ba3be42663c5b2a42492318b04e7a058d8708595
2,famous_le_10m,19,1.0,1.0,6,srnet,df8116b0d0e5c16ec00b5956ba3be42663c5b2a42492318b04e7a058d8708595
2,famous_le_10m,20,1.0,1.0,6,srnet,df8116b0d0e5c16ec00b5956ba3be42663c5b2a42492318b04e7a058d8708595
2,famous_le_10m,21,1.0,1.0,6,srnet,df8116b0d0e5c16ec00b5956ba3be42663c5b2a42492318b04e7a058d8708595
2,famous_le_10m,22,1.0,1.0,6,srnet,df8116b0d0e5c16ec00b5956ba3be42663c5b2a42492318b04e7a058d8708595
2,famous_le_10m,23,1.0,1.0,6,srnet,df8116b0d0e5c16ec00b5956ba3be42663c5b2a42492318b04e7a058d8708595
2,famous_le_100m,0,0.9285714285714286,0.9285714285714286,6,srnet,df8116b0d0e5c16ec00b5956ba3be42663c5b2a42492318b04e7a058d8708595
2,famous_le_100m,1,0.07142857142857142,0.07142857142857142,6,srnet,df8116b0d0e5c16ec00b5956ba3be42663c5b2a42492318b04e7a058d8708595
2,famous_le_100m,2,0.07142857142857142,0.07142857142857142,6,srnet,df8116b0d0e5c16ec00b5956ba3be42663c5b2a42492318b04e7a058d8708595
2,famous_le_100m,3,0.07142857142857142,0.07142857142857142,6,srnet,df8116b0d0e5c16ec00b5956ba3be42663c5b2a42492318b04e7a058d8708595
2,famous_le_100m,4,0.07142857142857142,0.07142857142857142,6,srnet,df8116b0d0e5c16ec00b5956ba3be42663c5b2a42492318b04e7a058d8708595
2,famous_le_100m,5,0.07142857142857142,0.07142857142857142,6,srnet,df8116b0d0e5c16ec00b5956ba3be42663c5b2a42492318b04e7a058d8708595
2,famous_le_100m,6,0.42857142857142855,0.42857142857142855,6,srnet,df8116b0d0e5c16ec00b5956ba3be42663c5b2a42492318b04e7a058d8708595
2,famous_le_100m,7,0.7857142857142857,0.7857142857142857,6,srnet,df8116b0d0e5c16ec00b5956ba3be42663c5b2a42492318b04e7a058d8708595
2,famous_le_100m,8,0.8571428571428571,0.8571428571428571,6,srnet,df8116b0d0e5c16ec00b5956ba3be42663c5b2a42492318b04e7a058d8708595
2,famous_le_100m,9,0.8571428571428571,0.8571428571428571,6,srnet,df8116b0d0e5c16ec00b5956ba3be42663c5b2a42492318b04e7a058d8708595
2,famous_le_100m,10,0.9285714285714286,0.9285714285714286,6,srnet,df8116b0d0e5c16ec00b5956ba3be42663c5b2a42492318b04e7a058d8708595
2,famous_le_100m,11,0.9285714285714286,0.9285714285714286,6,srnet,df8116b0d0e5c16ec00b5956ba3be42663c5b2a42492318b04e7a058d8708595
2,famous_le_100m,12,0.9285714285714286,0.9285714285714286,6,srnet,df8116b0d0e5c16ec00b5956ba3be42663c5b2a42492318b04e7a058d8708595
2,famous_le_100m,13,0.9285714285714286,0.9285714285714286,6,srnet,df8116b0d0e5c16ec00b5956ba3be42663c5b2a42492318b04e7a058d8708595
2,famous_le_100m,14,1.0,1.0,6,srnet,df8116b0d0e5c16ec00b5956ba3be42663c5b2a42492318b04e7a058d8708595
2,famous_le_100m,15,1.0,1.0,6,srnet,df8116b0d0e5c16ec00b5956ba3be42663c5b2a42492318b04e7a058d8708595
2,famous_le_100m,16,1.0,1.0,6,srnet,df8116b0d0e5c16ec00b5956ba3be42663c5b2a42492318b04e7a058d8708595
2,famous_le_100m,17,1.0,1.0,6,srnet,df8116b0d0e5c16ec00b5956ba3be42663c5b2a42492318b04e7a058d8708595
2,famous_le_100m,18,1.0,1.0,6,srnet,df8116b0d0e5c16ec00b5956ba3be42663c5b2a42492318b04e7a058d8708595
2,famous_le_100m,19,1.0,1.0,6,srnet,df8116b0d0e5c16ec00b5956ba3be42663c5b2a42492318b04e7a058d8708595
2,famous_le_100m,20,1.0,1.0,6,srnet,df8116b0d0e5c16ec00b5956ba3be42663c5b2a42492318b04e7a058d8708595
2,famous_le_100m,21,1.0,1.0,6,srnet,df8116b0d0e5c16ec00b5956ba3be42663c5b2a42492318b04e7a058d8708595
2,famous_le_100m,22,1.0,1.0,6,srnet,df8116b0d0e5c16ec00b5956ba3be42663c5b2a42492318b04e7a058d8708595
2,famous_le_100m,23,1.0,1.0,6,srnet,df8116b0d0e5c16ec00b5956ba3be42663c5b2a42492318b04e7a058d8708595
3,torch_pretrained_classification,0,0.925,0.925,6,srnet,f0bb5291fca23060bf1bdd9d803a3b4ccf2abfb60af4de671015e5288b1e031f
3,famous_le_10m,0,1.0,1.0,6,srnet,f0bb5291fca23060bf1bdd9d803a3b4ccf2abfb60af4de671015e5288b1e031f
3,famous_le_10m,1,0.0,0.0,6,srnet,f0bb5291fca23060bf1bdd9d803a3b4ccf2abfb60af4de671015e5288b1e031f
3,famous_le_10m,2,0.0,0.0,6,srnet,f0bb5291fca23060bf1bdd9d803a3b4ccf2abfb60af4de671015e5288b1e031f
3,famous_le_10m,3,0.0,0.0,6,srnet,f0bb5291fca23060bf1bdd9d803a3b4ccf2abfb60af4de671015e5288b1e031f
3,famous_le_10m,4,0.2,0.2,6,srnet,f0bb5291fca23060bf1bdd9d803a3b4ccf2abfb60af4de671015e5288b1e031f
3,famous_le_10m,5,0.4,0.4,6,srnet,f0bb5291fca23060bf1bdd9d803a3b4ccf2abfb60af4de671015e5288b1e031f
3,famous_le_10m,6,1.0,1.0,6,srnet,f0bb5291fca23060bf1bdd9d803a3b4ccf2abfb60af4de671015e5288b1e031f
3,famous_le_10m,7,1.0,1.0,6,srnet,f0bb5291fca23060bf1bdd9d803a3b4ccf2abfb60af4de671015e5288b1e031f
3,famous_le_10m,8,1.0,1.0,6,srnet,f0bb5291fca23060bf1bdd9d803a3b4ccf2abfb60af4de671015e5288b1e031f
3,famous_le_10m,9,1.0,1.0,6,srnet,f0bb5291fca23060bf1bdd9d803a3b4ccf2abfb60af4de671015e5288b1e031f
3,famous_le_10m,10,1.0,1.0,6,srnet,f0bb5291fca23060bf1bdd9d803a3b4ccf2abfb60af4de671015e5288b1e031f
3,famous_le_10m,11,1.0,1.0,6,srnet,f0bb5291fca23060bf1bdd9d803a3b4ccf2abfb60af4de671015e5288b1e031f
3,famous_le_10m,12,1.0,1.0,6,srnet,f0bb5291fca23060bf1bdd9d803a3b4ccf2abfb60af4de671015e5288b1e031f
3,famous_le_10m,13,1.0,1.0,6,srnet,f0bb5291fca23060bf1bdd9d803a3b4ccf2abfb60af4de671015e5288b1e031f
3,famous_le_10m,14,1.0,1.0,6,srnet,f0bb5291fca23060bf1bdd9d803a3b4ccf2abfb60af4de671015e5288b1e031f
3,famous_le_10m,15,1.0,1.0,6,srnet,f0bb5291fca23060bf1bdd9d803a3b4ccf2abfb60af4de671015e5288b1e031f
3,famous_le_10m,16,1.0,1.0,6,srnet,f0bb5291fca23060bf1bdd9d803a3b4ccf2abfb60af4de671015e5288b1e031f
3,famous_le_10m,17,1.0,1.0,6,srnet,f0bb5291fca23060bf1bdd9d803a3b4ccf2abfb60af4de671015e5288b1e031f
3,famous_le_10m,18,1.0,1.0,6,srnet,f0bb5291fca23060bf1bdd9d803a3b4ccf2abfb60af4de671015e5288b1e031f
3,famous_le_10m,19,1.0,1.0,6,srnet,f0bb5291fca23060bf1bdd9d803a3b4ccf2abfb60af4de671015e5288b1e031f
3,famous_le_10m,20,1.0,1.0,6,srnet,f0bb5291fca23060bf1bdd9d803a3b4ccf2abfb60af4de671015e5288b1e031f
3,famous_le_10m,21,1.0,1.0,6,srnet,f0bb5291fca23060bf1bdd9d803a3b4ccf2abfb60af4de671015e5288b1e031f
3,famous_le_10m,22,1.0,1.0,6,srnet,f0bb5291fca23060bf1bdd9d803a3b4ccf2abfb60af4de671015e5288b1e031f
3,famous_le_10m,23,1.0,1.0,6,srnet,f0bb5291fca23060bf1bdd9d803a3b4ccf2abfb60af4de671015e5288b1e031f
3,famous_le_100m,0,0.9285714285714286,0.9285714285714286,6,srnet,f0bb5291fca23060bf1bdd9d803a3b4ccf2abfb60af4de671015e5288b1e031f
3,famous_le_100m,1,0.07142857142857142,0.07142857142857142,6,srnet,f0bb5291fca23060bf1bdd9d803a3b4ccf2abfb60af4de671015e5288b1e031f
3,famous_le_100m,2,0.07142857142857142,0.07142857142857142,6,srnet,f0bb5291fca23060bf1bdd9d803a3b4ccf2abfb60af4de671015e5288b1e031f
3,famous_le_100m,3,0.07142857142857142,0.07142857142857142,6,srnet,f0bb5291fca23060bf1bdd9d803a3b4ccf2abfb60af4de671015e5288b1e031f
3,famous_le_100m,4,0.07142857142857142,0.07142857142857142,6,srnet,f0bb5291fca23060bf1bdd9d803a3b4ccf2abfb60af4de671015e5288b1e031f
3,famous_le_100m,5,0.14285714285714285,0.14285714285714285,6,srnet,f0bb5291fca23060bf1bdd9d803a3b4ccf2abfb60af4de671015e5288b1e031f
3,famous_le_100m,6,0.42857142857142855,0.42857142857142855,6,srnet,f0bb5291fca23060bf1bdd9d803a3b4ccf2abfb60af4de671015e5288b1e031f
3,famous_le_100m,7,0.8571428571428571,0.8571428571428571,6,srnet,f0bb5291fca23060bf1bdd9d803a3b4ccf2abfb60af4de671015e5288b1e031f
3,famous_le_100m,8,0.8571428571428571,0.8571428571428571,6,srnet,f0bb5291fca23060bf1bdd9d803a3b4ccf2abfb60af4de671015e5288b1e031f
3,famous_le_100m,9,0.8571428571428571,0.8571428571428571,6,srnet,f0bb5291fca23060bf1bdd9d803a3b4ccf2abfb60af4de671015e5288b1e031f
3,famous_le_100m,10,0.9285714285714286,0.9285714285714286,6,srnet,f0bb5291fca23060bf1bdd9d803a3b4ccf2abfb60af4de671015e5288b1e031f
3,famous_le_100m,11,0.9285714285714286,0.9285714285714286,6,srnet,f0bb5291fca23060bf1bdd9d803a3b4ccf2abfb60af4de671015e5288b1e031f
3,famous_le_100m,12,0.9285714285714286,0.9285714285714286,6,srnet,f0bb5291fca23060bf1bdd9d803a3b4ccf2abfb60af4de671015e5288b1e031f
3,famous_le_100m,13,0.9285714285714286,0.9285714285714286,6,srnet,f0bb5291fca23060bf1bdd9d803a3b4ccf2abfb60af4de671015e5288b1e031f
3,famous_le_100m,14,1.0,1.0,6,srnet,f0bb5291fca23060bf1bdd9d803a3b4ccf2abfb60af4de671015e5288b1e031f
3,famous_le_100m,15,1.0,1.0,6,srnet,f0bb5291fca23060bf1bdd9d803a3b4ccf2abfb60af4de671015e5288b1e031f
3,famous_le_100m,16,1.0,1.0,6,srnet,f0bb5291fca23060bf1bdd9d803a3b4ccf2abfb60af4de671015e5288b1e031f
3,famous_le_100m,17,1.0,1.0,6,srnet,f0bb5291fca23060bf1bdd9d803a3b4ccf2abfb60af4de671015e5288b1e031f
3,famous_le_100m,18,1.0,1.0,6,srnet,f0bb5291fca23060bf1bdd9d803a3b4ccf2abfb60af4de671015e5288b1e031f
3,famous_le_100m,19,1.0,1.0,6,srnet,f0bb5291fca23060bf1bdd9d803a3b4ccf2abfb60af4de671015e5288b1e031f
3,famous_le_100m,20,1.0,1.0,6,srnet,f0bb5291fca23060bf1bdd9d803a3b4ccf2abfb60af4de671015e5288b1e031f
3,famous_le_100m,21,1.0,1.0,6,srnet,f0bb5291fca23060bf1bdd9d803a3b4ccf2abfb60af4de671015e5288b1e031f
3,famous_le_100m,22,1.0,1.0,6,srnet,f0bb5291fca23060bf1bdd9d803a3b4ccf2abfb60af4de671015e5288b1e031f
3,famous_le_100m,23,1.0,1.0,6,srnet,f0bb5291fca23060bf1bdd9d803a3b4ccf2abfb60af4de671015e5288b1e031f
4,torch_pretrained_classification,0,0.9375,0.9375,6,srnet,5385d590c554de0391a30e9db3232439c886bbadd1f95496382181f2b029b6e4
4,famous_le_10m,0,1.0,1.0,6,srnet,5385d590c554de0391a30e9db3232439c886bbadd1f95496382181f2b029b6e4
4,famous_le_10m,1,0.0,0.0,6,srnet,5385d590c554de0391a30e9db3232439c886bbadd1f95496382181f2b029b6e4
4,famous_le_10m,2,0.0,0.0,6,srnet,5385d590c554de0391a30e9db3232439c886bbadd1f95496382181f2b029b6e4
4,famous_le_10m,3,0.0,0.0,6,srnet,5385d590c554de0391a30e9db3232439c886bbadd1f95496382181f2b029b6e4
4,famous_le_10m,4,0.2,0.2,6,srnet,5385d590c554de0391a30e9db3232439c886bbadd1f95496382181f2b029b6e4
4,famous_le_10m,5,0.4,0.4,6,srnet,5385d590c554de0391a30e9db3232439c886bbadd1f95496382181f2b029b6e4
4,famous_le_10m,6,1.0,1.0,6,srnet,5385d590c554de0391a30e9db3232439c886bbadd1f95496382181f2b029b6e4
4,famous_le_10m,7,1.0,1.0,6,srnet,5385d590c554de0391a30e9db3232439c886bbadd1f95496382181f2b029b6e4
4,famous_le_10m,8,1.0,1.0,6,srnet,5385d590c554de0391a30e9db3232439c886bbadd1f95496382181f2b029b6e4
4,famous_le_10m,9,1.0,1.0,6,srnet,5385d590c554de0391a30e9db3232439c886bbadd1f95496382181f2b029b6e4
4,famous_le_10m,10,1.0,1.0,6,srnet,5385d590c554de0391a30e9db3232439c886bbadd1f95496382181f2b029b6e4
4,famous_le_10m,11,1.0,1.0,6,srnet,5385d590c554de0391a30e9db3232439c886bbadd1f95496382181f2b029b6e4
4,famous_le_10m,12,1.0,1.0,6,srnet,5385d590c554de0391a30e9db3232439c886bbadd1f95496382181f2b029b6e4
4,famous_le_10m,13,1.0,1.0,6,srnet,5385d590c554de0391a30e9db3232439c886bbadd1f95496382181f2b029b6e4
4,famous_le_10m,14,1.0,1.0,6,srnet,5385d590c554de0391a30e9db3232439c886bbadd1f95496382181f2b029b6e4
4,famous_le_10m,15,1.0,1.0,6,srnet,5385d590c554de0391a30e9db3232439c886bbadd1f95496382181f2b029b6e4
4,famous_le_10m,16,1.0,1.0,6,srnet,5385d590c554de0391a30e9db3232439c886bbadd1f95496382181f2b029b6e4
4,famous_le_10m,17,1.0,1.0,6,srnet,5385d590c554de0391a30e9db3232439c886bbadd1f95496382181f2b029b6e4
4,famous_le_10m,18,1.0,1.0,6,srnet,5385d590c554de0391a30e9db3232439c886bbadd1f95496382181f2b029b6e4
4,famous_le_10m,19,1.0,1.0,6,srnet,5385d590c554de0391a30e9db3232439c886bbadd1f95496382181f2b029b6e4
4,famous_le_10m,20,1.0,1.0,6,srnet,5385d590c554de0391a30e9db3232439c886bbadd1f95496382181f2b029b6e4
4,famous_le_10m,21,1.0,1.0,6,srnet,5385d590c554de0391a30e9db3232439c886bbadd1f95496382181f2b029b6e4
4,famous_le_10m,22,1.0,1.0,6,srnet,5385d590c554de0391a30e9db3232439c886bbadd1f95496382181f2b029b6e4
4,famous_le_10m,23,1.0,1.0,6,srnet,5385d590c554de0391a30e9db3232439c886bbadd1f95496382181f2b029b6e4
4,famous_le_100m,0,0.9285714285714286,0.9285714285714286,6,srnet,5385d590c554de0391a30e9db3232439c886bbadd1f95496382181f2b029b6e4
4,famous_le_100m,1,0.07142857142857142,0.07142857142857142,6,srnet,5385d590c554de0391a30e9db3232439c886bbadd1f95496382181f2b029b6e4
4,famous_le_100m,2,0.07142857142857142,0.07142857142857142,6,srnet,5385d590c554de0391a30e9db3232439c886bbadd1f95496382181f2b029b6e4
4,famous_le_100m,3,0.07142857142857142,0.07142857142857142,6,srnet,5385d590c554de0391a30e9db3232439c886bbadd1f95496382181f2b029b6e4
4,famous_le_100m,4,0.07142857142857142,0.07142857142857142,6,srnet,5385d590c554de0391a30e9db3232439c886bbadd1f95496382181f2b029b6e4
4,famous_le_100m,5,0.14285714285714285,0.14285714285714285,6,srnet,5385d590c554de0391a30e9db3232439c886bbadd1f95496382181f2b029b6e4
4,famous_le_100m,6,0.42857142857142855,0.42857142857142855,6,srnet,5385d590c554de0391a30e9db3232439c886bbadd1f95496382181f2b029b6e4
4,famous_le_100m,7,0.7857142857142857,0.7857142857142857,6,srnet,5385d590c554de0391a30e9db3232439c886bbadd1f95496382181f2b029b6e4
4,famous_le_100m,8,0.8571428571428571,0.8571428571428571,6,srnet,5385d590c554de0391a30e9db3232439c886bbadd1f95496382181f2b029b6e4
4,famous_le_100m,9,0.8571428571428571,0.8571428571428571,6,srnet,5385d590c554de0391a30e9db3232439c886bbadd1f95496382181f2b029b6e4
4,famous_le_100m,10,0.9285714285714286,0.9285714285714286,6,srnet,5385d590c554de0391a30e9db3232439c886bbadd1f95496382181f2b029b6e4
4,famous_le_100m,11,0.9285714285714286,0.9285714285714286,6,srnet,5385d590c554de0391a30e9db3232439c886bbadd1f95496382181f2b029b6e4
4,famous_le_100m,12,0.9285714285714286,0.9285714285714286,6,srnet,5385d590c554de0391a30e9db3232439c886bbadd1f95496382181f2b029b6e4
4,famous_le_100m,13,0.9285714285714286,0.9285714285714286,6,srnet,5385d590c554de0391a30e9db3232439c886bbadd1f95496382181f2b029b6e4
4,famous_le_100m,14,1.0,1.0,6,srnet,5385d590c554de0391a30e9db3232439c886bbadd1f95496382181f2b029b6e4
4,famous_le_100m,15,1.0,1.0,6,srnet,5385d590c554de0391a30e9db3232439c886bbadd1f95496382181f2b029b6e4
4,famous_le_100m,16,1.0,1.0,6,srnet,5385d590c554de0391a30e9db3232439c886bbadd1f95496382181f2b029b6e4
4,famous_le_100m,17,1.0,1.0,6,srnet,5385d590c554de0391a30e9db3232439c886bbadd1f95496382181f2b029b6e4
4,famous_le_100m,18,1.0,1.0,6,srnet,5385d590c554de0391a30e9db3232439c886bbadd1f95496382181f2b029b6e4
4,famous_le_100m,19,1.0,1.0,6,srnet,5385d590c554de0391a30e9db3232439c886bbadd1f95496382181f2b029b6e4
4,famous_le_100m,20,1.0,1.0,6,srnet,5385d590c554de0391a30e9db3232439c886bbadd1f95496382181f2b029b6e4
4,famous_le_100m,21,1.0,1.0,6,srnet,5385d590c554de0391a30e9db3232439c886bbadd1f95496382181f2b029b6e4
4,famous_le_100m,22,1.0,1.0,6,srnet,5385d590c554de0391a30e9db3232439c886bbadd1f95496382181f2b029b6e4
4,famous_le_100m,23,1.0,1.0,6,srnet,5385d590c554de0391a30e9db3232439c886bbadd1f95496382181f2b029b6e4
0,torch_pretrained_classification,0,0.925,0.925,7,srnet,e5ffd80aa71291dc72142d0305e10828180d9fc670e218d64bba716e94b581ac
0,famous_le_10m,0,1.0,1.0,7,srnet,e5ffd80aa71291dc72142d0305e10828180d9fc670e218d64bba716e94b581ac
0,famous_le_10m,1,0.0,0.0,7,srnet,e5ffd80aa71291dc72142d0305e10828180d9fc670e218d64bba716e94b581ac
0,famous_le_10m,2,0.0,0.0,7,srnet,e5ffd80aa71291dc72142d0305e10828180d9fc670e218d64bba716e94b581ac
0,famous_le_10m,3,0.0,0.0,7,srnet,e5ffd80aa71291dc72142d0305e10828180d9fc670e218d64bba716e94b581ac
0,famous_le_10m,4,0.0,0.0,7,srnet,e5ffd80aa71291dc72142d0305e10828180d9fc670e218d64bba716e94b581ac
0,famous_le_10m,5,0.2,0.2,7,srnet,e5ffd80aa71291dc72142d0305e10828180d9fc670e218d64bba716e94b581ac
0,famous_le_10m,6,0.4,0.4,7,srnet,e5ffd80aa71291dc72142d0305e10828180d9fc670e218d64bba716e94b581ac
0,famous_le_10m,7,1.0,1.0,7,srnet,e5ffd80aa71291dc72142d0305e10828180d9fc670e218d64bba716e94b581ac
0,famous_le_10m,8,1.0,1.0,7,srnet,e5ffd80aa71291dc72142d0305e10828180d9fc670e218d64bba716e94b581ac
0,famous_le_10m,9,1.0,1.0,7,srnet,e5ffd80aa71291dc72142d0305e10828180d9fc670e218d64bba716e94b581ac
0,famous_le_10m,10,1.0,1.0,7,srnet,e5ffd80aa71291dc72142d0305e10828180d9fc670e218d64bba716e94b581ac
0,famous_le_10m,11,1.0,1.0,7,srnet,e5ffd80aa71291dc72142d0305e10828180d9fc670e218d64bba716e94b581ac
0,famous_le_10m,12,1.0,1.0,7,srnet,e5ffd80aa71291dc72142d0305e10828180d9fc670e218d64bba716e94b581ac
0,famous_le_10m,13,1.0,1.0,7,srnet,e5ffd80aa71291dc72142d0305e10828180d9fc670e218d64bba716e94b581ac
0,famous_le_10m,14,1.0,1.0,7,srnet,e5ffd80aa71291dc72142d0305e10828180d9fc670e218d64bba716e94b581ac
0,famous_le_10m,15,1.0,1.0,7,srnet,e5ffd80aa71291dc72142d0305e10828180d9fc670e218d64bba716e94b581ac
0,famous_le_10m,16,1.0,1.0,7,srnet,e5ffd80aa71291dc72142d0305e10828180d9fc670e218d64bba716e94b581ac
0,famous_le_10m,17,1.0,1.0,7,srnet,e5ffd80aa71291dc72142d0305e10828180d9fc670e218d64bba716e94b581ac
0,famous_le_10m,18,1.0,1.0,7,srnet,e5ffd80aa71291dc72142d0305e10828180d9fc670e218d64bba716e94b581ac
0,famous_le_10m,19,1.0,1.0,7,srnet,e5ffd80aa71291dc72142d0305e10828180d9fc670e218d64bba716e94b581ac
0,famous_le_10m,20,1.0,1.0,7,srnet,e5ffd80aa71291dc72142d0305e10828180d9fc670e218d64bba716e94b581ac
0,famous_le_10m,21,1.0,1.0,7,srnet,e5ffd80aa71291dc72142d0305e10828180d9fc670e218d64bba716e94b581ac
0,famous_le_10m,22,1.0,1.0,7,srnet,e5ffd80aa71291dc72142d0305e10828180d9fc670e218d64bba716e94b581ac
0,famous_le_10m,23,1.0,1.0,7,srnet,e5ffd80aa71291dc72142d0305e10828180d9fc670e218d64bba716e94b581ac
0,famous_le_100m,0,0.9285714285714286,0.9285714285714286,7,srnet,e5ffd80aa71291dc72142d0305e10828180d9fc670e218d64bba716e94b581ac
0,famous_le_100m,1,0.07142857142857142,0.07142857142857142,7,srnet,e5ffd80aa71291dc72142d0305e10828180d9fc670e218d64bba716e94b581ac
0,famous_le_100m,2,0.07142857142857142,0.07142857142857142,7,srnet,e5ffd80aa71291dc72142d0305e10828180d9fc670e218d64bba716e94b581ac
0,famous_le_100m,3,0.07142857142857142,0.07142857142857142,7,srnet,e5ffd80aa71291dc72142d0305e10828180d9fc670e218d64bba716e94b581ac
0,famous_le_100m,4,0.07142857142857142,0.07142857142857142,7,srnet,e5ffd80aa71291dc72142d0305e10828180d9fc670e218d64bba716e94b581ac
0,famous_le_100m,5,0.07142857142857142,0.07142857142857142,7,srnet,e5ffd80aa71291dc72142d0305e10828180d9fc670e218d64bba716e94b581ac
0,famous_le_100m,6,0.42857142857142855,0.35714285714285715,7,srnet,e5ffd80aa71291dc72142d0305e10828180d9fc670e218d64bba716e94b581ac
0,famous_le_100m,7,0.6428571428571429,0.6428571428571429,7,srnet,e5ffd80aa71291dc72142d0305e10828180d9fc670e218d64bba716e94b581ac
0,famous_le_100m,8,0.8571428571428571,0.8571428571428571,7,srnet,e5ffd80aa71291dc72142d0305e10828180d9fc670e218d64bba716e94b581ac
0,famous_le_100m,9,0.8571428571428571,0.8571428571428571,7,srnet,e5ffd80aa71291dc72142d0305e10828180d9fc670e218d64bba716e94b581ac
0,famous_le_100m,10,0.9285714285714286,0.9285714285714286,7,srnet,e5ffd80aa71291dc72142d0305e10828180d9fc670e218d64bba716e94b581ac
0,famous_le_100m,11,0.9285714285714286,0.9285714285714286,7,srnet,e5ffd80aa71291dc72142d0305e10828180d9fc670e218d64bba716e94b581ac
0,famous_le_100m,12,0.9285714285714286,0.9285714285714286,7,srnet,e5ffd80aa71291dc72142d0305e10828180d9fc670e218d64bba716e94b581ac
0,famous_le_100m,13,0.9285714285714286,0.9285714285714286,7,srnet,e5ffd80aa71291dc72142d0305e10828180d9fc670e218d64bba716e94b581ac
0,famous_le_100m,14,1.0,1.0,7,srnet,e5ffd80aa71291dc72142d0305e10828180d9fc670e218d64bba716e94b581ac
0,famous_le_100m,15,1.0,1.0,7,srnet,e5ffd80aa71291dc72142d0305e10828180d9fc670e218d64bba716e94b581ac
0,famous_le_100m,16,1.0,1.0,7,srnet,e5ffd80aa71291dc72142d0305e10828180d9fc670e218d64bba716e94b581ac
0,famous_le_100m,17,1.0,1.0,7,srnet,e5ffd80aa71291dc72142d0305e10828180d9fc670e218d64bba716e94b581ac
0,famous_le_100m,18,1.0,1.0,7,srnet,e5ffd80aa71291dc72142d0305e10828180d9fc670e218d64bba716e94b581ac
0,famous_le_100m,19,1.0,1.0,7,srnet,e5ffd80aa71291dc72142d0305e10828180d9fc670e218d64bba716e94b581ac
0,famous_le_100m,20,1.0,1.0,7,srnet,e5ffd80aa71291dc72142d0305e10828180d9fc670e218d64bba716e94b581ac
0,famous_le_100m,21,1.0,1.0,7,srnet,e5ffd80aa71291dc72142d0305e10828180d9fc670e218d64bba716e94b581ac
0,famous_le_100m,22,1.0,1.0,7,srnet,e5ffd80aa71291dc72142d0305e10828180d9fc670e218d64bba716e94b581ac
0,famous_le_100m,23,1.0,1.0,7,srnet,e5ffd80aa71291dc72142d0305e10828180d9fc670e218d64bba716e94b581ac
1,torch_pretrained_classification,0,0.95,0.95,7,srnet,2b0949a6d5a6e845e70b27fa1484ea6017c31d2ce1414b97468c20d9d8b45475
1,famous_le_10m,0,1.0,1.0,7,srnet,2b0949a6d5a6e845e70b27fa1484ea6017c31d2ce1414b97468c20d9d8b45475
1,famous_le_10m,1,0.0,0.0,7,srnet,2b0949a6d5a6e845e70b27fa1484ea6017c31d2ce1414b97468c20d9d8b45475
1,famous_le_10m,2,0.0,0.0,7,srnet,2b0949a6d5a6e845e70b27fa1484ea6017c31d2ce1414b97468c20d9d8b45475
1,famous_le_10m,3,0.0,0.0,7,srnet,2b0949a6d5a6e845e70b27fa1484ea6017c31d2ce1414b97468c20d9d8b45475
1,famous_le_10m,4,0.0,0.0,7,srnet,2b0949a6d5a6e845e70b27fa1484ea6017c31d2ce1414b97468c20d9d8b45475
1,famous_le_10m,5,0.2,0.2,7,srnet,2b0949a6d5a6e845e70b27fa1484ea6017c31d2ce1414b97468c20d9d8b45475
1,famous_le_10m,6,0.4,0.4,7,srnet,2b0949a6d5a6e845e70b27fa1484ea6017c31d2ce1414b97468c20d9d8b45475
1,famous_le_10m,7,1.0,1.0,7,srnet,2b0949a6d5a6e845e70b27fa1484ea6017c31d2ce1414b97468c20d9d8b45475
1,famous_le_10m,8,1.0,1.0,7,srnet,2b0949a6d5a6e845e70b27fa1484ea6017c31d2ce1414b97468c20d9d8b45475
1,famous_le_10m,9,1.0,1.0,7,srnet,2b0949a6d5a6e845e70b27fa1484ea6017c31d2ce1414b97468c20d9d8b45475
1,famous_le_10m,10,1.0,1.0,7,srnet,2b0949a6d5a6e845e70b27fa1484ea6017c31d2ce1414b97468c20d9d8b45475
1,famous_le_10m,11,1.0,1.0,7,srnet,2b0949a6d5a6e845e70b27fa1484ea6017c31d2ce1414b97468c20d9d8b45475
1,famous_le_10m,12,1.0,1.0,7,srnet,2b0949a6d5a6e845e70b27fa1484ea6017c31d2ce1414b97468c20d9d8b45475
1,famous_le_10m,13,1.0,1.0,7,srnet,2b0949a6d5a6e845e70b27fa1484ea6017c31d2ce1414b97468c20d9d8b45475
1,famous_le_10m,14,1.0,1.0,7,srnet,2b0949a6d5a6e845e70b27fa1484ea6017c31d2ce1414b97468c20d9d8b45475
1,famous_le_10m,15,1.0,1.0,7,srnet,2b0949a6d5a6e845e70b27fa1484ea6017c31d2ce1414b97468c20d9d8b45475
1,famous_le_10m,16,1.0,1.0,7,srnet,2b0949a6d5a6e845e70b27fa1484ea6017c31d2ce1414b97468c20d9d8b45475
1,famous_le_10m,17,1.0,1.0,7,srnet,2b0949a6d5a6e845e70b27fa1484ea6017c31d2ce1414b97468c20d9d8b45475
1,famous_le_10m,18,1.0,1.0,7,srnet,2b0949a6d5a6e845e70b27fa1484ea6017c31d2ce1414b97468c20d9d8b45475
1,famous_le_10m,19,1.0,1.0,7,srnet,2b0949a6d5a6e845e70b27fa1484ea6017c31d2ce1414b97468c20d9d8b45475
1,famous_le_10m,20,1.0,1.0,7,srnet,2b0949a6d5a6e845e70b27fa1484ea6017c31d2ce1414b97468c20d9d8b45475
1,famous_le_10m,21,1.0,1.0,7,srnet,2b0949a6d5a6e845e70b27fa1484ea6017c31d2ce1414b97468c20d9d8b45475
1,famous_le_10m,22,1.0,1.0,7,srnet,2b0949a6d5a6e845e70b27fa1484ea6017c31d2ce1414b97468c20d9d8b45475
1,famous_le_10m,23,1.0,1.0,7,srnet,2b0949a6d5a6e845e70b27fa1484ea6017c31d2ce1414b97468c20d9d8b45475
1,famous_le_100m,0,0.9285714285714286,0.9285714285714286,7,srnet,2b0949a6d5a6e845e70b27fa1484ea6017c31d2ce1414b97468c20d9d8b45475
1,famous_le_100m,1,0.07142857142857142,0.07142857142857142,7,srnet,2b0949a6d5a6e845e70b27fa1484ea6017c31d2ce1414b97468c20d9d8b45475
1,famous_le_100m,2,0.07142857142857142,0.07142857142857142,7,srnet,2b0949a6d5a6e845e70b27fa1484ea6017c31d2ce1414b97468c20d9d8b45475
1,famous_le_100m,3,0.07142857142857142,0.07142857142857142,7,srnet,2b0949a6d5a6e845e70b27fa1484ea6017c31d2ce1414b97468c20d9d8b45475
1,famous_le_100m,4,0.07142857142857142,0.07142857142857142,7,srnet,2b0949a6d5a6e845e70b27fa1484ea6017c31d2ce1414b97468c20d9d8b45475
1,famous_le_100m,5,0.07142857142857142,0.07142857142857142,7,srnet,2b0949a6d5a6e845e70b27fa1484ea6017c31d2ce1414b97468c20d9d8b45475
1,famous_le_100m,6,0.42857142857142855,0.42857142857142855,7,srnet,2b0949a6d5a6e845e70b27fa1484ea6017c31d2ce1414b97468c20d9d8b45475
1,famous_le_100m,7,0.6428571428571429,0.6428571428571429,7,srnet,2b0949a6d5a6e845e70b27fa1484ea6017c31d2ce1414b97468c20d9d8b45475
1,famous_le_100m,8,0.8571428571428571,0.8571428571428571,7,srnet,2b0949a6d5a6e845e70b27fa1484ea6017c31d2ce1414b97468c20d9d8b45475
1,famous_le_100m,9,0.8571428571428571,0.8571428571428571,7,srnet,2b0949a6d5a6e845e70b27fa1484ea6017c31d2ce1414b97468c20d9d8b45475
1,famous_le_100m,10,0.9285714285714286,0.9285714285714286,7,srnet,2b0949a6d5a6e845e70b27fa1484ea6017c31d2ce1414b97468c20d9d8b45475
1,famous_le_100m,11,0.9285714285714286,0.9285714285714286,7,srnet,2b0949a6d5a6e845e70b27fa1484ea6017c31d2ce1414b97468c20d9d8b45475
1,famous_le_100m,12,0.9285714285714286,0.9285714285714286,7,srnet,2b0949a6d5a6e845e70b27fa1484ea6017c31d2ce1414b97468c20d9d8b45475
1,famous_le_100m,13,0.9285714285714286,0.9285714285714286,7,srnet,2b0949a6d5a6e845e70b27fa1484ea6017c31d2ce1414b97468c20d9d8b45475
1,famous_le_100m,14,1.0,1.0,7,srnet,2b0949a6d5a6e845e70b27fa1484ea6017c31d2ce1414b97468c20d9d8b45475
1,famous_le_100m,15,1.0,1.0,7,srnet,2b0949a6d5a6e845e70b27fa1484ea6017c31d2ce1414b97468c20d9d8b45475
1,famous_le_100m,16,1.0,1.0,7,srnet,2b0949a6d5a6e845e70b27fa1484ea6017c31d2ce1414b97468c20d9d8b45475
1,famous_le_100m,17,1.0,1.0,7,srnet,2b0949a6d5a6e845e70b27fa1484ea6017c31d2ce1414b97468c20d9d8b45475
1,famous_le_100m,18,1.0,1.0,7,srnet,2b0949a6d5a6e845e70b27fa1484ea6017c31d2ce1414b97468c20d9d8b45475
1,famous_le_100m,19,1.0,1.0,7,srnet,2b0949a6d5a6e845e70b27fa1484ea6017c31d2ce1414b97468c20d9d8b45475
1,famous_le_100m,20,1.0,1.0,7,srnet,2b0949a6d5a6e845e70b27fa1484ea6017c31d2ce1414b97468c20d9d8b45475
1,famous_le_100m,21,1.0,1.0,7,srnet,2b0949a6d5a6e845e70b27fa1484ea6017c31d2ce1414b97468c20d9d8b45475
1,famous_le_100m,22,1.0,1.0,7,srnet,2b0949a6d5a6e845e70b27fa1484ea6017c31d2ce1414b97468c20d9d8b45475
1,famous_le_100m,23,1.0,1.0,7,srnet,2b0949a6d5a6e845e70b27fa1484ea6017c31d2ce1414b97468c20d9d8b45475
2,torch_pretrained_classification,0,0.95,0.95,7,srnet,012bc191b36dae6cc3d3072621731da0860bc010b92266066aadec272fa049ba
2,famous_le_10m,0,1.0,1.0,7,srnet,012bc191b36dae6cc3d3072621731da0860bc010b92266066aadec272fa049ba
2,famous_le_10m,1,0.0,0.0,7,srnet,012bc191b36dae6cc3d3072621731da0860bc010b92266066aadec272fa049ba
2,famous_le_10m,2,0.0,0.0,7,srnet,012bc191b36dae6cc3d3072621731da0860bc010b92266066aadec272fa049ba
2,famous_le_10m,3,0.0,0.0,7,srnet,012bc191b36dae6cc3d3072621731da0860bc010b92266066aadec272fa049ba
2,famous_le_10m,4,0.0,0.0,7,srnet,012bc191b36dae6cc3d3072621731da0860bc010b92266066aadec272fa049ba
2,famous_le_10m,5,0.2,0.0,7,srnet,012bc191b36dae6cc3d3072621731da0860bc010b92266066aadec272fa049ba
2,famous_le_10m,6,0.4,0.4,7,srnet,012bc191b36dae6cc3d3072621731da0860bc010b92266066aadec272fa049ba
2,famous_le_10m,7,1.0,1.0,7,srnet,012bc191b36dae6cc3d3072621731da0860bc010b92266066aadec272fa049ba
2,famous_le_10m,8,1.0,1.0,7,srnet,012bc191b36dae6cc3d3072621731da0860bc010b92266066aadec272fa049ba
2,famous_le_10m,9,1.0,1.0,7,srnet,012bc191b36dae6cc3d3072621731da0860bc010b92266066aadec272fa049ba
2,famous_le_10m,10,1.0,1.0,7,srnet,012bc191b36dae6cc3d3072621731da0860bc010b92266066aadec272fa049ba
2,famous_le_10m,11,1.0,1.0,7,srnet,012bc191b36dae6cc3d3072621731da0860bc010b92266066aadec272fa049ba
2,famous_le_10m,12,1.0,1.0,7,srnet,012bc191b36dae6cc3d3072621731da0860bc010b92266066aadec272fa049ba
2,famous_le_10m,13,1.0,1.0,7,srnet,012bc191b36dae6cc3d3072621731da0860bc010b92266066aadec272fa049ba
2,famous_le_10m,14,1.0,1.0,7,srnet,012bc191b36dae6cc3d3072621731da0860bc010b92266066aadec272fa049ba
2,famous_le_10m,15,1.0,1.0,7,srnet,012bc191b36dae6cc3d3072621731da0860bc010b92266066aadec272fa049ba
2,famous_le_10m,16,1.0,1.0,7,srnet,012bc191b36dae6cc3d3072621731da0860bc010b92266066aadec272fa049ba
2,famous_le_10m,17,1.0,1.0,7,srnet,012bc191b36dae6cc3d3072621731da0860bc010b92266066aadec272fa049ba
2,famous_le_10m,18,1.0,1.0,7,srnet,012bc191b36dae6cc3d3072621731da0860bc010b92266066aadec272fa049ba
2,famous_le_10m,19,1.0,1.0,7,srnet,012bc191b36dae6cc3d3072621731da0860bc010b92266066aadec272fa049ba
2,famous_le_10m,20,1.0,1.0,7,srnet,012bc191b36dae6cc3d3072621731da0860bc010b92266066aadec272fa049ba
2,famous_le_10m,21,1.0,1.0,7,srnet,012bc191b36dae6cc3d3072621731da0860bc010b92266066aadec272fa049ba
2,famous_le_10m,22,1.0,1.0,7,srnet,012bc191b36dae6cc3d3072621731da0860bc010b92266066aadec272fa049ba
2,famous_le_10m,23,1.0,1.0,7,srnet,012bc191b36dae6cc3d3072621731da0860bc010b92266066aadec272fa049ba
2,famous_le_100m,0,0.9285714285714286,0.9285714285714286,7,srnet,012bc191b36dae6cc3d3072621731da0860bc010b92266066aadec272fa049ba
2,famous_le_100m,1,0.07142857142857142,0.07142857142857142,7,srnet,012bc191b36dae6cc3d3072621731da0860bc010b92266066aadec272fa049ba
2,famous_le_100m,2,0.07142857142857142,0.07142857142857142,7,srnet,012bc191b36dae6cc3d3072621731da0860bc010b92266066aadec272fa049ba
2,famous_le_100m,3,0.07142857142857142,0.07142857142857142,7,srnet,012bc191b36dae6cc3d3072621731da0860bc010b92266066aadec272fa049ba
2,famous_le_100m,4,0.07142857142857142,0.07142857142857142,7,srnet,012bc191b36dae6cc3d3072621731da0860bc010b92266066aadec272fa049ba
2,famous_le_100m,5,0.07142857142857142,0.07142857142857142,7,srnet,012bc191b36dae6cc3d3072621731da0860bc010b92266066aadec272fa049ba
2,famous_le_100m,6,0.42857142857142855,0.42857142857142855,7,srnet,012bc191b36dae6cc3d3072621731da0860bc010b92266066aadec272fa049ba
2,famous_le_100m,7,0.7142857142857143,0.7142857142857143,7,srnet,012bc191b36dae6cc3d3072621731da0860bc010b92266066aadec272fa049ba
2,famous_le_100m,8,0.8571428571428571,0.8571428571428571,7,srnet,012bc191b36dae6cc3d3072621731da0860bc010b92266066aadec272fa049ba
2,famous_le_100m,9,0.8571428571428571,0.8571428571428571,7,srnet,012bc191b36dae6cc3d3072621731da0860bc010b92266066aadec272fa049ba
2,famous_le_100m,10,0.9285714285714286,0.9285714285714286,7,srnet,012bc191b36dae6cc3d3072621731da0860bc010b92266066aadec272fa049ba
2,famous_le_100m,11,0.9285714285714286,0.9285714285714286,7,srnet,012bc191b36dae6cc3d3072621731da0860bc010b92266066aadec272fa049ba
2,famous_le_100m,12,0.9285714285714286,0.9285714285714286,7,srnet,012bc191b36dae6cc3d3072621731da0860bc010b92266066aadec272fa049ba
2,famous_le_100m,13,0.9285714285714286,0.9285714285714286,7,srnet,012bc191b36dae6cc3d3072621731da0860bc010b92266066aadec272fa049ba
2,famous_le_100m,14,1.0,1.0,7,srnet,012bc191b36dae6cc3d3072621731da0860bc010b92266066aadec272fa049ba
2,famous_le_100m,15,1.0,1.0,7,srnet,012bc191b36dae6cc3d3072621731da0860bc010b92266066aadec272fa049ba
2,famous_le_100m,16,1.0,1.0,7,srnet,012bc191b36dae6cc3d3072621731da0860bc010b92266066aadec272fa049ba
2,famous_le_100m,17,1.0,1.0,7,srnet,012bc191b36dae6cc3d3072621731da0860bc010b92266066aadec272fa049ba
2,famous_le_100m,18,1.0,1.0,7,srnet,012bc191b36dae6cc3d3072621731da0860bc010b92266066aadec272fa049ba
2,famous_le_100m,19,1.0,1.0,7,srnet,012bc191b36dae6cc3d3072621731da0860bc010b92266066aadec272fa049ba
2,famous_le_100m,20,1.0,1.0,7,srnet,012bc191b36dae6cc3d3072621731da0860bc010b92266066aadec272fa049ba
2,famous_le_100m,21,1.0,1.0,7,srnet,012bc191b36dae6cc3d3072621731da0860bc010b92266066aadec272fa049ba
2,famous_le_100m,22,1.0,1.0,7,srnet,012bc191b36dae6cc3d3072621731da0860bc010b92266066aadec272fa049ba
2,famous_le_100m,23,1.0,1.0,7,srnet,012bc191b36dae6cc3d3072621731da0860bc010b92266066aadec272fa049ba
3,torch_pretrained_classification,0,0.95,0.95,7,srnet,84fb8262de07ce0942527d3a422e272fcc329578faff0fd40d99e794b2241b70
3,famous_le_10m,0,1.0,1.0,7,srnet,84fb8262de07ce0942527d3a422e272fcc329578faff0fd40d99e794b2241b70
3,famous_le_10m,1,0.0,0.0,7,srnet,84fb8262de07ce0942527d3a422e272fcc329578faff0fd40d99e794b2241b70
3,famous_le_10m,2,0.0,0.0,7,srnet,84fb8262de07ce0942527d3a422e272fcc329578faff0fd40d99e794b2241b70
3,famous_le_10m,3,0.0,0.0,7,srnet,84fb8262de07ce0942527d3a422e272fcc329578faff0fd40d99e794b2241b70
3,famous_le_10m,4,0.0,0.0,7,srnet,84fb8262de07ce0942527d3a422e272fcc329578faff0fd40d99e794b2241b70
3,famous_le_10m,5,0.0,0.0,7,srnet,84fb8262de07ce0942527d3a422e272fcc329578faff0fd40d99e794b2241b70
3,famous_le_10m,6,0.4,0.4,7,srnet,84fb8262de07ce0942527d3a422e272fcc329578faff0fd40d99e794b2241b70
3,famous_le_10m,7,1.0,1.0,7,srnet,84fb8262de07ce0942527d3a422e272fcc329578faff0fd40d99e794b2241b70
3,famous_le_10m,8,1.0,1.0,7,srnet,84fb8262de07ce0942527d3a422e272fcc329578faff0fd40d99e794b2241b70
3,famous_le_10m,9,1.0,1.0,7,srnet,84fb8262de07ce0942527d3a422e272fcc329578faff0fd40d99e794b2241b70
3,famous_le_10m,10,1.0,1.0,7,srnet,84fb8262de07ce0942527d3a422e272fcc329578faff0fd40d99e794b2241b70
3,famous_le_10m,11,1.0,1.0,7,srnet,84fb8262de07ce0942527d3a422e272fcc329578faff0fd40d99e794b2241b70
3,famous_le_10m,12,1.0,1.0,7,srnet,84fb8262de07ce0942527d3a422e272fcc329578faff0fd40d99e794b2241b70
3,famous_le_10m,13,1.0,1.0,7,srnet,84fb8262de07ce0942527d3a422e272fcc329578faff0fd40d99e794b2241b70
3,famous_le_10m,14,1.0,1.0,7,srnet,84fb8262de07ce0942527d3a422e272fcc329578faff0fd40d99e794b2241b70
3,famous_le_10m,15,1.0,1.0,7,srnet,84fb8262de07ce0942527d3a422e272fcc329578faff0fd40d99e794b2241b70
3,famous_le_10m,16,1.0,1.0,7,srnet,84fb8262de07ce0942527d3a422e272fcc329578faff0fd40d99e794b2241b70
3,famous_le_10m,17,1.0,1.0,7,srnet,84fb8262de07ce0942527d3a422e272fcc329578faff0fd40d99e794b2241b70
3,famous_le_10m,18,1.0,1.0,7,srnet,84fb8262de07ce0942527d3a422e272fcc329578faff0fd40d99e794b2241b70
3,famous_le_10m,19,1.0,1.0,7,srnet,84fb8262de07ce0942527d3a422e272fcc329578faff0fd40d99e794b2241b70
3,famous_le_10m,20,1.0,1.0,7,srnet,84fb8262de07ce0942527d3a422e272fcc329578faff0fd40d99e794b2241b70
3,famous_le_10m,21,1.0,1.0,7,srnet,84fb8262de07ce0942527d3a422e272fcc329578faff0fd40d99e794b2241b70
3,famous_le_10m,22,1.0,1.0,7,srnet,84fb8262de07ce0942527d3a422e272fcc329578faff0fd40d99e794b2241b70
3,famous_le_10m,23,1.0,1.0,7,srnet,84fb8262de07ce0942527d3a422e272fcc329578faff0fd40d99e794b2241b70
3,famous_le_100m,0,0.9285714285714286,0.9285714285714286,7,srnet,84fb8262de07ce0942527d3a422e272fcc329578faff0fd40d99e794b2241b70
3,famous_le_100m,1,0.07142857142857142,0.07142857142857142,7,srnet,84fb8262de07ce0942527d3a422e272fcc329578faff0fd40d99e794b2241b70
3,famous_le_100m,2,0.07142857142857142,0.07142857142857142,7,srnet,84fb8262de07ce0942527d3a422e272fcc329578faff0fd40d99e794b2241b70
3,famous_le_100m,3,0.07142857142857142,0.07142857142857142,7,srnet,84fb8262de07ce0942527d3a422e272fcc329578faff0fd40d99e794b2241b70
3,famous_le_100m,4,0.07142857142857142,0.07142857142857142,7,srnet,84fb8262de07ce0942527d3a422e272fcc329578faff0fd40d99e794b2241b70
3,famous_le_100m,5,0.07142857142857142,0.07142857142857142,7,srnet,84fb8262de07ce0942527d3a422e272fcc329578faff0fd40d99e794b2241b70
3,famous_le_100m,6,0.42857142857142855,0.42857142857142855,7,srnet,84fb8262de07ce0942527d3a422e272fcc329578faff0fd40d99e794b2241b70
3,famous_le_100m,7,0.7142857142857143,0.6428571428571429,7,srnet,84fb8262de07ce0942527d3a422e272fcc329578faff0fd40d99e794b2241b70
3,famous_le_100m,8,0.8571428571428571,0.8571428571428571,7,srnet,84fb8262de07ce0942527d3a422e272fcc329578faff0fd40d99e794b2241b70
3,famous_le_100m,9,0.8571428571428571,0.8571428571428571,7,srnet,84fb8262de07ce0942527d3a422e272fcc329578faff0fd40d99e794b2241b70
3,famous_le_100m,10,0.9285714285714286,0.9285714285714286,7,srnet,84fb8262de07ce0942527d3a422e272fcc329578faff0fd40d99e794b2241b70
3,famous_le_100m,11,0.9285714285714286,0.9285714285714286,7,srnet,84fb8262de07ce0942527d3a422e272fcc329578faff0fd40d99e794b2241b70
3,famous_le_100m,12,0.9285714285714286,0.9285714285714286,7,srnet,84fb8262de07ce0942527d3a422e272fcc329578faff0fd40d99e794b2241b70
3,famous_le_100m,13,0.9285714285714286,0.9285714285714286,7,srnet,84fb8262de07ce0942527d3a422e272fcc329578faff0fd40d99e794b2241b70
3,famous_le_100m,14,1.0,1.0,7,srnet,84fb8262de07ce0942527d3a422e272fcc329578faff0fd40d99e794b2241b70
3,famous_le_100m,15,1.0,1.0,7,srnet,84fb8262de07ce0942527d3a422e272fcc329578faff0fd40d99e794b2241b70
3,famous_le_100m,16,1.0,1.0,7,srnet,84fb8262de07ce0942527d3a422e272fcc329578faff0fd40d99e794b2241b70
3,famous_le_100m,17,1.0,1.0,7,srnet,84fb8262de07ce0942527d3a422e272fcc329578faff0fd40d99e794b2241b70
3,famous_le_100m,18,1.0,1.0,7,srnet,84fb8262de07ce0942527d3a422e272fcc329578faff0fd40d99e794b2241b70
3,famous_le_100m,19,1.0,1.0,7,srnet,84fb8262de07ce0942527d3a422e272fcc329578faff0fd40d99e794b2241b70
3,famous_le_100m,20,1.0,1.0,7,srnet,84fb8262de07ce0942527d3a422e272fcc329578faff0fd40d99e794b2241b70
3,famous_le_100m,21,1.0,1.0,7,srnet,84fb8262de07ce0942527d3a422e272fcc329578faff0fd40d99e794b2241b70
3,famous_le_100m,22,1.0,1.0,7,srnet,84fb8262de07ce0942527d3a422e272fcc329578faff0fd40d99e794b2241b70
3,famous_le_100m,23,1.0,1.0,7,srnet,84fb8262de07ce0942527d3a422e272fcc329578faff0fd40d99e794b2241b70
4,torch_pretrained_classification,0,0.95,0.95,7,srnet,0919ad0b55fee032ab6de90800317db6edf1742fa2d026d5d05c17445d2822f6
4,famous_le_10m,0,1.0,1.0,7,srnet,0919ad0b55fee032ab6de90800317db6edf1742fa2d026d5d05c17445d2822f6
4,famous_le_10m,1,0.0,0.0,7,srnet,0919ad0b55fee032ab6de90800317db6edf1742fa2d026d5d05c17445d2822f6
4,famous_le_10m,2,0.0,0.0,7,srnet,0919ad0b55fee032ab6de90800317db6edf1742fa2d026d5d05c17445d2822f6
4,famous_le_10m,3,0.0,0.0,7,srnet,0919ad0b55fee032ab6de90800317db6edf1742fa2d026d5d05c17445d2822f6
4,famous_le_10m,4,0.0,0.0,7,srnet,0919ad0b55fee032ab6de90800317db6edf1742fa2d026d5d05c17445d2822f6
4,famous_le_10m,5,0.0,0.0,7,srnet,0919ad0b55fee032ab6de90800317db6edf1742fa2d026d5d05c17445d2822f6
4,famous_le_10m,6,0.4,0.4,7,srnet,0919ad0b55fee032ab6de90800317db6edf1742fa2d026d5d05c17445d2822f6
4,famous_le_10m,7,1.0,1.0,7,srnet,0919ad0b55fee032ab6de90800317db6edf1742fa2d026d5d05c17445d2822f6
4,famous_le_10m,8,1.0,1.0,7,srnet,0919ad0b55fee032ab6de90800317db6edf1742fa2d026d5d05c17445d2822f6
4,famous_le_10m,9,1.0,1.0,7,srnet,0919ad0b55fee032ab6de90800317db6edf1742fa2d026d5d05c17445d2822f6
4,famous_le_10m,10,1.0,1.0,7,srnet,0919ad0b55fee032ab6de90800317db6edf1742fa2d026d5d05c17445d2822f6
4,famous_le_10m,11,1.0,1.0,7,srnet,0919ad0b55fee032ab6de90800317db6edf1742fa2d026d5d05c17445d2822f6
4,famous_le_10m,12,1.0,1.0,7,srnet,0919ad0b55fee032ab6de90800317db6edf1742fa2d026d5d05c17445d2822f6
4,famous_le_10m,13,1.0,1.0,7,srnet,0919ad0b55fee032ab6de90800317db6edf1742fa2d026d5d05c17445d2822f6
4,famous_le_10m,14,1.0,1.0,7,srnet,0919ad0b55fee032ab6de90800317db6edf1742fa2d026d5d05c17445d2822f6
4,famous_le_10m,15,1.0,1.0,7,srnet,0919ad0b55fee032ab6de90800317db6edf1742fa2d026d5d05c17445d2822f6
4,famous_le_10m,16,1.0,1.0,7,srnet,0919ad0b55fee032ab6de90800317db6edf1742fa2d026d5d05c17445d2822f6
4,famous_le_10m,17,1.0,1.0,7,srnet,0919ad0b55fee032ab6de90800317db6edf1742fa2d026d5d05c17445d2822f6
4,famous_le_10m,18,1.0,1.0,7,srnet,0919ad0b55fee032ab6de90800317db6edf1742fa2d026d5d05c17445d2822f6
4,famous_le_10m,19,1.0,1.0,7,srnet,0919ad0b55fee032ab6de90800317db6edf1742fa2d026d5d05c17445d2822f6
4,famous_le_10m,20,1.0,1.0,7,srnet,0919ad0b55fee032ab6de90800317db6edf1742fa2d026d5d05c17445d2822f6
4,famous_le_10m,21,1.0,1.0,7,srnet,0919ad0b55fee032ab6de90800317db6edf1742fa2d026d5d05c17445d2822f6
4,famous_le_10m,22,1.0,1.0,7,srnet,0919ad0b55fee032ab6de90800317db6edf1742fa2d026d5d05c17445d2822f6
4,famous_le_10m,23,1.0,1.0,7,srnet,0919ad0b55fee032ab6de90800317db6edf1742fa2d026d5d05c17445d2822f6
4,famous_le_100m,0,0.9285714285714286,0.9285714285714286,7,srnet,0919ad0b55fee032ab6de90800317db6edf1742fa2d026d5d05c17445d2822f6
4,famous_le_100m,1,0.07142857142857142,0.07142857142857142,7,srnet,0919ad0b55fee032ab6de90800317db6edf1742fa2d026d5d05c17445d2822f6
4,famous_le_100m,2,0.07142857142857142,0.07142857142857142,7,srnet,0919ad0b55fee032ab6de90800317db6edf1742fa2d026d5d05c17445d2822f6
4,famous_le_100m,3,0.07142857142857142,0.07142857142857142,7,srnet,0919ad0b55fee032ab6de90800317db6edf1742fa2d026d5d05c17445d2822f6
4,famous_le_100m,4,0.07142857142857142,0.07142857142857142,7,srnet,0919ad0b55fee032ab6de90800317db6edf1742fa2d026d5d05c17445d2822f6
4,famous_le_100m,5,0.07142857142857142,0.07142857142857142,7,srnet,0919ad0b55fee032ab6de90800317db6edf1742fa2d026d5d05c17445d2822f6
4,famous_le_100m,6,0.42857142857142855,0.42857142857142855,7,srnet,0919ad0b55fee032ab6de90800317db6edf1742fa2d026d5d05c17445d2822f6
4,famous_le_100m,7,0.7857142857142857,0.7142857142857143,7,srnet,0919ad0b55fee032ab6de90800317db6edf1742fa2d026d5d05c17445d2822f6
4,famous_le_100m,8,0.8571428571428571,0.8571428571428571,7,srnet,0919ad0b55fee032ab6de90800317db6edf1742fa2d026d5d05c17445d2822f6
4,famous_le_100m,9,0.8571428571428571,0.8571428571428571,7,srnet,0919ad0b55fee032ab6de90800317db6edf1742fa2d026d5d05c17445d2822f6
4,famous_le_100m,10,0.9285714285714286,0.9285714285714286,7,srnet,0919ad0b55fee032ab6de90800317db6edf1742fa2d026d5d05c17445d2822f6
4,famous_le_100m,11,0.9285714285714286,0.9285714285714286,7,srnet,0919ad0b55fee032ab6de90800317db6edf1742fa2d026d5d05c17445d2822f6
4,famous_le_100m,12,0.9285714285714286,0.9285714285714286,7,srnet,0919ad0b55fee032ab6de90800317db6edf1742fa2d026d5d05c17445d2822f6
4,famous_le_100m,13,0.9285714285714286,0.9285714285714286,7,srnet,0919ad0b55fee032ab6de90800317db6edf1742fa2d026d5d05c17445d2822f6
4,famous_le_100m,14,1.0,1.0,7,srnet,0919ad0b55fee032ab6de90800317db6edf1742fa2d026d5d05c17445d2822f6
4,famous_le_100m,15,1.0,1.0,7,srnet,0919ad0b55fee032ab6de90800317db6edf1742fa2d026d5d05c17445d2822f6
4,famous_le_100m,16,1.0,1.0,7,srnet,0919ad0b55fee032ab6de90800317db6edf1742fa2d026d5d05c17445d2822f6
4,famous_le_100m,17,1.0,1.0,7,srnet,0919ad0b55fee032ab6de90800317db6edf1742fa2d026d5d05c17445d2822f6
4,famous_le_100m,18,1.0,1.0,7,srnet,0919ad0b55fee032ab6de90800317db6edf1742fa2d026d5d05c17445d2822f6
4,famous_le_100m,19,1.0,1.0,7,srnet,0919ad0b55fee032ab6de90800317db6edf1742fa2d026d5d05c17445d2822f6
4,famous_le_100m,20,1.0,1.0,7,srnet,0919ad0b55fee032ab6de90800317db6edf1742fa2d026d5d05c17445d2822f6
4,famous_le_100m,21,1.0,1.0,7,srnet,0919ad0b55fee032ab6de90800317db6edf1742fa2d026d5d05c17445d2822f6
4,famous_le_100m,22,1.0,1.0,7,srnet,0919ad0b55fee032ab6de90800317db6edf1742fa2d026d5d05c17445d2822f6
4,famous_le_100m,23,1.0,1.0,7,srnet,0919ad0b55fee032ab6de90800317db6edf1742fa2d026d5d05c17445d2822f6
0,torch_pretrained_classification,0,0.975,0.975,8,srnet,e5a043d213d8d74005a8ba28e513800e1c03bce130554f00a4b70adefefa5e90
0,famous_le_10m,0,1.0,1.0,8,srnet,e5a043d213d8d74005a8ba28e513800e1c03bce130554f00a4b70adefefa5e90
0,famous_le_10m,1,0.0,0.0,8,srnet,e5a043d213d8d74005a8ba28e513800e1c03bce130554f00a4b70adefefa5e90
0,famous_le_10m,2,0.0,0.0,8,srnet,e5a043d213d8d74005a8ba28e513800e1c03bce130554f00a4b70adefefa5e90
0,famous_le_10m,3,0.0,0.0,8,srnet,e5a043d213d8d74005a8ba28e513800e1c03bce130554f00a4b70adefefa5e90
0,famous_le_10m,4,0.0,0.0,8,srnet,e5a043d213d8d74005a8ba28e513800e1c03bce130554f00a4b70adefefa5e90
0,famous_le_10m,5,0.0,0.0,8,srnet,e5a043d213d8d74005a8ba28e513800e1c03bce130554f00a4b70adefefa5e90
0,famous_le_10m,6,0.0,0.0,8,srnet,e5a043d213d8d74005a8ba28e513800e1c03bce130554f00a4b70adefefa5e90
0,famous_le_10m,7,0.0,0.0,8,srnet,e5a043d213d8d74005a8ba28e513800e1c03bce130554f00a4b70adefefa5e90
0,famous_le_10m,8,1.0,1.0,8,srnet,e5a043d213d8d74005a8ba28e513800e1c03bce130554f00a4b70adefefa5e90
0,famous_le_10m,9,1.0,1.0,8,srnet,e5a043d213d8d74005a8ba28e513800e1c03bce130554f00a4b70adefefa5e90
0,famous_le_10m,10,1.0,1.0,8,srnet,e5a043d213d8d74005a8ba28e513800e1c03bce130554f00a4b70adefefa5e90
0,famous_le_10m,11,1.0,1.0,8,srnet,e5a043d213d8d74005a8ba28e513800e1c03bce130554f00a4b70adefefa5e90
0,famous_le_10m,12,1.0,1.0,8,srnet,e5a043d213d8d74005a8ba28e513800e1c03bce130554f00a4b70adefefa5e90
0,famous_le_10m,13,1.0,1.0,8,srnet,e5a043d213d8d74005a8ba28e513800e1c03bce130554f00a4b70adefefa5e90
0,famous_le_10m,14,1.0,1.0,8,srnet,e5a043d213d8d74005a8ba28e513800e1c03bce130554f00a4b70adefefa5e90
0,famous_le_10m,15,1.0,1.0,8,srnet,e5a043d213d8d74005a8ba28e513800e1c03bce130554f00a4b70adefefa5e90
0,famous_le_10m,16,1.0,1.0,8,srnet,e5a043d213d8d74005a8ba28e513800e1c03bce130554f00a4b70adefefa5e90
0,famous_le_10m,17,1.0,1.0,8,srnet,e5a043d213d8d74005a8ba28e513800e1c03bce130554f00a4b70adefefa5e90
0,famous_le_10m,18,1.0,1.0,8,srnet,e5a043d213d8d74005a8ba28e513800e1c03bce130554f00a4b70adefefa5e90
0,famous_le_10m,19,1.0,1.0,8,srnet,e5a043d213d8d74005a8ba28e513800e1c03bce130554f00a4b70adefefa5e90
0,famous_le_10m,20,1.0,1.0,8,srnet,e5a043d213d8d74005a8ba28e513800e1c03bce130554f00a4b70adefefa5e90
0,famous_le_10m,21,1.0,1.0,8,srnet,e5a043d213d8d74005a8ba28e513800e1c03bce130554f00a4b70adefefa5e90
0,famous_le_10m,22,1.0,1.0,8,srnet,e5a043d213d8d74005a8ba28e513800e1c03bce130554f00a4b70adefefa5e90
0,famous_le_10m,23,1.0,1.0,8,srnet,e5a043d213d8d74005a8ba28e513800e1c03bce130554f00a4b70adefefa5e90
0,famous_le_100m,0,1.0,1.0,8,srnet,e5a043d213d8d74005a8ba28e513800e1c03bce130554f00a4b70adefefa5e90
0,famous_le_100m,1,0.0,0.0,8,srnet,e5a043d213d8d74005a8ba28e513800e1c03bce130554f00a4b70adefefa5e90
0,famous_le_100m,2,0.0,0.0,8,srnet,e5a043d213d8d74005a8ba28e513800e1c03bce130554f00a4b70adefefa5e90
0,famous_le_100m,3,0.0,0.0,8,srnet,e5a043d213d8d74005a8ba28e513800e1c03bce130554f00a4b70adefefa5e90
0,famous_le_100m,4,0.0,0.0,8,srnet,e5a043d213d8d74005a8ba28e513800e1c03bce130554f00a4b70adefefa5e90
0,famous_le_100m,5,0.0,0.0,8,srnet,e5a043d213d8d74005a8ba28e513800e1c03bce130554f00a4b70adefefa5e90
0,famous_le_100m,6,0.07142857142857142,0.07142857142857142,8,srnet,e5a043d213d8d74005a8ba28e513800e1c03bce130554f00a4b70adefefa5e90
0,famous_le_100m,7,0.42857142857142855,0.42857142857142855,8,srnet,e5a043d213d8d74005a8ba28e513800e1c03bce130554f00a4b70adefefa5e90
0,famous_le_100m,8,0.7857142857142857,0.7857142857142857,8,srnet,e5a043d213d8d74005a8ba28e513800e1c03bce130554f00a4b70adefefa5e90
0,famous_le_100m,9,0.8571428571428571,0.8571428571428571,8,srnet,e5a043d213d8d74005a8ba28e513800e1c03bce130554f00a4b70adefefa5e90
0,famous_le_100m,10,0.8571428571428571,0.8571428571428571,8,srnet,e5a043d213d8d74005a8ba28e513800e1c03bce130554f00a4b70adefefa5e90
0,famous_le_100m,11,0.8571428571428571,0.8571428571428571,8,srnet,e5a043d213d8d74005a8ba28e513800e1c03bce130554f00a4b70adefefa5e90
0,famous_le_100m,12,0.9285714285714286,0.9285714285714286,8,srnet,e5a043d213d8d74005a8ba28e513800e1c03bce130554f00a4b70adefefa5e90
0,famous_le_100m,13,0.9285714285714286,0.9285714285714286,8,srnet,e5a043d213d8d74005a8ba28e513800e1c03bce130554f00a4b70adefefa5e90
0,famous_le_100m,14,0.9285714285714286,0.9285714285714286,8,srnet,e5a043d213d8d74005a8ba28e513800e1c03bce130554f00a4b70adefefa5e90
0,famous_le_100m,15,0.9285714285714286,0.9285714285714286,8,srnet,e5a043d213d8d74005a8ba28e513800e1c03bce130554f00a4b70adefefa5e90
0,famous_le_100m,16,1.0,1.0,8,srnet,e5a043d213d8d74005a8ba28e513800e1c03bce130554f00a4b70adefefa5e90
0,famous_le_100m,17,1.0,1.0,8,srnet,e5a043d213d8d74005a8ba28e513800e1c03bce130554f00a4b70adefefa5e90
0,famous_le_100m,18,1.0,1.0,8,srnet,e5a043d213d8d74005a8ba28e513800e1c03bce130554f00a4b70adefefa5e90
0,famous_le_100m,19,1.0,1.0,8,srnet,e5a043d213d8d74005a8ba28e513800e1c03bce130554f00a4b70adefefa5e90
0,famous_le_100m,20,1.0,1.0,8,srnet,e5a043d213d8d74005a8ba28e513800e1c03bce130554f00a4b70adefefa5e90
0,famous_le_100m,21,1.0,1.0,8,srnet,e5a043d213d8d74005a8ba28e513800e1c03bce130554f00a4b70adefefa5e90
0,famous_le_100m,22,1.0,1.0,8,srnet,e5a043d213d8d74005a8ba28e513800e1c03bce130554f00a4b70adefefa5e90
0,famous_le_100m,23,1.0,1.0,8,srnet,e5a043d213d8d74005a8ba28e513800e1c03bce130554f00a4b70adefefa5e90
1,torch_pretrained_classification,0,0.975,0.975,8,srnet,d6e3b22aff9ff41d28df32bec58ad88a41aa0930fa2419eae4daad3601c5d191
1,famous_le_10m,0,1.0,1.0,8,srnet,d6e3b22aff9ff41d28df32bec58ad88a41aa0930fa2419eae4daad3601c5d191
1,famous_le_10m,1,0.0,0.0,8,srnet,d6e3b22aff9ff41d28df32bec58ad88a41aa0930fa2419eae4daad3601c5d191
1,famous_le_10m,2,0.0,0.0,8,srnet,d6e3b22aff9ff41d28df32bec58ad88a41aa0930fa2419eae4daad3601c5d191
1,famous_le_10m,3,0.0,0.0,8,srnet,d6e3b22aff9ff41d28df32bec58ad88a41aa0930fa2419eae4daad3601c5d191
1,famous_le_10m,4,0.0,0.0,8,srnet,d6e3b22aff9ff41d28df32bec58ad88a41aa0930fa2419eae4daad3601c5d191
1,famous_le_10m,5,0.0,0.0,8,srnet,d6e3b22aff9ff41d28df32bec58ad88a41aa0930fa2419eae4daad3601c5d191
1,famous_le_10m,6,0.0,0.0,8,srnet,d6e3b22aff9ff41d28df32bec58ad88a41aa0930fa2419eae4daad3601c5d191
1,famous_le_10m,7,0.0,0.0,8,srnet,d6e3b22aff9ff41d28df32bec58ad88a41aa0930fa2419eae4daad3601c5d191
1,famous_le_10m,8,1.0,1.0,8,srnet,d6e3b22aff9ff41d28df32bec58ad88a41aa0930fa2419eae4daad3601c5d191
1,famous_le_10m,9,1.0,1.0,8,srnet,d6e3b22aff9ff41d28df32bec58ad88a41aa0930fa2419eae4daad3601c5d191
1,famous_le_10m,10,1.0,1.0,8,srnet,d6e3b22aff9ff41d28df32bec58ad88a41aa0930fa2419eae4daad3601c5d191
1,famous_le_10m,11,1.0,1.0,8,srnet,d6e3b22aff9ff41d28df32bec58ad88a41aa0930fa2419eae4daad3601c5d191
1,famous_le_10m,12,1.0,1.0,8,srnet,d6e3b22aff9ff41d28df32bec58ad88a41aa0930fa2419eae4daad3601c5d191
1,famous_le_10m,13,1.0,1.0,8,srnet,d6e3b22aff9ff41d28df32bec58ad88a41aa0930fa2419eae4daad3601c5d191
1,famous_le_10m,14,1.0,1.0,8,srnet,d6e3b22aff9ff41d28df32bec58ad88a41aa0930fa2419eae4daad3601c5d191
1,famous_le_10m,15,1.0,1.0,8,srnet,d6e3b22aff9ff41d28df32bec58ad88a41aa0930fa2419eae4daad3601c5d191
1,famous_le_10m,16,1.0,1.0,8,srnet,d6e3b22aff9ff41d28df32bec58ad88a41aa0930fa2419eae4daad3601c5d191
1,famous_le_10m,17,1.0,1.0,8,srnet,d6e3b22aff9ff41d28df32bec58ad88a41aa0930fa2419eae4daad3601c5d191
1,famous_le_10m,18,1.0,1.0,8,srnet,d6e3b22aff9ff41d28df32bec58ad88a41aa0930fa2419eae4daad3601c5d191
1,famous_le_10m,19,1.0,1.0,8,srnet,d6e3b22aff9ff41d28df32bec58ad88a41aa0930fa2419eae4daad3601c5d191
1,famous_le_10m,20,1.0,1.0,8,srnet,d6e3b22aff9ff41d28df32bec58ad88a41aa0930fa2419eae4daad3601c5d191
1,famous_le_10m,21,1.0,1.0,8,srnet,d6e3b22aff9ff41d28df32bec58ad88a41aa0930fa2419eae4daad3601c5d191
1,famous_le_10m,22,1.0,1.0,8,srnet,d6e3b22aff9ff41d28df32bec58ad88a41aa0930fa2419eae4daad3601c5d191
1,famous_le_10m,23,1.0,1.0,8,srnet,d6e3b22aff9ff41d28df32bec58ad88a41aa0930fa2419eae4daad3601c5d191
1,famous_le_100m,0,1.0,1.0,8,srnet,d6e3b22aff9ff41d28df32bec58ad88a41aa0930fa2419eae4daad3601c5d191
1,famous_le_100m,1,0.0,0.0,8,srnet,d6e3b22aff9ff41d28df32bec58ad88a41aa0930fa2419eae4daad3601c5d191
1,famous_le_100m,2,0.0,0.0,8,srnet,d6e3b22aff9ff41d28df32bec58ad88a41aa0930fa2419eae4daad3601c5d191
1,famous_le_100m,3,0.0,0.0,8,srnet,d6e3b22aff9ff41d28df32bec58ad88a41aa0930fa2419eae4daad3601c5d191
1,famous_le_100m,4,0.0,0.0,8,srnet,d6e3b22aff9ff41d28df32bec58ad88a41aa0930fa2419eae4daad3601c5d191
1,famous_le_100m,5,0.0,0.0,8,srnet,d6e3b22aff9ff41d28df32bec58ad88a41aa0930fa2419eae4daad3601c5d191
1,famous_le_100m,6,0.07142857142857142,0.07142857142857142,8,srnet,d6e3b22aff9ff41d28df32bec58ad88a41aa0930fa2419eae4daad3601c5d191
1,famous_le_100m,7,0.42857142857142855,0.42857142857142855,8,srnet,d6e3b22aff9ff41d28df32bec58ad88a41aa0930fa2419eae4daad3601c5d191
1,famous_le_100m,8,0.7857142857142857,0.7857142857142857,8,srnet,d6e3b22aff9ff41d28df32bec58ad88a41aa0930fa2419eae4daad3601c5d191
1,famous_le_100m,9,0.8571428571428571,0.8571428571428571,8,srnet,d6e3b22aff9ff41d28df32bec58ad88a41aa0930fa2419eae4daad3601c5d191
1,famous_le_100m,10,0.8571428571428571,0.8571428571428571,8,srnet,d6e3b22aff9ff41d28df32bec58ad88a41aa0930fa2419eae4daad3601c5d191
1,famous_le_100m,11,0.8571428571428571,0.8571428571428571,8,srnet,d6e3b22aff9ff41d28df32bec58ad88a41aa0930fa2419eae4daad3601c5d191
1,famous_le_100m,12,0.9285714285714286,0.9285714285714286,8,srnet,d6e3b22aff9ff41d28df32bec58ad88a41aa0930fa2419eae4daad3601c5d191
1,famous_le_100m,13,0.9285714285714286,0.9285714285714286,8,srnet,d6e3b22aff9ff41d28df32bec58ad88a41aa0930fa2419eae4daad3601c5d191
1,famous_le_100m,14,0.9285714285714286,0.9285714285714286,8,srnet,d6e3b22aff9ff41d28df32bec58ad88a41aa0930fa2419eae4daad3601c5d191
1,famous_le_100m,15,1.0,1.0,8,srnet,d6e3b22aff9ff41d28df32bec58ad88a41aa0930fa2419eae4daad3601c5d191
1,famous_le_100m,16,1.0,1.0,8,srnet,d6e3b22aff9ff41d28df32bec58ad88a41aa0930fa2419eae4daad3601c5d191
1,famous_le_100m,17,1.0,1.0,8,srnet,d6e3b22aff9ff41d28df32bec58ad88a41aa0930fa2419eae4daad3601c5d191
1,famous_le_100m,18,1.0,1.0,8,srnet,d6e3b22aff9ff41d28df32bec58ad88a41aa0930fa2419eae4daad3601c5d191
1,famous_le_100m,19,1.0,1.0,8,srnet,d6e3b22aff9ff41d28df32bec58ad88a41aa0930fa2419eae4daad3601c5d191
1,famous_le_100m,20,1.0,1.0,8,srnet,d6e3b22aff9ff41d28df32bec58ad88a41aa0930fa2419eae4daad3601c5d191
1,famous_le_100m,21,1.0,1.0,8,srnet,d6e3b22aff9ff41d28df32bec58ad88a41aa0930fa2419eae4daad3601c5d191
1,famous_le_100m,22,1.0,1.0,8,srnet,d6e3b22aff9ff41d28df32bec58ad88a41aa0930fa2419eae4daad3601c5d191
1,famous_le_100m,23,1.0,1.0,8,srnet,d6e3b22aff9ff41d28df32bec58ad88a41aa0930fa2419eae4daad3601c5d191
2,torch_pretrained_classification,0,0.975,0.975,8,srnet,94d2fb31c3603c925f34b1bc8a289b47f2c121a01fd5afb6b0076be9dddddb0c
2,famous_le_10m,0,1.0,1.0,8,srnet,94d2fb31c3603c925f34b1bc8a289b47f2c121a01fd5afb6b0076be9dddddb0c
2,famous_le_10m,1,0.0,0.0,8,srnet,94d2fb31c3603c925f34b1bc8a289b47f2c121a01fd5afb6b0076be9dddddb0c
2,famous_le_10m,2,0.0,0.0,8,srnet,94d2fb31c3603c925f34b1bc8a289b47f2c121a01fd5afb6b0076be9dddddb0c
2,famous_le_10m,3,0.0,0.0,8,srnet,94d2fb31c3603c925f34b1bc8a289b47f2c121a01fd5afb6b0076be9dddddb0c
2,famous_le_10m,4,0.0,0.0,8,srnet,94d2fb31c3603c925f34b1bc8a289b47f2c121a01fd5afb6b0076be9dddddb0c
2,famous_le_10m,5,0.0,0.0,8,srnet,94d2fb31c3603c925f34b1bc8a289b47f2c121a01fd5afb6b0076be9dddddb0c
2,famous_le_10m,6,0.0,0.0,8,srnet,94d2fb31c3603c925f34b1bc8a289b47f2c121a01fd5afb6b0076be9dddddb0c
2,famous_le_10m,7,0.0,0.0,8,srnet,94d2fb31c3603c925f34b1bc8a289b47f2c121a01fd5afb6b0076be9dddddb0c
2,famous_le_10m,8,1.0,1.0,8,srnet,94d2fb31c3603c925f34b1bc8a289b47f2c121a01fd5afb6b0076be9dddddb0c
2,famous_le_10m,9,1.0,1.0,8,srnet,94d2fb31c3603c925f34b1bc8a289b47f2c121a01fd5afb6b0076be9dddddb0c
2,famous_le_10m,10,1.0,1.0,8,srnet,94d2fb31c3603c925f34b1bc8a289b47f2c121a01fd5afb6b0076be9dddddb0c
2,famous_le_10m,11,1.0,1.0,8,srnet,94d2fb31c3603c925f34b1bc8a289b47f2c121a01fd5afb6b0076be9dddddb0c
2,famous_le_10m,12,1.0,1.0,8,srnet,94d2fb31c3603c925f34b1bc8a289b47f2c121a01fd5afb6b0076be9dddddb0c
2,famous_le_10m,13,1.0,1.0,8,srnet,94d2fb31c3603c925f34b1bc8a289b47f2c121a01fd5afb6b0076be9dddddb0c
2,famous_le_10m,14,1.0,1.0,8,srnet,94d2fb31c3603c925f34b1bc8a289b47f2c121a01fd5afb6b0076be9dddddb0c
2,famous_le_10m,15,1.0,1.0,8,srnet,94d2fb31c3603c925f34b1bc8a289b47f2c121a01fd5afb6b0076be9dddddb0c
2,famous_le_10m,16,1.0,1.0,8,srnet,94d2fb31c3603c925f34b1bc8a289b47f2c121a01fd5afb6b0076be9dddddb0c
2,famous_le_10m,17,1.0,1.0,8,srnet,94d2fb31c3603c925f34b1bc8a289b47f2c121a01fd5afb6b0076be9dddddb0c
2,famous_le_10m,18,1.0,1.0,8,srnet,94d2fb31c3603c925f34b1bc8a289b47f2c121a01fd5afb6b0076be9dddddb0c
2,famous_le_10m,19,1.0,1.0,8,srnet,94d2fb31c3603c925f34b1bc8a289b47f2c121a01fd5afb6b0076be9dddddb0c
2,famous_le_10m,20,1.0,1.0,8,srnet,94d2fb31c3603c925f34b1bc8a289b47f2c121a01fd5afb6b0076be9dddddb0c
2,famous_le_10m,21,1.0,1.0,8,srnet,94d2fb31c3603c925f34b1bc8a289b47f2c121a01fd5afb6b0076be9dddddb0c
2,famous_le_10m,22,1.0,1.0,8,srnet,94d2fb31c3603c925f34b1bc8a289b47f2c121a01fd5afb6b0076be9dddddb0c
2,famous_le_10m,23,1.0,1.0,8,srnet,94d2fb31c3603c925f34b1bc8a289b47f2c121a01fd5afb6b0076be9dddddb0c
2,famous_le_100m,0,1.0,1.0,8,srnet,94d2fb31c3603c925f34b1bc8a289b47f2c121a01fd5afb6b0076be9dddddb0c
2,famous_le_100m,1,0.0,0.0,8,srnet,94d2fb31c3603c925f34b1bc8a289b47f2c121a01fd5afb6b0076be9dddddb0c
2,famous_le_100m,2,0.0,0.0,8,srnet,94d2fb31c3603c925f34b1bc8a289b47f2c121a01fd5afb6b0076be9dddddb0c
2,famous_le_100m,3,0.0,0.0,8,srnet,94d2fb31c3603c925f34b1bc8a289b47f2c121a01fd5afb6b0076be9dddddb0c
2,famous_le_100m,4,0.0,0.0,8,srnet,94d2fb31c3603c925f34b1bc8a289b47f2c121a01fd5afb6b0076be9dddddb0c
2,famous_le_100m,5,0.0,0.0,8,srnet,94d2fb31c3603c925f34b1bc8a289b47f2c121a01fd5afb6b0076be9dddddb0c
2,famous_le_100m,6,0.07142857142857142,0.07142857142857142,8,srnet,94d2fb31c3603c925f34b1bc8a289b47f2c121a01fd5afb6b0076be9dddddb0c
2,famous_le_100m,7,0.42857142857142855,0.42857142857142855,8,srnet,94d2fb31c3603c925f34b1bc8a289b47f2c121a01fd5afb6b0076be9dddddb0c
2,famous_le_100m,8,0.7857142857142857,0.7857142857142857,8,srnet,94d2fb31c3603c925f34b1bc8a289b47f2c121a01fd5afb6b0076be9dddddb0c
2,famous_le_100m,9,0.8571428571428571,0.8571428571428571,8,srnet,94d2fb31c3603c925f34b1bc8a289b47f2c121a01fd5afb6b0076be9dddddb0c
2,famous_le_100m,10,0.8571428571428571,0.8571428571428571,8,srnet,94d2fb31c3603c925f34b1bc8a289b47f2c121a01fd5afb6b0076be9dddddb0c
2,famous_le_100m,11,0.8571428571428571,0.8571428571428571,8,srnet,94d2fb31c3603c925f34b1bc8a289b47f2c121a01fd5afb6b0076be9dddddb0c
2,famous_le_100m,12,0.9285714285714286,0.9285714285714286,8,srnet,94d2fb31c3603c925f34b1bc8a289b47f2c121a01fd5afb6b0076be9dddddb0c
2,famous_le_100m,13,0.9285714285714286,0.9285714285714286,8,srnet,94d2fb31c3603c925f34b1bc8a289b47f2c121a01fd5afb6b0076be9dddddb0c
2,famous_le_100m,14,0.9285714285714286,0.9285714285714286,8,srnet,94d2fb31c3603c925f34b1bc8a289b47f2c121a01fd5afb6b0076be9dddddb0c
2,famous_le_100m,15,0.9285714285714286,0.9285714285714286,8,srnet,94d2fb31c3603c925f34b1bc8a289b47f2c121a01fd5afb6b0076be9dddddb0c
2,famous_le_100m,16,1.0,1.0,8,srnet,94d2fb31c3603c925f34b1bc8a289b47f2c121a01fd5afb6b0076be9dddddb0c
2,famous_le_100m,17,1.0,1.0,8,srnet,94d2fb31c3603c925f34b1bc8a289b47f2c121a01fd5afb6b0076be9dddddb0c
2,famous_le_100m,18,1.0,1.0,8,srnet,94d2fb31c3603c925f34b1bc8a289b47f2c121a01fd5afb6b0076be9dddddb0c
2,famous_le_100m,19,1.0,1.0,8,srnet,94d2fb31c3603c925f34b1bc8a289b47f2c121a01fd5afb6b0076be9dddddb0c
2,famous_le_100m,20,1.0,1.0,8,srnet,94d2fb31c3603c925f34b1bc8a289b47f2c121a01fd5afb6b0076be9dddddb0c
2,famous_le_100m,21,1.0,1.0,8,srnet,94d2fb31c3603c925f34b1bc8a289b47f2c121a01fd5afb6b0076be9dddddb0c
2,famous_le_100m,22,1.0,1.0,8,srnet,94d2fb31c3603c925f34b1bc8a289b47f2c121a01fd5afb6b0076be9dddddb0c
2,famous_le_100m,23,1.0,1.0,8,srnet,94d2fb31c3603c925f34b1bc8a289b47f2c121a01fd5afb6b0076be9dddddb0c
3,torch_pretrained_classification,0,0.975,0.975,8,srnet,a28f7e2c6629442296c75798df680254206d3a3ae6983f0a6c5eb52fdf9419cf
3,famous_le_10m,0,1.0,1.0,8,srnet,a28f7e2c6629442296c75798df680254206d3a3ae6983f0a6c5eb52fdf9419cf
3,famous_le_10m,1,0.0,0.0,8,srnet,a28f7e2c6629442296c75798df680254206d3a3ae6983f0a6c5eb52fdf9419cf
3,famous_le_10m,2,0.0,0.0,8,srnet,a28f7e2c6629442296c75798df680254206d3a3ae6983f0a6c5eb52fdf9419cf
3,famous_le_10m,3,0.0,0.0,8,srnet,a28f7e2c6629442296c75798df680254206d3a3ae6983f0a6c5eb52fdf9419cf
3,famous_le_10m,4,0.0,0.0,8,srnet,a28f7e2c6629442296c75798df680254206d3a3ae6983f0a6c5eb52fdf9419cf
3,famous_le_10m,5,0.0,0.0,8,srnet,a28f7e2c6629442296c75798df680254206d3a3ae6983f0a6c5eb52fdf9419cf
3,famous_le_10m,6,0.0,0.0,8,srnet,a28f7e2c6629442296c75798df680254206d3a3ae6983f0a6c5eb52fdf9419cf
3,famous_le_10m,7,0.0,0.0,8,srnet,a28f7e2c6629442296c75798df680254206d3a3ae6983f0a6c5eb52fdf9419cf
3,famous_le_10m,8,1.0,1.0,8,srnet,a28f7e2c6629442296c75798df680254206d3a3ae6983f0a6c5eb52fdf9419cf
3,famous_le_10m,9,1.0,1.0,8,srnet,a28f7e2c6629442296c75798df680254206d3a3ae6983f0a6c5eb52fdf9419cf
3,famous_le_10m,10,1.0,1.0,8,srnet,a28f7e2c6629442296c75798df680254206d3a3ae6983f0a6c5eb52fdf9419cf
3,famous_le_10m,11,1.0,1.0,8,srnet,a28f7e2c6629442296c75798df680254206d3a3ae6983f0a6c5eb52fdf9419cf
3,famous_le_10m,12,1.0,1.0,8,srnet,a28f7e2c6629442296c75798df680254206d3a3ae6983f0a6c5eb52fdf9419cf
3,famous_le_10m,13,1.0,1.0,8,srnet,a28f7e2c6629442296c75798df680254206d3a3ae6983f0a6c5eb52fdf9419cf
3,famous_le_10m,14,1.0,1.0,8,srnet,a28f7e2c6629442296c75798df680254206d3a3ae6983f0a6c5eb52fdf9419cf
3,famous_le_10m,15,1.0,1.0,8,srnet,a28f7e2c6629442296c75798df680254206d3a3ae6983f0a6c5eb52fdf9419cf
3,famous_le_10m,16,1.0,1.0,8,srnet,a28f7e2c6629442296c75798df680254206d3a3ae6983f0a6c5eb52fdf9419cf
3,famous_le_10m,17,1.0,1.0,8,srnet,a28f7e2c6629442296c75798df680254206d3a3ae6983f0a6c5eb52fdf9419cf
3,famous_le_10m,18,1.0,1.0,8,srnet,a28f7e2c6629442296c75798df680254206d3a3ae6983f0a6c5eb52fdf9419cf
3,famous_le_10m,19,1.0,1.0,8,srnet,a28f7e2c6629442296c75798df680254206d3a3ae6983f0a6c5eb52fdf9419cf
3,famous_le_10m,20,1.0,1.0,8,srnet,a28f7e2c6629442296c75798df680254206d3a3ae6983f0a6c5eb52fdf9419cf
3,famous_le_10m,21,1.0,1.0,8,srnet,a28f7e2c6629442296c75798df680254206d3a3ae6983f0a6c5eb52fdf9419cf
3,famous_le_10m,22,1.0,1.0,8,srnet,a28f7e2c6629442296c75798df680254206d3a3ae6983f0a6c5eb52fdf9419cf
3,famous_le_10m,23,1.0,1.0,8,srnet,a28f7e2c6629442296c75798df680254206d3a3ae6983f0a6c5eb52fdf9419cf
3,famous_le_100m,0,1.0,1.0,8,srnet,a28f7e2c6629442296c75798df680254206d3a3ae6983f0a6c5eb52fdf9419cf
3,famous_le_100m,1,0.0,0.0,8,srnet,a28f7e2c6629442296c75798df680254206d3a3ae6983f0a6c5eb52fdf9419cf
3,famous_le_100m,2,0.0,0.0,8,srnet,a28f7e2c6629442296c75798df680254206d3a3ae6983f0a6c5eb52fdf9419cf
3,famous_le_100m,3,0.0,0.0,8,srnet,a28f7e2c6629442296c75798df680254206d3a3ae6983f0a6c5eb52fdf9419cf
3,famous_le_100m,4,0.0,0.0,8,srnet,a28f7e2c6629442296c75798df680254206d3a3ae6983f0a6c5eb52fdf9419cf
3,famous_le_100m,5,0.0,0.0,8,srnet,a28f7e2c6629442296c75798df680254206d3a3ae6983f0a6c5eb52fdf9419cf
3,famous_le_100m,6,0.07142857142857142,0.07142857142857142,8,srnet,a28f7e2c6629442296c75798df680254206d3a3ae6983f0a6c5eb52fdf9419cf
3,famous_le_100m,7,0.42857142857142855,0.42857142857142855,8,srnet,a28f7e2c6629442296c75798df680254206d3a3ae6983f0a6c5eb52fdf9419cf
3,famous_le_100m,8,0.7857142857142857,0.7857142857142857,8,srnet,a28f7e2c6629442296c75798df680254206d3a3ae6983f0a6c5eb52fdf9419cf
3,famous_le_100m,9,0.8571428571428571,0.8571428571428571,8,srnet,a28f7e2c6629442296c75798df680254206d3a3ae6983f0a6c5eb52fdf9419cf
3,famous_le_100m,10,0.8571428571428571,0.8571428571428571,8,srnet,a28f7e2c6629442296c75798df680254206d3a3ae6983f0a6c5eb52fdf9419cf
3,famous_le_100m,11,0.8571428571428571,0.8571428571428571,8,srnet,a28f7e2c6629442296c75798df680254206d3a3ae6983f0a6c5eb52fdf9419cf
3,famous_le_100m,12,0.9285714285714286,0.9285714285714286,8,srnet,a28f7e2c6629442296c75798df680254206d3a3ae6983f0a6c5eb52fdf9419cf
3,famous_le_100m,13,0.9285714285714286,0.9285714285714286,8,srnet,a28f7e2c6629442296c75798df680254206d3a3ae6983f0a6c5eb52fdf9419cf
3,famous_le_100m,14,0.9285714285714286,0.9285714285714286,8,srnet,a28f7e2c6629442296c75798df680254206d3a3ae6983f0a6c5eb52fdf9419cf
3,famous_le_100m,15,0.9285714285714286,0.9285714285714286,8,srnet,a28f7e2c6629442296c75798df680254206d3a3ae6983f0a6c5eb52fdf9419cf
3,famous_le_100m,16,1.0,1.0,8,srnet,a28f7e2c6629442296c75798df680254206d3a3ae6983f0a6c5eb52fdf9419cf
3,famous_le_100m,17,1.0,1.0,8,srnet,a28f7e2c6629442296c75798df680254206d3a3ae6983f0a6c5eb52fdf9419cf
3,famous_le_100m,18,1.0,1.0,8,srnet,a28f7e2c6629442296c75798df680254206d3a3ae6983f0a6c5eb52fdf9419cf
3,famous_le_100m,19,1.0,1.0,8,srnet,a28f7e2c6629442296c75798df680254206d3a3ae6983f0a6c5eb52fdf9419cf
3,famous_le_100m,20,1.0,1.0,8,srnet,a28f7e2c6629442296c75798df680254206d3a3ae6983f0a6c5eb52fdf9419cf
3,famous_le_100m,21,1.0,1.0,8,srnet,a28f7e2c6629442296c75798df680254206d3a3ae6983f0a6c5eb52fdf9419cf
3,famous_le_100m,22,1.0,1.0,8,srnet,a28f7e2c6629442296c75798df680254206d3a3ae6983f0a6c5eb52fdf9419cf
3,famous_le_100m,23,1.0,1.0,8,srnet,a28f7e2c6629442296c75798df680254206d3a3ae6983f0a6c5eb52fdf9419cf
4,torch_pretrained_classification,0,0.975,0.975,8,srnet,ae33a7865a8e4f3faf004f2833b17b1dcbd45e6cd7f96787f5ffece16ae21541
4,famous_le_10m,0,1.0,1.0,8,srnet,ae33a7865a8e4f3faf004f2833b17b1dcbd45e6cd7f96787f5ffece16ae21541
4,famous_le_10m,1,0.0,0.0,8,srnet,ae33a7865a8e4f3faf004f2833b17b1dcbd45e6cd7f96787f5ffece16ae21541
4,famous_le_10m,2,0.0,0.0,8,srnet,ae33a7865a8e4f3faf004f2833b17b1dcbd45e6cd7f96787f5ffece16ae21541
4,famous_le_10m,3,0.0,0.0,8,srnet,ae33a7865a8e4f3faf004f2833b17b1dcbd45e6cd7f96787f5ffece16ae21541
4,famous_le_10m,4,0.0,0.0,8,srnet,ae33a7865a8e4f3faf004f2833b17b1dcbd45e6cd7f96787f5ffece16ae21541
4,famous_le_10m,5,0.0,0.0,8,srnet,ae33a7865a8e4f3faf004f2833b17b1dcbd45e6cd7f96787f5ffece16ae21541
4,famous_le_10m,6,0.0,0.0,8,srnet,ae33a7865a8e4f3faf004f2833b17b1dcbd45e6cd7f96787f5ffece16ae21541
4,famous_le_10m,7,0.0,0.0,8,srnet,ae33a7865a8e4f3faf004f2833b17b1dcbd45e6cd7f96787f5ffece16ae21541
4,famous_le_10m,8,1.0,1.0,8,srnet,ae33a7865a8e4f3faf004f2833b17b1dcbd45e6cd7f96787f5ffece16ae21541
4,famous_le_10m,9,1.0,1.0,8,srnet,ae33a7865a8e4f3faf004f2833b17b1dcbd45e6cd7f96787f5ffece16ae21541
4,famous_le_10m,10,1.0,1.0,8,srnet,ae33a7865a8e4f3faf004f2833b17b1dcbd45e6cd7f96787f5ffece16ae21541
4,famous_le_10m,11,1.0,1.0,8,srnet,ae33a7865a8e4f3faf004f2833b17b1dcbd45e6cd7f96787f5ffece16ae21541
4,famous_le_10m,12,1.0,1.0,8,srnet,ae33a7865a8e4f3faf004f2833b17b1dcbd45e6cd7f96787f5ffece16ae21541
4,famous_le_10m,13,1.0,1.0,8,srnet,ae33a7865a8e4f3faf004f2833b17b1dcbd45e6cd7f96787f5ffece16ae21541
4,famous_le_10m,14,1.0,1.0,8,srnet,ae33a7865a8e4f3faf004f2833b17b1dcbd45e6cd7f96787f5ffece16ae21541
4,famous_le_10m,15,1.0,1.0,8,srnet,ae33a7865a8e4f3faf004f2833b17b1dcbd45e6cd7f96787f5ffece16ae21541
4,famous_le_10m,16,1.0,1.0,8,srnet,ae33a7865a8e4f3faf004f2833b17b1dcbd45e6cd7f96787f5ffece16ae21541
4,famous_le_10m,17,1.0,1.0,8,srnet,ae33a7865a8e4f3faf004f2833b17b1dcbd45e6cd7f96787f5ffece16ae21541
4,famous_le_10m,18,1.0,1.0,8,srnet,ae33a7865a8e4f3faf004f2833b17b1dcbd45e6cd7f96787f5ffece16ae21541
4,famous_le_10m,19,1.0,1.0,8,srnet,ae33a7865a8e4f3faf004f2833b17b1dcbd45e6cd7f96787f5ffece16ae21541
4,famous_le_10m,20,1.0,1.0,8,srnet,ae33a7865a8e4f3faf004f2833b17b1dcbd45e6cd7f96787f5ffece16ae21541
4,famous_le_10m,21,1.0,1.0,8,srnet,ae33a7865a8e4f3faf004f2833b17b1dcbd45e6cd7f96787f5ffece16ae21541
4,famous_le_10m,22,1.0,1.0,8,srnet,ae33a7865a8e4f3faf004f2833b17b1dcbd45e6cd7f96787f5ffece16ae21541
4,famous_le_10m,23,1.0,1.0,8,srnet,ae33a7865a8e4f3faf004f2833b17b1dcbd45e6cd7f96787f5ffece16ae21541
4,famous_le_100m,0,1.0,1.0,8,srnet,ae33a7865a8e4f3faf004f2833b17b1dcbd45e6cd7f96787f5ffece16ae21541
4,famous_le_100m,1,0.0,0.0,8,srnet,ae33a7865a8e4f3faf004f2833b17b1dcbd45e6cd7f96787f5ffece16ae21541
4,famous_le_100m,2,0.0,0.0,8,srnet,ae33a7865a8e4f3faf004f2833b17b1dcbd45e6cd7f96787f5ffece16ae21541
4,famous_le_100m,3,0.0,0.0,8,srnet,ae33a7865a8e4f3faf004f2833b17b1dcbd45e6cd7f96787f5ffece16ae21541
4,famous_le_100m,4,0.0,0.0,8,srnet,ae33a7865a8e4f3faf004f2833b17b1dcbd45e6cd7f96787f5ffece16ae21541
4,famous_le_100m,5,0.0,0.0,8,srnet,ae33a7865a8e4f3faf004f2833b17b1dcbd45e6cd7f96787f5ffece16ae21541
4,famous_le_100m,6,0.07142857142857142,0.07142857142857142,8,srnet,ae33a7865a8e4f3faf004f2833b17b1dcbd45e6cd7f96787f5ffece16ae21541
4,famous_le_100m,7,0.42857142857142855,0.42857142857142855,8,srnet,ae33a7865a8e4f3faf004f2833b17b1dcbd45e6cd7f96787f5ffece16ae21541
4,famous_le_100m,8,0.7857142857142857,0.7857142857142857,8,srnet,ae33a7865a8e4f3faf004f2833b17b1dcbd45e6cd7f96787f5ffece16ae21541
4,famous_le_100m,9,0.8571428571428571,0.8571428571428571,8,srnet,ae33a7865a8e4f3faf004f2833b17b1dcbd45e6cd7f96787f5ffece16ae21541
4,famous_le_100m,10,0.8571428571428571,0.8571428571428571,8,srnet,ae33a7865a8e4f3faf004f2833b17b1dcbd45e6cd7f96787f5ffece16ae21541
4,famous_le_100m,11,0.8571428571428571,0.8571428571428571,8,srnet,ae33a7865a8e4f3faf004f2833b17b1dcbd45e6cd7f96787f5ffece16ae21541
4,famous_le_100m,12,0.9285714285714286,0.9285714285714286,8,srnet,ae33a7865a8e4f3faf004f2833b17b1dcbd45e6cd7f96787f5ffece16ae21541
4,famous_le_100m,13,0.9285714285714286,0.9285714285714286,8,srnet,ae33a7865a8e4f3faf004f2833b17b1dcbd45e6cd7f96787f5ffece16ae21541
4,famous_le_100m,14,0.9285714285714286,0.9285714285714286,8,srnet,ae33a7865a8e4f3faf004f2833b17b1dcbd45e6cd7f96787f5ffece16ae21541
4,famous_le_100m,15,0.9285714285714286,0.9285714285714286,8,srnet,ae33a7865a8e4f3faf004f2833b17b1dcbd45e6cd7f96787f5ffece16ae21541
4,famous_le_100m,16,1.0,1.0,8,srnet,ae33a7865a8e4f3faf004f2833b17b1dcbd45e6cd7f96787f5ffece16ae21541
4,famous_le_100m,17,1.0,1.0,8,srnet,ae33a7865a8e4f3faf004f2833b17b1dcbd45e6cd7f96787f5ffece16ae21541
4,famous_le_100m,18,1.0,1.0,8,srnet,ae33a7865a8e4f3faf004f2833b17b1dcbd45e6cd7f96787f5ffece16ae21541
4,famous_le_100m,19,1.0,1.0,8,srnet,ae33a7865a8e4f3faf004f2833b17b1dcbd45e6cd7f96787f5ffece16ae21541
4,famous_le_100m,20,1.0,1.0,8,srnet,ae33a7865a8e4f3faf004f2833b17b1dcbd45e6cd7f96787f5ffece16ae21541
4,famous_le_100m,21,1.0,1.0,8,srnet,ae33a7865a8e4f3faf004f2833b17b1dcbd45e6cd7f96787f5ffece16ae21541
4,famous_le_100m,22,1.0,1.0,8,srnet,ae33a7865a8e4f3faf004f2833b17b1dcbd45e6cd7f96787f5ffece16ae21541
4,famous_le_100m,23,1.0,1.0,8,srnet,ae33a7865a8e4f3faf004f2833b17b1dcbd45e6cd7f96787f5ffece16ae21541
5,torch_pretrained_classification,0,0.6625,0.6125,1,srnet,5ee89b329b602612c624b27c8fe1a289f5b04b7b3acee0a4a31a08c7b1edc7a7
5,famous_le_10m,0,0.8,0.6,1,srnet,5ee89b329b602612c624b27c8fe1a289f5b04b7b3acee0a4a31a08c7b1edc7a7
5,famous_le_10m,1,0.2,0.4,1,srnet,5ee89b329b602612c624b27c8fe1a289f5b04b7b3acee0a4a31a08c7b1edc7a7
5,famous_le_10m,2,0.2,0.4,1,srnet,5ee89b329b602612c624b27c8fe1a289f5b04b7b3acee0a4a31a08c7b1edc7a7
5,famous_le_10m,3,0.6,0.6,1,srnet,5ee89b329b602612c624b27c8fe1a289f5b04b7b3acee0a4a31a08c7b1edc7a7
5,famous_le_10m,4,1.0,1.0,1,srnet,5ee89b329b602612c624b27c8fe1a289f5b04b7b3acee0a4a31a08c7b1edc7a7
5,famous_le_10m,5,1.0,1.0,1,srnet,5ee89b329b602612c624b27c8fe1a289f5b04b7b3acee0a4a31a08c7b1edc7a7
5,famous_le_10m,6,1.0,1.0,1,srnet,5ee89b329b602612c624b27c8fe1a289f5b04b7b3acee0a4a31a08c7b1edc7a7
5,famous_le_10m,7,1.0,1.0,1,srnet,5ee89b329b602612c624b27c8fe1a289f5b04b7b3acee0a4a31a08c7b1edc7a7
5,famous_le_10m,8,1.0,1.0,1,srnet,5ee89b329b602612c624b27c8fe1a289f5b04b7b3acee0a4a31a08c7b1edc7a7
5,famous_le_10m,9,1.0,1.0,1,srnet,5ee89b329b602612c624b27c8fe1a289f5b04b7b3acee0a4a31a08c7b1edc7a7
5,famous_le_10m,10,1.0,1.0,1,srnet,5ee89b329b602612c624b27c8fe1a289f5b04b7b3acee0a4a31a08c7b1edc7a7
5,famous_le_10m,11,1.0,1.0,1,srnet,5ee89b329b602612c624b27c8fe1a289f5b04b7b3acee0a4a31a08c7b1edc7a7
5,famous_le_10m,12,1.0,1.0,1,srnet,5ee89b329b602612c624b27c8fe1a289f5b04b7b3acee0a4a31a08c7b1edc7a7
5,famous_le_10m,13,1.0,1.0,1,srnet,5ee89b329b602612c624b27c8fe1a289f5b04b7b3acee0a4a31a08c7b1edc7a7
5,famous_le_10m,14,1.0,1.0,1,srnet,5ee89b329b602612c624b27c8fe1a289f5b04b7b3acee0a4a31a08c7b1edc7a7
5,famous_le_10m,15,1.0,1.0,1,srnet,5ee89b329b602612c624b27c8fe1a289f5b04b7b3acee0a4a31a08c7b1edc7a7
5,famous_le_10m,16,1.0,1.0,1,srnet,5ee89b329b602612c624b27c8fe1a289f5b04b7b3acee0a4a31a08c7b1edc7a7
5,famous_le_10m,17,1.0,1.0,1,srnet,5ee89b329b602612c624b27c8fe1a289f5b04b7b3acee0a4a31a08c7b1edc7a7
5,famous_le_10m,18,1.0,1.0,1,srnet,5ee89b329b602612c624b27c8fe1a289f5b04b7b3acee0a4a31a08c7b1edc7a7
5,famous_le_10m,19,1.0,1.0,1,srnet,5ee89b329b602612c624b27c8fe1a289f5b04b7b3acee0a4a31a08c7b1edc7a7
5,famous_le_10m,20,1.0,1.0,1,srnet,5ee89b329b602612c624b27c8fe1a289f5b04b7b3acee0a4a31a08c7b1edc7a7
5,famous_le_10m,21,1.0,1.0,1,srnet,5ee89b329b602612c624b27c8fe1a289f5b04b7b3acee0a4a31a08c7b1edc7a7
5,famous_le_10m,22,1.0,1.0,1,srnet,5ee89b329b602612c624b27c8fe1a289f5b04b7b3acee0a4a31a08c7b1edc7a7
5,famous_le_10m,23,1.0,1.0,1,srnet,5ee89b329b602612c624b27c8fe1a289f5b04b7b3acee0a4a31a08c7b1edc7a7
5,famous_le_100m,0,0.6428571428571429,0.6428571428571429,1,srnet,5ee89b329b602612c624b27c8fe1a289f5b04b7b3acee0a4a31a08c7b1edc7a7
5,famous_le_100m,1,0.35714285714285715,0.35714285714285715,1,srnet,5ee89b329b602612c624b27c8fe1a289f5b04b7b3acee0a4a31a08c7b1edc7a7
5,famous_le_100m,2,0.35714285714285715,0.42857142857142855,1,srnet,5ee89b329b602612c624b27c8fe1a289f5b04b7b3acee0a4a31a08c7b1edc7a7
5,famous_le_100m,3,0.35714285714285715,0.5,1,srnet,5ee89b329b602612c624b27c8fe1a289f5b04b7b3acee0a4a31a08c7b1edc7a7
5,famous_le_100m,4,0.42857142857142855,0.6428571428571429,1,srnet,5ee89b329b602612c624b27c8fe1a289f5b04b7b3acee0a4a31a08c7b1edc7a7
5,famous_le_100m,5,0.6428571428571429,0.7857142857142857,1,srnet,5ee89b329b602612c624b27c8fe1a289f5b04b7b3acee0a4a31a08c7b1edc7a7
5,famous_le_100m,6,0.7142857142857143,0.8571428571428571,1,srnet,5ee89b329b602612c624b27c8fe1a289f5b04b7b3acee0a4a31a08c7b1edc7a7
5,famous_le_100m,7,0.8571428571428571,0.9285714285714286,1,srnet,5ee89b329b602612c624b27c8fe1a289f5b04b7b3acee0a4a31a08c7b1edc7a7
5,famous_le_100m,8,0.8571428571428571,0.8571428571428571,1,srnet,5ee89b329b602612c624b27c8fe1a289f5b04b7b3acee0a4a31a08c7b1edc7a7
5,famous_le_100m,9,0.9285714285714286,0.9285714285714286,1,srnet,5ee89b329b602612c624b27c8fe1a289f5b04b7b3acee0a4a31a08c7b1edc7a7
5,famous_le_100m,10,0.9285714285714286,0.9285714285714286,1,srnet,5ee89b329b602612c624b27c8fe1a289f5b04b7b3acee0a4a31a08c7b1edc7a7
5,famous_le_100m,11,0.9285714285714286,0.9285714285714286,1,srnet,5ee89b329b602612c624b27c8fe1a289f5b04b7b3acee0a4a31a08c7b1edc7a7
5,famous_le_100m,12,0.9285714285714286,0.9285714285714286,1,srnet,5ee89b329b602612c624b27c8fe1a289f5b04b7b3acee0a4a31a08c7b1edc7a7
5,famous_le_100m,13,1.0,1.0,1,srnet,5ee89b329b602612c624b27c8fe1a289f5b04b7b3acee0a4a31a08c7b1edc7a7
5,famous_le_100m,14,1.0,1.0,1,srnet,5ee89b329b602612c624b27c8fe1a289f5b04b7b3acee0a4a31a08c7b1edc7a7
5,famous_le_100m,15,1.0,1.0,1,srnet,5ee89b329b602612c624b27c8fe1a289f5b04b7b3acee0a4a31a08c7b1edc7a7
5,famous_le_100m,16,1.0,1.0,1,srnet,5ee89b329b602612c624b27c8fe1a289f5b04b7b3acee0a4a31a08c7b1edc7a7
5,famous_le_100m,17,1.0,1.0,1,srnet,5ee89b329b602612c624b27c8fe1a289f5b04b7b3acee0a4a31a08c7b1edc7a7
5,famous_le_100m,18,1.0,1.0,1,srnet,5ee89b329b602612c624b27c8fe1a289f5b04b7b3acee0a4a31a08c7b1edc7a7
5,famous_le_100m,19,1.0,1.0,1,srnet,5ee89b329b602612c624b27c8fe1a289f5b04b7b3acee0a4a31a08c7b1edc7a7
5,famous_le_100m,20,1.0,1.0,1,srnet,5ee89b329b602612c624b27c8fe1a289f5b04b7b3acee0a4a31a08c7b1edc7a7
5,famous_le_100m,21,1.0,1.0,1,srnet,5ee89b329b602612c624b27c8fe1a289f5b04b7b3acee0a4a31a08c7b1edc7a7
5,famous_le_100m,22,1.0,1.0,1,srnet,5ee89b329b602612c624b27c8fe1a289f5b04b7b3acee0a4a31a08c7b1edc7a7
5,famous_le_100m,23,1.0,1.0,1,srnet,5ee89b329b602612c624b27c8fe1a289f5b04b7b3acee0a4a31a08c7b1edc7a7
6,torch_pretrained_classification,0,0.6625,0.6375,1,srnet,9ceaed3c3c142c3bd954e750b3e214bf002dfe7add2cfd762f59f12faad569b1
6,famous_le_10m,0,0.6,0.8,1,srnet,9ceaed3c3c142c3bd954e750b3e214bf002dfe7add2cfd762f59f12faad569b1
6,famous_le_10m,1,0.4,0.2,1,srnet,9ceaed3c3c142c3bd954e750b3e214bf002dfe7add2cfd762f59f12faad569b1
6,famous_le_10m,2,0.4,0.2,1,srnet,9ceaed3c3c142c3bd954e750b3e214bf002dfe7add2cfd762f59f12faad569b1
6,famous_le_10m,3,0.4,0.6,1,srnet,9ceaed3c3c142c3bd954e750b3e214bf002dfe7add2cfd762f59f12faad569b1
6,famous_le_10m,4,1.0,0.4,1,srnet,9ceaed3c3c142c3bd954e750b3e214bf002dfe7add2cfd762f59f12faad569b1
6,famous_le_10m,5,1.0,0.8,1,srnet,9ceaed3c3c142c3bd954e750b3e214bf002dfe7add2cfd762f59f12faad569b1
6,famous_le_10m,6,1.0,1.0,1,srnet,9ceaed3c3c142c3bd954e750b3e214bf002dfe7add2cfd762f59f12faad569b1
6,famous_le_10m,7,1.0,1.0,1,srnet,9ceaed3c3c142c3bd954e750b3e214bf002dfe7add2cfd762f59f12faad569b1
6,famous_le_10m,8,1.0,1.0,1,srnet,9ceaed3c3c142c3bd954e750b3e214bf002dfe7add2cfd762f59f12faad569b1
6,famous_le_10m,9,1.0,1.0,1,srnet,9ceaed3c3c142c3bd954e750b3e214bf002dfe7add2cfd762f59f12faad569b1
6,famous_le_10m,10,1.0,1.0,1,srnet,9ceaed3c3c142c3bd954e750b3e214bf002dfe7add2cfd762f59f12faad569b1
6,famous_le_10m,11,1.0,1.0,1,srnet,9ceaed3c3c142c3bd954e750b3e214bf002dfe7add2cfd762f59f12faad569b1
6,famous_le_10m,12,1.0,1.0,1,srnet,9ceaed3c3c142c3bd954e750b3e214bf002dfe7add2cfd762f59f12faad569b1
6,famous_le_10m,13,1.0,1.0,1,srnet,9ceaed3c3c142c3bd954e750b3e214bf002dfe7add2cfd762f59f12faad569b1
6,famous_le_10m,14,1.0,1.0,1,srnet,9ceaed3c3c142c3bd954e750b3e214bf002dfe7add2cfd762f59f12faad569b1
6,famous_le_10m,15,1.0,1.0,1,srnet,9ceaed3c3c142c3bd954e750b3e214bf002dfe7add2cfd762f59f12faad569b1
6,famous_le_10m,16,1.0,1.0,1,srnet,9ceaed3c3c142c3bd954e750b3e214bf002dfe7add2cfd762f59f12faad569b1
6,famous_le_10m,17,1.0,1.0,1,srnet,9ceaed3c3c142c3bd954e750b3e214bf002dfe7add2cfd762f59f12faad569b1
6,famous_le_10m,18,1.0,1.0,1,srnet,9ceaed3c3c142c3bd954e750b3e214bf002dfe7add2cfd762f59f12faad569b1
6,famous_le_10m,19,1.0,1.0,1,srnet,9ceaed3c3c142c3bd954e750b3e214bf002dfe7add2cfd762f59f12faad569b1
6,famous_le_10m,20,1.0,1.0,1,srnet,9ceaed3c3c142c3bd954e750b3e214bf002dfe7add2cfd762f59f12faad569b1
6,famous_le_10m,21,1.0,1.0,1,srnet,9ceaed3c3c142c3bd954e750b3e214bf002dfe7add2cfd762f59f12faad569b1
6,famous_le_10m,22,1.0,1.0,1,srnet,9ceaed3c3c142c3bd954e750b3e214bf002dfe7add2cfd762f59f12faad569b1
6,famous_le_10m,23,1.0,1.0,1,srnet,9ceaed3c3c142c3bd954e750b3e214bf002dfe7add2cfd762f59f12faad569b1
6,famous_le_100m,0,0.6428571428571429,0.6428571428571429,1,srnet,9ceaed3c3c142c3bd954e750b3e214bf002dfe7add2cfd762f59f12faad569b1
6,famous_le_100m,1,0.35714285714285715,0.35714285714285715,1,srnet,9ceaed3c3c142c3bd954e750b3e214bf002dfe7add2cfd762f59f12faad569b1
6,famous_le_100m,2,0.2857142857142857,0.35714285714285715,1,srnet,9ceaed3c3c142c3bd954e750b3e214bf002dfe7add2cfd762f59f12faad569b1
6,famous_le_100m,3,0.21428571428571427,0.42857142857142855,1,srnet,9ceaed3c3c142c3bd954e750b3e214bf002dfe7add2cfd762f59f12faad569b1
6,famous_le_100m,4,0.2857142857142857,0.6428571428571429,1,srnet,9ceaed3c3c142c3bd954e750b3e214bf002dfe7add2cfd762f59f12faad569b1
6,famous_le_100m,5,0.5714285714285714,0.6428571428571429,1,srnet,9ceaed3c3c142c3bd954e750b3e214bf002dfe7add2cfd762f59f12faad569b1
6,famous_le_100m,6,0.7142857142857143,0.7857142857142857,1,srnet,9ceaed3c3c142c3bd954e750b3e214bf002dfe7add2cfd762f59f12faad569b1
6,famous_le_100m,7,0.8571428571428571,0.8571428571428571,1,srnet,9ceaed3c3c142c3bd954e750b3e214bf002dfe7add2cfd762f59f12faad569b1
6,famous_le_100m,8,0.8571428571428571,0.9285714285714286,1,srnet,9ceaed3c3c142c3bd954e750b3e214bf002dfe7add2cfd762f59f12faad569b1
6,famous_le_100m,9,0.9285714285714286,0.8571428571428571,1,srnet,9ceaed3c3c142c3bd954e750b3e214bf002dfe7add2cfd762f59f12faad569b1
6,famous_le_100m,10,0.9285714285714286,0.9285714285714286,1,srnet,9ceaed3c3c142c3bd954e750b3e214bf002dfe7add2cfd762f59f12faad569b1
6,famous_le_100m,11,0.9285714285714286,0.9285714285714286,1,srnet,9ceaed3c3c142c3bd954e750b3e214bf002dfe7add2cfd762f59f12faad569b1
6,famous_le_100m,12,0.9285714285714286,0.9285714285714286,1,srnet,9ceaed3c3c142c3bd954e750b3e214bf002dfe7add2cfd762f59f12faad569b1
6,famous_le_100m,13,1.0,1.0,1,srnet,9ceaed3c3c142c3bd954e750b3e214bf002dfe7add2cfd762f59f12faad569b1
6,famous_le_100m,14,1.0,1.0,1,srnet,9ceaed3c3c142c3bd954e750b3e214bf002dfe7add2cfd762f59f12faad569b1
6,famous_le_100m,15,1.0,1.0,1,srnet,9ceaed3c3c142c3bd954e750b3e214bf002dfe7add2cfd762f59f12faad569b1
6,famous_le_100m,16,1.0,1.0,1,srnet,9ceaed3c3c142c3bd954e750b3e214bf002dfe7add2cfd762f59f12faad569b1
6,famous_le_100m,17,1.0,1.0,1,srnet,9ceaed3c3c142c3bd954e750b3e214bf002dfe7add2cfd762f59f12faad569b1
6,famous_le_100m,18,1.0,1.0,1,srnet,9ceaed3c3c142c3bd954e750b3e214bf002dfe7add2cfd762f59f12faad569b1
6,famous_le_100m,19,1.0,1.0,1,srnet,9ceaed3c3c142c3bd954e750b3e214bf002dfe7add2cfd762f59f12faad569b1
6,famous_le_100m,20,1.0,1.0,1,srnet,9ceaed3c3c142c3bd954e750b3e214bf002dfe7add2cfd762f59f12faad569b1
6,famous_le_100m,21,1.0,1.0,1,srnet,9ceaed3c3c142c3bd954e750b3e214bf002dfe7add2cfd762f59f12faad569b1
6,famous_le_100m,22,1.0,1.0,1,srnet,9ceaed3c3c142c3bd954e750b3e214bf002dfe7add2cfd762f59f12faad569b1
6,famous_le_100m,23,1.0,1.0,1,srnet,9ceaed3c3c142c3bd954e750b3e214bf002dfe7add2cfd762f59f12faad569b1
7,torch_pretrained_classification,0,0.65,0.7,1,srnet,6cb68f2b2fa5a85cd9260e55e51c6cfc9e7013a972e9a5b60cc58228fa8ad7bb
7,famous_le_10m,0,0.6,0.4,1,srnet,6cb68f2b2fa5a85cd9260e55e51c6cfc9e7013a972e9a5b60cc58228fa8ad7bb
7,famous_le_10m,1,0.4,0.6,1,srnet,6cb68f2b2fa5a85cd9260e55e51c6cfc9e7013a972e9a5b60cc58228fa8ad7bb
7,famous_le_10m,2,0.4,0.4,1,srnet,6cb68f2b2fa5a85cd9260e55e51c6cfc9e7013a972e9a5b60cc58228fa8ad7bb
7,famous_le_10m,3,0.6,0.6,1,srnet,6cb68f2b2fa5a85cd9260e55e51c6cfc9e7013a972e9a5b60cc58228fa8ad7bb
7,famous_le_10m,4,1.0,0.8,1,srnet,6cb68f2b2fa5a85cd9260e55e51c6cfc9e7013a972e9a5b60cc58228fa8ad7bb
7,famous_le_10m,5,1.0,1.0,1,srnet,6cb68f2b2fa5a85cd9260e55e51c6cfc9e7013a972e9a5b60cc58228fa8ad7bb
7,famous_le_10m,6,1.0,1.0,1,srnet,6cb68f2b2fa5a85cd9260e55e51c6cfc9e7013a972e9a5b60cc58228fa8ad7bb
7,famous_le_10m,7,1.0,1.0,1,srnet,6cb68f2b2fa5a85cd9260e55e51c6cfc9e7013a972e9a5b60cc58228fa8ad7bb
7,famous_le_10m,8,1.0,1.0,1,srnet,6cb68f2b2fa5a85cd9260e55e51c6cfc9e7013a972e9a5b60cc58228fa8ad7bb
7,famous_le_10m,9,1.0,1.0,1,srnet,6cb68f2b2fa5a85cd9260e55e51c6cfc9e7013a972e9a5b60cc58228fa8ad7bb
7,famous_le_10m,10,1.0,1.0,1,srnet,6cb68f2b2fa5a85cd9260e55e51c6cfc9e7013a972e9a5b60cc58228fa8ad7bb
7,famous_le_10m,11,1.0,1.0,1,srnet,6cb68f2b2fa5a85cd9260e55e51c6cfc9e7013a972e9a5b60cc58228fa8ad7bb
7,famous_le_10m,12,1.0,1.0,1,srnet,6cb68f2b2fa5a85cd9260e55e51c6cfc9e7013a972e9a5b60cc58228fa8ad7bb
7,famous_le_10m,13,1.0,1.0,1,srnet,6cb68f2b2fa5a85cd9260e55e51c6cfc9e7013a972e9a5b60cc58228fa8ad7bb
7,famous_le_10m,14,1.0,1.0,1,srnet,6cb68f2b2fa5a85cd9260e55e51c6cfc9e7013a972e9a5b60cc58228fa8ad7bb
7,famous_le_10m,15,1.0,1.0,1,srnet,6cb68f2b2fa5a85cd9260e55e51c6cfc9e7013a972e9a5b60cc58228fa8ad7bb
7,famous_le_10m,16,1.0,1.0,1,srnet,6cb68f2b2fa5a85cd9260e55e51c6cfc9e7013a972e9a5b60cc58228fa8ad7bb
7,famous_le_10m,17,1.0,1.0,1,srnet,6cb68f2b2fa5a85cd9260e55e51c6cfc9e7013a972e9a5b60cc58228fa8ad7bb
7,famous_le_10m,18,1.0,1.0,1,srnet,6cb68f2b2fa5a85cd9260e55e51c6cfc9e7013a972e9a5b60cc58228fa8ad7bb
7,famous_le_10m,19,1.0,1.0,1,srnet,6cb68f2b2fa5a85cd9260e55e51c6cfc9e7013a972e9a5b60cc58228fa8ad7bb
7,famous_le_10m,20,1.0,1.0,1,srnet,6cb68f2b2fa5a85cd9260e55e51c6cfc9e7013a972e9a5b60cc58228fa8ad7bb
7,famous_le_10m,21,1.0,1.0,1,srnet,6cb68f2b2fa5a85cd9260e55e51c6cfc9e7013a972e9a5b60cc58228fa8ad7bb
7,famous_le_10m,22,1.0,1.0,1,srnet,6cb68f2b2fa5a85cd9260e55e51c6cfc9e7013a972e9a5b60cc58228fa8ad7bb
7,famous_le_10m,23,1.0,1.0,1,srnet,6cb68f2b2fa5a85cd9260e55e51c6cfc9e7013a972e9a5b60cc58228fa8ad7bb
7,famous_le_100m,0,0.6428571428571429,0.6428571428571429,1,srnet,6cb68f2b2fa5a85cd9260e55e51c6cfc9e7013a972e9a5b60cc58228fa8ad7bb
7,famous_le_100m,1,0.35714285714285715,0.35714285714285715,1,srnet,6cb68f2b2fa5a85cd9260e55e51c6cfc9e7013a972e9a5b60cc58228fa8ad7bb
7,famous_le_100m,2,0.35714285714285715,0.35714285714285715,1,srnet,6cb68f2b2fa5a85cd9260e55e51c6cfc9e7013a972e9a5b60cc58228fa8ad7bb
7,famous_le_100m,3,0.2857142857142857,0.2857142857142857,1,srnet,6cb68f2b2fa5a85cd9260e55e51c6cfc9e7013a972e9a5b60cc58228fa8ad7bb
7,famous_le_100m,4,0.35714285714285715,0.5,1,srnet,6cb68f2b2fa5a85cd9260e55e51c6cfc9e7013a972e9a5b60cc58228fa8ad7bb
7,famous_le_100m,5,0.6428571428571429,0.7142857142857143,1,srnet,6cb68f2b2fa5a85cd9260e55e51c6cfc9e7013a972e9a5b60cc58228fa8ad7bb
7,famous_le_100m,6,0.7142857142857143,0.7857142857142857,1,srnet,6cb68f2b2fa5a85cd9260e55e51c6cfc9e7013a972e9a5b60cc58228fa8ad7bb
7,famous_le_100m,7,0.8571428571428571,0.9285714285714286,1,srnet,6cb68f2b2fa5a85cd9260e55e51c6cfc9e7013a972e9a5b60cc58228fa8ad7bb
7,famous_le_100m,8,0.8571428571428571,0.9285714285714286,1,srnet,6cb68f2b2fa5a85cd9260e55e51c6cfc9e7013a972e9a5b60cc58228fa8ad7bb
7,famous_le_100m,9,0.9285714285714286,0.9285714285714286,1,srnet,6cb68f2b2fa5a85cd9260e55e51c6cfc9e7013a972e9a5b60cc58228fa8ad7bb
7,famous_le_100m,10,0.9285714285714286,0.9285714285714286,1,srnet,6cb68f2b2fa5a85cd9260e55e51c6cfc9e7013a972e9a5b60cc58228fa8ad7bb
7,famous_le_100m,11,0.9285714285714286,0.9285714285714286,1,srnet,6cb68f2b2fa5a85cd9260e55e51c6cfc9e7013a972e9a5b60cc58228fa8ad7bb
7,famous_le_100m,12,0.9285714285714286,0.9285714285714286,1,srnet,6cb68f2b2fa5a85cd9260e55e51c6cfc9e7013a972e9a5b60cc58228fa8ad7bb
7,famous_le_100m,13,1.0,1.0,1,srnet,6cb68f2b2fa5a85cd9260e55e51c6cfc9e7013a972e9a5b60cc58228fa8ad7bb
7,famous_le_100m,14,1.0,1.0,1,srnet,6cb68f2b2fa5a85cd9260e55e51c6cfc9e7013a972e9a5b60cc58228fa8ad7bb
7,famous_le_100m,15,1.0,1.0,1,srnet,6cb68f2b2fa5a85cd9260e55e51c6cfc9e7013a972e9a5b60cc58228fa8ad7bb
7,famous_le_100m,16,1.0,1.0,1,srnet,6cb68f2b2fa5a85cd9260e55e51c6cfc9e7013a972e9a5b60cc58228fa8ad7bb
7,famous_le_100m,17,1.0,1.0,1,srnet,6cb68f2b2fa5a85cd9260e55e51c6cfc9e7013a972e9a5b60cc58228fa8ad7bb
7,famous_le_100m,18,1.0,1.0,1,srnet,6cb68f2b2fa5a85cd9260e55e51c6cfc9e7013a972e9a5b60cc58228fa8ad7bb
7,famous_le_100m,19,1.0,1.0,1,srnet,6cb68f2b2fa5a85cd9260e55e51c6cfc9e7013a972e9a5b60cc58228fa8ad7bb
7,famous_le_100m,20,1.0,1.0,1,srnet,6cb68f2b2fa5a85cd9260e55e51c6cfc9e7013a972e9a5b60cc58228fa8ad7bb
7,famous_le_100m,21,1.0,1.0,1,srnet,6cb68f2b2fa5a85cd9260e55e51c6cfc9e7013a972e9a5b60cc58228fa8ad7bb
7,famous_le_100m,22,1.0,1.0,1,srnet,6cb68f2b2fa5a85cd9260e55e51c6cfc9e7013a972e9a5b60cc58228fa8ad7bb
7,famous_le_100m,23,1.0,1.0,1,srnet,6cb68f2b2fa5a85cd9260e55e51c6cfc9e7013a972e9a5b60cc58228fa8ad7bb
8,torch_pretrained_classification,0,0.65,0.6375,1,srnet,79c2d6ab6646f48035a0c1acf6775bf6c77ab78b8f67e4c0e3498c8632627050
8,famous_le_10m,0,0.4,0.8,1,srnet,79c2d6ab6646f48035a0c1acf6775bf6c77ab78b8f67e4c0e3498c8632627050
8,famous_le_10m,1,0.6,0.2,1,srnet,79c2d6ab6646f48035a0c1acf6775bf6c77ab78b8f67e4c0e3498c8632627050
8,famous_le_10m,2,0.6,0.6,1,srnet,79c2d6ab6646f48035a0c1acf6775bf6c77ab78b8f67e4c0e3498c8632627050
8,famous_le_10m,3,0.6,0.6,1,srnet,79c2d6ab6646f48035a0c1acf6775bf6c77ab78b8f67e4c0e3498c8632627050
8,famous_le_10m,4,1.0,0.8,1,srnet,79c2d6ab6646f48035a0c1acf6775bf6c77ab78b8f67e4c0e3498c8632627050
8,famous_le_10m,5,1.0,1.0,1,srnet,79c2d6ab6646f48035a0c1acf6775bf6c77ab78b8f67e4c0e3498c8632627050
8,famous_le_10m,6,1.0,1.0,1,srnet,79c2d6ab6646f48035a0c1acf6775bf6c77ab78b8f67e4c0e3498c8632627050
8,famous_le_10m,7,1.0,1.0,1,srnet,79c2d6ab6646f48035a0c1acf6775bf6c77ab78b8f67e4c0e3498c8632627050
8,famous_le_10m,8,1.0,1.0,1,srnet,79c2d6ab6646f48035a0c1acf6775bf6c77ab78b8f67e4c0e3498c8632627050
8,famous_le_10m,9,1.0,1.0,1,srnet,79c2d6ab6646f48035a0c1acf6775bf6c77ab78b8f67e4c0e3498c8632627050
8,famous_le_10m,10,1.0,1.0,1,srnet,79c2d6ab6646f48035a0c1acf6775bf6c77ab78b8f67e4c0e3498c8632627050
8,famous_le_10m,11,1.0,1.0,1,srnet,79c2d6ab6646f48035a0c1acf6775bf6c77ab78b8f67e4c0e3498c8632627050
8,famous_le_10m,12,1.0,1.0,1,srnet,79c2d6ab6646f48035a0c1acf6775bf6c77ab78b8f67e4c0e3498c8632627050
8,famous_le_10m,13,1.0,1.0,1,srnet,79c2d6ab6646f48035a0c1acf6775bf6c77ab78b8f67e4c0e3498c8632627050
8,famous_le_10m,14,1.0,1.0,1,srnet,79c2d6ab6646f48035a0c1acf6775bf6c77ab78b8f67e4c0e3498c8632627050
8,famous_le_10m,15,1.0,1.0,1,srnet,79c2d6ab6646f48035a0c1acf6775bf6c77ab78b8f67e4c0e3498c8632627050
8,famous_le_10m,16,1.0,1.0,1,srnet,79c2d6ab6646f48035a0c1acf6775bf6c77ab78b8f67e4c0e3498c8632627050
8,famous_le_10m,17,1.0,1.0,1,srnet,79c2d6ab6646f48035a0c1acf6775bf6c77ab78b8f67e4c0e3498c8632627050
8,famous_le_10m,18,1.0,1.0,1,srnet,79c2d6ab6646f48035a0c1acf6775bf6c77ab78b8f67e4c0e3498c8632627050
8,famous_le_10m,19,1.0,1.0,1,srnet,79c2d6ab6646f48035a0c1acf6775bf6c77ab78b8f67e4c0e3498c8632627050
8,famous_le_10m,20,1.0,1.0,1,srnet,79c2d6ab6646f48035a0c1acf6775bf6c77ab78b8f67e4c0e3498c8632627050
8,famous_le_10m,21,1.0,1.0,1,srnet,79c2d6ab6646f48035a0c1acf6775bf6c77ab78b8f67e4c0e3498c8632627050
8,famous_le_10m,22,1.0,1.0,1,srnet,79c2d6ab6646f48035a0c1acf6775bf6c77ab78b8f67e4c0e3498c8632627050
8,famous_le_10m,23,1.0,1.0,1,srnet,79c2d6ab6646f48035a0c1acf6775bf6c77ab78b8f67e4c0e3498c8632627050
8,famous_le_100m,0,0.6428571428571429,0.5714285714285714,1,srnet,79c2d6ab6646f48035a0c1acf6775bf6c77ab78b8f67e4c0e3498c8632627050
8,famous_le_100m,1,0.35714285714285715,0.42857142857142855,1,srnet,79c2d6ab6646f48035a0c1acf6775bf6c77ab78b8f67e4c0e3498c8632627050
8,famous_le_100m,2,0.35714285714285715,0.42857142857142855,1,srnet,79c2d6ab6646f48035a0c1acf6775bf6c77ab78b8f67e4c0e3498c8632627050
8,famous_le_100m,3,0.2857142857142857,0.42857142857142855,1,srnet,79c2d6ab6646f48035a0c1acf6775bf6c77ab78b8f67e4c0e3498c8632627050
8,famous_le_100m,4,0.5,0.5714285714285714,1,srnet,79c2d6ab6646f48035a0c1acf6775bf6c77ab78b8f67e4c0e3498c8632627050
8,famous_le_100m,5,0.6428571428571429,0.7857142857142857,1,srnet,79c2d6ab6646f48035a0c1acf6775bf6c77ab78b8f67e4c0e3498c8632627050
8,famous_le_100m,6,0.7857142857142857,0.8571428571428571,1,srnet,79c2d6ab6646f48035a0c1acf6775bf6c77ab78b8f67e4c0e3498c8632627050
8,famous_le_100m,7,0.8571428571428571,0.9285714285714286,1,srnet,79c2d6ab6646f48035a0c1acf6775bf6c77ab78b8f67e4c0e3498c8632627050
8,famous_le_100m,8,0.8571428571428571,0.9285714285714286,1,srnet,79c2d6ab6646f48035a0c1acf6775bf6c77ab78b8f67e4c0e3498c8632627050
8,famous_le_100m,9,0.9285714285714286,0.9285714285714286,1,srnet,79c2d6ab6646f48035a0c1acf6775bf6c77ab78b8f67e4c0e3498c8632627050
8,famous_le_100m,10,0.9285714285714286,0.9285714285714286,1,srnet,79c2d6ab6646f48035a0c1acf6775bf6c77ab78b8f67e4c0e3498c8632627050
8,famous_le_100m,11,0.9285714285714286,0.9285714285714286,1,srnet,79c2d6ab6646f48035a0c1acf6775bf6c77ab78b8f67e4c0e3498c8632627050
8,famous_le_100m,12,0.9285714285714286,0.9285714285714286,1,srnet,79c2d6ab6646f48035a0c1acf6775bf6c77ab78b8f67e4c0e3498c8632627050
8,famous_le_100m,13,1.0,1.0,1,srnet,79c2d6ab6646f48035a0c1acf6775bf6c77ab78b8f67e4c0e3498c8632627050
8,famous_le_100m,14,1.0,1.0,1,srnet,79c2d6ab6646f48035a0c1acf6775bf6c77ab78b8f67e4c0e3498c8632627050
8,famous_le_100m,15,1.0,1.0,1,srnet,79c2d6ab6646f48035a0c1acf6775bf6c77ab78b8f67e4c0e3498c8632627050
8,famous_le_100m,16,1.0,1.0,1,srnet,79c2d6ab6646f48035a0c1acf6775bf6c77ab78b8f67e4c0e3498c8632627050
8,famous_le_100m,17,1.0,1.0,1,srnet,79c2d6ab6646f48035a0c1acf6775bf6c77ab78b8f67e4c0e3498c8632627050
8,famous_le_100m,18,1.0,1.0,1,srnet,79c2d6ab6646f48035a0c1acf6775bf6c77ab78b8f67e4c0e3498c8632627050
8,famous_le_100m,19,1.0,1.0,1,srnet,79c2d6ab6646f48035a0c1acf6775bf6c77ab78b8f67e4c0e3498c8632627050
8,famous_le_100m,20,1.0,1.0,1,srnet,79c2d6ab6646f48035a0c1acf6775bf6c77ab78b8f67e4c0e3498c8632627050
8,famous_le_100m,21,1.0,1.0,1,srnet,79c2d6ab6646f48035a0c1acf6775bf6c77ab78b8f67e4c0e3498c8632627050
8,famous_le_100m,22,1.0,1.0,1,srnet,79c2d6ab6646f48035a0c1acf6775bf6c77ab78b8f67e4c0e3498c8632627050
8,famous_le_100m,23,1.0,1.0,1,srnet,79c2d6ab6646f48035a0c1acf6775bf6c77ab78b8f67e4c0e3498c8632627050
9,torch_pretrained_classification,0,0.65,0.6375,1,srnet,1a943016400ea00ddd9b27976715128dc77978971bb58551817dfe5e01f85524
9,famous_le_10m,0,0.8,0.4,1,srnet,1a943016400ea00ddd9b27976715128dc77978971bb58551817dfe5e01f85524
9,famous_le_10m,1,0.4,0.6,1,srnet,1a943016400ea00ddd9b27976715128dc77978971bb58551817dfe5e01f85524
9,famous_le_10m,2,0.4,0.8,1,srnet,1a943016400ea00ddd9b27976715128dc77978971bb58551817dfe5e01f85524
9,famous_le_10m,3,0.4,0.6,1,srnet,1a943016400ea00ddd9b27976715128dc77978971bb58551817dfe5e01f85524
9,famous_le_10m,4,1.0,0.8,1,srnet,1a943016400ea00ddd9b27976715128dc77978971bb58551817dfe5e01f85524
9,famous_le_10m,5,1.0,1.0,1,srnet,1a943016400ea00ddd9b27976715128dc77978971bb58551817dfe5e01f85524
9,famous_le_10m,6,1.0,1.0,1,srnet,1a943016400ea00ddd9b27976715128dc77978971bb58551817dfe5e01f85524
9,famous_le_10m,7,1.0,1.0,1,srnet,1a943016400ea00ddd9b27976715128dc77978971bb58551817dfe5e01f85524
9,famous_le_10m,8,1.0,1.0,1,srnet,1a943016400ea00ddd9b27976715128dc77978971bb58551817dfe5e01f85524
9,famous_le_10m,9,1.0,1.0,1,srnet,1a943016400ea00ddd9b27976715128dc77978971bb58551817dfe5e01f85524
9,famous_le_10m,10,1.0,1.0,1,srnet,1a943016400ea00ddd9b27976715128dc77978971bb58551817dfe5e01f85524
9,famous_le_10m,11,1.0,1.0,1,srnet,1a943016400ea00ddd9b27976715128dc77978971bb58551817dfe5e01f85524
9,famous_le_10m,12,1.0,1.0,1,srnet,1a943016400ea00ddd9b27976715128dc77978971bb58551817dfe5e01f85524
9,famous_le_10m,13,1.0,1.0,1,srnet,1a943016400ea00ddd9b27976715128dc77978971bb58551817dfe5e01f85524
9,famous_le_10m,14,1.0,1.0,1,srnet,1a943016400ea00ddd9b27976715128dc77978971bb58551817dfe5e01f85524
9,famous_le_10m,15,1.0,1.0,1,srnet,1a943016400ea00ddd9b27976715128dc77978971bb58551817dfe5e01f85524
9,famous_le_10m,16,1.0,1.0,1,srnet,1a943016400ea00ddd9b27976715128dc77978971bb58551817dfe5e01f85524
9,famous_le_10m,17,1.0,1.0,1,srnet,1a943016400ea00ddd9b27976715128dc77978971bb58551817dfe5e01f85524
9,famous_le_10m,18,1.0,1.0,1,srnet,1a943016400ea00ddd9b27976715128dc77978971bb58551817dfe5e01f85524
9,famous_le_10m,19,1.0,1.0,1,srnet,1a943016400ea00ddd9b27976715128dc77978971bb58551817dfe5e01f85524
9,famous_le_10m,20,1.0,1.0,1,srnet,1a943016400ea00ddd9b27976715128dc77978971bb58551817dfe5e01f85524
9,famous_le_10m,21,1.0,1.0,1,srnet,1a943016400ea00ddd9b27976715128dc77978971bb58551817dfe5e01f85524
9,famous_le_10m,22,1.0,1.0,1,srnet,1a943016400ea00ddd9b27976715128dc77978971bb58551817dfe5e01f85524
9,famous_le_10m,23,1.0,1.0,1,srnet,1a943016400ea00ddd9b27976715128dc77978971bb58551817dfe5e01f85524
9,famous_le_100m,0,0.7142857142857143,0.6428571428571429,1,srnet,1a943016400ea00ddd9b27976715128dc77978971bb58551817dfe5e01f85524
9,famous_le_100m,1,0.2857142857142857,0.35714285714285715,1,srnet,1a943016400ea00ddd9b27976715128dc77978971bb58551817dfe5e01f85524
9,famous_le_100m,2,0.2857142857142857,0.35714285714285715,1,srnet,1a943016400ea00ddd9b27976715128dc77978971bb58551817dfe5e01f85524
9,famous_le_100m,3,0.2857142857142857,0.35714285714285715,1,srnet,1a943016400ea00ddd9b27976715128dc77978971bb58551817dfe5e01f85524
9,famous_le_100m,4,0.5,0.42857142857142855,1,srnet,1a943016400ea00ddd9b27976715128dc77978971bb58551817dfe5e01f85524
9,famous_le_100m,5,0.6428571428571429,0.6428571428571429,1,srnet,1a943016400ea00ddd9b27976715128dc77978971bb58551817dfe5e01f85524
9,famous_le_100m,6,0.7142857142857143,0.8571428571428571,1,srnet,1a943016400ea00ddd9b27976715128dc77978971bb58551817dfe5e01f85524
9,famous_le_100m,7,0.8571428571428571,0.9285714285714286,1,srnet,1a943016400ea00ddd9b27976715128dc77978971bb58551817dfe5e01f85524
9,famous_le_100m,8,0.8571428571428571,0.8571428571428571,1,srnet,1a943016400ea00ddd9b27976715128dc77978971bb58551817dfe5e01f85524
9,famous_le_100m,9,0.9285714285714286,0.8571428571428571,1,srnet,1a943016400ea00ddd9b27976715128dc77978971bb58551817dfe5e01f85524
9,famous_le_100m,10,0.9285714285714286,0.9285714285714286,1,srnet,1a943016400ea00ddd9b27976715128dc77978971bb58551817dfe5e01f85524
9,famous_le_100m,11,0.9285714285714286,0.9285714285714286,1,srnet,1a943016400ea00ddd9b27976715128dc77978971bb58551817dfe5e01f85524
9,famous_le_100m,12,0.9285714285714286,0.9285714285714286,1,srnet,1a943016400ea00ddd9b27976715128dc77978971bb58551817dfe5e01f85524
9,famous_le_100m,13,1.0,1.0,1,srnet,1a943016400ea00ddd9b27976715128dc77978971bb58551817dfe5e01f85524
9,famous_le_100m,14,1.0,1.0,1,srnet,1a943016400ea00ddd9b27976715128dc77978971bb58551817dfe5e01f85524
9,famous_le_100m,15,1.0,1.0,1,srnet,1a943016400ea00ddd9b27976715128dc77978971bb58551817dfe5e01f85524
9,famous_le_100m,16,1.0,1.0,1,srnet,1a943016400ea00ddd9b27976715128dc77978971bb58551817dfe5e01f85524
9,famous_le_100m,17,1.0,1.0,1,srnet,1a943016400ea00ddd9b27976715128dc77978971bb58551817dfe5e01f85524
9,famous_le_100m,18,1.0,1.0,1,srnet,1a943016400ea00ddd9b27976715128dc77978971bb58551817dfe5e01f85524
9,famous_le_100m,19,1.0,1.0,1,srnet,1a943016400ea00ddd9b27976715128dc77978971bb58551817dfe5e01f85524
9,famous_le_100m,20,1.0,1.0,1,srnet,1a943016400ea00ddd9b27976715128dc77978971bb58551817dfe5e01f85524
9,famous_le_100m,21,1.0,1.0,1,srnet,1a943016400ea00ddd9b27976715128dc77978971bb58551817dfe5e01f85524
9,famous_le_100m,22,1.0,1.0,1,srnet,1a943016400ea00ddd9b27976715128dc77978971bb58551817dfe5e01f85524
9,famous_le_100m,23,1.0,1.0,1,srnet,1a943016400ea00ddd9b27976715128dc77978971bb58551817dfe5e01f85524
5,torch_pretrained_classification,0,0.7875,0.6875,2,srnet,557c1c7e73e92f29956966a703635d6f5786f5c92e35cf20d81fcc1ec1825681
5,famous_le_10m,0,0.8,0.4,2,srnet,557c1c7e73e92f29956966a703635d6f5786f5c92e35cf20d81fcc1ec1825681
5,famous_le_10m,1,0.4,0.6,2,srnet,557c1c7e73e92f29956966a703635d6f5786f5c92e35cf20d81fcc1ec1825681
5,famous_le_10m,2,0.4,0.6,2,srnet,557c1c7e73e92f29956966a703635d6f5786f5c92e35cf20d81fcc1ec1825681
5,famous_le_10m,3,0.4,0.6,2,srnet,557c1c7e73e92f29956966a703635d6f5786f5c92e35cf20d81fcc1ec1825681
5,famous_le_10m,4,0.8,1.0,2,srnet,557c1c7e73e92f29956966a703635d6f5786f5c92e35cf20d81fcc1ec1825681
5,famous_le_10m,5,1.0,0.8,2,srnet,557c1c7e73e92f29956966a703635d6f5786f5c92e35cf20d81fcc1ec1825681
5,famous_le_10m,6,1.0,1.0,2,srnet,557c1c7e73e92f29956966a703635d6f5786f5c92e35cf20d81fcc1ec1825681
5,famous_le_10m,7,1.0,1.0,2,srnet,557c1c7e73e92f29956966a703635d6f5786f5c92e35cf20d81fcc1ec1825681
5,famous_le_10m,8,1.0,1.0,2,srnet,557c1c7e73e92f29956966a703635d6f5786f5c92e35cf20d81fcc1ec1825681
5,famous_le_10m,9,1.0,1.0,2,srnet,557c1c7e73e92f29956966a703635d6f5786f5c92e35cf20d81fcc1ec1825681
5,famous_le_10m,10,1.0,1.0,2,srnet,557c1c7e73e92f29956966a703635d6f5786f5c92e35cf20d81fcc1ec1825681
5,famous_le_10m,11,1.0,1.0,2,srnet,557c1c7e73e92f29956966a703635d6f5786f5c92e35cf20d81fcc1ec1825681
5,famous_le_10m,12,1.0,1.0,2,srnet,557c1c7e73e92f29956966a703635d6f5786f5c92e35cf20d81fcc1ec1825681
5,famous_le_10m,13,1.0,1.0,2,srnet,557c1c7e73e92f29956966a703635d6f5786f5c92e35cf20d81fcc1ec1825681
5,famous_le_10m,14,1.0,1.0,2,srnet,557c1c7e73e92f29956966a703635d6f5786f5c92e35cf20d81fcc1ec1825681
5,famous_le_10m,15,1.0,1.0,2,srnet,557c1c7e73e92f29956966a703635d6f5786f5c92e35cf20d81fcc1ec1825681
5,famous_le_10m,16,1.0,1.0,2,srnet,557c1c7e73e92f29956966a703635d6f5786f5c92e35cf20d81fcc1ec1825681
5,famous_le_10m,17,1.0,1.0,2,srnet,557c1c7e73e92f29956966a703635d6f5786f5c92e35cf20d81fcc1ec1825681
5,famous_le_10m,18,1.0,1.0,2,srnet,557c1c7e73e92f29956966a703635d6f5786f5c92e35cf20d81fcc1ec1825681
5,famous_le_10m,19,1.0,1.0,2,srnet,557c1c7e73e92f29956966a703635d6f5786f5c92e35cf20d81fcc1ec1825681
5,famous_le_10m,20,1.0,1.0,2,srnet,557c1c7e73e92f29956966a703635d6f5786f5c92e35cf20d81fcc1ec1825681
5,famous_le_10m,21,1.0,1.0,2,srnet,557c1c7e73e92f29956966a703635d6f5786f5c92e35cf20d81fcc1ec1825681
5,famous_le_10m,22,1.0,1.0,2,srnet,557c1c7e73e92f29956966a703635d6f5786f5c92e35cf20d81fcc1ec1825681
5,famous_le_10m,23,1.0,1.0,2,srnet,557c1c7e73e92f29956966a703635d6f5786f5c92e35cf20d81fcc1ec1825681
5,famous_le_100m,0,0.7142857142857143,0.6428571428571429,2,srnet,557c1c7e73e92f29956966a703635d6f5786f5c92e35cf20d81fcc1ec1825681
5,famous_le_100m,1,0.2857142857142857,0.2857142857142857,2,srnet,557c1c7e73e92f29956966a703635d6f5786f5c92e35cf20d81fcc1ec1825681
5,famous_le_100m,2,0.2857142857142857,0.2857142857142857,2,srnet,557c1c7e73e92f29956966a703635d6f5786f5c92e35cf20d81fcc1ec1825681
5,famous_le_100m,3,0.2857142857142857,0.2857142857142857,2,srnet,557c1c7e73e92f29956966a703635d6f5786f5c92e35cf20d81fcc1ec1825681
5,famous_le_100m,4,0.2857142857142857,0.35714285714285715,2,srnet,557c1c7e73e92f29956966a703635d6f5786f5c92e35cf20d81fcc1ec1825681
5,famous_le_100m,5,0.5714285714285714,0.6428571428571429,2,srnet,557c1c7e73e92f29956966a703635d6f5786f5c92e35cf20d81fcc1ec1825681
5,famous_le_100m,6,0.5714285714285714,0.6428571428571429,2,srnet,557c1c7e73e92f29956966a703635d6f5786f5c92e35cf20d81fcc1ec1825681
5,famous_le_100m,7,0.8571428571428571,0.8571428571428571,2,srnet,557c1c7e73e92f29956966a703635d6f5786f5c92e35cf20d81fcc1ec1825681
5,famous_le_100m,8,0.8571428571428571,0.8571428571428571,2,srnet,557c1c7e73e92f29956966a703635d6f5786f5c92e35cf20d81fcc1ec1825681
5,famous_le_100m,9,0.9285714285714286,0.9285714285714286,2,srnet,557c1c7e73e92f29956966a703635d6f5786f5c92e35cf20d81fcc1ec1825681
5,famous_le_100m,10,0.9285714285714286,0.9285714285714286,2,srnet,557c1c7e73e92f29956966a703635d6f5786f5c92e35cf20d81fcc1ec1825681
5,famous_le_100m,11,0.9285714285714286,0.9285714285714286,2,srnet,557c1c7e73e92f29956966a703635d6f5786f5c92e35cf20d81fcc1ec1825681
5,famous_le_100m,12,0.9285714285714286,0.9285714285714286,2,srnet,557c1c7e73e92f29956966a703635d6f5786f5c92e35cf20d81fcc1ec1825681
5,famous_le_100m,13,0.9285714285714286,0.9285714285714286,2,srnet,557c1c7e73e92f29956966a703635d6f5786f5c92e35cf20d81fcc1ec1825681
5,famous_le_100m,14,1.0,1.0,2,srnet,557c1c7e73e92f29956966a703635d6f5786f5c92e35cf20d81fcc1ec1825681
5,famous_le_100m,15,1.0,1.0,2,srnet,557c1c7e73e92f29956966a703635d6f5786f5c92e35cf20d81fcc1ec1825681
5,famous_le_100m,16,1.0,1.0,2,srnet,557c1c7e73e92f29956966a703635d6f5786f5c92e35cf20d81fcc1ec1825681
5,famous_le_100m,17,1.0,1.0,2,srnet,557c1c7e73e92f29956966a703635d6f5786f5c92e35cf20d81fcc1ec1825681
5,famous_le_100m,18,1.0,1.0,2,srnet,557c1c7e73e92f29956966a703635d6f5786f5c92e35cf20d81fcc1ec1825681
5,famous_le_100m,19,1.0,1.0,2,srnet,557c1c7e73e92f29956966a703635d6f5786f5c92e35cf20d81fcc1ec1825681
5,famous_le_100m,20,1.0,1.0,2,srnet,557c1c7e73e92f29956966a703635d6f5786f5c92e35cf20d81fcc1ec1825681
5,famous_le_100m,21,1.0,1.0,2,srnet,557c1c7e73e92f29956966a703635d6f5786f5c92e35cf20d81fcc1ec1825681
5,famous_le_100m,22,1.0,1.0,2,srnet,557c1c7e73e92f29956966a703635d6f5786f5c92e35cf20d81fcc1ec1825681
5,famous_le_100m,23,1.0,1.0,2,srnet,557c1c7e73e92f29956966a703635d6f5786f5c92e35cf20d81fcc1ec1825681
6,torch_pretrained_classification,0,0.775,0.7,2,srnet,1b66c21fc9ac38af3c311fbaef335919ac8a7670540cc51bac80785bde94e3e0
6,famous_le_10m,0,0.8,0.6,2,srnet,1b66c21fc9ac38af3c311fbaef335919ac8a7670540cc51bac80785bde94e3e0
6,famous_le_10m,1,0.2,0.4,2,srnet,1b66c21fc9ac38af3c311fbaef335919ac8a7670540cc51bac80785bde94e3e0
6,famous_le_10m,2,0.2,0.6,2,srnet,1b66c21fc9ac38af3c311fbaef335919ac8a7670540cc51bac80785bde94e3e0
6,famous_le_10m,3,0.2,0.6,2,srnet,1b66c21fc9ac38af3c311fbaef335919ac8a7670540cc51bac80785bde94e3e0
6,famous_le_10m,4,1.0,0.6,2,srnet,1b66c21fc9ac38af3c311fbaef335919ac8a7670540cc51bac80785bde94e3e0
6,famous_le_10m,5,1.0,0.6,2,srnet,1b66c21fc9ac38af3c311fbaef335919ac8a7670540cc51bac80785bde94e3e0
6,famous_le_10m,6,1.0,1.0,2,srnet,1b66c21fc9ac38af3c311fbaef335919ac8a7670540cc51bac80785bde94e3e0
6,famous_le_10m,7,1.0,1.0,2,srnet,1b66c21fc9ac38af3c311fbaef335919ac8a7670540cc51bac80785bde94e3e0
6,famous_le_10m,8,1.0,1.0,2,srnet,1b66c21fc9ac38af3c311fbaef335919ac8a7670540cc51bac80785bde94e3e0
6,famous_le_10m,9,1.0,1.0,2,srnet,1b66c21fc9ac38af3c311fbaef335919ac8a7670540cc51bac80785bde94e3e0
6,famous_le_10m,10,1.0,1.0,2,srnet,1b66c21fc9ac38af3c311fbaef335919ac8a7670540cc51bac80785bde94e3e0
6,famous_le_10m,11,1.0,1.0,2,srnet,1b66c21fc9ac38af3c311fbaef335919ac8a7670540cc51bac80785bde94e3e0
6,famous_le_10m,12,1.0,1.0,2,srnet,1b66c21fc9ac38af3c311fbaef335919ac8a7670540cc51bac80785bde94e3e0
6,famous_le_10m,13,1.0,1.0,2,srnet,1b66c21fc9ac38af3c311fbaef335919ac8a7670540cc51bac80785bde94e3e0
6,famous_le_10m,14,1.0,1.0,2,srnet,1b66c21fc9ac38af3c311fbaef335919ac8a7670540cc51bac80785bde94e3e0
6,famous_le_10m,15,1.0,1.0,2,srnet,1b66c21fc9ac38af3c311fbaef335919ac8a7670540cc51bac80785bde94e3e0
6,famous_le_10m,16,1.0,1.0,2,srnet,1b66c21fc9ac38af3c311fbaef335919ac8a7670540cc51bac80785bde94e3e0
6,famous_le_10m,17,1.0,1.0,2,srnet,1b66c21fc9ac38af3c311fbaef335919ac8a7670540cc51bac80785bde94e3e0
6,famous_le_10m,18,1.0,1.0,2,srnet,1b66c21fc9ac38af3c311fbaef335919ac8a7670540cc51bac80785bde94e3e0
6,famous_le_10m,19,1.0,1.0,2,srnet,1b66c21fc9ac38af3c311fbaef335919ac8a7670540cc51bac80785bde94e3e0
6,famous_le_10m,20,1.0,1.0,2,srnet,1b66c21fc9ac38af3c311fbaef335919ac8a7670540cc51bac80785bde94e3e0
6,famous_le_10m,21,1.0,1.0,2,srnet,1b66c21fc9ac38af3c311fbaef335919ac8a7670540cc51bac80785bde94e3e0
6,famous_le_10m,22,1.0,1.0,2,srnet,1b66c21fc9ac38af3c311fbaef335919ac8a7670540cc51bac80785bde94e3e0
6,famous_le_10m,23,1.0,1.0,2,srnet,1b66c21fc9ac38af3c311fbaef335919ac8a7670540cc51bac80785bde94e3e0
6,famous_le_100m,0,0.7142857142857143,0.7142857142857143,2,srnet,1b66c21fc9ac38af3c311fbaef335919ac8a7670540cc51bac80785bde94e3e0
6,famous_le_100m,1,0.2857142857142857,0.2857142857142857,2,srnet,1b66c21fc9ac38af3c311fbaef335919ac8a7670540cc51bac80785bde94e3e0
6,famous_le_100m,2,0.2857142857142857,0.35714285714285715,2,srnet,1b66c21fc9ac38af3c311fbaef335919ac8a7670540cc51bac80785bde94e3e0
6,famous_le_100m,3,0.2857142857142857,0.35714285714285715,2,srnet,1b66c21fc9ac38af3c311fbaef335919ac8a7670540cc51bac80785bde94e3e0
6,famous_le_100m,4,0.35714285714285715,0.2857142857142857,2,srnet,1b66c21fc9ac38af3c311fbaef335919ac8a7670540cc51bac80785bde94e3e0
6,famous_le_100m,5,0.5714285714285714,0.6428571428571429,2,srnet,1b66c21fc9ac38af3c311fbaef335919ac8a7670540cc51bac80785bde94e3e0
6,famous_le_100m,6,0.7142857142857143,0.6428571428571429,2,srnet,1b66c21fc9ac38af3c311fbaef335919ac8a7670540cc51bac80785bde94e3e0
6,famous_le_100m,7,0.8571428571428571,0.8571428571428571,2,srnet,1b66c21fc9ac38af3c311fbaef335919ac8a7670540cc51bac80785bde94e3e0
6,famous_le_100m,8,0.8571428571428571,0.8571428571428571,2,srnet,1b66c21fc9ac38af3c311fbaef335919ac8a7670540cc51bac80785bde94e3e0
6,famous_le_100m,9,0.9285714285714286,0.9285714285714286,2,srnet,1b66c21fc9ac38af3c311fbaef335919ac8a7670540cc51bac80785bde94e3e0
6,famous_le_100m,10,0.9285714285714286,0.9285714285714286,2,srnet,1b66c21fc9ac38af3c311fbaef335919ac8a7670540cc51bac80785bde94e3e0
6,famous_le_100m,11,0.9285714285714286,0.9285714285714286,2,srnet,1b66c21fc9ac38af3c311fbaef335919ac8a7670540cc51bac80785bde94e3e0
6,famous_le_100m,12,0.9285714285714286,0.9285714285714286,2,srnet,1b66c21fc9ac38af3c311fbaef335919ac8a7670540cc51bac80785bde94e3e0
6,famous_le_100m,13,1.0,1.0,2,srnet,1b66c21fc9ac38af3c311fbaef335919ac8a7670540cc51bac80785bde94e3e0
6,famous_le_100m,14,1.0,1.0,2,srnet,1b66c21fc9ac38af3c311fbaef335919ac8a7670540cc51bac80785bde94e3e0
6,famous_le_100m,15,1.0,1.0,2,srnet,1b66c21fc9ac38af3c311fbaef335919ac8a7670540cc51bac80785bde94e3e0
6,famous_le_100m,16,1.0,1.0,2,srnet,1b66c21fc9ac38af3c311fbaef335919ac8a7670540cc51bac80785bde94e3e0
6,famous_le_100m,17,1.0,1.0,2,srnet,1b66c21fc9ac38af3c311fbaef335919ac8a7670540cc51bac80785bde94e3e0
6,famous_le_100m,18,1.0,1.0,2,srnet,1b66c21fc9ac38af3c311fbaef335919ac8a7670540cc51bac80785bde94e3e0
6,famous_le_100m,19,1.0,1.0,2,srnet,1b66c21fc9ac38af3c311fbaef335919ac8a7670540cc51bac80785bde94e3e0
6,famous_le_100m,20,1.0,1.0,2,srnet,1b66c21fc9ac38af3c311fbaef335919ac8a7670540cc51bac80785bde94e3e0
6,famous_le_100m,21,1.0,1.0,2,srnet,1b66c21fc9ac38af3c311fbaef335919ac8a7670540cc51bac80785bde94e3e0
6,famous_le_100m,22,1.0,1.0,2,srnet,1b66c21fc9ac38af3c311fbaef335919ac8a7670540cc51bac80785bde94e3e0
6,famous_le_100m,23,1.0,1.0,2,srnet,1b66c21fc9ac38af3c311fbaef335919ac8a7670540cc51bac80785bde94e3e0
7,torch_pretrained_classification,0,0.7625,0.775,2,srnet,398338e17791c9c69f63e8a2ce7bd868d1567f56d98fd440c6f4bb54101962fd
7,famous_le_10m,0,0.8,0.8,2,srnet,398338e17791c9c69f63e8a2ce7bd868d1567f56d98fd440c6f4bb54101962fd
7,famous_le_10m,1,0.2,0.2,2,srnet,398338e17791c9c69f63e8a2ce7bd868d1567f56d98fd440c6f4bb54101962fd
7,famous_le_10m,2,0.2,0.6,2,srnet,398338e17791c9c69f63e8a2ce7bd868d1567f56d98fd440c6f4bb54101962fd
7,famous_le_10m,3,0.2,0.6,2,srnet,398338e17791c9c69f63e8a2ce7bd868d1567f56d98fd440c6f4bb54101962fd
7,famous_le_10m,4,1.0,0.6,2,srnet,398338e17791c9c69f63e8a2ce7bd868d1567f56d98fd440c6f4bb54101962fd
7,famous_le_10m,5,1.0,0.6,2,srnet,398338e17791c9c69f63e8a2ce7bd868d1567f56d98fd440c6f4bb54101962fd
7,famous_le_10m,6,1.0,1.0,2,srnet,398338e17791c9c69f63e8a2ce7bd868d1567f56d98fd440c6f4bb54101962fd
7,famous_le_10m,7,1.0,1.0,2,srnet,398338e17791c9c69f63e8a2ce7bd868d1567f56d98fd440c6f4bb54101962fd
7,famous_le_10m,8,1.0,1.0,2,srnet,398338e17791c9c69f63e8a2ce7bd868d1567f56d98fd440c6f4bb54101962fd
7,famous_le_10m,9,1.0,1.0,2,srnet,398338e17791c9c69f63e8a2ce7bd868d1567f56d98fd440c6f4bb54101962fd
7,famous_le_10m,10,1.0,1.0,2,srnet,398338e17791c9c69f63e8a2ce7bd868d1567f56d98fd440c6f4bb54101962fd
7,famous_le_10m,11,1.0,1.0,2,srnet,398338e17791c9c69f63e8a2ce7bd868d1567f56d98fd440c6f4bb54101962fd
7,famous_le_10m,12,1.0,1.0,2,srnet,398338e17791c9c69f63e8a2ce7bd868d1567f56d98fd440c6f4bb54101962fd
7,famous_le_10m,13,1.0,1.0,2,srnet,398338e17791c9c69f63e8a2ce7bd868d1567f56d98fd440c6f4bb54101962fd
7,famous_le_10m,14,1.0,1.0,2,srnet,398338e17791c9c69f63e8a2ce7bd868d1567f56d98fd440c6f4bb54101962fd
7,famous_le_10m,15,1.0,1.0,2,srnet,398338e17791c9c69f63e8a2ce7bd868d1567f56d98fd440c6f4bb54101962fd
7,famous_le_10m,16,1.0,1.0,2,srnet,398338e17791c9c69f63e8a2ce7bd868d1567f56d98fd440c6f4bb54101962fd
7,famous_le_10m,17,1.0,1.0,2,srnet,398338e17791c9c69f63e8a2ce7bd868d1567f56d98fd440c6f4bb54101962fd
7,famous_le_10m,18,1.0,1.0,2,srnet,398338e17791c9c69f63e8a2ce7bd868d1567f56d98fd440c6f4bb54101962fd
7,famous_le_10m,19,1.0,1.0,2,srnet,398338e17791c9c69f63e8a2ce7bd868d1567f56d98fd440c6f4bb54101962fd
7,famous_le_10m,20,1.0,1.0,2,srnet,398338e17791c9c69f63e8a2ce7bd868d1567f56d98fd440c6f4bb54101962fd
7,famous_le_10m,21,1.0,1.0,2,srnet,398338e17791c9c69f63e8a2ce7bd868d1567f56d98fd440c6f4bb54101962fd
7,famous_le_10m,22,1.0,1.0,2,srnet,398338e17791c9c69f63e8a2ce7bd868d1567f56d98fd440c6f4bb54101962fd
7,famous_le_10m,23,1.0,1.0,2,srnet,398338e17791c9c69f63e8a2ce7bd868d1567f56d98fd440c6f4bb54101962fd
7,famous_le_100m,0,0.7142857142857143,0.7857142857142857,2,srnet,398338e17791c9c69f63e8a2ce7bd868d1567f56d98fd440c6f4bb54101962fd
7,famous_le_100m,1,0.2857142857142857,0.2857142857142857,2,srnet,398338e17791c9c69f63e8a2ce7bd868d1567f56d98fd440c6f4bb54101962fd
7,famous_le_100m,2,0.2857142857142857,0.2857142857142857,2,srnet,398338e17791c9c69f63e8a2ce7bd868d1567f56d98fd440c6f4bb54101962fd
7,famous_le_100m,3,0.2857142857142857,0.14285714285714285,2,srnet,398338e17791c9c69f63e8a2ce7bd868d1567f56d98fd440c6f4bb54101962fd
7,famous_le_100m,4,0.2857142857142857,0.21428571428571427,2,srnet,398338e17791c9c69f63e8a2ce7bd868d1567f56d98fd440c6f4bb54101962fd
7,famous_le_100m,5,0.5714285714285714,0.42857142857142855,2,srnet,398338e17791c9c69f63e8a2ce7bd868d1567f56d98fd440c6f4bb54101962fd
7,famous_le_100m,6,0.5714285714285714,0.7857142857142857,2,srnet,398338e17791c9c69f63e8a2ce7bd868d1567f56d98fd440c6f4bb54101962fd
7,famous_le_100m,7,0.8571428571428571,0.8571428571428571,2,srnet,398338e17791c9c69f63e8a2ce7bd868d1567f56d98fd440c6f4bb54101962fd
7,famous_le_100m,8,0.8571428571428571,0.8571428571428571,2,srnet,398338e17791c9c69f63e8a2ce7bd868d1567f56d98fd440c6f4bb54101962fd
7,famous_le_100m,9,0.8571428571428571,0.9285714285714286,2,srnet,398338e17791c9c69f63e8a2ce7bd868d1567f56d98fd440c6f4bb54101962fd
7,famous_le_100m,10,0.9285714285714286,0.9285714285714286,2,srnet,398338e17791c9c69f63e8a2ce7bd868d1567f56d98fd440c6f4bb54101962fd
7,famous_le_100m,11,0.9285714285714286,0.9285714285714286,2,srnet,398338e17791c9c69f63e8a2ce7bd868d1567f56d98fd440c6f4bb54101962fd
7,famous_le_100m,12,0.9285714285714286,0.9285714285714286,2,srnet,398338e17791c9c69f63e8a2ce7bd868d1567f56d98fd440c6f4bb54101962fd
7,famous_le_100m,13,0.9285714285714286,1.0,2,srnet,398338e17791c9c69f63e8a2ce7bd868d1567f56d98fd440c6f4bb54101962fd
7,famous_le_100m,14,1.0,1.0,2,srnet,398338e17791c9c69f63e8a2ce7bd868d1567f56d98fd440c6f4bb54101962fd
7,famous_le_100m,15,1.0,1.0,2,srnet,398338e17791c9c69f63e8a2ce7bd868d1567f56d98fd440c6f4bb54101962fd
7,famous_le_100m,16,1.0,1.0,2,srnet,398338e17791c9c69f63e8a2ce7bd868d1567f56d98fd440c6f4bb54101962fd
7,famous_le_100m,17,1.0,1.0,2,srnet,398338e17791c9c69f63e8a2ce7bd868d1567f56d98fd440c6f4bb54101962fd
7,famous_le_100m,18,1.0,1.0,2,srnet,398338e17791c9c69f63e8a2ce7bd868d1567f56d98fd440c6f4bb54101962fd
7,famous_le_100m,19,1.0,1.0,2,srnet,398338e17791c9c69f63e8a2ce7bd868d1567f56d98fd440c6f4bb54101962fd
7,famous_le_100m,20,1.0,1.0,2,srnet,398338e17791c9c69f63e8a2ce7bd868d1567f56d98fd440c6f4bb54101962fd
7,famous_le_100m,21,1.0,1.0,2,srnet,398338e17791c9c69f63e8a2ce7bd868d1567f56d98fd440c6f4bb54101962fd
7,famous_le_100m,22,1.0,1.0,2,srnet,398338e17791c9c69f63e8a2ce7bd868d1567f56d98fd440c6f4bb54101962fd
7,famous_le_100m,23,1.0,1.0,2,srnet,398338e17791c9c69f63e8a2ce7bd868d1567f56d98fd440c6f4bb54101962fd
8,torch_pretrained_classification,0,0.7125,0.725,2,srnet,c3b4393c486843573818c74a886bba62c71f30e5e4ac45ea3650df576231ca31
8,famous_le_10m,0,0.8,0.6,2,srnet,c3b4393c486843573818c74a886bba62c71f30e5e4ac45ea3650df576231ca31
8,famous_le_10m,1,0.2,0.4,2,srnet,c3b4393c486843573818c74a886bba62c71f30e5e4ac45ea3650df576231ca31
8,famous_le_10m,2,0.2,0.6,2,srnet,c3b4393c486843573818c74a886bba62c71f30e5e4ac45ea3650df576231ca31
8,famous_le_10m,3,0.4,0.6,2,srnet,c3b4393c486843573818c74a886bba62c71f30e5e4ac45ea3650df576231ca31
8,famous_le_10m,4,1.0,0.4,2,srnet,c3b4393c486843573818c74a886bba62c71f30e5e4ac45ea3650df576231ca31
8,famous_le_10m,5,1.0,0.8,2,srnet,c3b4393c486843573818c74a886bba62c71f30e5e4ac45ea3650df576231ca31
8,famous_le_10m,6,1.0,1.0,2,srnet,c3b4393c486843573818c74a886bba62c71f30e5e4ac45ea3650df576231ca31
8,famous_le_10m,7,1.0,1.0,2,srnet,c3b4393c486843573818c74a886bba62c71f30e5e4ac45ea3650df576231ca31
8,famous_le_10m,8,1.0,1.0,2,srnet,c3b4393c486843573818c74a886bba62c71f30e5e4ac45ea3650df576231ca31
8,famous_le_10m,9,1.0,1.0,2,srnet,c3b4393c486843573818c74a886bba62c71f30e5e4ac45ea3650df576231ca31
8,famous_le_10m,10,1.0,1.0,2,srnet,c3b4393c486843573818c74a886bba62c71f30e5e4ac45ea3650df576231ca31
8,famous_le_10m,11,1.0,1.0,2,srnet,c3b4393c486843573818c74a886bba62c71f30e5e4ac45ea3650df576231ca31
8,famous_le_10m,12,1.0,1.0,2,srnet,c3b4393c486843573818c74a886bba62c71f30e5e4ac45ea3650df576231ca31
8,famous_le_10m,13,1.0,1.0,2,srnet,c3b4393c486843573818c74a886bba62c71f30e5e4ac45ea3650df576231ca31
8,famous_le_10m,14,1.0,1.0,2,srnet,c3b4393c486843573818c74a886bba62c71f30e5e4ac45ea3650df576231ca31
8,famous_le_10m,15,1.0,1.0,2,srnet,c3b4393c486843573818c74a886bba62c71f30e5e4ac45ea3650df576231ca31
8,famous_le_10m,16,1.0,1.0,2,srnet,c3b4393c486843573818c74a886bba62c71f30e5e4ac45ea3650df576231ca31
8,famous_le_10m,17,1.0,1.0,2,srnet,c3b4393c486843573818c74a886bba62c71f30e5e4ac45ea3650df576231ca31
8,famous_le_10m,18,1.0,1.0,2,srnet,c3b4393c486843573818c74a886bba62c71f30e5e4ac45ea3650df576231ca31
8,famous_le_10m,19,1.0,1.0,2,srnet,c3b4393c486843573818c74a886bba62c71f30e5e4ac45ea3650df576231ca31
8,famous_le_10m,20,1.0,1.0,2,srnet,c3b4393c486843573818c74a886bba62c71f30e5e4ac45ea3650df576231ca31
8,famous_le_10m,21,1.0,1.0,2,srnet,c3b4393c486843573818c74a886bba62c71f30e5e4ac45ea3650df576231ca31
8,famous_le_10m,22,1.0,1.0,2,srnet,c3b4393c486843573818c74a886bba62c71f30e5e4ac45ea3650df576231ca31
8,famous_le_10m,23,1.0,1.0,2,srnet,c3b4393c486843573818c74a886bba62c71f30e5e4ac45ea3650df576231ca31
8,famous_le_100m,0,0.7142857142857143,0.7857142857142857,2,srnet,c3b4393c486843573818c74a886bba62c71f30e5e4ac45ea3650df576231ca31
8,famous_le_100m,1,0.2857142857142857,0.21428571428571427,2,srnet,c3b4393c486843573818c74a886bba62c71f30e5e4ac45ea3650df576231ca31
8,famous_le_100m,2,0.2857142857142857,0.21428571428571427,2,srnet,c3b4393c486843573818c74a886bba62c71f30e5e4ac45ea3650df576231ca31
8,famous_le_100m,3,0.2857142857142857,0.14285714285714285,2,srnet,c3b4393c486843573818c74a886bba62c71f30e5e4ac45ea3650df576231ca31
8,famous_le_100m,4,0.35714285714285715,0.21428571428571427,2,srnet,c3b4393c486843573818c74a886bba62c71f30e5e4ac45ea3650df576231ca31
8,famous_le_100m,5,0.5714285714285714,0.5,2,srnet,c3b4393c486843573818c74a886bba62c71f30e5e4ac45ea3650df576231ca31
8,famous_le_100m,6,0.6428571428571429,0.7857142857142857,2,srnet,c3b4393c486843573818c74a886bba62c71f30e5e4ac45ea3650df576231ca31
8,famous_le_100m,7,0.8571428571428571,0.8571428571428571,2,srnet,c3b4393c486843573818c74a886bba62c71f30e5e4ac45ea3650df576231ca31
8,famous_le_100m,8,0.8571428571428571,0.8571428571428571,2,srnet,c3b4393c486843573818c74a886bba62c71f30e5e4ac45ea3650df576231ca31
8,famous_le_100m,9,0.9285714285714286,0.9285714285714286,2,srnet,c3b4393c486843573818c74a886bba62c71f30e5e4ac45ea3650df576231ca31
8,famous_le_100m,10,0.9285714285714286,0.9285714285714286,2,srnet,c3b4393c486843573818c74a886bba62c71f30e5e4ac45ea3650df576231ca31
8,famous_le_100m,11,0.9285714285714286,0.9285714285714286,2,srnet,c3b4393c486843573818c74a886bba62c71f30e5e4ac45ea3650df576231ca31
8,famous_le_100m,12,0.9285714285714286,0.9285714285714286,2,srnet,c3b4393c486843573818c74a886bba62c71f30e5e4ac45ea3650df576231ca31
8,famous_le_100m,13,1.0,1.0,2,srnet,c3b4393c486843573818c74a886bba62c71f30e5e4ac45ea3650df576231ca31
8,famous_le_100m,14,1.0,1.0,2,srnet,c3b4393c486843573818c74a886bba62c71f30e5e4ac45ea3650df576231ca31
8,famous_le_100m,15,1.0,1.0,2,srnet,c3b4393c486843573818c74a886bba62c71f30e5e4ac45ea3650df576231ca31
8,famous_le_100m,16,1.0,1.0,2,srnet,c3b4393c486843573818c74a886bba62c71f30e5e4ac45ea3650df576231ca31
8,famous_le_100m,17,1.0,1.0,2,srnet,c3b4393c486843573818c74a886bba62c71f30e5e4ac45ea3650df576231ca31
8,famous_le_100m,18,1.0,1.0,2,srnet,c3b4393c486843573818c74a886bba62c71f30e5e4ac45ea3650df576231ca31
8,famous_le_100m,19,1.0,1.0,2,srnet,c3b4393c486843573818c74a886bba62c71f30e5e4ac45ea3650df576231ca31
8,famous_le_100m,20,1.0,1.0,2,srnet,c3b4393c486843573818c74a886bba62c71f30e5e4ac45ea3650df576231ca31
8,famous_le_100m,21,1.0,1.0,2,srnet,c3b4393c486843573818c74a886bba62c71f30e5e4ac45ea3650df576231ca31
8,famous_le_100m,22,1.0,1.0,2,srnet,c3b4393c486843573818c74a886bba62c71f30e5e4ac45ea3650df576231ca31
8,famous_le_100m,23,1.0,1.0,2,srnet,c3b4393c486843573818c74a886bba62c71f30e5e4ac45ea3650df576231ca31
9,torch_pretrained_classification,0,0.7,0.7875,2,srnet,bd2e9373242bc93333fdd894025eace38b4624bfe2f5dec3197b1b80f539e875
9,famous_le_10m,0,0.6,0.8,2,srnet,bd2e9373242bc93333fdd894025eace38b4624bfe2f5dec3197b1b80f539e875
9,famous_le_10m,1,0.4,0.2,2,srnet,bd2e9373242bc93333fdd894025eace38b4624bfe2f5dec3197b1b80f539e875
9,famous_le_10m,2,0.4,0.2,2,srnet,bd2e9373242bc93333fdd894025eace38b4624bfe2f5dec3197b1b80f539e875
9,famous_le_10m,3,0.4,0.2,2,srnet,bd2e9373242bc93333fdd894025eace38b4624bfe2f5dec3197b1b80f539e875
9,famous_le_10m,4,0.8,0.6,2,srnet,bd2e9373242bc93333fdd894025eace38b4624bfe2f5dec3197b1b80f539e875
9,famous_le_10m,5,1.0,0.8,2,srnet,bd2e9373242bc93333fdd894025eace38b4624bfe2f5dec3197b1b80f539e875
9,famous_le_10m,6,1.0,1.0,2,srnet,bd2e9373242bc93333fdd894025eace38b4624bfe2f5dec3197b1b80f539e875
9,famous_le_10m,7,1.0,1.0,2,srnet,bd2e9373242bc93333fdd894025eace38b4624bfe2f5dec3197b1b80f539e875
9,famous_le_10m,8,1.0,1.0,2,srnet,bd2e9373242bc93333fdd894025eace38b4624bfe2f5dec3197b1b80f539e875
9,famous_le_10m,9,1.0,1.0,2,srnet,bd2e9373242bc93333fdd894025eace38b4624bfe2f5dec3197b1b80f539e875
9,famous_le_10m,10,1.0,1.0,2,srnet,bd2e9373242bc93333fdd894025eace38b4624bfe2f5dec3197b1b80f539e875
9,famous_le_10m,11,1.0,1.0,2,srnet,bd2e9373242bc93333fdd894025eace38b4624bfe2f5dec3197b1b80f539e875
9,famous_le_10m,12,1.0,1.0,2,srnet,bd2e9373242bc93333fdd894025eace38b4624bfe2f5dec3197b1b80f539e875
9,famous_le_10m,13,1.0,1.0,2,srnet,bd2e9373242bc93333fdd894025eace38b4624bfe2f5dec3197b1b80f539e875
9,famous_le_10m,14,1.0,1.0,2,srnet,bd2e9373242bc93333fdd894025eace38b4624bfe2f5dec3197b1b80f539e875
9,famous_le_10m,15,1.0,1.0,2,srnet,bd2e9373242bc93333fdd894025eace38b4624bfe2f5dec3197b1b80f539e875
9,famous_le_10m,16,1.0,1.0,2,srnet,bd2e9373242bc93333fdd894025eace38b4624bfe2f5dec3197b1b80f539e875
9,famous_le_10m,17,1.0,1.0,2,srnet,bd2e9373242bc93333fdd894025eace38b4624bfe2f5dec3197b1b80f539e875
9,famous_le_10m,18,1.0,1.0,2,srnet,bd2e9373242bc93333fdd894025eace38b4624bfe2f5dec3197b1b80f539e875
9,famous_le_10m,19,1.0,1.0,2,srnet,bd2e9373242bc93333fdd894025eace38b4624bfe2f5dec3197b1b80f539e875
9,famous_le_10m,20,1.0,1.0,2,srnet,bd2e9373242bc93333fdd894025eace38b4624bfe2f5dec3197b1b80f539e875
9,famous_le_10m,21,1.0,1.0,2,srnet,bd2e9373242bc93333fdd894025eace38b4624bfe2f5dec3197b1b80f539e875
9,famous_le_10m,22,1.0,1.0,2,srnet,bd2e9373242bc93333fdd894025eace38b4624bfe2f5dec3197b1b80f539e875
9,famous_le_10m,23,1.0,1.0,2,srnet,bd2e9373242bc93333fdd894025eace38b4624bfe2f5dec3197b1b80f539e875
9,famous_le_100m,0,0.7142857142857143,0.7857142857142857,2,srnet,bd2e9373242bc93333fdd894025eace38b4624bfe2f5dec3197b1b80f539e875
9,famous_le_100m,1,0.2857142857142857,0.21428571428571427,2,srnet,bd2e9373242bc93333fdd894025eace38b4624bfe2f5dec3197b1b80f539e875
9,famous_le_100m,2,0.2857142857142857,0.21428571428571427,2,srnet,bd2e9373242bc93333fdd894025eace38b4624bfe2f5dec3197b1b80f539e875
9,famous_le_100m,3,0.2857142857142857,0.2857142857142857,2,srnet,bd2e9373242bc93333fdd894025eace38b4624bfe2f5dec3197b1b80f539e875
9,famous_le_100m,4,0.2857142857142857,0.35714285714285715,2,srnet,bd2e9373242bc93333fdd894025eace38b4624bfe2f5dec3197b1b80f539e875
9,famous_le_100m,5,0.5714285714285714,0.5714285714285714,2,srnet,bd2e9373242bc93333fdd894025eace38b4624bfe2f5dec3197b1b80f539e875
9,famous_le_100m,6,0.6428571428571429,0.7142857142857143,2,srnet,bd2e9373242bc93333fdd894025eace38b4624bfe2f5dec3197b1b80f539e875
9,famous_le_100m,7,0.8571428571428571,0.8571428571428571,2,srnet,bd2e9373242bc93333fdd894025eace38b4624bfe2f5dec3197b1b80f539e875
9,famous_le_100m,8,0.8571428571428571,0.8571428571428571,2,srnet,bd2e9373242bc93333fdd894025eace38b4624bfe2f5dec3197b1b80f539e875
9,famous_le_100m,9,0.9285714285714286,0.9285714285714286,2,srnet,bd2e9373242bc93333fdd894025eace38b4624bfe2f5dec3197b1b80f539e875
9,famous_le_100m,10,0.9285714285714286,0.9285714285714286,2,srnet,bd2e9373242bc93333fdd894025eace38b4624bfe2f5dec3197b1b80f539e875
9,famous_le_100m,11,0.9285714285714286,0.9285714285714286,2,srnet,bd2e9373242bc93333fdd894025eace38b4624bfe2f5dec3197b1b80f539e875
9,famous_le_100m,12,0.9285714285714286,0.9285714285714286,2,srnet,bd2e9373242bc93333fdd894025eace38b4624bfe2f5dec3197b1b80f539e875
9,famous_le_100m,13,1.0,1.0,2,srnet,bd2e9373242bc93333fdd894025eace38b4624bfe2f5dec3197b1b80f539e875
9,famous_le_100m,14,1.0,1.0,2,srnet,bd2e9373242bc93333fdd894025eace38b4624bfe2f5dec3197b1b80f539e875
9,famous_le_100m,15,1.0,1.0,2,srnet,bd2e9373242bc93333fdd894025eace38b4624bfe2f5dec3197b1b80f539e875
9,famous_le_100m,16,1.0,1.0,2,srnet,bd2e9373242bc93333fdd894025eace38b4624bfe2f5dec3197b1b80f539e875
9,famous_le_100m,17,1.0,1.0,2,srnet,bd2e9373242bc93333fdd894025eace38b4624bfe2f5dec3197b1b80f539e875
9,famous_le_100m,18,1.0,1.0,2,srnet,bd2e9373242bc93333fdd894025eace38b4624bfe2f5dec3197b1b80f539e875
9,famous_le_100m,19,1.0,1.0,2,srnet,bd2e9373242bc93333fdd894025eace38b4624bfe2f5dec3197b1b80f539e875
9,famous_le_100m,20,1.0,1.0,2,srnet,bd2e9373242bc93333fdd894025eace38b4624bfe2f5dec3197b1b80f539e875
9,famous_le_100m,21,1.0,1.0,2,srnet,bd2e9373242bc93333fdd894025eace38b4624bfe2f5dec3197b1b80f539e875
9,famous_le_100m,22,1.0,1.0,2,srnet,bd2e9373242bc93333fdd894025eace38b4624bfe2f5dec3197b1b80f539e875
9,famous_le_100m,23,1.0,1.0,2,srnet,bd2e9373242bc93333fdd894025eace38b4624bfe2f5dec3197b1b80f539e875
5,torch_pretrained_classification,0,0.85,0.8125,3,srnet,31505d74c553a0afcb74af63a5c7e7da9420721082d337e09ffddb502bbe190c
5,famous_le_10m,0,0.8,0.8,3,srnet,31505d74c553a0afcb74af63a5c7e7da9420721082d337e09ffddb502bbe190c
5,famous_le_10m,1,0.2,0.2,3,srnet,31505d74c553a0afcb74af63a5c7e7da9420721082d337e09ffddb502bbe190c
5,famous_le_10m,2,0.2,0.2,3,srnet,31505d74c553a0afcb74af63a5c7e7da9420721082d337e09ffddb502bbe190c
5,famous_le_10m,3,0.2,0.6,3,srnet,31505d74c553a0afcb74af63a5c7e7da9420721082d337e09ffddb502bbe190c
5,famous_le_10m,4,1.0,1.0,3,srnet,31505d74c553a0afcb74af63a5c7e7da9420721082d337e09ffddb502bbe190c
5,famous_le_10m,5,1.0,1.0,3,srnet,31505d74c553a0afcb74af63a5c7e7da9420721082d337e09ffddb502bbe190c
5,famous_le_10m,6,1.0,1.0,3,srnet,31505d74c553a0afcb74af63a5c7e7da9420721082d337e09ffddb502bbe190c
5,famous_le_10m,7,1.0,1.0,3,srnet,31505d74c553a0afcb74af63a5c7e7da9420721082d337e09ffddb502bbe190c
5,famous_le_10m,8,1.0,1.0,3,srnet,31505d74c553a0afcb74af63a5c7e7da9420721082d337e09ffddb502bbe190c
5,famous_le_10m,9,1.0,1.0,3,srnet,31505d74c553a0afcb74af63a5c7e7da9420721082d337e09ffddb502bbe190c
5,famous_le_10m,10,1.0,1.0,3,srnet,31505d74c553a0afcb74af63a5c7e7da9420721082d337e09ffddb502bbe190c
5,famous_le_10m,11,1.0,1.0,3,srnet,31505d74c553a0afcb74af63a5c7e7da9420721082d337e09ffddb502bbe190c
5,famous_le_10m,12,1.0,1.0,3,srnet,31505d74c553a0afcb74af63a5c7e7da9420721082d337e09ffddb502bbe190c
5,famous_le_10m,13,1.0,1.0,3,srnet,31505d74c553a0afcb74af63a5c7e7da9420721082d337e09ffddb502bbe190c
5,famous_le_10m,14,1.0,1.0,3,srnet,31505d74c553a0afcb74af63a5c7e7da9420721082d337e09ffddb502bbe190c
5,famous_le_10m,15,1.0,1.0,3,srnet,31505d74c553a0afcb74af63a5c7e7da9420721082d337e09ffddb502bbe190c
5,famous_le_10m,16,1.0,1.0,3,srnet,31505d74c553a0afcb74af63a5c7e7da9420721082d337e09ffddb502bbe190c
5,famous_le_10m,17,1.0,1.0,3,srnet,31505d74c553a0afcb74af63a5c7e7da9420721082d337e09ffddb502bbe190c
5,famous_le_10m,18,1.0,1.0,3,srnet,31505d74c553a0afcb74af63a5c7e7da9420721082d337e09ffddb502bbe190c
5,famous_le_10m,19,1.0,1.0,3,srnet,31505d74c553a0afcb74af63a5c7e7da9420721082d337e09ffddb502bbe190c
5,famous_le_10m,20,1.0,1.0,3,srnet,31505d74c553a0afcb74af63a5c7e7da9420721082d337e09ffddb502bbe190c
5,famous_le_10m,21,1.0,1.0,3,srnet,31505d74c553a0afcb74af63a5c7e7da9420721082d337e09ffddb502bbe190c
5,famous_le_10m,22,1.0,1.0,3,srnet,31505d74c553a0afcb74af63a5c7e7da9420721082d337e09ffddb502bbe190c
5,famous_le_10m,23,1.0,1.0,3,srnet,31505d74c553a0afcb74af63a5c7e7da9420721082d337e09ffddb502bbe190c
5,famous_le_100m,0,0.6428571428571429,0.6428571428571429,3,srnet,31505d74c553a0afcb74af63a5c7e7da9420721082d337e09ffddb502bbe190c
5,famous_le_100m,1,0.2857142857142857,0.2857142857142857,3,srnet,31505d74c553a0afcb74af63a5c7e7da9420721082d337e09ffddb502bbe190c
5,famous_le_100m,2,0.2857142857142857,0.2857142857142857,3,srnet,31505d74c553a0afcb74af63a5c7e7da9420721082d337e09ffddb502bbe190c
5,famous_le_100m,3,0.2857142857142857,0.2857142857142857,3,srnet,31505d74c553a0afcb74af63a5c7e7da9420721082d337e09ffddb502bbe190c
5,famous_le_100m,4,0.2857142857142857,0.35714285714285715,3,srnet,31505d74c553a0afcb74af63a5c7e7da9420721082d337e09ffddb502bbe190c
5,famous_le_100m,5,0.42857142857142855,0.5,3,srnet,31505d74c553a0afcb74af63a5c7e7da9420721082d337e09ffddb502bbe190c
5,famous_le_100m,6,0.5714285714285714,0.6428571428571429,3,srnet,31505d74c553a0afcb74af63a5c7e7da9420721082d337e09ffddb502bbe190c
5,famous_le_100m,7,0.8571428571428571,0.8571428571428571,3,srnet,31505d74c553a0afcb74af63a5c7e7da9420721082d337e09ffddb502bbe190c
5,famous_le_100m,8,0.8571428571428571,0.8571428571428571,3,srnet,31505d74c553a0afcb74af63a5c7e7da9420721082d337e09ffddb502bbe190c
5,famous_le_100m,9,0.9285714285714286,0.9285714285714286,3,srnet,31505d74c553a0afcb74af63a5c7e7da9420721082d337e09ffddb502bbe190c
5,famous_le_100m,10,0.9285714285714286,0.9285714285714286,3,srnet,31505d74c553a0afcb74af63a5c7e7da9420721082d337e09ffddb502bbe190c
5,famous_le_100m,11,0.9285714285714286,0.9285714285714286,3,srnet,31505d74c553a0afcb74af63a5c7e7da9420721082d337e09ffddb502bbe190c
5,famous_le_100m,12,0.9285714285714286,0.9285714285714286,3,srnet,31505d74c553a0afcb74af63a5c7e7da9420721082d337e09ffddb502bbe190c
5,famous_le_100m,13,1.0,1.0,3,srnet,31505d74c553a0afcb74af63a5c7e7da9420721082d337e09ffddb502bbe190c
5,famous_le_100m,14,1.0,1.0,3,srnet,31505d74c553a0afcb74af63a5c7e7da9420721082d337e09ffddb502bbe190c
5,famous_le_100m,15,1.0,1.0,3,srnet,31505d74c553a0afcb74af63a5c7e7da9420721082d337e09ffddb502bbe190c
5,famous_le_100m,16,1.0,1.0,3,srnet,31505d74c553a0afcb74af63a5c7e7da9420721082d337e09ffddb502bbe190c
5,famous_le_100m,17,1.0,1.0,3,srnet,31505d74c553a0afcb74af63a5c7e7da9420721082d337e09ffddb502bbe190c
5,famous_le_100m,18,1.0,1.0,3,srnet,31505d74c553a0afcb74af63a5c7e7da9420721082d337e09ffddb502bbe190c
5,famous_le_100m,19,1.0,1.0,3,srnet,31505d74c553a0afcb74af63a5c7e7da9420721082d337e09ffddb502bbe190c
5,famous_le_100m,20,1.0,1.0,3,srnet,31505d74c553a0afcb74af63a5c7e7da9420721082d337e09ffddb502bbe190c
5,famous_le_100m,21,1.0,1.0,3,srnet,31505d74c553a0afcb74af63a5c7e7da9420721082d337e09ffddb502bbe190c
5,famous_le_100m,22,1.0,1.0,3,srnet,31505d74c553a0afcb74af63a5c7e7da9420721082d337e09ffddb502bbe190c
5,famous_le_100m,23,1.0,1.0,3,srnet,31505d74c553a0afcb74af63a5c7e7da9420721082d337e09ffddb502bbe190c
6,torch_pretrained_classification,0,0.7625,0.775,3,srnet,85f44b9c54de2aac74f238b99abd8982a01050dbc9dfcff144aa9404236c1869
6,famous_le_10m,0,0.8,0.8,3,srnet,85f44b9c54de2aac74f238b99abd8982a01050dbc9dfcff144aa9404236c1869
6,famous_le_10m,1,0.2,0.2,3,srnet,85f44b9c54de2aac74f238b99abd8982a01050dbc9dfcff144aa9404236c1869
6,famous_le_10m,2,0.2,0.2,3,srnet,85f44b9c54de2aac74f238b99abd8982a01050dbc9dfcff144aa9404236c1869
6,famous_le_10m,3,0.2,0.2,3,srnet,85f44b9c54de2aac74f238b99abd8982a01050dbc9dfcff144aa9404236c1869
6,famous_le_10m,4,1.0,1.0,3,srnet,85f44b9c54de2aac74f238b99abd8982a01050dbc9dfcff144aa9404236c1869
6,famous_le_10m,5,1.0,1.0,3,srnet,85f44b9c54de2aac74f238b99abd8982a01050dbc9dfcff144aa9404236c1869
6,famous_le_10m,6,1.0,1.0,3,srnet,85f44b9c54de2aac74f238b99abd8982a01050dbc9dfcff144aa9404236c1869
6,famous_le_10m,7,1.0,1.0,3,srnet,85f44b9c54de2aac74f238b99abd8982a01050dbc9dfcff144aa9404236c1869
6,famous_le_10m,8,1.0,1.0,3,srnet,85f44b9c54de2aac74f238b99abd8982a01050dbc9dfcff144aa9404236c1869
6,famous_le_10m,9,1.0,1.0,3,srnet,85f44b9c54de2aac74f238b99abd8982a01050dbc9dfcff144aa9404236c1869
6,famous_le_10m,10,1.0,1.0,3,srnet,85f44b9c54de2aac74f238b99abd8982a01050dbc9dfcff144aa9404236c1869
6,famous_le_10m,11,1.0,1.0,3,srnet,85f44b9c54de2aac74f238b99abd8982a01050dbc9dfcff144aa9404236c1869
6,famous_le_10m,12,1.0,1.0,3,srnet,85f44b9c54de2aac74f238b99abd8982a01050dbc9dfcff144aa9404236c1869
6,famous_le_10m,13,1.0,1.0,3,srnet,85f44b9c54de2aac74f238b99abd8982a01050dbc9dfcff144aa9404236c1869
6,famous_le_10m,14,1.0,1.0,3,srnet,85f44b9c54de2aac74f238b99abd8982a01050dbc9dfcff144aa9404236c1869
6,famous_le_10m,15,1.0,1.0,3,srnet,85f44b9c54de2aac74f238b99abd8982a01050dbc9dfcff144aa9404236c1869
6,famous_le_10m,16,1.0,1.0,3,srnet,85f44b9c54de2aac74f238b99abd8982a01050dbc9dfcff144aa9404236c1869
6,famous_le_10m,17,1.0,1.0,3,srnet,85f44b9c54de2aac74f238b99abd8982a01050dbc9dfcff144aa9404236c1869
6,famous_le_10m,18,1.0,1.0,3,srnet,85f44b9c54de2aac74f238b99abd8982a01050dbc9dfcff144aa9404236c1869
6,famous_le_10m,19,1.0,1.0,3,srnet,85f44b9c54de2aac74f238b99abd8982a01050dbc9dfcff144aa9404236c1869
6,famous_le_10m,20,1.0,1.0,3,srnet,85f44b9c54de2aac74f238b99abd8982a01050dbc9dfcff144aa9404236c1869
6,famous_le_10m,21,1.0,1.0,3,srnet,85f44b9c54de2aac74f238b99abd8982a01050dbc9dfcff144aa9404236c1869
6,famous_le_10m,22,1.0,1.0,3,srnet,85f44b9c54de2aac74f238b99abd8982a01050dbc9dfcff144aa9404236c1869
6,famous_le_10m,23,1.0,1.0,3,srnet,85f44b9c54de2aac74f238b99abd8982a01050dbc9dfcff144aa9404236c1869
6,famous_le_100m,0,0.6428571428571429,0.6428571428571429,3,srnet,85f44b9c54de2aac74f238b99abd8982a01050dbc9dfcff144aa9404236c1869
6,famous_le_100m,1,0.2857142857142857,0.35714285714285715,3,srnet,85f44b9c54de2aac74f238b99abd8982a01050dbc9dfcff144aa9404236c1869
6,famous_le_100m,2,0.2857142857142857,0.35714285714285715,3,srnet,85f44b9c54de2aac74f238b99abd8982a01050dbc9dfcff144aa9404236c1869
6,famous_le_100m,3,0.2857142857142857,0.35714285714285715,3,srnet,85f44b9c54de2aac74f238b99abd8982a01050dbc9dfcff144aa9404236c1869
6,famous_le_100m,4,0.2857142857142857,0.35714285714285715,3,srnet,85f44b9c54de2aac74f238b99abd8982a01050dbc9dfcff144aa9404236c1869
6,famous_le_100m,5,0.5714285714285714,0.5714285714285714,3,srnet,85f44b9c54de2aac74f238b99abd8982a01050dbc9dfcff144aa9404236c1869
6,famous_le_100m,6,0.6428571428571429,0.6428571428571429,3,srnet,85f44b9c54de2aac74f238b99abd8982a01050dbc9dfcff144aa9404236c1869
6,famous_le_100m,7,0.8571428571428571,0.8571428571428571,3,srnet,85f44b9c54de2aac74f238b99abd8982a01050dbc9dfcff144aa9404236c1869
6,famous_le_100m,8,0.8571428571428571,0.8571428571428571,3,srnet,85f44b9c54de2aac74f238b99abd8982a01050dbc9dfcff144aa9404236c1869
6,famous_le_100m,9,0.9285714285714286,0.9285714285714286,3,srnet,85f44b9c54de2aac74f238b99abd8982a01050dbc9dfcff144aa9404236c1869
6,famous_le_100m,10,0.9285714285714286,0.9285714285714286,3,srnet,85f44b9c54de2aac74f238b99abd8982a01050dbc9dfcff144aa9404236c1869
6,famous_le_100m,11,0.9285714285714286,0.9285714285714286,3,srnet,85f44b9c54de2aac74f238b99abd8982a01050dbc9dfcff144aa9404236c1869
6,famous_le_100m,12,0.9285714285714286,0.9285714285714286,3,srnet,85f44b9c54de2aac74f238b99abd8982a01050dbc9dfcff144aa9404236c1869
6,famous_le_100m,13,1.0,1.0,3,srnet,85f44b9c54de2aac74f238b99abd8982a01050dbc9dfcff144aa9404236c1869
6,famous_le_100m,14,1.0,1.0,3,srnet,85f44b9c54de2aac74f238b99abd8982a01050dbc9dfcff144aa9404236c1869
6,famous_le_100m,15,1.0,1.0,3,srnet,85f44b9c54de2aac74f238b99abd8982a01050dbc9dfcff144aa9404236c1869
6,famous_le_100m,16,1.0,1.0,3,srnet,85f44b9c54de2aac74f238b99abd8982a01050dbc9dfcff144aa9404236c1869
6,famous_le_100m,17,1.0,1.0,3,srnet,85f44b9c54de2aac74f238b99abd8982a01050dbc9dfcff144aa9404236c1869
6,famous_le_100m,18,1.0,1.0,3,srnet,85f44b9c54de2aac74f238b99abd8982a01050dbc9dfcff144aa9404236c1869
6,famous_le_100m,19,1.0,1.0,3,srnet,85f44b9c54de2aac74f238b99abd8982a01050dbc9dfcff144aa9404236c1869
6,famous_le_100m,20,1.0,1.0,3,srnet,85f44b9c54de2aac74f238b99abd8982a01050dbc9dfcff144aa9404236c1869
6,famous_le_100m,21,1.0,1.0,3,srnet,85f44b9c54de2aac74f238b99abd8982a01050dbc9dfcff144aa9404236c1869
6,famous_le_100m,22,1.0,1.0,3,srnet,85f44b9c54de2aac74f238b99abd8982a01050dbc9dfcff144aa9404236c1869
6,famous_le_100m,23,1.0,1.0,3,srnet,85f44b9c54de2aac74f238b99abd8982a01050dbc9dfcff144aa9404236c1869
7,torch_pretrained_classification,0,0.875,0.8375,3,srnet,505e4bba54ba805c588d2b4d5760c6516f1b460c7ae22873cd9ef3898f0c7f78
7,famous_le_10m,0,0.8,0.8,3,srnet,505e4bba54ba805c588d2b4d5760c6516f1b460c7ae22873cd9ef3898f0c7f78
7,famous_le_10m,1,0.2,0.2,3,srnet,505e4bba54ba805c588d2b4d5760c6516f1b460c7ae22873cd9ef3898f0c7f78
7,famous_le_10m,2,0.2,0.2,3,srnet,505e4bba54ba805c588d2b4d5760c6516f1b460c7ae22873cd9ef3898f0c7f78
7,famous_le_10m,3,0.4,0.6,3,srnet,505e4bba54ba805c588d2b4d5760c6516f1b460c7ae22873cd9ef3898f0c7f78
7,famous_le_10m,4,0.6,0.8,3,srnet,505e4bba54ba805c588d2b4d5760c6516f1b460c7ae22873cd9ef3898f0c7f78
7,famous_le_10m,5,0.8,0.8,3,srnet,505e4bba54ba805c588d2b4d5760c6516f1b460c7ae22873cd9ef3898f0c7f78
7,famous_le_10m,6,1.0,1.0,3,srnet,505e4bba54ba805c588d2b4d5760c6516f1b460c7ae22873cd9ef3898f0c7f78
7,famous_le_10m,7,1.0,1.0,3,srnet,505e4bba54ba805c588d2b4d5760c6516f1b460c7ae22873cd9ef3898f0c7f78
7,famous_le_10m,8,1.0,1.0,3,srnet,505e4bba54ba805c588d2b4d5760c6516f1b460c7ae22873cd9ef3898f0c7f78
7,famous_le_10m,9,1.0,1.0,3,srnet,505e4bba54ba805c588d2b4d5760c6516f1b460c7ae22873cd9ef3898f0c7f78
7,famous_le_10m,10,1.0,1.0,3,srnet,505e4bba54ba805c588d2b4d5760c6516f1b460c7ae22873cd9ef3898f0c7f78
7,famous_le_10m,11,1.0,1.0,3,srnet,505e4bba54ba805c588d2b4d5760c6516f1b460c7ae22873cd9ef3898f0c7f78
7,famous_le_10m,12,1.0,1.0,3,srnet,505e4bba54ba805c588d2b4d5760c6516f1b460c7ae22873cd9ef3898f0c7f78
7,famous_le_10m,13,1.0,1.0,3,srnet,505e4bba54ba805c588d2b4d5760c6516f1b460c7ae22873cd9ef3898f0c7f78
7,famous_le_10m,14,1.0,1.0,3,srnet,505e4bba54ba805c588d2b4d5760c6516f1b460c7ae22873cd9ef3898f0c7f78
7,famous_le_10m,15,1.0,1.0,3,srnet,505e4bba54ba805c588d2b4d5760c6516f1b460c7ae22873cd9ef3898f0c7f78
7,famous_le_10m,16,1.0,1.0,3,srnet,505e4bba54ba805c588d2b4d5760c6516f1b460c7ae22873cd9ef3898f0c7f78
7,famous_le_10m,17,1.0,1.0,3,srnet,505e4bba54ba805c588d2b4d5760c6516f1b460c7ae22873cd9ef3898f0c7f78
7,famous_le_10m,18,1.0,1.0,3,srnet,505e4bba54ba805c588d2b4d5760c6516f1b460c7ae22873cd9ef3898f0c7f78
7,famous_le_10m,19,1.0,1.0,3,srnet,505e4bba54ba805c588d2b4d5760c6516f1b460c7ae22873cd9ef3898f0c7f78
7,famous_le_10m,20,1.0,1.0,3,srnet,505e4bba54ba805c588d2b4d5760c6516f1b460c7ae22873cd9ef3898f0c7f78
7,famous_le_10m,21,1.0,1.0,3,srnet,505e4bba54ba805c588d2b4d5760c6516f1b460c7ae22873cd9ef3898f0c7f78
7,famous_le_10m,22,1.0,1.0,3,srnet,505e4bba54ba805c588d2b4d5760c6516f1b460c7ae22873cd9ef3898f0c7f78
7,famous_le_10m,23,1.0,1.0,3,srnet,505e4bba54ba805c588d2b4d5760c6516f1b460c7ae22873cd9ef3898f0c7f78
7,famous_le_100m,0,0.8571428571428571,0.7857142857142857,3,srnet,505e4bba54ba805c588d2b4d5760c6516f1b460c7ae22873cd9ef3898f0c7f78
7,famous_le_100m,1,0.07142857142857142,0.21428571428571427,3,srnet,505e4bba54ba805c588d2b4d5760c6516f1b460c7ae22873cd9ef3898f0c7f78
7,famous_le_100m,2,0.07142857142857142,0.14285714285714285,3,srnet,505e4bba54ba805c588d2b4d5760c6516f1b460c7ae22873cd9ef3898f0c7f78
7,famous_le_100m,3,0.07142857142857142,0.07142857142857142,3,srnet,505e4bba54ba805c588d2b4d5760c6516f1b460c7ae22873cd9ef3898f0c7f78
7,famous_le_100m,4,0.07142857142857142,0.07142857142857142,3,srnet,505e4bba54ba805c588d2b4d5760c6516f1b460c7ae22873cd9ef3898f0c7f78
7,famous_le_100m,5,0.14285714285714285,0.21428571428571427,3,srnet,505e4bba54ba805c588d2b4d5760c6516f1b460c7ae22873cd9ef3898f0c7f78
7,famous_le_100m,6,0.5,0.5,3,srnet,505e4bba54ba805c588d2b4d5760c6516f1b460c7ae22873cd9ef3898f0c7f78
7,famous_le_100m,7,0.8571428571428571,0.8571428571428571,3,srnet,505e4bba54ba805c588d2b4d5760c6516f1b460c7ae22873cd9ef3898f0c7f78
7,famous_le_100m,8,0.8571428571428571,0.8571428571428571,3,srnet,505e4bba54ba805c588d2b4d5760c6516f1b460c7ae22873cd9ef3898f0c7f78
7,famous_le_100m,9,0.8571428571428571,0.8571428571428571,3,srnet,505e4bba54ba805c588d2b4d5760c6516f1b460c7ae22873cd9ef3898f0c7f78
7,famous_le_100m,10,0.9285714285714286,0.9285714285714286,3,srnet,505e4bba54ba805c588d2b4d5760c6516f1b460c7ae22873cd9ef3898f0c7f78
7,famous_le_100m,11,0.9285714285714286,0.9285714285714286,3,srnet,505e4bba54ba805c588d2b4d5760c6516f1b460c7ae22873cd9ef3898f0c7f78
7,famous_le_100m,12,0.9285714285714286,0.9285714285714286,3,srnet,505e4bba54ba805c588d2b4d5760c6516f1b460c7ae22873cd9ef3898f0c7f78
7,famous_le_100m,13,0.9285714285714286,0.9285714285714286,3,srnet,505e4bba54ba805c588d2b4d5760c6516f1b460c7ae22873cd9ef3898f0c7f78
7,famous_le_100m,14,1.0,1.0,3,srnet,505e4bba54ba805c588d2b4d5760c6516f1b460c7ae22873cd9ef3898f0c7f78
7,famous_le_100m,15,1.0,1.0,3,srnet,505e4bba54ba805c588d2b4d5760c6516f1b460c7ae22873cd9ef3898f0c7f78
7,famous_le_100m,16,1.0,1.0,3,srnet,505e4bba54ba805c588d2b4d5760c6516f1b460c7ae22873cd9ef3898f0c7f78
7,famous_le_100m,17,1.0,1.0,3,srnet,505e4bba54ba805c588d2b4d5760c6516f1b460c7ae22873cd9ef3898f0c7f78
7,famous_le_100m,18,1.0,1.0,3,srnet,505e4bba54ba805c588d2b4d5760c6516f1b460c7ae22873cd9ef3898f0c7f78
7,famous_le_100m,19,1.0,1.0,3,srnet,505e4bba54ba805c588d2b4d5760c6516f1b460c7ae22873cd9ef3898f0c7f78
7,famous_le_100m,20,1.0,1.0,3,srnet,505e4bba54ba805c588d2b4d5760c6516f1b460c7ae22873cd9ef3898f0c7f78
7,famous_le_100m,21,1.0,1.0,3,srnet,505e4bba54ba805c588d2b4d5760c6516f1b460c7ae22873cd9ef3898f0c7f78
7,famous_le_100m,22,1.0,1.0,3,srnet,505e4bba54ba805c588d2b4d5760c6516f1b460c7ae22873cd9ef3898f0c7f78
7,famous_le_100m,23,1.0,1.0,3,srnet,505e4bba54ba805c588d2b4d5760c6516f1b460c7ae22873cd9ef3898f0c7f78
8,torch_pretrained_classification,0,0.8125,0.725,3,srnet,f2801e9b5e8c06bb3dbe8285a523a261ac5ed3fceb2e8d460021abb0660892c5
8,famous_le_10m,0,0.8,1.0,3,srnet,f2801e9b5e8c06bb3dbe8285a523a261ac5ed3fceb2e8d460021abb0660892c5
8,famous_le_10m,1,0.2,0.0,3,srnet,f2801e9b5e8c06bb3dbe8285a523a261ac5ed3fceb2e8d460021abb0660892c5
8,famous_le_10m,2,0.2,0.2,3,srnet,f2801e9b5e8c06bb3dbe8285a523a261ac5ed3fceb2e8d460021abb0660892c5
8,famous_le_10m,3,0.2,0.2,3,srnet,f2801e9b5e8c06bb3dbe8285a523a261ac5ed3fceb2e8d460021abb0660892c5
8,famous_le_10m,4,0.6,0.6,3,srnet,f2801e9b5e8c06bb3dbe8285a523a261ac5ed3fceb2e8d460021abb0660892c5
8,famous_le_10m,5,0.8,0.8,3,srnet,f2801e9b5e8c06bb3dbe8285a523a261ac5ed3fceb2e8d460021abb0660892c5
8,famous_le_10m,6,1.0,1.0,3,srnet,f2801e9b5e8c06bb3dbe8285a523a261ac5ed3fceb2e8d460021abb0660892c5
8,famous_le_10m,7,1.0,1.0,3,srnet,f2801e9b5e8c06bb3dbe8285a523a261ac5ed3fceb2e8d460021abb0660892c5
8,famous_le_10m,8,1.0,1.0,3,srnet,f2801e9b5e8c06bb3dbe8285a523a261ac5ed3fceb2e8d460021abb0660892c5
8,famous_le_10m,9,1.0,1.0,3,srnet,f2801e9b5e8c06bb3dbe8285a523a261ac5ed3fceb2e8d460021abb0660892c5
8,famous_le_10m,10,1.0,1.0,3,srnet,f2801e9b5e8c06bb3dbe8285a523a261ac5ed3fceb2e8d460021abb0660892c5
8,famous_le_10m,11,1.0,1.0,3,srnet,f2801e9b5e8c06bb3dbe8285a523a261ac5ed3fceb2e8d460021abb0660892c5
8,famous_le_10m,12,1.0,1.0,3,srnet,f2801e9b5e8c06bb3dbe8285a523a261ac5ed3fceb2e8d460021abb0660892c5
8,famous_le_10m,13,1.0,1.0,3,srnet,f2801e9b5e8c06bb3dbe8285a523a261ac5ed3fceb2e8d460021abb0660892c5
8,famous_le_10m,14,1.0,1.0,3,srnet,f2801e9b5e8c06bb3dbe8285a523a261ac5ed3fceb2e8d460021abb0660892c5
8,famous_le_10m,15,1.0,1.0,3,srnet,f2801e9b5e8c06bb3dbe8285a523a261ac5ed3fceb2e8d460021abb0660892c5
8,famous_le_10m,16,1.0,1.0,3,srnet,f2801e9b5e8c06bb3dbe8285a523a261ac5ed3fceb2e8d460021abb0660892c5
8,famous_le_10m,17,1.0,1.0,3,srnet,f2801e9b5e8c06bb3dbe8285a523a261ac5ed3fceb2e8d460021abb0660892c5
8,famous_le_10m,18,1.0,1.0,3,srnet,f2801e9b5e8c06bb3dbe8285a523a261ac5ed3fceb2e8d460021abb0660892c5
8,famous_le_10m,19,1.0,1.0,3,srnet,f2801e9b5e8c06bb3dbe8285a523a261ac5ed3fceb2e8d460021abb0660892c5
8,famous_le_10m,20,1.0,1.0,3,srnet,f2801e9b5e8c06bb3dbe8285a523a261ac5ed3fceb2e8d460021abb0660892c5
8,famous_le_10m,21,1.0,1.0,3,srnet,f2801e9b5e8c06bb3dbe8285a523a261ac5ed3fceb2e8d460021abb0660892c5
8,famous_le_10m,22,1.0,1.0,3,srnet,f2801e9b5e8c06bb3dbe8285a523a261ac5ed3fceb2e8d460021abb0660892c5
8,famous_le_10m,23,1.0,1.0,3,srnet,f2801e9b5e8c06bb3dbe8285a523a261ac5ed3fceb2e8d460021abb0660892c5
8,famous_le_100m,0,0.7142857142857143,0.7142857142857143,3,srnet,f2801e9b5e8c06bb3dbe8285a523a261ac5ed3fceb2e8d460021abb0660892c5
8,famous_le_100m,1,0.2857142857142857,0.2857142857142857,3,srnet,f2801e9b5e8c06bb3dbe8285a523a261ac5ed3fceb2e8d460021abb0660892c5
8,famous_le_100m,2,0.21428571428571427,0.2857142857142857,3,srnet,f2801e9b5e8c06bb3dbe8285a523a261ac5ed3fceb2e8d460021abb0660892c5
8,famous_le_100m,3,0.21428571428571427,0.2857142857142857,3,srnet,f2801e9b5e8c06bb3dbe8285a523a261ac5ed3fceb2e8d460021abb0660892c5
8,famous_le_100m,4,0.21428571428571427,0.35714285714285715,3,srnet,f2801e9b5e8c06bb3dbe8285a523a261ac5ed3fceb2e8d460021abb0660892c5
8,famous_le_100m,5,0.5,0.5714285714285714,3,srnet,f2801e9b5e8c06bb3dbe8285a523a261ac5ed3fceb2e8d460021abb0660892c5
8,famous_le_100m,6,0.5714285714285714,0.5714285714285714,3,srnet,f2801e9b5e8c06bb3dbe8285a523a261ac5ed3fceb2e8d460021abb0660892c5
8,famous_le_100m,7,0.8571428571428571,0.8571428571428571,3,srnet,f2801e9b5e8c06bb3dbe8285a523a261ac5ed3fceb2e8d460021abb0660892c5
8,famous_le_100m,8,0.8571428571428571,0.8571428571428571,3,srnet,f2801e9b5e8c06bb3dbe8285a523a261ac5ed3fceb2e8d460021abb0660892c5
8,famous_le_100m,9,0.8571428571428571,0.8571428571428571,3,srnet,f2801e9b5e8c06bb3dbe8285a523a261ac5ed3fceb2e8d460021abb0660892c5
8,famous_le_100m,10,0.9285714285714286,0.9285714285714286,3,srnet,f2801e9b5e8c06bb3dbe8285a523a261ac5ed3fceb2e8d460021abb0660892c5
8,famous_le_100m,11,0.9285714285714286,0.9285714285714286,3,srnet,f2801e9b5e8c06bb3dbe8285a523a261ac5ed3fceb2e8d460021abb0660892c5
8,famous_le_100m,12,0.9285714285714286,0.9285714285714286,3,srnet,f2801e9b5e8c06bb3dbe8285a523a261ac5ed3fceb2e8d460021abb0660892c5
8,famous_le_100m,13,0.9285714285714286,0.9285714285714286,3,srnet,f2801e9b5e8c06bb3dbe8285a523a261ac5ed3fceb2e8d460021abb0660892c5
8,famous_le_100m,14,1.0,1.0,3,srnet,f2801e9b5e8c06bb3dbe8285a523a261ac5ed3fceb2e8d460021abb0660892c5
8,famous_le_100m,15,1.0,1.0,3,srnet,f2801e9b5e8c06bb3dbe8285a523a261ac5ed3fceb2e8d460021abb0660892c5
8,famous_le_100m,16,1.0,1.0,3,srnet,f2801e9b5e8c06bb3dbe8285a523a261ac5ed3fceb2e8d460021abb0660892c5
8,famous_le_100m,17,1.0,1.0,3,srnet,f2801e9b5e8c06bb3dbe8285a523a261ac5ed3fceb2e8d460021abb0660892c5
8,famous_le_100m,18,1.0,1.0,3,srnet,f2801e9b5e8c06bb3dbe8285a523a261ac5ed3fceb2e8d460021abb0660892c5
8,famous_le_100m,19,1.0,1.0,3,srnet,f2801e9b5e8c06bb3dbe8285a523a261ac5ed3fceb2e8d460021abb0660892c5
8,famous_le_100m,20,1.0,1.0,3,srnet,f2801e9b5e8c06bb3dbe8285a523a261ac5ed3fceb2e8d460021abb0660892c5
8,famous_le_100m,21,1.0,1.0,3,srnet,f2801e9b5e8c06bb3dbe8285a523a261ac5ed3fceb2e8d460021abb0660892c5
8,famous_le_100m,22,1.0,1.0,3,srnet,f2801e9b5e8c06bb3dbe8285a523a261ac5ed3fceb2e8d460021abb0660892c5
8,famous_le_100m,23,1.0,1.0,3,srnet,f2801e9b5e8c06bb3dbe8285a523a261ac5ed3fceb2e8d460021abb0660892c5
9,torch_pretrained_classification,0,0.775,0.725,3,srnet,e68e24ad69b960c936136baeaa75ca1f1d6f3f0c0f3992533558471e36f4e6d1
9,famous_le_10m,0,0.8,0.8,3,srnet,e68e24ad69b960c936136baeaa75ca1f1d6f3f0c0f3992533558471e36f4e6d1
9,famous_le_10m,1,0.2,0.2,3,srnet,e68e24ad69b960c936136baeaa75ca1f1d6f3f0c0f3992533558471e36f4e6d1
9,famous_le_10m,2,0.2,0.2,3,srnet,e68e24ad69b960c936136baeaa75ca1f1d6f3f0c0f3992533558471e36f4e6d1
9,famous_le_10m,3,0.2,0.4,3,srnet,e68e24ad69b960c936136baeaa75ca1f1d6f3f0c0f3992533558471e36f4e6d1
9,famous_le_10m,4,0.8,1.0,3,srnet,e68e24ad69b960c936136baeaa75ca1f1d6f3f0c0f3992533558471e36f4e6d1
9,famous_le_10m,5,1.0,1.0,3,srnet,e68e24ad69b960c936136baeaa75ca1f1d6f3f0c0f3992533558471e36f4e6d1
9,famous_le_10m,6,1.0,1.0,3,srnet,e68e24ad69b960c936136baeaa75ca1f1d6f3f0c0f3992533558471e36f4e6d1
9,famous_le_10m,7,1.0,1.0,3,srnet,e68e24ad69b960c936136baeaa75ca1f1d6f3f0c0f3992533558471e36f4e6d1
9,famous_le_10m,8,1.0,1.0,3,srnet,e68e24ad69b960c936136baeaa75ca1f1d6f3f0c0f3992533558471e36f4e6d1
9,famous_le_10m,9,1.0,1.0,3,srnet,e68e24ad69b960c936136baeaa75ca1f1d6f3f0c0f3992533558471e36f4e6d1
9,famous_le_10m,10,1.0,1.0,3,srnet,e68e24ad69b960c936136baeaa75ca1f1d6f3f0c0f3992533558471e36f4e6d1
9,famous_le_10m,11,1.0,1.0,3,srnet,e68e24ad69b960c936136baeaa75ca1f1d6f3f0c0f3992533558471e36f4e6d1
9,famous_le_10m,12,1.0,1.0,3,srnet,e68e24ad69b960c936136baeaa75ca1f1d6f3f0c0f3992533558471e36f4e6d1
9,famous_le_10m,13,1.0,1.0,3,srnet,e68e24ad69b960c936136baeaa75ca1f1d6f3f0c0f3992533558471e36f4e6d1
9,famous_le_10m,14,1.0,1.0,3,srnet,e68e24ad69b960c936136baeaa75ca1f1d6f3f0c0f3992533558471e36f4e6d1
9,famous_le_10m,15,1.0,1.0,3,srnet,e68e24ad69b960c936136baeaa75ca1f1d6f3f0c0f3992533558471e36f4e6d1
9,famous_le_10m,16,1.0,1.0,3,srnet,e68e24ad69b960c936136baeaa75ca1f1d6f3f0c0f3992533558471e36f4e6d1
9,famous_le_10m,17,1.0,1.0,3,srnet,e68e24ad69b960c936136baeaa75ca1f1d6f3f0c0f3992533558471e36f4e6d1
9,famous_le_10m,18,1.0,1.0,3,srnet,e68e24ad69b960c936136baeaa75ca1f1d6f3f0c0f3992533558471e36f4e6d1
9,famous_le_10m,19,1.0,1.0,3,srnet,e68e24ad69b960c936136baeaa75ca1f1d6f3f0c0f3992533558471e36f4e6d1
9,famous_le_10m,20,1.0,1.0,3,srnet,e68e24ad69b960c936136baeaa75ca1f1d6f3f0c0f3992533558471e36f4e6d1
9,famous_le_10m,21,1.0,1.0,3,srnet,e68e24ad69b960c936136baeaa75ca1f1d6f3f0c0f3992533558471e36f4e6d1
9,famous_le_10m,22,1.0,1.0,3,srnet,e68e24ad69b960c936136baeaa75ca1f1d6f3f0c0f3992533558471e36f4e6d1
9,famous_le_10m,23,1.0,1.0,3,srnet,e68e24ad69b960c936136baeaa75ca1f1d6f3f0c0f3992533558471e36f4e6d1
9,famous_le_100m,0,0.7142857142857143,0.6428571428571429,3,srnet,e68e24ad69b960c936136baeaa75ca1f1d6f3f0c0f3992533558471e36f4e6d1
9,famous_le_100m,1,0.2857142857142857,0.35714285714285715,3,srnet,e68e24ad69b960c936136baeaa75ca1f1d6f3f0c0f3992533558471e36f4e6d1
9,famous_le_100m,2,0.2857142857142857,0.2857142857142857,3,srnet,e68e24ad69b960c936136baeaa75ca1f1d6f3f0c0f3992533558471e36f4e6d1
9,famous_le_100m,3,0.21428571428571427,0.2857142857142857,3,srnet,e68e24ad69b960c936136baeaa75ca1f1d6f3f0c0f3992533558471e36f4e6d1
9,famous_le_100m,4,0.21428571428571427,0.35714285714285715,3,srnet,e68e24ad69b960c936136baeaa75ca1f1d6f3f0c0f3992533558471e36f4e6d1
9,famous_le_100m,5,0.5714285714285714,0.5714285714285714,3,srnet,e68e24ad69b960c936136baeaa75ca1f1d6f3f0c0f3992533558471e36f4e6d1
9,famous_le_100m,6,0.5714285714285714,0.6428571428571429,3,srnet,e68e24ad69b960c936136baeaa75ca1f1d6f3f0c0f3992533558471e36f4e6d1
9,famous_le_100m,7,0.8571428571428571,0.8571428571428571,3,srnet,e68e24ad69b960c936136baeaa75ca1f1d6f3f0c0f3992533558471e36f4e6d1
9,famous_le_100m,8,0.8571428571428571,0.8571428571428571,3,srnet,e68e24ad69b960c936136baeaa75ca1f1d6f3f0c0f3992533558471e36f4e6d1
9,famous_le_100m,9,0.9285714285714286,0.9285714285714286,3,srnet,e68e24ad69b960c936136baeaa75ca1f1d6f3f0c0f3992533558471e36f4e6d1
9,famous_le_100m,10,0.9285714285714286,0.9285714285714286,3,srnet,e68e24ad69b960c936136baeaa75ca1f1d6f3f0c0f3992533558471e36f4e6d1
9,famous_le_100m,11,0.9285714285714286,0.9285714285714286,3,srnet,e68e24ad69b960c936136baeaa75ca1f1d6f3f0c0f3992533558471e36f4e6d1
9,famous_le_100m,12,0.9285714285714286,0.9285714285714286,3,srnet,e68e24ad69b960c936136baeaa75ca1f1d6f3f0c0f3992533558471e36f4e6d1
9,famous_le_100m,13,1.0,1.0,3,srnet,e68e24ad69b960c936136baeaa75ca1f1d6f3f0c0f3992533558471e36f4e6d1
9,famous_le_100m,14,1.0,1.0,3,srnet,e68e24ad69b960c936136baeaa75ca1f1d6f3f0c0f3992533558471e36f4e6d1
9,famous_le_100m,15,1.0,1.0,3,srnet,e68e24ad69b960c936136baeaa75ca1f1d6f3f0c0f3992533558471e36f4e6d1
9,famous_le_100m,16,1.0,1.0,3,srnet,e68e24ad69b960c936136baeaa75ca1f1d6f3f0c0f3992533558471e36f4e6d1
9,famous_le_100m,17,1.0,1.0,3,srnet,e68e24ad69b960c936136baeaa75ca1f1d6f3f0c0f3992533558471e36f4e6d1
9,famous_le_100m,18,1.0,1.0,3,srnet,e68e24ad69b960c936136baeaa75ca1f1d6f3f0c0f3992533558471e36f4e6d1
9,famous_le_100m,19,1.0,1.0,3,srnet,e68e24ad69b960c936136baeaa75ca1f1d6f3f0c0f3992533558471e36f4e6d1
9,famous_le_100m,20,1.0,1.0,3,srnet,e68e24ad69b960c936136baeaa75ca1f1d6f3f0c0f3992533558471e36f4e6d1
9,famous_le_100m,21,1.0,1.0,3,srnet,e68e24ad69b960c936136baeaa75ca1f1d6f3f0c0f3992533558471e36f4e6d1
9,famous_le_100m,22,1.0,1.0,3,srnet,e68e24ad69b960c936136baeaa75ca1f1d6f3f0c0f3992533558471e36f4e6d1
9,famous_le_100m,23,1.0,1.0,3,srnet,e68e24ad69b960c936136baeaa75ca1f1d6f3f0c0f3992533558471e36f4e6d1
5,torch_pretrained_classification,0,0.9,0.9,4,srnet,caf7357830d3cae6aa61330b9744afbcb9898f7cc5d304698063f51da7f2b35c
5,famous_le_10m,0,0.8,0.8,4,srnet,caf7357830d3cae6aa61330b9744afbcb9898f7cc5d304698063f51da7f2b35c
5,famous_le_10m,1,0.2,0.2,4,srnet,caf7357830d3cae6aa61330b9744afbcb9898f7cc5d304698063f51da7f2b35c
5,famous_le_10m,2,0.2,0.2,4,srnet,caf7357830d3cae6aa61330b9744afbcb9898f7cc5d304698063f51da7f2b35c
5,famous_le_10m,3,0.2,0.2,4,srnet,caf7357830d3cae6aa61330b9744afbcb9898f7cc5d304698063f51da7f2b35c
5,famous_le_10m,4,0.6,0.4,4,srnet,caf7357830d3cae6aa61330b9744afbcb9898f7cc5d304698063f51da7f2b35c
5,famous_le_10m,5,0.8,0.6,4,srnet,caf7357830d3cae6aa61330b9744afbcb9898f7cc5d304698063f51da7f2b35c
5,famous_le_10m,6,1.0,1.0,4,srnet,caf7357830d3cae6aa61330b9744afbcb9898f7cc5d304698063f51da7f2b35c
5,famous_le_10m,7,1.0,1.0,4,srnet,caf7357830d3cae6aa61330b9744afbcb9898f7cc5d304698063f51da7f2b35c
5,famous_le_10m,8,1.0,1.0,4,srnet,caf7357830d3cae6aa61330b9744afbcb9898f7cc5d304698063f51da7f2b35c
5,famous_le_10m,9,1.0,1.0,4,srnet,caf7357830d3cae6aa61330b9744afbcb9898f7cc5d304698063f51da7f2b35c
5,famous_le_10m,10,1.0,1.0,4,srnet,caf7357830d3cae6aa61330b9744afbcb9898f7cc5d304698063f51da7f2b35c
5,famous_le_10m,11,1.0,1.0,4,srnet,caf7357830d3cae6aa61330b9744afbcb9898f7cc5d304698063f51da7f2b35c
5,famous_le_10m,12,1.0,1.0,4,srnet,caf7357830d3cae6aa61330b9744afbcb9898f7cc5d304698063f51da7f2b35c
5,famous_le_10m,13,1.0,1.0,4,srnet,caf7357830d3cae6aa61330b9744afbcb9898f7cc5d304698063f51da7f2b35c
5,famous_le_10m,14,1.0,1.0,4,srnet,caf7357830d3cae6aa61330b9744afbcb9898f7cc5d304698063f51da7f2b35c
5,famous_le_10m,15,1.0,1.0,4,srnet,caf7357830d3cae6aa61330b9744afbcb9898f7cc5d304698063f51da7f2b35c
5,famous_le_10m,16,1.0,1.0,4,srnet,caf7357830d3cae6aa61330b9744afbcb9898f7cc5d304698063f51da7f2b35c
5,famous_le_10m,17,1.0,1.0,4,srnet,caf7357830d3cae6aa61330b9744afbcb9898f7cc5d304698063f51da7f2b35c
5,famous_le_10m,18,1.0,1.0,4,srnet,caf7357830d3cae6aa61330b9744afbcb9898f7cc5d304698063f51da7f2b35c
5,famous_le_10m,19,1.0,1.0,4,srnet,caf7357830d3cae6aa61330b9744afbcb9898f7cc5d304698063f51da7f2b35c
5,famous_le_10m,20,1.0,1.0,4,srnet,caf7357830d3cae6aa61330b9744afbcb9898f7cc5d304698063f51da7f2b35c
5,famous_le_10m,21,1.0,1.0,4,srnet,caf7357830d3cae6aa61330b9744afbcb9898f7cc5d304698063f51da7f2b35c
5,famous_le_10m,22,1.0,1.0,4,srnet,caf7357830d3cae6aa61330b9744afbcb9898f7cc5d304698063f51da7f2b35c
5,famous_le_10m,23,1.0,1.0,4,srnet,caf7357830d3cae6aa61330b9744afbcb9898f7cc5d304698063f51da7f2b35c
5,famous_le_100m,0,0.8571428571428571,0.9285714285714286,4,srnet,caf7357830d3cae6aa61330b9744afbcb9898f7cc5d304698063f51da7f2b35c
5,famous_le_100m,1,0.07142857142857142,0.07142857142857142,4,srnet,caf7357830d3cae6aa61330b9744afbcb9898f7cc5d304698063f51da7f2b35c
5,famous_le_100m,2,0.07142857142857142,0.07142857142857142,4,srnet,caf7357830d3cae6aa61330b9744afbcb9898f7cc5d304698063f51da7f2b35c
5,famous_le_100m,3,0.07142857142857142,0.07142857142857142,4,srnet,caf7357830d3cae6aa61330b9744afbcb9898f7cc5d304698063f51da7f2b35c
5,famous_le_100m,4,0.07142857142857142,0.07142857142857142,4,srnet,caf7357830d3cae6aa61330b9744afbcb9898f7cc5d304698063f51da7f2b35c
5,famous_le_100m,5,0.21428571428571427,0.21428571428571427,4,srnet,caf7357830d3cae6aa61330b9744afbcb9898f7cc5d304698063f51da7f2b35c
5,famous_le_100m,6,0.5,0.5,4,srnet,caf7357830d3cae6aa61330b9744afbcb9898f7cc5d304698063f51da7f2b35c
5,famous_le_100m,7,0.8571428571428571,0.8571428571428571,4,srnet,caf7357830d3cae6aa61330b9744afbcb9898f7cc5d304698063f51da7f2b35c
5,famous_le_100m,8,0.8571428571428571,0.8571428571428571,4,srnet,caf7357830d3cae6aa61330b9744afbcb9898f7cc5d304698063f51da7f2b35c
5,famous_le_100m,9,0.8571428571428571,0.8571428571428571,4,srnet,caf7357830d3cae6aa61330b9744afbcb9898f7cc5d304698063f51da7f2b35c
5,famous_le_100m,10,0.9285714285714286,0.9285714285714286,4,srnet,caf7357830d3cae6aa61330b9744afbcb9898f7cc5d304698063f51da7f2b35c
5,famous_le_100m,11,0.9285714285714286,0.9285714285714286,4,srnet,caf7357830d3cae6aa61330b9744afbcb9898f7cc5d304698063f51da7f2b35c
5,famous_le_100m,12,0.9285714285714286,0.9285714285714286,4,srnet,caf7357830d3cae6aa61330b9744afbcb9898f7cc5d304698063f51da7f2b35c
5,famous_le_100m,13,0.9285714285714286,0.9285714285714286,4,srnet,caf7357830d3cae6aa61330b9744afbcb9898f7cc5d304698063f51da7f2b35c
5,famous_le_100m,14,1.0,1.0,4,srnet,caf7357830d3cae6aa61330b9744afbcb9898f7cc5d304698063f51da7f2b35c
5,famous_le_100m,15,1.0,1.0,4,srnet,caf7357830d3cae6aa61330b9744afbcb9898f7cc5d304698063f51da7f2b35c
5,famous_le_100m,16,1.0,1.0,4,srnet,caf7357830d3cae6aa61330b9744afbcb9898f7cc5d304698063f51da7f2b35c
5,famous_le_100m,17,1.0,1.0,4,srnet,caf7357830d3cae6aa61330b9744afbcb9898f7cc5d304698063f51da7f2b35c
5,famous_le_100m,18,1.0,1.0,4,srnet,caf7357830d3cae6aa61330b9744afbcb9898f7cc5d304698063f51da7f2b35c
5,famous_le_100m,19,1.0,1.0,4,srnet,caf7357830d3cae6aa61330b9744afbcb9898f7cc5d304698063f51da7f2b35c
5,famous_le_100m,20,1.0,1.0,4,srnet,caf7357830d3cae6aa61330b9744afbcb9898f7cc5d304698063f51da7f2b35c
5,famous_le_100m,21,1.0,1.0,4,srnet,caf7357830d3cae6aa61330b9744afbcb9898f7cc5d304698063f51da7f2b35c
5,famous_le_100m,22,1.0,1.0,4,srnet,caf7357830d3cae6aa61330b9744afbcb9898f7cc5d304698063f51da7f2b35c
5,famous_le_100m,23,1.0,1.0,4,srnet,caf7357830d3cae6aa61330b9744afbcb9898f7cc5d304698063f51da7f2b35c
6,torch_pretrained_classification,0,0.8375,0.8625,4,srnet,750cba19d32b7d44862c391141cb04a1fb3f5c805a47a191c38a212049f1592a
6,famous_le_10m,0,1.0,1.0,4,srnet,750cba19d32b7d44862c391141cb04a1fb3f5c805a47a191c38a212049f1592a
6,famous_le_10m,1,0.2,0.0,4,srnet,750cba19d32b7d44862c391141cb04a1fb3f5c805a47a191c38a212049f1592a
6,famous_le_10m,2,0.2,0.2,4,srnet,750cba19d32b7d44862c391141cb04a1fb3f5c805a47a191c38a212049f1592a
6,famous_le_10m,3,0.2,0.2,4,srnet,750cba19d32b7d44862c391141cb04a1fb3f5c805a47a191c38a212049f1592a
6,famous_le_10m,4,0.2,0.2,4,srnet,750cba19d32b7d44862c391141cb04a1fb3f5c805a47a191c38a212049f1592a
6,famous_le_10m,5,1.0,0.6,4,srnet,750cba19d32b7d44862c391141cb04a1fb3f5c805a47a191c38a212049f1592a
6,famous_le_10m,6,1.0,1.0,4,srnet,750cba19d32b7d44862c391141cb04a1fb3f5c805a47a191c38a212049f1592a
6,famous_le_10m,7,1.0,1.0,4,srnet,750cba19d32b7d44862c391141cb04a1fb3f5c805a47a191c38a212049f1592a
6,famous_le_10m,8,1.0,1.0,4,srnet,750cba19d32b7d44862c391141cb04a1fb3f5c805a47a191c38a212049f1592a
6,famous_le_10m,9,1.0,1.0,4,srnet,750cba19d32b7d44862c391141cb04a1fb3f5c805a47a191c38a212049f1592a
6,famous_le_10m,10,1.0,1.0,4,srnet,750cba19d32b7d44862c391141cb04a1fb3f5c805a47a191c38a212049f1592a
6,famous_le_10m,11,1.0,1.0,4,srnet,750cba19d32b7d44862c391141cb04a1fb3f5c805a47a191c38a212049f1592a
6,famous_le_10m,12,1.0,1.0,4,srnet,750cba19d32b7d44862c391141cb04a1fb3f5c805a47a191c38a212049f1592a
6,famous_le_10m,13,1.0,1.0,4,srnet,750cba19d32b7d44862c391141cb04a1fb3f5c805a47a191c38a212049f1592a
6,famous_le_10m,14,1.0,1.0,4,srnet,750cba19d32b7d44862c391141cb04a1fb3f5c805a47a191c38a212049f1592a
6,famous_le_10m,15,1.0,1.0,4,srnet,750cba19d32b7d44862c391141cb04a1fb3f5c805a47a191c38a212049f1592a
6,famous_le_10m,16,1.0,1.0,4,srnet,750cba19d32b7d44862c391141cb04a1fb3f5c805a47a191c38a212049f1592a
6,famous_le_10m,17,1.0,1.0,4,srnet,750cba19d32b7d44862c391141cb04a1fb3f5c805a47a191c38a212049f1592a
6,famous_le_10m,18,1.0,1.0,4,srnet,750cba19d32b7d44862c391141cb04a1fb3f5c805a47a191c38a212049f1592a
6,famous_le_10m,19,1.0,1.0,4,srnet,750cba19d32b7d44862c391141cb04a1fb3f5c805a47a191c38a212049f1592a
6,famous_le_10m,20,1.0,1.0,4,srnet,750cba19d32b7d44862c391141cb04a1fb3f5c805a47a191c38a212049f1592a
6,famous_le_10m,21,1.0,1.0,4,srnet,750cba19d32b7d44862c391141cb04a1fb3f5c805a47a191c38a212049f1592a
6,famous_le_10m,22,1.0,1.0,4,srnet,750cba19d32b7d44862c391141cb04a1fb3f5c805a47a191c38a212049f1592a
6,famous_le_10m,23,1.0,1.0,4,srnet,750cba19d32b7d44862c391141cb04a1fb3f5c805a47a191c38a212049f1592a
6,famous_le_100m,0,0.8571428571428571,0.8571428571428571,4,srnet,750cba19d32b7d44862c391141cb04a1fb3f5c805a47a191c38a212049f1592a
6,famous_le_100m,1,0.14285714285714285,0.14285714285714285,4,srnet,750cba19d32b7d44862c391141cb04a1fb3f5c805a47a191c38a212049f1592a
6,famous_le_100m,2,0.14285714285714285,0.14285714285714285,4,srnet,750cba19d32b7d44862c391141cb04a1fb3f5c805a47a191c38a212049f1592a
6,famous_le_100m,3,0.14285714285714285,0.14285714285714285,4,srnet,750cba19d32b7d44862c391141cb04a1fb3f5c805a47a191c38a212049f1592a
6,famous_le_100m,4,0.14285714285714285,0.07142857142857142,4,srnet,750cba19d32b7d44862c391141cb04a1fb3f5c805a47a191c38a212049f1592a
6,famous_le_100m,5,0.35714285714285715,0.35714285714285715,4,srnet,750cba19d32b7d44862c391141cb04a1fb3f5c805a47a191c38a212049f1592a
6,famous_le_100m,6,0.5,0.5,4,srnet,750cba19d32b7d44862c391141cb04a1fb3f5c805a47a191c38a212049f1592a
6,famous_le_100m,7,0.8571428571428571,0.8571428571428571,4,srnet,750cba19d32b7d44862c391141cb04a1fb3f5c805a47a191c38a212049f1592a
6,famous_le_100m,8,0.8571428571428571,0.8571428571428571,4,srnet,750cba19d32b7d44862c391141cb04a1fb3f5c805a47a191c38a212049f1592a
6,famous_le_100m,9,0.8571428571428571,0.8571428571428571,4,srnet,750cba19d32b7d44862c391141cb04a1fb3f5c805a47a191c38a212049f1592a
6,famous_le_100m,10,0.9285714285714286,0.9285714285714286,4,srnet,750cba19d32b7d44862c391141cb04a1fb3f5c805a47a191c38a212049f1592a
6,famous_le_100m,11,0.9285714285714286,0.9285714285714286,4,srnet,750cba19d32b7d44862c391141cb04a1fb3f5c805a47a191c38a212049f1592a
6,famous_le_100m,12,0.9285714285714286,0.9285714285714286,4,srnet,750cba19d32b7d44862c391141cb04a1fb3f5c805a47a191c38a212049f1592a
6,famous_le_100m,13,1.0,0.9285714285714286,4,srnet,750cba19d32b7d44862c391141cb04a1fb3f5c805a47a191c38a212049f1592a
6,famous_le_100m,14,1.0,1.0,4,srnet,750cba19d32b7d44862c391141cb04a1fb3f5c805a47a191c38a212049f1592a
6,famous_le_100m,15,1.0,1.0,4,srnet,750cba19d32b7d44862c391141cb04a1fb3f5c805a47a191c38a212049f1592a
6,famous_le_100m,16,1.0,1.0,4,srnet,750cba19d32b7d44862c391141cb04a1fb3f5c805a47a191c38a212049f1592a
6,famous_le_100m,17,1.0,1.0,4,srnet,750cba19d32b7d44862c391141cb04a1fb3f5c805a47a191c38a212049f1592a
6,famous_le_100m,18,1.0,1.0,4,srnet,750cba19d32b7d44862c391141cb04a1fb3f5c805a47a191c38a212049f1592a
6,famous_le_100m,19,1.0,1.0,4,srnet,750cba19d32b7d44862c391141cb04a1fb3f5c805a47a191c38a212049f1592a
6,famous_le_100m,20,1.0,1.0,4,srnet,750cba19d32b7d44862c391141cb04a1fb3f5c805a47a191c38a212049f1592a
6,famous_le_100m,21,1.0,1.0,4,srnet,750cba19d32b7d44862c391141cb04a1fb3f5c805a47a191c38a212049f1592a
6,famous_le_100m,22,1.0,1.0,4,srnet,750cba19d32b7d44862c391141cb04a1fb3f5c805a47a191c38a212049f1592a
6,famous_le_100m,23,1.0,1.0,4,srnet,750cba19d32b7d44862c391141cb04a1fb3f5c805a47a191c38a212049f1592a
7,torch_pretrained_classification,0,0.8875,0.8875,4,srnet,b93501473ce06b09611e3683e99d2e38cce90b839a5ceaef1decd7ba13ff97b4
7,famous_le_10m,0,0.8,1.0,4,srnet,b93501473ce06b09611e3683e99d2e38cce90b839a5ceaef1decd7ba13ff97b4
7,famous_le_10m,1,0.2,0.0,4,srnet,b93501473ce06b09611e3683e99d2e38cce90b839a5ceaef1decd7ba13ff97b4
7,famous_le_10m,2,0.2,0.2,4,srnet,b93501473ce06b09611e3683e99d2e38cce90b839a5ceaef1decd7ba13ff97b4
7,famous_le_10m,3,0.2,0.2,4,srnet,b93501473ce06b09611e3683e99d2e38cce90b839a5ceaef1decd7ba13ff97b4
7,famous_le_10m,4,0.4,0.2,4,srnet,b93501473ce06b09611e3683e99d2e38cce90b839a5ceaef1decd7ba13ff97b4
7,famous_le_10m,5,1.0,0.6,4,srnet,b93501473ce06b09611e3683e99d2e38cce90b839a5ceaef1decd7ba13ff97b4
7,famous_le_10m,6,1.0,1.0,4,srnet,b93501473ce06b09611e3683e99d2e38cce90b839a5ceaef1decd7ba13ff97b4
7,famous_le_10m,7,1.0,1.0,4,srnet,b93501473ce06b09611e3683e99d2e38cce90b839a5ceaef1decd7ba13ff97b4
7,famous_le_10m,8,1.0,1.0,4,srnet,b93501473ce06b09611e3683e99d2e38cce90b839a5ceaef1decd7ba13ff97b4
7,famous_le_10m,9,1.0,1.0,4,srnet,b93501473ce06b09611e3683e99d2e38cce90b839a5ceaef1decd7ba13ff97b4
7,famous_le_10m,10,1.0,1.0,4,srnet,b93501473ce06b09611e3683e99d2e38cce90b839a5ceaef1decd7ba13ff97b4
7,famous_le_10m,11,1.0,1.0,4,srnet,b93501473ce06b09611e3683e99d2e38cce90b839a5ceaef1decd7ba13ff97b4
7,famous_le_10m,12,1.0,1.0,4,srnet,b93501473ce06b09611e3683e99d2e38cce90b839a5ceaef1decd7ba13ff97b4
7,famous_le_10m,13,1.0,1.0,4,srnet,b93501473ce06b09611e3683e99d2e38cce90b839a5ceaef1decd7ba13ff97b4
7,famous_le_10m,14,1.0,1.0,4,srnet,b93501473ce06b09611e3683e99d2e38cce90b839a5ceaef1decd7ba13ff97b4
7,famous_le_10m,15,1.0,1.0,4,srnet,b93501473ce06b09611e3683e99d2e38cce90b839a5ceaef1decd7ba13ff97b4
7,famous_le_10m,16,1.0,1.0,4,srnet,b93501473ce06b09611e3683e99d2e38cce90b839a5ceaef1decd7ba13ff97b4
7,famous_le_10m,17,1.0,1.0,4,srnet,b93501473ce06b09611e3683e99d2e38cce90b839a5ceaef1decd7ba13ff97b4
7,famous_le_10m,18,1.0,1.0,4,srnet,b93501473ce06b09611e3683e99d2e38cce90b839a5ceaef1decd7ba13ff97b4
7,famous_le_10m,19,1.0,1.0,4,srnet,b93501473ce06b09611e3683e99d2e38cce90b839a5ceaef1decd7ba13ff97b4
7,famous_le_10m,20,1.0,1.0,4,srnet,b93501473ce06b09611e3683e99d2e38cce90b839a5ceaef1decd7ba13ff97b4
7,famous_le_10m,21,1.0,1.0,4,srnet,b93501473ce06b09611e3683e99d2e38cce90b839a5ceaef1decd7ba13ff97b4
7,famous_le_10m,22,1.0,1.0,4,srnet,b93501473ce06b09611e3683e99d2e38cce90b839a5ceaef1decd7ba13ff97b4
7,famous_le_10m,23,1.0,1.0,4,srnet,b93501473ce06b09611e3683e99d2e38cce90b839a5ceaef1decd7ba13ff97b4
7,famous_le_100m,0,0.8571428571428571,0.8571428571428571,4,srnet,b93501473ce06b09611e3683e99d2e38cce90b839a5ceaef1decd7ba13ff97b4
7,famous_le_100m,1,0.14285714285714285,0.14285714285714285,4,srnet,b93501473ce06b09611e3683e99d2e38cce90b839a5ceaef1decd7ba13ff97b4
7,famous_le_100m,2,0.14285714285714285,0.14285714285714285,4,srnet,b93501473ce06b09611e3683e99d2e38cce90b839a5ceaef1decd7ba13ff97b4
7,famous_le_100m,3,0.14285714285714285,0.07142857142857142,4,srnet,b93501473ce06b09611e3683e99d2e38cce90b839a5ceaef1decd7ba13ff97b4
7,famous_le_100m,4,0.07142857142857142,0.07142857142857142,4,srnet,b93501473ce06b09611e3683e99d2e38cce90b839a5ceaef1decd7ba13ff97b4
7,famous_le_100m,5,0.2857142857142857,0.2857142857142857,4,srnet,b93501473ce06b09611e3683e99d2e38cce90b839a5ceaef1decd7ba13ff97b4
7,famous_le_100m,6,0.5,0.5,4,srnet,b93501473ce06b09611e3683e99d2e38cce90b839a5ceaef1decd7ba13ff97b4
7,famous_le_100m,7,0.8571428571428571,0.8571428571428571,4,srnet,b93501473ce06b09611e3683e99d2e38cce90b839a5ceaef1decd7ba13ff97b4
7,famous_le_100m,8,0.8571428571428571,0.8571428571428571,4,srnet,b93501473ce06b09611e3683e99d2e38cce90b839a5ceaef1decd7ba13ff97b4
7,famous_le_100m,9,0.9285714285714286,0.8571428571428571,4,srnet,b93501473ce06b09611e3683e99d2e38cce90b839a5ceaef1decd7ba13ff97b4
7,famous_le_100m,10,0.9285714285714286,0.9285714285714286,4,srnet,b93501473ce06b09611e3683e99d2e38cce90b839a5ceaef1decd7ba13ff97b4
7,famous_le_100m,11,0.9285714285714286,0.9285714285714286,4,srnet,b93501473ce06b09611e3683e99d2e38cce90b839a5ceaef1decd7ba13ff97b4
7,famous_le_100m,12,0.9285714285714286,0.9285714285714286,4,srnet,b93501473ce06b09611e3683e99d2e38cce90b839a5ceaef1decd7ba13ff97b4
7,famous_le_100m,13,1.0,1.0,4,srnet,b93501473ce06b09611e3683e99d2e38cce90b839a5ceaef1decd7ba13ff97b4
7,famous_le_100m,14,1.0,1.0,4,srnet,b93501473ce06b09611e3683e99d2e38cce90b839a5ceaef1decd7ba13ff97b4
7,famous_le_100m,15,1.0,1.0,4,srnet,b93501473ce06b09611e3683e99d2e38cce90b839a5ceaef1decd7ba13ff97b4
7,famous_le_100m,16,1.0,1.0,4,srnet,b93501473ce06b09611e3683e99d2e38cce90b839a5ceaef1decd7ba13ff97b4
7,famous_le_100m,17,1.0,1.0,4,srnet,b93501473ce06b09611e3683e99d2e38cce90b839a5ceaef1decd7ba13ff97b4
7,famous_le_100m,18,1.0,1.0,4,srnet,b93501473ce06b09611e3683e99d2e38cce90b839a5ceaef1decd7ba13ff97b4
7,famous_le_100m,19,1.0,1.0,4,srnet,b93501473ce06b09611e3683e99d2e38cce90b839a5ceaef1decd7ba13ff97b4
7,famous_le_100m,20,1.0,1.0,4,srnet,b93501473ce06b09611e3683e99d2e38cce90b839a5ceaef1decd7ba13ff97b4
7,famous_le_100m,21,1.0,1.0,4,srnet,b93501473ce06b09611e3683e99d2e38cce90b839a5ceaef1decd7ba13ff97b4
7,famous_le_100m,22,1.0,1.0,4,srnet,b93501473ce06b09611e3683e99d2e38cce90b839a5ceaef1decd7ba13ff97b4
7,famous_le_100m,23,1.0,1.0,4,srnet,b93501473ce06b09611e3683e99d2e38cce90b839a5ceaef1decd7ba13ff97b4
8,torch_pretrained_classification,0,0.85,0.875,4,srnet,cf840baed70749022c057beb623fa69da8e6eb20166f11788f4548cd39c2fc2f
8,famous_le_10m,0,0.8,1.0,4,srnet,cf840baed70749022c057beb623fa69da8e6eb20166f11788f4548cd39c2fc2f
8,famous_le_10m,1,0.2,0.0,4,srnet,cf840baed70749022c057beb623fa69da8e6eb20166f11788f4548cd39c2fc2f
8,famous_le_10m,2,0.2,0.2,4,srnet,cf840baed70749022c057beb623fa69da8e6eb20166f11788f4548cd39c2fc2f
8,famous_le_10m,3,0.2,0.2,4,srnet,cf840baed70749022c057beb623fa69da8e6eb20166f11788f4548cd39c2fc2f
8,famous_le_10m,4,0.2,0.2,4,srnet,cf840baed70749022c057beb623fa69da8e6eb20166f11788f4548cd39c2fc2f
8,famous_le_10m,5,0.8,0.4,4,srnet,cf840baed70749022c057beb623fa69da8e6eb20166f11788f4548cd39c2fc2f
8,famous_le_10m,6,1.0,1.0,4,srnet,cf840baed70749022c057beb623fa69da8e6eb20166f11788f4548cd39c2fc2f
8,famous_le_10m,7,1.0,1.0,4,srnet,cf840baed70749022c057beb623fa69da8e6eb20166f11788f4548cd39c2fc2f
8,famous_le_10m,8,1.0,1.0,4,srnet,cf840baed70749022c057beb623fa69da8e6eb20166f11788f4548cd39c2fc2f
8,famous_le_10m,9,1.0,1.0,4,srnet,cf840baed70749022c057beb623fa69da8e6eb20166f11788f4548cd39c2fc2f
8,famous_le_10m,10,1.0,1.0,4,srnet,cf840baed70749022c057beb623fa69da8e6eb20166f11788f4548cd39c2fc2f
8,famous_le_10m,11,1.0,1.0,4,srnet,cf840baed70749022c057beb623fa69da8e6eb20166f11788f4548cd39c2fc2f
8,famous_le_10m,12,1.0,1.0,4,srnet,cf840baed70749022c057beb623fa69da8e6eb20166f11788f4548cd39c2fc2f
8,famous_le_10m,13,1.0,1.0,4,srnet,cf840baed70749022c057beb623fa69da8e6eb20166f11788f4548cd39c2fc2f
8,famous_le_10m,14,1.0,1.0,4,srnet,cf840baed70749022c057beb623fa69da8e6eb20166f11788f4548cd39c2fc2f
8,famous_le_10m,15,1.0,1.0,4,srnet,cf840baed70749022c057beb623fa69da8e6eb20166f11788f4548cd39c2fc2f
8,famous_le_10m,16,1.0,1.0,4,srnet,cf840baed70749022c057beb623fa69da8e6eb20166f11788f4548cd39c2fc2f
8,famous_le_10m,17,1.0,1.0,4,srnet,cf840baed70749022c057beb623fa69da8e6eb20166f11788f4548cd39c2fc2f
8,famous_le_10m,18,1.0,1.0,4,srnet,cf840baed70749022c057beb623fa69da8e6eb20166f11788f4548cd39c2fc2f
8,famous_le_10m,19,1.0,1.0,4,srnet,cf840baed70749022c057beb623fa69da8e6eb20166f11788f4548cd39c2fc2f
8,famous_le_10m,20,1.0,1.0,4,srnet,cf840baed70749022c057beb623fa69da8e6eb20166f11788f4548cd39c2fc2f
8,famous_le_10m,21,1.0,1.0,4,srnet,cf840baed70749022c057beb623fa69da8e6eb20166f11788f4548cd39c2fc2f
8,famous_le_10m,22,1.0,1.0,4,srnet,cf840baed70749022c057beb623fa69da8e6eb20166f11788f4548cd39c2fc2f
8,famous_le_10m,23,1.0,1.0,4,srnet,cf840baed70749022c057beb623fa69da8e6eb20166f11788f4548cd39c2fc2f
8,famous_le_100m,0,0.8571428571428571,0.8571428571428571,4,srnet,cf840baed70749022c057beb623fa69da8e6eb20166f11788f4548cd39c2fc2f
8,famous_le_100m,1,0.14285714285714285,0.14285714285714285,4,srnet,cf840baed70749022c057beb623fa69da8e6eb20166f11788f4548cd39c2fc2f
8,famous_le_100m,2,0.14285714285714285,0.14285714285714285,4,srnet,cf840baed70749022c057beb623fa69da8e6eb20166f11788f4548cd39c2fc2f
8,famous_le_100m,3,0.14285714285714285,0.07142857142857142,4,srnet,cf840baed70749022c057beb623fa69da8e6eb20166f11788f4548cd39c2fc2f
8,famous_le_100m,4,0.07142857142857142,0.07142857142857142,4,srnet,cf840baed70749022c057beb623fa69da8e6eb20166f11788f4548cd39c2fc2f
8,famous_le_100m,5,0.35714285714285715,0.2857142857142857,4,srnet,cf840baed70749022c057beb623fa69da8e6eb20166f11788f4548cd39c2fc2f
8,famous_le_100m,6,0.5,0.5,4,srnet,cf840baed70749022c057beb623fa69da8e6eb20166f11788f4548cd39c2fc2f
8,famous_le_100m,7,0.8571428571428571,0.8571428571428571,4,srnet,cf840baed70749022c057beb623fa69da8e6eb20166f11788f4548cd39c2fc2f
8,famous_le_100m,8,0.8571428571428571,0.8571428571428571,4,srnet,cf840baed70749022c057beb623fa69da8e6eb20166f11788f4548cd39c2fc2f
8,famous_le_100m,9,0.8571428571428571,0.8571428571428571,4,srnet,cf840baed70749022c057beb623fa69da8e6eb20166f11788f4548cd39c2fc2f
8,famous_le_100m,10,0.9285714285714286,0.9285714285714286,4,srnet,cf840baed70749022c057beb623fa69da8e6eb20166f11788f4548cd39c2fc2f
8,famous_le_100m,11,0.9285714285714286,0.9285714285714286,4,srnet,cf840baed70749022c057beb623fa69da8e6eb20166f11788f4548cd39c2fc2f
8,famous_le_100m,12,0.9285714285714286,0.9285714285714286,4,srnet,cf840baed70749022c057beb623fa69da8e6eb20166f11788f4548cd39c2fc2f
8,famous_le_100m,13,0.9285714285714286,0.9285714285714286,4,srnet,cf840baed70749022c057beb623fa69da8e6eb20166f11788f4548cd39c2fc2f
8,famous_le_100m,14,1.0,1.0,4,srnet,cf840baed70749022c057beb623fa69da8e6eb20166f11788f4548cd39c2fc2f
8,famous_le_100m,15,1.0,1.0,4,srnet,cf840baed70749022c057beb623fa69da8e6eb20166f11788f4548cd39c2fc2f
8,famous_le_100m,16,1.0,1.0,4,srnet,cf840baed70749022c057beb623fa69da8e6eb20166f11788f4548cd39c2fc2f
8,famous_le_100m,17,1.0,1.0,4,srnet,cf840baed70749022c057beb623fa69da8e6eb20166f11788f4548cd39c2fc2f
8,famous_le_100m,18,1.0,1.0,4,srnet,cf840baed70749022c057beb623fa69da8e6eb20166f11788f4548cd39c2fc2f
8,famous_le_100m,19,1.0,1.0,4,srnet,cf840baed70749022c057beb623fa69da8e6eb20166f11788f4548cd39c2fc2f
8,famous_le_100m,20,1.0,1.0,4,srnet,cf840baed70749022c057beb623fa69da8e6eb20166f11788f4548cd39c2fc2f
8,famous_le_100m,21,1.0,1.0,4,srnet,cf840baed70749022c057beb623fa69da8e6eb20166f11788f4548cd39c2fc2f
8,famous_le_100m,22,1.0,1.0,4,srnet,cf840baed70749022c057beb623fa69da8e6eb20166f11788f4548cd39c2fc2f
8,famous_le_100m,23,1.0,1.0,4,srnet,cf840baed70749022c057beb623fa69da8e6eb20166f11788f4548cd39c2fc2f
9,torch_pretrained_classification,0,0.8375,0.85,4,srnet,72d95a9b5218eff81199f661d927f1ff4f3cb313a909a4bef054aaeff476f1ee
9,famous_le_10m,0,1.0,1.0,4,srnet,72d95a9b5218eff81199f661d927f1ff4f3cb313a909a4bef054aaeff476f1ee
9,famous_le_10m,1,0.2,0.0,4,srnet,72d95a9b5218eff81199f661d927f1ff4f3cb313a909a4bef054aaeff476f1ee
9,famous_le_10m,2,0.2,0.2,4,srnet,72d95a9b5218eff81199f661d927f1ff4f3cb313a909a4bef054aaeff476f1ee
9,famous_le_10m,3,0.2,0.2,4,srnet,72d95a9b5218eff81199f661d927f1ff4f3cb313a909a4bef054aaeff476f1ee
9,famous_le_10m,4,0.4,0.2,4,srnet,72d95a9b5218eff81199f661d927f1ff4f3cb313a909a4bef054aaeff476f1ee
9,famous_le_10m,5,1.0,0.6,4,srnet,72d95a9b5218eff81199f661d927f1ff4f3cb313a909a4bef054aaeff476f1ee
9,famous_le_10m,6,1.0,1.0,4,srnet,72d95a9b5218eff81199f661d927f1ff4f3cb313a909a4bef054aaeff476f1ee
9,famous_le_10m,7,1.0,1.0,4,srnet,72d95a9b5218eff81199f661d927f1ff4f3cb313a909a4bef054aaeff476f1ee
9,famous_le_10m,8,1.0,1.0,4,srnet,72d95a9b5218eff81199f661d927f1ff4f3cb313a909a4bef054aaeff476f1ee
9,famous_le_10m,9,1.0,1.0,4,srnet,72d95a9b5218eff81199f661d927f1ff4f3cb313a909a4bef054aaeff476f1ee
9,famous_le_10m,10,1.0,1.0,4,srnet,72d95a9b5218eff81199f661d927f1ff4f3cb313a909a4bef054aaeff476f1ee
9,famous_le_10m,11,1.0,1.0,4,srnet,72d95a9b5218eff81199f661d927f1ff4f3cb313a909a4bef054aaeff476f1ee
9,famous_le_10m,12,1.0,1.0,4,srnet,72d95a9b5218eff81199f661d927f1ff4f3cb313a909a4bef054aaeff476f1ee
9,famous_le_10m,13,1.0,1.0,4,srnet,72d95a9b5218eff81199f661d927f1ff4f3cb313a909a4bef054aaeff476f1ee
9,famous_le_10m,14,1.0,1.0,4,srnet,72d95a9b5218eff81199f661d927f1ff4f3cb313a909a4bef054aaeff476f1ee
9,famous_le_10m,15,1.0,1.0,4,srnet,72d95a9b5218eff81199f661d927f1ff4f3cb313a909a4bef054aaeff476f1ee
9,famous_le_10m,16,1.0,1.0,4,srnet,72d95a9b5218eff81199f661d927f1ff4f3cb313a909a4bef054aaeff476f1ee
9,famous_le_10m,17,1.0,1.0,4,srnet,72d95a9b5218eff81199f661d927f1ff4f3cb313a909a4bef054aaeff476f1ee
9,famous_le_10m,18,1.0,1.0,4,srnet,72d95a9b5218eff81199f661d927f1ff4f3cb313a909a4bef054aaeff476f1ee
9,famous_le_10m,19,1.0,1.0,4,srnet,72d95a9b5218eff81199f661d927f1ff4f3cb313a909a4bef054aaeff476f1ee
9,famous_le_10m,20,1.0,1.0,4,srnet,72d95a9b5218eff81199f661d927f1ff4f3cb313a909a4bef054aaeff476f1ee
9,famous_le_10m,21,1.0,1.0,4,srnet,72d95a9b5218eff81199f661d927f1ff4f3cb313a909a4bef054aaeff476f1ee
9,famous_le_10m,22,1.0,1.0,4,srnet,72d95a9b5218eff81199f661d927f1ff4f3cb313a909a4bef054aaeff476f1ee
9,famous_le_10m,23,1.0,1.0,4,srnet,72d95a9b5218eff81199f661d927f1ff4f3cb313a909a4bef054aaeff476f1ee
9,famous_le_100m,0,0.8571428571428571,0.8571428571428571,4,srnet,72d95a9b5218eff81199f661d927f1ff4f3cb313a909a4bef054aaeff476f1ee
9,famous_le_100m,1,0.14285714285714285,0.14285714285714285,4,srnet,72d95a9b5218eff81199f661d927f1ff4f3cb313a909a4bef054aaeff476f1ee
9,famous_le_100m,2,0.14285714285714285,0.14285714285714285,4,srnet,72d95a9b5218eff81199f661d927f1ff4f3cb313a909a4bef054aaeff476f1ee
9,famous_le_100m,3,0.14285714285714285,0.14285714285714285,4,srnet,72d95a9b5218eff81199f661d927f1ff4f3cb313a909a4bef054aaeff476f1ee
9,famous_le_100m,4,0.14285714285714285,0.07142857142857142,4,srnet,72d95a9b5218eff81199f661d927f1ff4f3cb313a909a4bef054aaeff476f1ee
9,famous_le_100m,5,0.35714285714285715,0.35714285714285715,4,srnet,72d95a9b5218eff81199f661d927f1ff4f3cb313a909a4bef054aaeff476f1ee
9,famous_le_100m,6,0.5714285714285714,0.5,4,srnet,72d95a9b5218eff81199f661d927f1ff4f3cb313a909a4bef054aaeff476f1ee
9,famous_le_100m,7,0.8571428571428571,0.8571428571428571,4,srnet,72d95a9b5218eff81199f661d927f1ff4f3cb313a909a4bef054aaeff476f1ee
9,famous_le_100m,8,0.8571428571428571,0.8571428571428571,4,srnet,72d95a9b5218eff81199f661d927f1ff4f3cb313a909a4bef054aaeff476f1ee
9,famous_le_100m,9,0.9285714285714286,0.9285714285714286,4,srnet,72d95a9b5218eff81199f661d927f1ff4f3cb313a909a4bef054aaeff476f1ee
9,famous_le_100m,10,0.9285714285714286,0.9285714285714286,4,srnet,72d95a9b5218eff81199f661d927f1ff4f3cb313a909a4bef054aaeff476f1ee
9,famous_le_100m,11,0.9285714285714286,0.9285714285714286,4,srnet,72d95a9b5218eff81199f661d927f1ff4f3cb313a909a4bef054aaeff476f1ee
9,famous_le_100m,12,0.9285714285714286,0.9285714285714286,4,srnet,72d95a9b5218eff81199f661d927f1ff4f3cb313a909a4bef054aaeff476f1ee
9,famous_le_100m,13,1.0,1.0,4,srnet,72d95a9b5218eff81199f661d927f1ff4f3cb313a909a4bef054aaeff476f1ee
9,famous_le_100m,14,1.0,1.0,4,srnet,72d95a9b5218eff81199f661d927f1ff4f3cb313a909a4bef054aaeff476f1ee
9,famous_le_100m,15,1.0,1.0,4,srnet,72d95a9b5218eff81199f661d927f1ff4f3cb313a909a4bef054aaeff476f1ee
9,famous_le_100m,16,1.0,1.0,4,srnet,72d95a9b5218eff81199f661d927f1ff4f3cb313a909a4bef054aaeff476f1ee
9,famous_le_100m,17,1.0,1.0,4,srnet,72d95a9b5218eff81199f661d927f1ff4f3cb313a909a4bef054aaeff476f1ee
9,famous_le_100m,18,1.0,1.0,4,srnet,72d95a9b5218eff81199f661d927f1ff4f3cb313a909a4bef054aaeff476f1ee
9,famous_le_100m,19,1.0,1.0,4,srnet,72d95a9b5218eff81199f661d927f1ff4f3cb313a909a4bef054aaeff476f1ee
9,famous_le_100m,20,1.0,1.0,4,srnet,72d95a9b5218eff81199f661d927f1ff4f3cb313a909a4bef054aaeff476f1ee
9,famous_le_100m,21,1.0,1.0,4,srnet,72d95a9b5218eff81199f661d927f1ff4f3cb313a909a4bef054aaeff476f1ee
9,famous_le_100m,22,1.0,1.0,4,srnet,72d95a9b5218eff81199f661d927f1ff4f3cb313a909a4bef054aaeff476f1ee
9,famous_le_100m,23,1.0,1.0,4,srnet,72d95a9b5218eff81199f661d927f1ff4f3cb313a909a4bef054aaeff476f1ee
5,torch_pretrained_classification,0,0.8875,0.8875,5,srnet,be072a23b3842f8f47dde70b97fb0e5e436d374895b45824c65dfc0522773abc
5,famous_le_10m,0,1.0,1.0,5,srnet,be072a23b3842f8f47dde70b97fb0e5e436d374895b45824c65dfc0522773abc
5,famous_le_10m,1,0.0,0.0,5,srnet,be072a23b3842f8f47dde70b97fb0e5e436d374895b45824c65dfc0522773abc
5,famous_le_10m,2,0.0,0.0,5,srnet,be072a23b3842f8f47dde70b97fb0e5e436d374895b45824c65dfc0522773abc
5,famous_le_10m,3,0.2,0.2,5,srnet,be072a23b3842f8f47dde70b97fb0e5e436d374895b45824c65dfc0522773abc
5,famous_le_10m,4,0.2,0.2,5,srnet,be072a23b3842f8f47dde70b97fb0e5e436d374895b45824c65dfc0522773abc
5,famous_le_10m,5,0.4,0.4,5,srnet,be072a23b3842f8f47dde70b97fb0e5e436d374895b45824c65dfc0522773abc
5,famous_le_10m,6,1.0,1.0,5,srnet,be072a23b3842f8f47dde70b97fb0e5e436d374895b45824c65dfc0522773abc
5,famous_le_10m,7,1.0,1.0,5,srnet,be072a23b3842f8f47dde70b97fb0e5e436d374895b45824c65dfc0522773abc
5,famous_le_10m,8,1.0,1.0,5,srnet,be072a23b3842f8f47dde70b97fb0e5e436d374895b45824c65dfc0522773abc
5,famous_le_10m,9,1.0,1.0,5,srnet,be072a23b3842f8f47dde70b97fb0e5e436d374895b45824c65dfc0522773abc
5,famous_le_10m,10,1.0,1.0,5,srnet,be072a23b3842f8f47dde70b97fb0e5e436d374895b45824c65dfc0522773abc
5,famous_le_10m,11,1.0,1.0,5,srnet,be072a23b3842f8f47dde70b97fb0e5e436d374895b45824c65dfc0522773abc
5,famous_le_10m,12,1.0,1.0,5,srnet,be072a23b3842f8f47dde70b97fb0e5e436d374895b45824c65dfc0522773abc
5,famous_le_10m,13,1.0,1.0,5,srnet,be072a23b3842f8f47dde70b97fb0e5e436d374895b45824c65dfc0522773abc
5,famous_le_10m,14,1.0,1.0,5,srnet,be072a23b3842f8f47dde70b97fb0e5e436d374895b45824c65dfc0522773abc
5,famous_le_10m,15,1.0,1.0,5,srnet,be072a23b3842f8f47dde70b97fb0e5e436d374895b45824c65dfc0522773abc
5,famous_le_10m,16,1.0,1.0,5,srnet,be072a23b3842f8f47dde70b97fb0e5e436d374895b45824c65dfc0522773abc
5,famous_le_10m,17,1.0,1.0,5,srnet,be072a23b3842f8f47dde70b97fb0e5e436d374895b45824c65dfc0522773abc
5,famous_le_10m,18,1.0,1.0,5,srnet,be072a23b3842f8f47dde70b97fb0e5e436d374895b45824c65dfc0522773abc
5,famous_le_10m,19,1.0,1.0,5,srnet,be072a23b3842f8f47dde70b97fb0e5e436d374895b45824c65dfc0522773abc
5,famous_le_10m,20,1.0,1.0,5,srnet,be072a23b3842f8f47dde70b97fb0e5e436d374895b45824c65dfc0522773abc
5,famous_le_10m,21,1.0,1.0,5,srnet,be072a23b3842f8f47dde70b97fb0e5e436d374895b45824c65dfc0522773abc
5,famous_le_10m,22,1.0,1.0,5,srnet,be072a23b3842f8f47dde70b97fb0e5e436d374895b45824c65dfc0522773abc
5,famous_le_10m,23,1.0,1.0,5,srnet,be072a23b3842f8f47dde70b97fb0e5e436d374895b45824c65dfc0522773abc
5,famous_le_100m,0,0.8571428571428571,0.8571428571428571,5,srnet,be072a23b3842f8f47dde70b97fb0e5e436d374895b45824c65dfc0522773abc
5,famous_le_100m,1,0.14285714285714285,0.14285714285714285,5,srnet,be072a23b3842f8f47dde70b97fb0e5e436d374895b45824c65dfc0522773abc
5,famous_le_100m,2,0.14285714285714285,0.07142857142857142,5,srnet,be072a23b3842f8f47dde70b97fb0e5e436d374895b45824c65dfc0522773abc
5,famous_le_100m,3,0.07142857142857142,0.07142857142857142,5,srnet,be072a23b3842f8f47dde70b97fb0e5e436d374895b45824c65dfc0522773abc
5,famous_le_100m,4,0.07142857142857142,0.07142857142857142,5,srnet,be072a23b3842f8f47dde70b97fb0e5e436d374895b45824c65dfc0522773abc
5,famous_le_100m,5,0.2857142857142857,0.2857142857142857,5,srnet,be072a23b3842f8f47dde70b97fb0e5e436d374895b45824c65dfc0522773abc
5,famous_le_100m,6,0.5,0.5,5,srnet,be072a23b3842f8f47dde70b97fb0e5e436d374895b45824c65dfc0522773abc
5,famous_le_100m,7,0.8571428571428571,0.8571428571428571,5,srnet,be072a23b3842f8f47dde70b97fb0e5e436d374895b45824c65dfc0522773abc
5,famous_le_100m,8,0.8571428571428571,0.8571428571428571,5,srnet,be072a23b3842f8f47dde70b97fb0e5e436d374895b45824c65dfc0522773abc
5,famous_le_100m,9,0.8571428571428571,0.8571428571428571,5,srnet,be072a23b3842f8f47dde70b97fb0e5e436d374895b45824c65dfc0522773abc
5,famous_le_100m,10,0.9285714285714286,0.9285714285714286,5,srnet,be072a23b3842f8f47dde70b97fb0e5e436d374895b45824c65dfc0522773abc
5,famous_le_100m,11,0.9285714285714286,0.9285714285714286,5,srnet,be072a23b3842f8f47dde70b97fb0e5e436d374895b45824c65dfc0522773abc
5,famous_le_100m,12,0.9285714285714286,0.9285714285714286,5,srnet,be072a23b3842f8f47dde70b97fb0e5e436d374895b45824c65dfc0522773abc
5,famous_le_100m,13,0.9285714285714286,0.9285714285714286,5,srnet,be072a23b3842f8f47dde70b97fb0e5e436d374895b45824c65dfc0522773abc
5,famous_le_100m,14,1.0,1.0,5,srnet,be072a23b3842f8f47dde70b97fb0e5e436d374895b45824c65dfc0522773abc
5,famous_le_100m,15,1.0,1.0,5,srnet,be072a23b3842f8f47dde70b97fb0e5e436d374895b45824c65dfc0522773abc
5,famous_le_100m,16,1.0,1.0,5,srnet,be072a23b3842f8f47dde70b97fb0e5e436d374895b45824c65dfc0522773abc
5,famous_le_100m,17,1.0,1.0,5,srnet,be072a23b3842f8f47dde70b97fb0e5e436d374895b45824c65dfc0522773abc
5,famous_le_100m,18,1.0,1.0,5,srnet,be072a23b3842f8f47dde70b97fb0e5e436d374895b45824c65dfc0522773abc
5,famous_le_100m,19,1.0,1.0,5,srnet,be072a23b3842f8f47dde70b97fb0e5e436d374895b45824c65dfc0522773abc
5,famous_le_100m,20,1.0,1.0,5,srnet,be072a23b3842f8f47dde70b97fb0e5e436d374895b45824c65dfc0522773abc
5,famous_le_100m,21,1.0,1.0,5,srnet,be072a23b3842f8f47dde70b97fb0e5e436d374895b45824c65dfc0522773abc
5,famous_le_100m,22,1.0,1.0,5,srnet,be072a23b3842f8f47dde70b97fb0e5e436d374895b45824c65dfc0522773abc
5,famous_le_100m,23,1.0,1.0,5,srnet,be072a23b3842f8f47dde70b97fb0e5e436d374895b45824c65dfc0522773abc
6,torch_pretrained_classification,0,0.9,0.9,5,srnet,d78752dd63119dc85ed79ba198de58d9fd8d315c300b1c5242a162ed0bd94082
6,famous_le_10m,0,1.0,1.0,5,srnet,d78752dd63119dc85ed79ba198de58d9fd8d315c300b1c5242a162ed0bd94082
6,famous_le_10m,1,0.0,0.0,5,srnet,d78752dd63119dc85ed79ba198de58d9fd8d315c300b1c5242a162ed0bd94082
6,famous_le_10m,2,0.2,0.2,5,srnet,d78752dd63119dc85ed79ba198de58d9fd8d315c300b1c5242a162ed0bd94082
6,famous_le_10m,3,0.2,0.2,5,srnet,d78752dd63119dc85ed79ba198de58d9fd8d315c300b1c5242a162ed0bd94082
6,famous_le_10m,4,0.4,0.4,5,srnet,d78752dd63119dc85ed79ba198de58d9fd8d315c300b1c5242a162ed0bd94082
6,famous_le_10m,5,0.4,0.4,5,srnet,d78752dd63119dc85ed79ba198de58d9fd8d315c300b1c5242a162ed0bd94082
6,famous_le_10m,6,1.0,1.0,5,srnet,d78752dd63119dc85ed79ba198de58d9fd8d315c300b1c5242a162ed0bd94082
6,famous_le_10m,7,1.0,1.0,5,srnet,d78752dd63119dc85ed79ba198de58d9fd8d315c300b1c5242a162ed0bd94082
6,famous_le_10m,8,1.0,1.0,5,srnet,d78752dd63119dc85ed79ba198de58d9fd8d315c300b1c5242a162ed0bd94082
6,famous_le_10m,9,1.0,1.0,5,srnet,d78752dd63119dc85ed79ba198de58d9fd8d315c300b1c5242a162ed0bd94082
6,famous_le_10m,10,1.0,1.0,5,srnet,d78752dd63119dc85ed79ba198de58d9fd8d315c300b1c5242a162ed0bd94082
6,famous_le_10m,11,1.0,1.0,5,srnet,d78752dd63119dc85ed79ba198de58d9fd8d315c300b1c5242a162ed0bd94082
6,famous_le_10m,12,1.0,1.0,5,srnet,d78752dd63119dc85ed79ba198de58d9fd8d315c300b1c5242a162ed0bd94082
6,famous_le_10m,13,1.0,1.0,5,srnet,d78752dd63119dc85ed79ba198de58d9fd8d315c300b1c5242a162ed0bd94082
6,famous_le_10m,14,1.0,1.0,5,srnet,d78752dd63119dc85ed79ba198de58d9fd8d315c300b1c5242a162ed0bd94082
6,famous_le_10m,15,1.0,1.0,5,srnet,d78752dd63119dc85ed79ba198de58d9fd8d315c300b1c5242a162ed0bd94082
6,famous_le_10m,16,1.0,1.0,5,srnet,d78752dd63119dc85ed79ba198de58d9fd8d315c300b1c5242a162ed0bd94082
6,famous_le_10m,17,1.0,1.0,5,srnet,d78752dd63119dc85ed79ba198de58d9fd8d315c300b1c5242a162ed0bd94082
6,famous_le_10m,18,1.0,1.0,5,srnet,d78752dd63119dc85ed79ba198de58d9fd8d315c300b1c5242a162ed0bd94082
6,famous_le_10m,19,1.0,1.0,5,srnet,d78752dd63119dc85ed79ba198de58d9fd8d315c300b1c5242a162ed0bd94082
6,famous_le_10m,20,1.0,1.0,5,srnet,d78752dd63119dc85ed79ba198de58d9fd8d315c300b1c5242a162ed0bd94082
6,famous_le_10m,21,1.0,1.0,5,srnet,d78752dd63119dc85ed79ba198de58d9fd8d315c300b1c5242a162ed0bd94082
6,famous_le_10m,22,1.0,1.0,5,srnet,d78752dd63119dc85ed79ba198de58d9fd8d315c300b1c5242a162ed0bd94082
6,famous_le_10m,23,1.0,1.0,5,srnet,d78752dd63119dc85ed79ba198de58d9fd8d315c300b1c5242a162ed0bd94082
6,famous_le_100m,0,0.9285714285714286,0.9285714285714286,5,srnet,d78752dd63119dc85ed79ba198de58d9fd8d315c300b1c5242a162ed0bd94082
6,famous_le_100m,1,0.07142857142857142,0.07142857142857142,5,srnet,d78752dd63119dc85ed79ba198de58d9fd8d315c300b1c5242a162ed0bd94082
6,famous_le_100m,2,0.07142857142857142,0.07142857142857142,5,srnet,d78752dd63119dc85ed79ba198de58d9fd8d315c300b1c5242a162ed0bd94082
6,famous_le_100m,3,0.07142857142857142,0.07142857142857142,5,srnet,d78752dd63119dc85ed79ba198de58d9fd8d315c300b1c5242a162ed0bd94082
6,famous_le_100m,4,0.07142857142857142,0.07142857142857142,5,srnet,d78752dd63119dc85ed79ba198de58d9fd8d315c300b1c5242a162ed0bd94082
6,famous_le_100m,5,0.14285714285714285,0.14285714285714285,5,srnet,d78752dd63119dc85ed79ba198de58d9fd8d315c300b1c5242a162ed0bd94082
6,famous_le_100m,6,0.42857142857142855,0.42857142857142855,5,srnet,d78752dd63119dc85ed79ba198de58d9fd8d315c300b1c5242a162ed0bd94082
6,famous_le_100m,7,0.8571428571428571,0.7857142857142857,5,srnet,d78752dd63119dc85ed79ba198de58d9fd8d315c300b1c5242a162ed0bd94082
6,famous_le_100m,8,0.8571428571428571,0.8571428571428571,5,srnet,d78752dd63119dc85ed79ba198de58d9fd8d315c300b1c5242a162ed0bd94082
6,famous_le_100m,9,0.8571428571428571,0.8571428571428571,5,srnet,d78752dd63119dc85ed79ba198de58d9fd8d315c300b1c5242a162ed0bd94082
6,famous_le_100m,10,0.9285714285714286,0.9285714285714286,5,srnet,d78752dd63119dc85ed79ba198de58d9fd8d315c300b1c5242a162ed0bd94082
6,famous_le_100m,11,0.9285714285714286,0.9285714285714286,5,srnet,d78752dd63119dc85ed79ba198de58d9fd8d315c300b1c5242a162ed0bd94082
6,famous_le_100m,12,0.9285714285714286,0.9285714285714286,5,srnet,d78752dd63119dc85ed79ba198de58d9fd8d315c300b1c5242a162ed0bd94082
6,famous_le_100m,13,0.9285714285714286,0.9285714285714286,5,srnet,d78752dd63119dc85ed79ba198de58d9fd8d315c300b1c5242a162ed0bd94082
6,famous_le_100m,14,1.0,1.0,5,srnet,d78752dd63119dc85ed79ba198de58d9fd8d315c300b1c5242a162ed0bd94082
6,famous_le_100m,15,1.0,1.0,5,srnet,d78752dd63119dc85ed79ba198de58d9fd8d315c300b1c5242a162ed0bd94082
6,famous_le_100m,16,1.0,1.0,5,srnet,d78752dd63119dc85ed79ba198de58d9fd8d315c300b1c5242a162ed0bd94082
6,famous_le_100m,17,1.0,1.0,5,srnet,d78752dd63119dc85ed79ba198de58d9fd8d315c300b1c5242a162ed0bd94082
6,famous_le_100m,18,1.0,1.0,5,srnet,d78752dd63119dc85ed79ba198de58d9fd8d315c300b1c5242a162ed0bd94082
6,famous_le_100m,19,1.0,1.0,5,srnet,d78752dd63119dc85ed79ba198de58d9fd8d315c300b1c5242a162ed0bd94082
6,famous_le_100m,20,1.0,1.0,5,srnet,d78752dd63119dc85ed79ba198de58d9fd8d315c300b1c5242a162ed0bd94082
6,famous_le_100m,21,1.0,1.0,5,srnet,d78752dd63119dc85ed79ba198de58d9fd8d315c300b1c5242a162ed0bd94082
6,famous_le_100m,22,1.0,1.0,5,srnet,d78752dd63119dc85ed79ba198de58d9fd8d315c300b1c5242a162ed0bd94082
6,famous_le_100m,23,1.0,1.0,5,srnet,d78752dd63119dc85ed79ba198de58d9fd8d315c300b1c5242a162ed0bd94082
7,torch_pretrained_classification,0,0.9,0.9,5,srnet,34b9d911e72895c2d687310a432fd46bced472901eaa94763105059b65016ac5
7,famous_le_10m,0,1.0,1.0,5,srnet,34b9d911e72895c2d687310a432fd46bced472901eaa94763105059b65016ac5
7,famous_le_10m,1,0.0,0.0,5,srnet,34b9d911e72895c2d687310a432fd46bced472901eaa94763105059b65016ac5
7,famous_le_10m,2,0.0,0.0,5,srnet,34b9d911e72895c2d687310a432fd46bced472901eaa94763105059b65016ac5
7,famous_le_10m,3,0.2,0.2,5,srnet,34b9d911e72895c2d687310a432fd46bced472901eaa94763105059b65016ac5
7,famous_le_10m,4,0.2,0.2,5,srnet,34b9d911e72895c2d687310a432fd46bced472901eaa94763105059b65016ac5
7,famous_le_10m,5,0.4,0.4,5,srnet,34b9d911e72895c2d687310a432fd46bced472901eaa94763105059b65016ac5
7,famous_le_10m,6,1.0,1.0,5,srnet,34b9d911e72895c2d687310a432fd46bced472901eaa94763105059b65016ac5
7,famous_le_10m,7,1.0,1.0,5,srnet,34b9d911e72895c2d687310a432fd46bced472901eaa94763105059b65016ac5
7,famous_le_10m,8,1.0,1.0,5,srnet,34b9d911e72895c2d687310a432fd46bced472901eaa94763105059b65016ac5
7,famous_le_10m,9,1.0,1.0,5,srnet,34b9d911e72895c2d687310a432fd46bced472901eaa94763105059b65016ac5
7,famous_le_10m,10,1.0,1.0,5,srnet,34b9d911e72895c2d687310a432fd46bced472901eaa94763105059b65016ac5
7,famous_le_10m,11,1.0,1.0,5,srnet,34b9d911e72895c2d687310a432fd46bced472901eaa94763105059b65016ac5
7,famous_le_10m,12,1.0,1.0,5,srnet,34b9d911e72895c2d687310a432fd46bced472901eaa94763105059b65016ac5
7,famous_le_10m,13,1.0,1.0,5,srnet,34b9d911e72895c2d687310a432fd46bced472901eaa94763105059b65016ac5
7,famous_le_10m,14,1.0,1.0,5,srnet,34b9d911e72895c2d687310a432fd46bced472901eaa94763105059b65016ac5
7,famous_le_10m,15,1.0,1.0,5,srnet,34b9d911e72895c2d687310a432fd46bced472901eaa94763105059b65016ac5
7,famous_le_10m,16,1.0,1.0,5,srnet,34b9d911e72895c2d687310a432fd46bced472901eaa94763105059b65016ac5
7,famous_le_10m,17,1.0,1.0,5,srnet,34b9d911e72895c2d687310a432fd46bced472901eaa94763105059b65016ac5
7,famous_le_10m,18,1.0,1.0,5,srnet,34b9d911e72895c2d687310a432fd46bced472901eaa94763105059b65016ac5
7,famous_le_10m,19,1.0,1.0,5,srnet,34b9d911e72895c2d687310a432fd46bced472901eaa94763105059b65016ac5
7,famous_le_10m,20,1.0,1.0,5,srnet,34b9d911e72895c2d687310a432fd46bced472901eaa94763105059b65016ac5
7,famous_le_10m,21,1.0,1.0,5,srnet,34b9d911e72895c2d687310a432fd46bced472901eaa94763105059b65016ac5
7,famous_le_10m,22,1.0,1.0,5,srnet,34b9d911e72895c2d687310a432fd46bced472901eaa94763105059b65016ac5
7,famous_le_10m,23,1.0,1.0,5,srnet,34b9d911e72895c2d687310a432fd46bced472901eaa94763105059b65016ac5
7,famous_le_100m,0,0.8571428571428571,0.9285714285714286,5,srnet,34b9d911e72895c2d687310a432fd46bced472901eaa94763105059b65016ac5
7,famous_le_100m,1,0.07142857142857142,0.07142857142857142,5,srnet,34b9d911e72895c2d687310a432fd46bced472901eaa94763105059b65016ac5
7,famous_le_100m,2,0.07142857142857142,0.07142857142857142,5,srnet,34b9d911e72895c2d687310a432fd46bced472901eaa94763105059b65016ac5
7,famous_le_100m,3,0.07142857142857142,0.07142857142857142,5,srnet,34b9d911e72895c2d687310a432fd46bced472901eaa94763105059b65016ac5
7,famous_le_100m,4,0.07142857142857142,0.07142857142857142,5,srnet,34b9d911e72895c2d687310a432fd46bced472901eaa94763105059b65016ac5
7,famous_le_100m,5,0.2857142857142857,0.21428571428571427,5,srnet,34b9d911e72895c2d687310a432fd46bced472901eaa94763105059b65016ac5
7,famous_le_100m,6,0.5,0.5,5,srnet,34b9d911e72895c2d687310a432fd46bced472901eaa94763105059b65016ac5
7,famous_le_100m,7,0.8571428571428571,0.8571428571428571,5,srnet,34b9d911e72895c2d687310a432fd46bced472901eaa94763105059b65016ac5
7,famous_le_100m,8,0.8571428571428571,0.8571428571428571,5,srnet,34b9d911e72895c2d687310a432fd46bced472901eaa94763105059b65016ac5
7,famous_le_100m,9,0.8571428571428571,0.8571428571428571,5,srnet,34b9d911e72895c2d687310a432fd46bced472901eaa94763105059b65016ac5
7,famous_le_100m,10,0.9285714285714286,0.9285714285714286,5,srnet,34b9d911e72895c2d687310a432fd46bced472901eaa94763105059b65016ac5
7,famous_le_100m,11,0.9285714285714286,0.9285714285714286,5,srnet,34b9d911e72895c2d687310a432fd46bced472901eaa94763105059b65016ac5
7,famous_le_100m,12,0.9285714285714286,0.9285714285714286,5,srnet,34b9d911e72895c2d687310a432fd46bced472901eaa94763105059b65016ac5
7,famous_le_100m,13,0.9285714285714286,0.9285714285714286,5,srnet,34b9d911e72895c2d687310a432fd46bced472901eaa94763105059b65016ac5
7,famous_le_100m,14,1.0,1.0,5,srnet,34b9d911e72895c2d687310a432fd46bced472901eaa94763105059b65016ac5
7,famous_le_100m,15,1.0,1.0,5,srnet,34b9d911e72895c2d687310a432fd46bced472901eaa94763105059b65016ac5
7,famous_le_100m,16,1.0,1.0,5,srnet,34b9d911e72895c2d687310a432fd46bced472901eaa94763105059b65016ac5
7,famous_le_100m,17,1.0,1.0,5,srnet,34b9d911e72895c2d687310a432fd46bced472901eaa94763105059b65016ac5
7,famous_le_100m,18,1.0,1.0,5,srnet,34b9d911e72895c2d687310a432fd46bced472901eaa94763105059b65016ac5
7,famous_le_100m,19,1.0,1.0,5,srnet,34b9d911e72895c2d687310a432fd46bced472901eaa94763105059b65016ac5
7,famous_le_100m,20,1.0,1.0,5,srnet,34b9d911e72895c2d687310a432fd46bced472901eaa94763105059b65016ac5
7,famous_le_100m,21,1.0,1.0,5,srnet,34b9d911e72895c2d687310a432fd46bced472901eaa94763105059b65016ac5
7,famous_le_100m,22,1.0,1.0,5,srnet,34b9d911e72895c2d687310a432fd46bced472901eaa94763105059b65016ac5
7,famous_le_100m,23,1.0,1.0,5,srnet,34b9d911e72895c2d687310a432fd46bced472901eaa94763105059b65016ac5
8,torch_pretrained_classification,0,0.8875,0.9,5,srnet,5c64af37c8f25504d4ce9f58635744a527d6f605c415bffe3eb01884af790ff8
8,famous_le_10m,0,1.0,1.0,5,srnet,5c64af37c8f25504d4ce9f58635744a527d6f605c415bffe3eb01884af790ff8
8,famous_le_10m,1,0.0,0.0,5,srnet,5c64af37c8f25504d4ce9f58635744a527d6f605c415bffe3eb01884af790ff8
8,famous_le_10m,2,0.0,0.0,5,srnet,5c64af37c8f25504d4ce9f58635744a527d6f605c415bffe3eb01884af790ff8
8,famous_le_10m,3,0.2,0.2,5,srnet,5c64af37c8f25504d4ce9f58635744a527d6f605c415bffe3eb01884af790ff8
8,famous_le_10m,4,0.2,0.2,5,srnet,5c64af37c8f25504d4ce9f58635744a527d6f605c415bffe3eb01884af790ff8
8,famous_le_10m,5,0.4,0.4,5,srnet,5c64af37c8f25504d4ce9f58635744a527d6f605c415bffe3eb01884af790ff8
8,famous_le_10m,6,1.0,1.0,5,srnet,5c64af37c8f25504d4ce9f58635744a527d6f605c415bffe3eb01884af790ff8
8,famous_le_10m,7,1.0,1.0,5,srnet,5c64af37c8f25504d4ce9f58635744a527d6f605c415bffe3eb01884af790ff8
8,famous_le_10m,8,1.0,1.0,5,srnet,5c64af37c8f25504d4ce9f58635744a527d6f605c415bffe3eb01884af790ff8
8,famous_le_10m,9,1.0,1.0,5,srnet,5c64af37c8f25504d4ce9f58635744a527d6f605c415bffe3eb01884af790ff8
8,famous_le_10m,10,1.0,1.0,5,srnet,5c64af37c8f25504d4ce9f58635744a527d6f605c415bffe3eb01884af790ff8
8,famous_le_10m,11,1.0,1.0,5,srnet,5c64af37c8f25504d4ce9f58635744a527d6f605c415bffe3eb01884af790ff8
8,famous_le_10m,12,1.0,1.0,5,srnet,5c64af37c8f25504d4ce9f58635744a527d6f605c415bffe3eb01884af790ff8
8,famous_le_10m,13,1.0,1.0,5,srnet,5c64af37c8f25504d4ce9f58635744a527d6f605c415bffe3eb01884af790ff8
8,famous_le_10m,14,1.0,1.0,5,srnet,5c64af37c8f25504d4ce9f58635744a527d6f605c415bffe3eb01884af790ff8
8,famous_le_10m,15,1.0,1.0,5,srnet,5c64af37c8f25504d4ce9f58635744a527d6f605c415bffe3eb01884af790ff8
8,famous_le_10m,16,1.0,1.0,5,srnet,5c64af37c8f25504d4ce9f58635744a527d6f605c415bffe3eb01884af790ff8
8,famous_le_10m,17,1.0,1.0,5,srnet,5c64af37c8f25504d4ce9f58635744a527d6f605c415bffe3eb01884af790ff8
8,famous_le_10m,18,1.0,1.0,5,srnet,5c64af37c8f25504d4ce9f58635744a527d6f605c415bffe3eb01884af790ff8
8,famous_le_10m,19,1.0,1.0,5,srnet,5c64af37c8f25504d4ce9f58635744a527d6f605c415bffe3eb01884af790ff8
8,famous_le_10m,20,1.0,1.0,5,srnet,5c64af37c8f25504d4ce9f58635744a527d6f605c415bffe3eb01884af790ff8
8,famous_le_10m,21,1.0,1.0,5,srnet,5c64af37c8f25504d4ce9f58635744a527d6f605c415bffe3eb01884af790ff8
8,famous_le_10m,22,1.0,1.0,5,srnet,5c64af37c8f25504d4ce9f58635744a527d6f605c415bffe3eb01884af790ff8
8,famous_le_10m,23,1.0,1.0,5,srnet,5c64af37c8f25504d4ce9f58635744a527d6f605c415bffe3eb01884af790ff8
8,famous_le_100m,0,0.8571428571428571,0.8571428571428571,5,srnet,5c64af37c8f25504d4ce9f58635744a527d6f605c415bffe3eb01884af790ff8
8,famous_le_100m,1,0.14285714285714285,0.07142857142857142,5,srnet,5c64af37c8f25504d4ce9f58635744a527d6f605c415bffe3eb01884af790ff8
8,famous_le_100m,2,0.07142857142857142,0.07142857142857142,5,srnet,5c64af37c8f25504d4ce9f58635744a527d6f605c415bffe3eb01884af790ff8
8,famous_le_100m,3,0.07142857142857142,0.07142857142857142,5,srnet,5c64af37c8f25504d4ce9f58635744a527d6f605c415bffe3eb01884af790ff8
8,famous_le_100m,4,0.07142857142857142,0.07142857142857142,5,srnet,5c64af37c8f25504d4ce9f58635744a527d6f605c415bffe3eb01884af790ff8
8,famous_le_100m,5,0.2857142857142857,0.2857142857142857,5,srnet,5c64af37c8f25504d4ce9f58635744a527d6f605c415bffe3eb01884af790ff8
8,famous_le_100m,6,0.5,0.5,5,srnet,5c64af37c8f25504d4ce9f58635744a527d6f605c415bffe3eb01884af790ff8
8,famous_le_100m,7,0.8571428571428571,0.8571428571428571,5,srnet,5c64af37c8f25504d4ce9f58635744a527d6f605c415bffe3eb01884af790ff8
8,famous_le_100m,8,0.8571428571428571,0.8571428571428571,5,srnet,5c64af37c8f25504d4ce9f58635744a527d6f605c415bffe3eb01884af790ff8
8,famous_le_100m,9,0.9285714285714286,0.9285714285714286,5,srnet,5c64af37c8f25504d4ce9f58635744a527d6f605c415bffe3eb01884af790ff8
8,famous_le_100m,10,0.9285714285714286,0.9285714285714286,5,srnet,5c64af37c8f25504d4ce9f58635744a527d6f605c415bffe3eb01884af790ff8
8,famous_le_100m,11,0.9285714285714286,0.9285714285714286,5,srnet,5c64af37c8f25504d4ce9f58635744a527d6f605c415bffe3eb01884af790ff8
8,famous_le_100m,12,0.9285714285714286,0.9285714285714286,5,srnet,5c64af37c8f25504d4ce9f58635744a527d6f605c415bffe3eb01884af790ff8
8,famous_le_100m,13,1.0,1.0,5,srnet,5c64af37c8f25504d4ce9f58635744a527d6f605c415bffe3eb01884af790ff8
8,famous_le_100m,14,1.0,1.0,5,srnet,5c64af37c8f25504d4ce9f58635744a527d6f605c415bffe3eb01884af790ff8
8,famous_le_100m,15,1.0,1.0,5,srnet,5c64af37c8f25504d4ce9f58635744a527d6f605c415bffe3eb01884af790ff8
8,famous_le_100m,16,1.0,1.0,5,srnet,5c64af37c8f25504d4ce9f58635744a527d6f605c415bffe3eb01884af790ff8
8,famous_le_100m,17,1.0,1.0,5,srnet,5c64af37c8f25504d4ce9f58635744a527d6f605c415bffe3eb01884af790ff8
8,famous_le_100m,18,1.0,1.0,5,srnet,5c64af37c8f25504d4ce9f58635744a527d6f605c415bffe3eb01884af790ff8
8,famous_le_100m,19,1.0,1.0,5,srnet,5c64af37c8f25504d4ce9f58635744a527d6f605c415bffe3eb01884af790ff8
8,famous_le_100m,20,1.0,1.0,5,srnet,5c64af37c8f25504d4ce9f58635744a527d6f605c415bffe3eb01884af790ff8
8,famous_le_100m,21,1.0,1.0,5,srnet,5c64af37c8f25504d4ce9f58635744a527d6f605c415bffe3eb01884af790ff8
8,famous_le_100m,22,1.0,1.0,5,srnet,5c64af37c8f25504d4ce9f58635744a527d6f605c415bffe3eb01884af790ff8
8,famous_le_100m,23,1.0,1.0,5,srnet,5c64af37c8f25504d4ce9f58635744a527d6f605c415bffe3eb01884af790ff8
9,torch_pretrained_classification,0,0.875,0.9,5,srnet,9b5cd343b040bc8fbfa1d848d0e6124a4ccd16c346bd1d81a661ad3d562896ae
9,famous_le_10m,0,1.0,1.0,5,srnet,9b5cd343b040bc8fbfa1d848d0e6124a4ccd16c346bd1d81a661ad3d562896ae
9,famous_le_10m,1,0.0,0.0,5,srnet,9b5cd343b040bc8fbfa1d848d0e6124a4ccd16c346bd1d81a661ad3d562896ae
9,famous_le_10m,2,0.0,0.0,5,srnet,9b5cd343b040bc8fbfa1d848d0e6124a4ccd16c346bd1d81a661ad3d562896ae
9,famous_le_10m,3,0.2,0.2,5,srnet,9b5cd343b040bc8fbfa1d848d0e6124a4ccd16c346bd1d81a661ad3d562896ae
9,famous_le_10m,4,0.2,0.2,5,srnet,9b5cd343b040bc8fbfa1d848d0e6124a4ccd16c346bd1d81a661ad3d562896ae
9,famous_le_10m,5,0.6,0.6,5,srnet,9b5cd343b040bc8fbfa1d848d0e6124a4ccd16c346bd1d81a661ad3d562896ae
9,famous_le_10m,6,1.0,1.0,5,srnet,9b5cd343b040bc8fbfa1d848d0e6124a4ccd16c346bd1d81a661ad3d562896ae
9,famous_le_10m,7,1.0,1.0,5,srnet,9b5cd343b040bc8fbfa1d848d0e6124a4ccd16c346bd1d81a661ad3d562896ae
9,famous_le_10m,8,1.0,1.0,5,srnet,9b5cd343b040bc8fbfa1d848d0e6124a4ccd16c346bd1d81a661ad3d562896ae
9,famous_le_10m,9,1.0,1.0,5,srnet,9b5cd343b040bc8fbfa1d848d0e6124a4ccd16c346bd1d81a661ad3d562896ae
9,famous_le_10m,10,1.0,1.0,5,srnet,9b5cd343b040bc8fbfa1d848d0e6124a4ccd16c346bd1d81a661ad3d562896ae
9,famous_le_10m,11,1.0,1.0,5,srnet,9b5cd343b040bc8fbfa1d848d0e6124a4ccd16c346bd1d81a661ad3d562896ae
9,famous_le_10m,12,1.0,1.0,5,srnet,9b5cd343b040bc8fbfa1d848d0e6124a4ccd16c346bd1d81a661ad3d562896ae
9,famous_le_10m,13,1.0,1.0,5,srnet,9b5cd343b040bc8fbfa1d848d0e6124a4ccd16c346bd1d81a661ad3d562896ae
9,famous_le_10m,14,1.0,1.0,5,srnet,9b5cd343b040bc8fbfa1d848d0e6124a4ccd16c346bd1d81a661ad3d562896ae
9,famous_le_10m,15,1.0,1.0,5,srnet,9b5cd343b040bc8fbfa1d848d0e6124a4ccd16c346bd1d81a661ad3d562896ae
9,famous_le_10m,16,1.0,1.0,5,srnet,9b5cd343b040bc8fbfa1d848d0e6124a4ccd16c346bd1d81a661ad3d562896ae
9,famous_le_10m,17,1.0,1.0,5,srnet,9b5cd343b040bc8fbfa1d848d0e6124a4ccd16c346bd1d81a661ad3d562896ae
9,famous_le_10m,18,1.0,1.0,5,srnet,9b5cd343b040bc8fbfa1d848d0e6124a4ccd16c346bd1d81a661ad3d562896ae
9,famous_le_10m,19,1.0,1.0,5,srnet,9b5cd343b040bc8fbfa1d848d0e6124a4ccd16c346bd1d81a661ad3d562896ae
9,famous_le_10m,20,1.0,1.0,5,srnet,9b5cd343b040bc8fbfa1d848d0e6124a4ccd16c346bd1d81a661ad3d562896ae
9,famous_le_10m,21,1.0,1.0,5,srnet,9b5cd343b040bc8fbfa1d848d0e6124a4ccd16c346bd1d81a661ad3d562896ae
9,famous_le_10m,22,1.0,1.0,5,srnet,9b5cd343b040bc8fbfa1d848d0e6124a4ccd16c346bd1d81a661ad3d562896ae
9,famous_le_10m,23,1.0,1.0,5,srnet,9b5cd343b040bc8fbfa1d848d0e6124a4ccd16c346bd1d81a661ad3d562896ae
9,famous_le_100m,0,0.8571428571428571,0.8571428571428571,5,srnet,9b5cd343b040bc8fbfa1d848d0e6124a4ccd16c346bd1d81a661ad3d562896ae
9,famous_le_100m,1,0.14285714285714285,0.14285714285714285,5,srnet,9b5cd343b040bc8fbfa1d848d0e6124a4ccd16c346bd1d81a661ad3d562896ae
9,famous_le_100m,2,0.14285714285714285,0.07142857142857142,5,srnet,9b5cd343b040bc8fbfa1d848d0e6124a4ccd16c346bd1d81a661ad3d562896ae
9,famous_le_100m,3,0.07142857142857142,0.07142857142857142,5,srnet,9b5cd343b040bc8fbfa1d848d0e6124a4ccd16c346bd1d81a661ad3d562896ae
9,famous_le_100m,4,0.07142857142857142,0.07142857142857142,5,srnet,9b5cd343b040bc8fbfa1d848d0e6124a4ccd16c346bd1d81a661ad3d562896ae
9,famous_le_100m,5,0.2857142857142857,0.2857142857142857,5,srnet,9b5cd343b040bc8fbfa1d848d0e6124a4ccd16c346bd1d81a661ad3d562896ae
9,famous_le_100m,6,0.5,0.5,5,srnet,9b5cd343b040bc8fbfa1d848d0e6124a4ccd16c346bd1d81a661ad3d562896ae
9,famous_le_100m,7,0.8571428571428571,0.8571428571428571,5,srnet,9b5cd343b040bc8fbfa1d848d0e6124a4ccd16c346bd1d81a661ad3d562896ae
9,famous_le_100m,8,0.8571428571428571,0.8571428571428571,5,srnet,9b5cd343b040bc8fbfa1d848d0e6124a4ccd16c346bd1d81a661ad3d562896ae
9,famous_le_100m,9,0.8571428571428571,0.8571428571428571,5,srnet,9b5cd343b040bc8fbfa1d848d0e6124a4ccd16c346bd1d81a661ad3d562896ae
9,famous_le_100m,10,0.9285714285714286,0.9285714285714286,5,srnet,9b5cd343b040bc8fbfa1d848d0e6124a4ccd16c346bd1d81a661ad3d562896ae
9,famous_le_100m,11,0.9285714285714286,0.9285714285714286,5,srnet,9b5cd343b040bc8fbfa1d848d0e6124a4ccd16c346bd1d81a661ad3d562896ae
9,famous_le_100m,12,0.9285714285714286,0.9285714285714286,5,srnet,9b5cd343b040bc8fbfa1d848d0e6124a4ccd16c346bd1d81a661ad3d562896ae
9,famous_le_100m,13,1.0,1.0,5,srnet,9b5cd343b040bc8fbfa1d848d0e6124a4ccd16c346bd1d81a661ad3d562896ae
9,famous_le_100m,14,1.0,1.0,5,srnet,9b5cd343b040bc8fbfa1d848d0e6124a4ccd16c346bd1d81a661ad3d562896ae
9,famous_le_100m,15,1.0,1.0,5,srnet,9b5cd343b040bc8fbfa1d848d0e6124a4ccd16c346bd1d81a661ad3d562896ae
9,famous_le_100m,16,1.0,1.0,5,srnet,9b5cd343b040bc8fbfa1d848d0e6124a4ccd16c346bd1d81a661ad3d562896ae
9,famous_le_100m,17,1.0,1.0,5,srnet,9b5cd343b040bc8fbfa1d848d0e6124a4ccd16c346bd1d81a661ad3d562896ae
9,famous_le_100m,18,1.0,1.0,5,srnet,9b5cd343b040bc8fbfa1d848d0e6124a4ccd16c346bd1d81a661ad3d562896ae
9,famous_le_100m,19,1.0,1.0,5,srnet,9b5cd343b040bc8fbfa1d848d0e6124a4ccd16c346bd1d81a661ad3d562896ae
9,famous_le_100m,20,1.0,1.0,5,srnet,9b5cd343b040bc8fbfa1d848d0e6124a4ccd16c346bd1d81a661ad3d562896ae
9,famous_le_100m,21,1.0,1.0,5,srnet,9b5cd343b040bc8fbfa1d848d0e6124a4ccd16c346bd1d81a661ad3d562896ae
9,famous_le_100m,22,1.0,1.0,5,srnet,9b5cd343b040bc8fbfa1d848d0e6124a4ccd16c346bd1d81a661ad3d562896ae
9,famous_le_100m,23,1.0,1.0,5,srnet,9b5cd343b040bc8fbfa1d848d0e6124a4ccd16c346bd1d81a661ad3d562896ae
5,torch_pretrained_classification,0,0.925,0.925,6,srnet,51990061c158496976ece2a238c9173bf66b65cfa191175961452c45549fb753
5,famous_le_10m,0,1.0,1.0,6,srnet,51990061c158496976ece2a238c9173bf66b65cfa191175961452c45549fb753
5,famous_le_10m,1,0.0,0.0,6,srnet,51990061c158496976ece2a238c9173bf66b65cfa191175961452c45549fb753
5,famous_le_10m,2,0.0,0.0,6,srnet,51990061c158496976ece2a238c9173bf66b65cfa191175961452c45549fb753
5,famous_le_10m,3,0.0,0.0,6,srnet,51990061c158496976ece2a238c9173bf66b65cfa191175961452c45549fb753
5,famous_le_10m,4,0.2,0.2,6,srnet,51990061c158496976ece2a238c9173bf66b65cfa191175961452c45549fb753
5,famous_le_10m,5,0.4,0.4,6,srnet,51990061c158496976ece2a238c9173bf66b65cfa191175961452c45549fb753
5,famous_le_10m,6,1.0,1.0,6,srnet,51990061c158496976ece2a238c9173bf66b65cfa191175961452c45549fb753
5,famous_le_10m,7,1.0,1.0,6,srnet,51990061c158496976ece2a238c9173bf66b65cfa191175961452c45549fb753
5,famous_le_10m,8,1.0,1.0,6,srnet,51990061c158496976ece2a238c9173bf66b65cfa191175961452c45549fb753
5,famous_le_10m,9,1.0,1.0,6,srnet,51990061c158496976ece2a238c9173bf66b65cfa191175961452c45549fb753
5,famous_le_10m,10,1.0,1.0,6,srnet,51990061c158496976ece2a238c9173bf66b65cfa191175961452c45549fb753
5,famous_le_10m,11,1.0,1.0,6,srnet,51990061c158496976ece2a238c9173bf66b65cfa191175961452c45549fb753
5,famous_le_10m,12,1.0,1.0,6,srnet,51990061c158496976ece2a238c9173bf66b65cfa191175961452c45549fb753
5,famous_le_10m,13,1.0,1.0,6,srnet,51990061c158496976ece2a238c9173bf66b65cfa191175961452c45549fb753
5,famous_le_10m,14,1.0,1.0,6,srnet,51990061c158496976ece2a238c9173bf66b65cfa191175961452c45549fb753
5,famous_le_10m,15,1.0,1.0,6,srnet,51990061c158496976ece2a238c9173bf66b65cfa191175961452c45549fb753
5,famous_le_10m,16,1.0,1.0,6,srnet,51990061c158496976ece2a238c9173bf66b65cfa191175961452c45549fb753
5,famous_le_10m,17,1.0,1.0,6,srnet,51990061c158496976ece2a238c9173bf66b65cfa191175961452c45549fb753
5,famous_le_10m,18,1.0,1.0,6,srnet,51990061c158496976ece2a238c9173bf66b65cfa191175961452c45549fb753
5,famous_le_10m,19,1.0,1.0,6,srnet,51990061c158496976ece2a238c9173bf66b65cfa191175961452c45549fb753
5,famous_le_10m,20,1.0,1.0,6,srnet,51990061c158496976ece2a238c9173bf66b65cfa191175961452c45549fb753
5,famous_le_10m,21,1.0,1.0,6,srnet,51990061c158496976ece2a238c9173bf66b65cfa191175961452c45549fb753
5,famous_le_10m,22,1.0,1.0,6,srnet,51990061c158496976ece2a238c9173bf66b65cfa191175961452c45549fb753
5,famous_le_10m,23,1.0,1.0,6,srnet,51990061c158496976ece2a238c9173bf66b65cfa191175961452c45549fb753
5,famous_le_100m,0,0.9285714285714286,0.9285714285714286,6,srnet,51990061c158496976ece2a238c9173bf66b65cfa191175961452c45549fb753
5,famous_le_100m,1,0.07142857142857142,0.07142857142857142,6,srnet,51990061c158496976ece2a238c9173bf66b65cfa191175961452c45549fb753
5,famous_le_100m,2,0.07142857142857142,0.07142857142857142,6,srnet,51990061c158496976ece2a238c9173bf66b65cfa191175961452c45549fb753
5,famous_le_100m,3,0.07142857142857142,0.07142857142857142,6,srnet,51990061c158496976ece2a238c9173bf66b65cfa191175961452c45549fb753
5,famous_le_100m,4,0.07142857142857142,0.07142857142857142,6,srnet,51990061c158496976ece2a238c9173bf66b65cfa191175961452c45549fb753
5,famous_le_100m,5,0.07142857142857142,0.07142857142857142,6,srnet,51990061c158496976ece2a238c9173bf66b65cfa191175961452c45549fb753
5,famous_le_100m,6,0.42857142857142855,0.42857142857142855,6,srnet,51990061c158496976ece2a238c9173bf66b65cfa191175961452c45549fb753
5,famous_le_100m,7,0.7857142857142857,0.7857142857142857,6,srnet,51990061c158496976ece2a238c9173bf66b65cfa191175961452c45549fb753
5,famous_le_100m,8,0.8571428571428571,0.8571428571428571,6,srnet,51990061c158496976ece2a238c9173bf66b65cfa191175961452c45549fb753
5,famous_le_100m,9,0.8571428571428571,0.8571428571428571,6,srnet,51990061c158496976ece2a238c9173bf66b65cfa191175961452c45549fb753
5,famous_le_100m,10,0.9285714285714286,0.9285714285714286,6,srnet,51990061c158496976ece2a238c9173bf66b65cfa191175961452c45549fb753
5,famous_le_100m,11,0.9285714285714286,0.9285714285714286,6,srnet,51990061c158496976ece2a238c9173bf66b65cfa191175961452c45549fb753
5,famous_le_100m,12,0.9285714285714286,0.9285714285714286,6,srnet,51990061c158496976ece2a238c9173bf66b65cfa191175961452c45549fb753
5,famous_le_100m,13,0.9285714285714286,0.9285714285714286,6,srnet,51990061c158496976ece2a238c9173bf66b65cfa191175961452c45549fb753
5,famous_le_100m,14,1.0,1.0,6,srnet,51990061c158496976ece2a238c9173bf66b65cfa191175961452c45549fb753
5,famous_le_100m,15,1.0,1.0,6,srnet,51990061c158496976ece2a238c9173bf66b65cfa191175961452c45549fb753
5,famous_le_100m,16,1.0,1.0,6,srnet,51990061c158496976ece2a238c9173bf66b65cfa191175961452c45549fb753
5,famous_le_100m,17,1.0,1.0,6,srnet,51990061c158496976ece2a238c9173bf66b65cfa191175961452c45549fb753
5,famous_le_100m,18,1.0,1.0,6,srnet,51990061c158496976ece2a238c9173bf66b65cfa191175961452c45549fb753
5,famous_le_100m,19,1.0,1.0,6,srnet,51990061c158496976ece2a238c9173bf66b65cfa191175961452c45549fb753
5,famous_le_100m,20,1.0,1.0,6,srnet,51990061c158496976ece2a238c9173bf66b65cfa191175961452c45549fb753
5,famous_le_100m,21,1.0,1.0,6,srnet,51990061c158496976ece2a238c9173bf66b65cfa191175961452c45549fb753
5,famous_le_100m,22,1.0,1.0,6,srnet,51990061c158496976ece2a238c9173bf66b65cfa191175961452c45549fb753
5,famous_le_100m,23,1.0,1.0,6,srnet,51990061c158496976ece2a238c9173bf66b65cfa191175961452c45549fb753
6,torch_pretrained_classification,0,0.9375,0.9375,6,srnet,0b8136e78fdfa591829c60b7cba8fa38a859483f225c7970c5968d6a95dac548
6,famous_le_10m,0,1.0,1.0,6,srnet,0b8136e78fdfa591829c60b7cba8fa38a859483f225c7970c5968d6a95dac548
6,famous_le_10m,1,0.0,0.0,6,srnet,0b8136e78fdfa591829c60b7cba8fa38a859483f225c7970c5968d6a95dac548
6,famous_le_10m,2,0.0,0.0,6,srnet,0b8136e78fdfa591829c60b7cba8fa38a859483f225c7970c5968d6a95dac548
6,famous_le_10m,3,0.0,0.0,6,srnet,0b8136e78fdfa591829c60b7cba8fa38a859483f225c7970c5968d6a95dac548
6,famous_le_10m,4,0.2,0.2,6,srnet,0b8136e78fdfa591829c60b7cba8fa38a859483f225c7970c5968d6a95dac548
6,famous_le_10m,5,0.4,0.4,6,srnet,0b8136e78fdfa591829c60b7cba8fa38a859483f225c7970c5968d6a95dac548
6,famous_le_10m,6,1.0,1.0,6,srnet,0b8136e78fdfa591829c60b7cba8fa38a859483f225c7970c5968d6a95dac548
6,famous_le_10m,7,1.0,1.0,6,srnet,0b8136e78fdfa591829c60b7cba8fa38a859483f225c7970c5968d6a95dac548
6,famous_le_10m,8,1.0,1.0,6,srnet,0b8136e78fdfa591829c60b7cba8fa38a859483f225c7970c5968d6a95dac548
6,famous_le_10m,9,1.0,1.0,6,srnet,0b8136e78fdfa591829c60b7cba8fa38a859483f225c7970c5968d6a95dac548
6,famous_le_10m,10,1.0,1.0,6,srnet,0b8136e78fdfa591829c60b7cba8fa38a859483f225c7970c5968d6a95dac548
6,famous_le_10m,11,1.0,1.0,6,srnet,0b8136e78fdfa591829c60b7cba8fa38a859483f225c7970c5968d6a95dac548
6,famous_le_10m,12,1.0,1.0,6,srnet,0b8136e78fdfa591829c60b7cba8fa38a859483f225c7970c5968d6a95dac548
6,famous_le_10m,13,1.0,1.0,6,srnet,0b8136e78fdfa591829c60b7cba8fa38a859483f225c7970c5968d6a95dac548
6,famous_le_10m,14,1.0,1.0,6,srnet,0b8136e78fdfa591829c60b7cba8fa38a859483f225c7970c5968d6a95dac548
6,famous_le_10m,15,1.0,1.0,6,srnet,0b8136e78fdfa591829c60b7cba8fa38a859483f225c7970c5968d6a95dac548
6,famous_le_10m,16,1.0,1.0,6,srnet,0b8136e78fdfa591829c60b7cba8fa38a859483f225c7970c5968d6a95dac548
6,famous_le_10m,17,1.0,1.0,6,srnet,0b8136e78fdfa591829c60b7cba8fa38a859483f225c7970c5968d6a95dac548
6,famous_le_10m,18,1.0,1.0,6,srnet,0b8136e78fdfa591829c60b7cba8fa38a859483f225c7970c5968d6a95dac548
6,famous_le_10m,19,1.0,1.0,6,srnet,0b8136e78fdfa591829c60b7cba8fa38a859483f225c7970c5968d6a95dac548
6,famous_le_10m,20,1.0,1.0,6,srnet,0b8136e78fdfa591829c60b7cba8fa38a859483f225c7970c5968d6a95dac548
6,famous_le_10m,21,1.0,1.0,6,srnet,0b8136e78fdfa591829c60b7cba8fa38a859483f225c7970c5968d6a95dac548
6,famous_le_10m,22,1.0,1.0,6,srnet,0b8136e78fdfa591829c60b7cba8fa38a859483f225c7970c5968d6a95dac548
6,famous_le_10m,23,1.0,1.0,6,srnet,0b8136e78fdfa591829c60b7cba8fa38a859483f225c7970c5968d6a95dac548
6,famous_le_100m,0,0.9285714285714286,0.9285714285714286,6,srnet,0b8136e78fdfa591829c60b7cba8fa38a859483f225c7970c5968d6a95dac548
6,famous_le_100m,1,0.07142857142857142,0.07142857142857142,6,srnet,0b8136e78fdfa591829c60b7cba8fa38a859483f225c7970c5968d6a95dac548
6,famous_le_100m,2,0.07142857142857142,0.07142857142857142,6,srnet,0b8136e78fdfa591829c60b7cba8fa38a859483f225c7970c5968d6a95dac548
6,famous_le_100m,3,0.07142857142857142,0.07142857142857142,6,srnet,0b8136e78fdfa591829c60b7cba8fa38a859483f225c7970c5968d6a95dac548
6,famous_le_100m,4,0.07142857142857142,0.07142857142857142,6,srnet,0b8136e78fdfa591829c60b7cba8fa38a859483f225c7970c5968d6a95dac548
6,famous_le_100m,5,0.14285714285714285,0.14285714285714285,6,srnet,0b8136e78fdfa591829c60b7cba8fa38a859483f225c7970c5968d6a95dac548
6,famous_le_100m,6,0.42857142857142855,0.42857142857142855,6,srnet,0b8136e78fdfa591829c60b7cba8fa38a859483f225c7970c5968d6a95dac548
6,famous_le_100m,7,0.7857142857142857,0.7857142857142857,6,srnet,0b8136e78fdfa591829c60b7cba8fa38a859483f225c7970c5968d6a95dac548
6,famous_le_100m,8,0.8571428571428571,0.8571428571428571,6,srnet,0b8136e78fdfa591829c60b7cba8fa38a859483f225c7970c5968d6a95dac548
6,famous_le_100m,9,0.8571428571428571,0.8571428571428571,6,srnet,0b8136e78fdfa591829c60b7cba8fa38a859483f225c7970c5968d6a95dac548
6,famous_le_100m,10,0.9285714285714286,0.9285714285714286,6,srnet,0b8136e78fdfa591829c60b7cba8fa38a859483f225c7970c5968d6a95dac548
6,famous_le_100m,11,0.9285714285714286,0.9285714285714286,6,srnet,0b8136e78fdfa591829c60b7cba8fa38a859483f225c7970c5968d6a95dac548
6,famous_le_100m,12,0.9285714285714286,0.9285714285714286,6,srnet,0b8136e78fdfa591829c60b7cba8fa38a859483f225c7970c5968d6a95dac548
6,famous_le_100m,13,0.9285714285714286,0.9285714285714286,6,srnet,0b8136e78fdfa591829c60b7cba8fa38a859483f225c7970c5968d6a95dac548
6,famous_le_100m,14,1.0,1.0,6,srnet,0b8136e78fdfa591829c60b7cba8fa38a859483f225c7970c5968d6a95dac548
6,famous_le_100m,15,1.0,1.0,6,srnet,0b8136e78fdfa591829c60b7cba8fa38a859483f225c7970c5968d6a95dac548
6,famous_le_100m,16,1.0,1.0,6,srnet,0b8136e78fdfa591829c60b7cba8fa38a859483f225c7970c5968d6a95dac548
6,famous_le_100m,17,1.0,1.0,6,srnet,0b8136e78fdfa591829c60b7cba8fa38a859483f225c7970c5968d6a95dac548
6,famous_le_100m,18,1.0,1.0,6,srnet,0b8136e78fdfa591829c60b7cba8fa38a859483f225c7970c5968d6a95dac548
6,famous_le_100m,19,1.0,1.0,6,srnet,0b8136e78fdfa591829c60b7cba8fa38a859483f225c7970c5968d6a95dac548
6,famous_le_100m,20,1.0,1.0,6,srnet,0b8136e78fdfa591829c60b7cba8fa38a859483f225c7970c5968d6a95dac548
6,famous_le_100m,21,1.0,1.0,6,srnet,0b8136e78fdfa591829c60b7cba8fa38a859483f225c7970c5968d6a95dac548
6,famous_le_100m,22,1.0,1.0,6,srnet,0b8136e78fdfa591829c60b7cba8fa38a859483f225c7970c5968d6a95dac548
6,famous_le_100m,23,1.0,1.0,6,srnet,0b8136e78fdfa591829c60b7cba8fa38a859483f225c7970c5968d6a95dac548
7,torch_pretrained_classification,0,0.9375,0.9375,6,srnet,78ec4f8c6580eb1598127d607f9941e79d5f07367c554537551d06888b14e472
7,famous_le_10m,0,1.0,1.0,6,srnet,78ec4f8c6580eb1598127d607f9941e79d5f07367c554537551d06888b14e472
7,famous_le_10m,1,0.0,0.0,6,srnet,78ec4f8c6580eb1598127d607f9941e79d5f07367c554537551d06888b14e472
7,famous_le_10m,2,0.0,0.0,6,srnet,78ec4f8c6580eb1598127d607f9941e79d5f07367c554537551d06888b14e472
7,famous_le_10m,3,0.0,0.0,6,srnet,78ec4f8c6580eb1598127d607f9941e79d5f07367c554537551d06888b14e472
7,famous_le_10m,4,0.2,0.2,6,srnet,78ec4f8c6580eb1598127d607f9941e79d5f07367c554537551d06888b14e472
7,famous_le_10m,5,0.4,0.4,6,srnet,78ec4f8c6580eb1598127d607f9941e79d5f07367c554537551d06888b14e472
7,famous_le_10m,6,1.0,1.0,6,srnet,78ec4f8c6580eb1598127d607f9941e79d5f07367c554537551d06888b14e472
7,famous_le_10m,7,1.0,1.0,6,srnet,78ec4f8c6580eb1598127d607f9941e79d5f07367c554537551d06888b14e472
7,famous_le_10m,8,1.0,1.0,6,srnet,78ec4f8c6580eb1598127d607f9941e79d5f07367c554537551d06888b14e472
7,famous_le_10m,9,1.0,1.0,6,srnet,78ec4f8c6580eb1598127d607f9941e79d5f07367c554537551d06888b14e472
7,famous_le_10m,10,1.0,1.0,6,srnet,78ec4f8c6580eb1598127d607f9941e79d5f07367c554537551d06888b14e472
7,famous_le_10m,11,1.0,1.0,6,srnet,78ec4f8c6580eb1598127d607f9941e79d5f07367c554537551d06888b14e472
7,famous_le_10m,12,1.0,1.0,6,srnet,78ec4f8c6580eb1598127d607f9941e79d5f07367c554537551d06888b14e472
7,famous_le_10m,13,1.0,1.0,6,srnet,78ec4f8c6580eb1598127d607f9941e79d5f07367c554537551d06888b14e472
7,famous_le_10m,14,1.0,1.0,6,srnet,78ec4f8c6580eb1598127d607f9941e79d5f07367c554537551d06888b14e472
7,famous_le_10m,15,1.0,1.0,6,srnet,78ec4f8c6580eb1598127d607f9941e79d5f07367c554537551d06888b14e472
7,famous_le_10m,16,1.0,1.0,6,srnet,78ec4f8c6580eb1598127d607f9941e79d5f07367c554537551d06888b14e472
7,famous_le_10m,17,1.0,1.0,6,srnet,78ec4f8c6580eb1598127d607f9941e79d5f07367c554537551d06888b14e472
7,famous_le_10m,18,1.0,1.0,6,srnet,78ec4f8c6580eb1598127d607f9941e79d5f07367c554537551d06888b14e472
7,famous_le_10m,19,1.0,1.0,6,srnet,78ec4f8c6580eb1598127d607f9941e79d5f07367c554537551d06888b14e472
7,famous_le_10m,20,1.0,1.0,6,srnet,78ec4f8c6580eb1598127d607f9941e79d5f07367c554537551d06888b14e472
7,famous_le_10m,21,1.0,1.0,6,srnet,78ec4f8c6580eb1598127d607f9941e79d5f07367c554537551d06888b14e472
7,famous_le_10m,22,1.0,1.0,6,srnet,78ec4f8c6580eb1598127d607f9941e79d5f07367c554537551d06888b14e472
7,famous_le_10m,23,1.0,1.0,6,srnet,78ec4f8c6580eb1598127d607f9941e79d5f07367c554537551d06888b14e472
7,famous_le_100m,0,0.9285714285714286,0.9285714285714286,6,srnet,78ec4f8c6580eb1598127d607f9941e79d5f07367c554537551d06888b14e472
7,famous_le_100m,1,0.07142857142857142,0.07142857142857142,6,srnet,78ec4f8c6580eb1598127d607f9941e79d5f07367c554537551d06888b14e472
7,famous_le_100m,2,0.07142857142857142,0.07142857142857142,6,srnet,78ec4f8c6580eb1598127d607f9941e79d5f07367c554537551d06888b14e472
7,famous_le_100m,3,0.07142857142857142,0.07142857142857142,6,srnet,78ec4f8c6580eb1598127d607f9941e79d5f07367c554537551d06888b14e472
7,famous_le_100m,4,0.07142857142857142,0.07142857142857142,6,srnet,78ec4f8c6580eb1598127d607f9941e79d5f07367c554537551d06888b14e472
7,famous_le_100m,5,0.14285714285714285,0.14285714285714285,6,srnet,78ec4f8c6580eb1598127d607f9941e79d5f07367c554537551d06888b14e472
7,famous_le_100m,6,0.42857142857142855,0.42857142857142855,6,srnet,78ec4f8c6580eb1598127d607f9941e79d5f07367c554537551d06888b14e472
7,famous_le_100m,7,0.7857142857142857,0.7857142857142857,6,srnet,78ec4f8c6580eb1598127d607f9941e79d5f07367c554537551d06888b14e472
7,famous_le_100m,8,0.8571428571428571,0.8571428571428571,6,srnet,78ec4f8c6580eb1598127d607f9941e79d5f07367c554537551d06888b14e472
7,famous_le_100m,9,0.8571428571428571,0.8571428571428571,6,srnet,78ec4f8c6580eb1598127d607f9941e79d5f07367c554537551d06888b14e472
7,famous_le_100m,10,0.9285714285714286,0.9285714285714286,6,srnet,78ec4f8c6580eb1598127d607f9941e79d5f07367c554537551d06888b14e472
7,famous_le_100m,11,0.9285714285714286,0.9285714285714286,6,srnet,78ec4f8c6580eb1598127d607f9941e79d5f07367c554537551d06888b14e472
7,famous_le_100m,12,0.9285714285714286,0.9285714285714286,6,srnet,78ec4f8c6580eb1598127d607f9941e79d5f07367c554537551d06888b14e472
7,famous_le_100m,13,0.9285714285714286,0.9285714285714286,6,srnet,78ec4f8c6580eb1598127d607f9941e79d5f07367c554537551d06888b14e472
7,famous_le_100m,14,1.0,1.0,6,srnet,78ec4f8c6580eb1598127d607f9941e79d5f07367c554537551d06888b14e472
7,famous_le_100m,15,1.0,1.0,6,srnet,78ec4f8c6580eb1598127d607f9941e79d5f07367c554537551d06888b14e472
7,famous_le_100m,16,1.0,1.0,6,srnet,78ec4f8c6580eb1598127d607f9941e79d5f07367c554537551d06888b14e472
7,famous_le_100m,17,1.0,1.0,6,srnet,78ec4f8c6580eb1598127d607f9941e79d5f07367c554537551d06888b14e472
7,famous_le_100m,18,1.0,1.0,6,srnet,78ec4f8c6580eb1598127d607f9941e79d5f07367c554537551d06888b14e472
7,famous_le_100m,19,1.0,1.0,6,srnet,78ec4f8c6580eb1598127d607f9941e79d5f07367c554537551d06888b14e472
7,famous_le_100m,20,1.0,1.0,6,srnet,78ec4f8c6580eb1598127d607f9941e79d5f07367c554537551d06888b14e472
7,famous_le_100m,21,1.0,1.0,6,srnet,78ec4f8c6580eb1598127d607f9941e79d5f07367c554537551d06888b14e472
7,famous_le_100m,22,1.0,1.0,6,srnet,78ec4f8c6580eb1598127d607f9941e79d5f07367c554537551d06888b14e472
7,famous_le_100m,23,1.0,1.0,6,srnet,78ec4f8c6580eb1598127d607f9941e79d5f07367c554537551d06888b14e472
8,torch_pretrained_classification,0,0.9375,0.9375,6,srnet,aa08ba72a46d7e73ffb0578079328c1396ffa592565597ee648e9b6077e85380
8,famous_le_10m,0,1.0,1.0,6,srnet,aa08ba72a46d7e73ffb0578079328c1396ffa592565597ee648e9b6077e85380
8,famous_le_10m,1,0.0,0.0,6,srnet,aa08ba72a46d7e73ffb0578079328c1396ffa592565597ee648e9b6077e85380
8,famous_le_10m,2,0.0,0.0,6,srnet,aa08ba72a46d7e73ffb0578079328c1396ffa592565597ee648e9b6077e85380
8,famous_le_10m,3,0.0,0.0,6,srnet,aa08ba72a46d7e73ffb0578079328c1396ffa592565597ee648e9b6077e85380
8,famous_le_10m,4,0.2,0.2,6,srnet,aa08ba72a46d7e73ffb0578079328c1396ffa592565597ee648e9b6077e85380
8,famous_le_10m,5,0.4,0.4,6,srnet,aa08ba72a46d7e73ffb0578079328c1396ffa592565597ee648e9b6077e85380
8,famous_le_10m,6,1.0,1.0,6,srnet,aa08ba72a46d7e73ffb0578079328c1396ffa592565597ee648e9b6077e85380
8,famous_le_10m,7,1.0,1.0,6,srnet,aa08ba72a46d7e73ffb0578079328c1396ffa592565597ee648e9b6077e85380
8,famous_le_10m,8,1.0,1.0,6,srnet,aa08ba72a46d7e73ffb0578079328c1396ffa592565597ee648e9b6077e85380
8,famous_le_10m,9,1.0,1.0,6,srnet,aa08ba72a46d7e73ffb0578079328c1396ffa592565597ee648e9b6077e85380
8,famous_le_10m,10,1.0,1.0,6,srnet,aa08ba72a46d7e73ffb0578079328c1396ffa592565597ee648e9b6077e85380
8,famous_le_10m,11,1.0,1.0,6,srnet,aa08ba72a46d7e73ffb0578079328c1396ffa592565597ee648e9b6077e85380
8,famous_le_10m,12,1.0,1.0,6,srnet,aa08ba72a46d7e73ffb0578079328c1396ffa592565597ee648e9b6077e85380
8,famous_le_10m,13,1.0,1.0,6,srnet,aa08ba72a46d7e73ffb0578079328c1396ffa592565597ee648e9b6077e85380
8,famous_le_10m,14,1.0,1.0,6,srnet,aa08ba72a46d7e73ffb0578079328c1396ffa592565597ee648e9b6077e85380
8,famous_le_10m,15,1.0,1.0,6,srnet,aa08ba72a46d7e73ffb0578079328c1396ffa592565597ee648e9b6077e85380
8,famous_le_10m,16,1.0,1.0,6,srnet,aa08ba72a46d7e73ffb0578079328c1396ffa592565597ee648e9b6077e85380
8,famous_le_10m,17,1.0,1.0,6,srnet,aa08ba72a46d7e73ffb0578079328c1396ffa592565597ee648e9b6077e85380
8,famous_le_10m,18,1.0,1.0,6,srnet,aa08ba72a46d7e73ffb0578079328c1396ffa592565597ee648e9b6077e85380
8,famous_le_10m,19,1.0,1.0,6,srnet,aa08ba72a46d7e73ffb0578079328c1396ffa592565597ee648e9b6077e85380
8,famous_le_10m,20,1.0,1.0,6,srnet,aa08ba72a46d7e73ffb0578079328c1396ffa592565597ee648e9b6077e85380
8,famous_le_10m,21,1.0,1.0,6,srnet,aa08ba72a46d7e73ffb0578079328c1396ffa592565597ee648e9b6077e85380
8,famous_le_10m,22,1.0,1.0,6,srnet,aa08ba72a46d7e73ffb0578079328c1396ffa592565597ee648e9b6077e85380
8,famous_le_10m,23,1.0,1.0,6,srnet,aa08ba72a46d7e73ffb0578079328c1396ffa592565597ee648e9b6077e85380
8,famous_le_100m,0,0.9285714285714286,0.9285714285714286,6,srnet,aa08ba72a46d7e73ffb0578079328c1396ffa592565597ee648e9b6077e85380
8,famous_le_100m,1,0.07142857142857142,0.07142857142857142,6,srnet,aa08ba72a46d7e73ffb0578079328c1396ffa592565597ee648e9b6077e85380
8,famous_le_100m,2,0.07142857142857142,0.07142857142857142,6,srnet,aa08ba72a46d7e73ffb0578079328c1396ffa592565597ee648e9b6077e85380
8,famous_le_100m,3,0.07142857142857142,0.07142857142857142,6,srnet,aa08ba72a46d7e73ffb0578079328c1396ffa592565597ee648e9b6077e85380
8,famous_le_100m,4,0.07142857142857142,0.07142857142857142,6,srnet,aa08ba72a46d7e73ffb0578079328c1396ffa592565597ee648e9b6077e85380
8,famous_le_100m,5,0.14285714285714285,0.14285714285714285,6,srnet,aa08ba72a46d7e73ffb0578079328c1396ffa592565597ee648e9b6077e85380
8,famous_le_100m,6,0.42857142857142855,0.42857142857142855,6,srnet,aa08ba72a46d7e73ffb0578079328c1396ffa592565597ee648e9b6077e85380
8,famous_le_100m,7,0.7857142857142857,0.7857142857142857,6,srnet,aa08ba72a46d7e73ffb0578079328c1396ffa592565597ee648e9b6077e85380
8,famous_le_100m,8,0.8571428571428571,0.8571428571428571,6,srnet,aa08ba72a46d7e73ffb0578079328c1396ffa592565597ee648e9b6077e85380
8,famous_le_100m,9,0.8571428571428571,0.8571428571428571,6,srnet,aa08ba72a46d7e73ffb0578079328c1396ffa592565597ee648e9b6077e85380
8,famous_le_100m,10,0.9285714285714286,0.9285714285714286,6,srnet,aa08ba72a46d7e73ffb0578079328c1396ffa592565597ee648e9b6077e85380
8,famous_le_100m,11,0.9285714285714286,0.9285714285714286,6,srnet,aa08ba72a46d7e73ffb0578079328c1396ffa592565597ee648e9b6077e85380
8,famous_le_100m,12,0.9285714285714286,0.9285714285714286,6,srnet,aa08ba72a46d7e73ffb0578079328c1396ffa592565597ee648e9b6077e85380
8,famous_le_100m,13,0.9285714285714286,0.9285714285714286,6,srnet,aa08ba72a46d7e73ffb0578079328c1396ffa592565597ee648e9b6077e85380
8,famous_le_100m,14,1.0,1.0,6,srnet,aa08ba72a46d7e73ffb0578079328c1396ffa592565597ee648e9b6077e85380
8,famous_le_100m,15,1.0,1.0,6,srnet,aa08ba72a46d7e73ffb0578079328c1396ffa592565597ee648e9b6077e85380
8,famous_le_100m,16,1.0,1.0,6,srnet,aa08ba72a46d7e73ffb0578079328c1396ffa592565597ee648e9b6077e85380
8,famous_le_100m,17,1.0,1.0,6,srnet,aa08ba72a46d7e73ffb0578079328c1396ffa592565597ee648e9b6077e85380
8,famous_le_100m,18,1.0,1.0,6,srnet,aa08ba72a46d7e73ffb0578079328c1396ffa592565597ee648e9b6077e85380
8,famous_le_100m,19,1.0,1.0,6,srnet,aa08ba72a46d7e73ffb0578079328c1396ffa592565597ee648e9b6077e85380
8,famous_le_100m,20,1.0,1.0,6,srnet,aa08ba72a46d7e73ffb0578079328c1396ffa592565597ee648e9b6077e85380
8,famous_le_100m,21,1.0,1.0,6,srnet,aa08ba72a46d7e73ffb0578079328c1396ffa592565597ee648e9b6077e85380
8,famous_le_100m,22,1.0,1.0,6,srnet,aa08ba72a46d7e73ffb0578079328c1396ffa592565597ee648e9b6077e85380
8,famous_le_100m,23,1.0,1.0,6,srnet,aa08ba72a46d7e73ffb0578079328c1396ffa592565597ee648e9b6077e85380
9,torch_pretrained_classification,0,0.9125,0.9125,6,srnet,309d81873376e09ac06609d1f4ef09fbad8a37349a08da59aedb64efdc3ea489
9,famous_le_10m,0,1.0,1.0,6,srnet,309d81873376e09ac06609d1f4ef09fbad8a37349a08da59aedb64efdc3ea489
9,famous_le_10m,1,0.0,0.0,6,srnet,309d81873376e09ac06609d1f4ef09fbad8a37349a08da59aedb64efdc3ea489
9,famous_le_10m,2,0.0,0.0,6,srnet,309d81873376e09ac06609d1f4ef09fbad8a37349a08da59aedb64efdc3ea489
9,famous_le_10m,3,0.0,0.0,6,srnet,309d81873376e09ac06609d1f4ef09fbad8a37349a08da59aedb64efdc3ea489
9,famous_le_10m,4,0.2,0.2,6,srnet,309d81873376e09ac06609d1f4ef09fbad8a37349a08da59aedb64efdc3ea489
9,famous_le_10m,5,0.4,0.4,6,srnet,309d81873376e09ac06609d1f4ef09fbad8a37349a08da59aedb64efdc3ea489
9,famous_le_10m,6,1.0,1.0,6,srnet,309d81873376e09ac06609d1f4ef09fbad8a37349a08da59aedb64efdc3ea489
9,famous_le_10m,7,1.0,1.0,6,srnet,309d81873376e09ac06609d1f4ef09fbad8a37349a08da59aedb64efdc3ea489
9,famous_le_10m,8,1.0,1.0,6,srnet,309d81873376e09ac06609d1f4ef09fbad8a37349a08da59aedb64efdc3ea489
9,famous_le_10m,9,1.0,1.0,6,srnet,309d81873376e09ac06609d1f4ef09fbad8a37349a08da59aedb64efdc3ea489
9,famous_le_10m,10,1.0,1.0,6,srnet,309d81873376e09ac06609d1f4ef09fbad8a37349a08da59aedb64efdc3ea489
9,famous_le_10m,11,1.0,1.0,6,srnet,309d81873376e09ac06609d1f4ef09fbad8a37349a08da59aedb64efdc3ea489
9,famous_le_10m,12,1.0,1.0,6,srnet,309d81873376e09ac06609d1f4ef09fbad8a37349a08da59aedb64efdc3ea489
9,famous_le_10m,13,1.0,1.0,6,srnet,309d81873376e09ac06609d1f4ef09fbad8a37349a08da59aedb64efdc3ea489
9,famous_le_10m,14,1.0,1.0,6,srnet,309d81873376e09ac06609d1f4ef09fbad8a37349a08da59aedb64efdc3ea489
9,famous_le_10m,15,1.0,1.0,6,srnet,309d81873376e09ac06609d1f4ef09fbad8a37349a08da59aedb64efdc3ea489
9,famous_le_10m,16,1.0,1.0,6,srnet,309d81873376e09ac06609d1f4ef09fbad8a37349a08da59aedb64efdc3ea489
9,famous_le_10m,17,1.0,1.0,6,srnet,309d81873376e09ac06609d1f4ef09fbad8a37349a08da59aedb64efdc3ea489
9,famous_le_10m,18,1.0,1.0,6,srnet,309d81873376e09ac06609d1f4ef09fbad8a37349a08da59aedb64efdc3ea489
9,famous_le_10m,19,1.0,1.0,6,srnet,309d81873376e09ac06609d1f4ef09fbad8a37349a08da59aedb64efdc3ea489
9,famous_le_10m,20,1.0,1.0,6,srnet,309d81873376e09ac06609d1f4ef09fbad8a37349a08da59aedb64efdc3ea489
9,famous_le_10m,21,1.0,1.0,6,srnet,309d81873376e09ac06609d1f4ef09fbad8a37349a08da59aedb64efdc3ea489
9,famous_le_10m,22,1.0,1.0,6,srnet,309d81873376e09ac06609d1f4ef09fbad8a37349a08da59aedb64efdc3ea489
9,famous_le_10m,23,1.0,1.0,6,srnet,309d81873376e09ac06609d1f4ef09fbad8a37349a08da59aedb64efdc3ea489
9,famous_le_100m,0,0.9285714285714286,0.9285714285714286,6,srnet,309d81873376e09ac06609d1f4ef09fbad8a37349a08da59aedb64efdc3ea489
9,famous_le_100m,1,0.07142857142857142,0.07142857142857142,6,srnet,309d81873376e09ac06609d1f4ef09fbad8a37349a08da59aedb64efdc3ea489
9,famous_le_100m,2,0.07142857142857142,0.07142857142857142,6,srnet,309d81873376e09ac06609d1f4ef09fbad8a37349a08da59aedb64efdc3ea489
9,famous_le_100m,3,0.07142857142857142,0.07142857142857142,6,srnet,309d81873376e09ac06609d1f4ef09fbad8a37349a08da59aedb64efdc3ea489
9,famous_le_100m,4,0.07142857142857142,0.07142857142857142,6,srnet,309d81873376e09ac06609d1f4ef09fbad8a37349a08da59aedb64efdc3ea489
9,famous_le_100m,5,0.07142857142857142,0.07142857142857142,6,srnet,309d81873376e09ac06609d1f4ef09fbad8a37349a08da59aedb64efdc3ea489
9,famous_le_100m,6,0.42857142857142855,0.42857142857142855,6,srnet,309d81873376e09ac06609d1f4ef09fbad8a37349a08da59aedb64efdc3ea489
9,famous_le_100m,7,0.7857142857142857,0.7857142857142857,6,srnet,309d81873376e09ac06609d1f4ef09fbad8a37349a08da59aedb64efdc3ea489
9,famous_le_100m,8,0.8571428571428571,0.8571428571428571,6,srnet,309d81873376e09ac06609d1f4ef09fbad8a37349a08da59aedb64efdc3ea489
9,famous_le_100m,9,0.8571428571428571,0.8571428571428571,6,srnet,309d81873376e09ac06609d1f4ef09fbad8a37349a08da59aedb64efdc3ea489
9,famous_le_100m,10,0.9285714285714286,0.9285714285714286,6,srnet,309d81873376e09ac06609d1f4ef09fbad8a37349a08da59aedb64efdc3ea489
9,famous_le_100m,11,0.9285714285714286,0.9285714285714286,6,srnet,309d81873376e09ac06609d1f4ef09fbad8a37349a08da59aedb64efdc3ea489
9,famous_le_100m,12,0.9285714285714286,0.9285714285714286,6,srnet,309d81873376e09ac06609d1f4ef09fbad8a37349a08da59aedb64efdc3ea489
9,famous_le_100m,13,0.9285714285714286,0.9285714285714286,6,srnet,309d81873376e09ac06609d1f4ef09fbad8a37349a08da59aedb64efdc3ea489
9,famous_le_100m,14,1.0,1.0,6,srnet,309d81873376e09ac06609d1f4ef09fbad8a37349a08da59aedb64efdc3ea489
9,famous_le_100m,15,1.0,1.0,6,srnet,309d81873376e09ac06609d1f4ef09fbad8a37349a08da59aedb64efdc3ea489
9,famous_le_100m,16,1.0,1.0,6,srnet,309d81873376e09ac06609d1f4ef09fbad8a37349a08da59aedb64efdc3ea489
9,famous_le_100m,17,1.0,1.0,6,srnet,309d81873376e09ac06609d1f4ef09fbad8a37349a08da59aedb64efdc3ea489
9,famous_le_100m,18,1.0,1.0,6,srnet,309d81873376e09ac06609d1f4ef09fbad8a37349a08da59aedb64efdc3ea489
9,famous_le_100m,19,1.0,1.0,6,srnet,309d81873376e09ac06609d1f4ef09fbad8a37349a08da59aedb64efdc3ea489
9,famous_le_100m,20,1.0,1.0,6,srnet,309d81873376e09ac06609d1f4ef09fbad8a37349a08da59aedb64efdc3ea489
9,famous_le_100m,21,1.0,1.0,6,srnet,309d81873376e09ac06609d1f4ef09fbad8a37349a08da59aedb64efdc3ea489
9,famous_le_100m,22,1.0,1.0,6,srnet,309d81873376e09ac06609d1f4ef09fbad8a37349a08da59aedb64efdc3ea489
9,famous_le_100m,23,1.0,1.0,6,srnet,309d81873376e09ac06609d1f4ef09fbad8a37349a08da59aedb64efdc3ea489
5,torch_pretrained_classification,0,0.95,0.95,7,srnet,2ab567de463e78ceb22df3ca96dc5fbef34c66e0030267c9a52f611c22012e54
5,famous_le_10m,0,1.0,1.0,7,srnet,2ab567de463e78ceb22df3ca96dc5fbef34c66e0030267c9a52f611c22012e54
5,famous_le_10m,1,0.0,0.0,7,srnet,2ab567de463e78ceb22df3ca96dc5fbef34c66e0030267c9a52f611c22012e54
5,famous_le_10m,2,0.0,0.0,7,srnet,2ab567de463e78ceb22df3ca96dc5fbef34c66e0030267c9a52f611c22012e54
5,famous_le_10m,3,0.0,0.0,7,srnet,2ab567de463e78ceb22df3ca96dc5fbef34c66e0030267c9a52f611c22012e54
5,famous_le_10m,4,0.0,0.0,7,srnet,2ab567de463e78ceb22df3ca96dc5fbef34c66e0030267c9a52f611c22012e54
5,famous_le_10m,5,0.2,0.0,7,srnet,2ab567de463e78ceb22df3ca96dc5fbef34c66e0030267c9a52f611c22012e54
5,famous_le_10m,6,0.4,0.4,7,srnet,2ab567de463e78ceb22df3ca96dc5fbef34c66e0030267c9a52f611c22012e54
5,famous_le_10m,7,1.0,1.0,7,srnet,2ab567de463e78ceb22df3ca96dc5fbef34c66e0030267c9a52f611c22012e54
5,famous_le_10m,8,1.0,1.0,7,srnet,2ab567de463e78ceb22df3ca96dc5fbef34c66e0030267c9a52f611c22012e54
5,famous_le_10m,9,1.0,1.0,7,srnet,2ab567de463e78ceb22df3ca96dc5fbef34c66e0030267c9a52f611c22012e54
5,famous_le_10m,10,1.0,1.0,7,srnet,2ab567de463e78ceb22df3ca96dc5fbef34c66e0030267c9a52f611c22012e54
5,famous_le_10m,11,1.0,1.0,7,srnet,2ab567de463e78ceb22df3ca96dc5fbef34c66e0030267c9a52f611c22012e54
5,famous_le_10m,12,1.0,1.0,7,srnet,2ab567de463e78ceb22df3ca96dc5fbef34c66e0030267c9a52f611c22012e54
5,famous_le_10m,13,1.0,1.0,7,srnet,2ab567de463e78ceb22df3ca96dc5fbef34c66e0030267c9a52f611c22012e54
5,famous_le_10m,14,1.0,1.0,7,srnet,2ab567de463e78ceb22df3ca96dc5fbef34c66e0030267c9a52f611c22012e54
5,famous_le_10m,15,1.0,1.0,7,srnet,2ab567de463e78ceb22df3ca96dc5fbef34c66e0030267c9a52f611c22012e54
5,famous_le_10m,16,1.0,1.0,7,srnet,2ab567de463e78ceb22df3ca96dc5fbef34c66e0030267c9a52f611c22012e54
5,famous_le_10m,17,1.0,1.0,7,srnet,2ab567de463e78ceb22df3ca96dc5fbef34c66e0030267c9a52f611c22012e54
5,famous_le_10m,18,1.0,1.0,7,srnet,2ab567de463e78ceb22df3ca96dc5fbef34c66e0030267c9a52f611c22012e54
5,famous_le_10m,19,1.0,1.0,7,srnet,2ab567de463e78ceb22df3ca96dc5fbef34c66e0030267c9a52f611c22012e54
5,famous_le_10m,20,1.0,1.0,7,srnet,2ab567de463e78ceb22df3ca96dc5fbef34c66e0030267c9a52f611c22012e54
5,famous_le_10m,21,1.0,1.0,7,srnet,2ab567de463e78ceb22df3ca96dc5fbef34c66e0030267c9a52f611c22012e54
5,famous_le_10m,22,1.0,1.0,7,srnet,2ab567de463e78ceb22df3ca96dc5fbef34c66e0030267c9a52f611c22012e54
5,famous_le_10m,23,1.0,1.0,7,srnet,2ab567de463e78ceb22df3ca96dc5fbef34c66e0030267c9a52f611c22012e54
5,famous_le_100m,0,0.9285714285714286,0.9285714285714286,7,srnet,2ab567de463e78ceb22df3ca96dc5fbef34c66e0030267c9a52f611c22012e54
5,famous_le_100m,1,0.07142857142857142,0.07142857142857142,7,srnet,2ab567de463e78ceb22df3ca96dc5fbef34c66e0030267c9a52f611c22012e54
5,famous_le_100m,2,0.07142857142857142,0.07142857142857142,7,srnet,2ab567de463e78ceb22df3ca96dc5fbef34c66e0030267c9a52f611c22012e54
5,famous_le_100m,3,0.07142857142857142,0.07142857142857142,7,srnet,2ab567de463e78ceb22df3ca96dc5fbef34c66e0030267c9a52f611c22012e54
5,famous_le_100m,4,0.07142857142857142,0.07142857142857142,7,srnet,2ab567de463e78ceb22df3ca96dc5fbef34c66e0030267c9a52f611c22012e54
5,famous_le_100m,5,0.07142857142857142,0.07142857142857142,7,srnet,2ab567de463e78ceb22df3ca96dc5fbef34c66e0030267c9a52f611c22012e54
5,famous_le_100m,6,0.42857142857142855,0.42857142857142855,7,srnet,2ab567de463e78ceb22df3ca96dc5fbef34c66e0030267c9a52f611c22012e54
5,famous_le_100m,7,0.7142857142857143,0.7142857142857143,7,srnet,2ab567de463e78ceb22df3ca96dc5fbef34c66e0030267c9a52f611c22012e54
5,famous_le_100m,8,0.8571428571428571,0.8571428571428571,7,srnet,2ab567de463e78ceb22df3ca96dc5fbef34c66e0030267c9a52f611c22012e54
5,famous_le_100m,9,0.8571428571428571,0.8571428571428571,7,srnet,2ab567de463e78ceb22df3ca96dc5fbef34c66e0030267c9a52f611c22012e54
5,famous_le_100m,10,0.9285714285714286,0.9285714285714286,7,srnet,2ab567de463e78ceb22df3ca96dc5fbef34c66e0030267c9a52f611c22012e54
5,famous_le_100m,11,0.9285714285714286,0.9285714285714286,7,srnet,2ab567de463e78ceb22df3ca96dc5fbef34c66e0030267c9a52f611c22012e54
5,famous_le_100m,12,0.9285714285714286,0.9285714285714286,7,srnet,2ab567de463e78ceb22df3ca96dc5fbef34c66e0030267c9a52f611c22012e54
5,famous_le_100m,13,0.9285714285714286,0.9285714285714286,7,srnet,2ab567de463e78ceb22df3ca96dc5fbef34c66e0030267c9a52f611c22012e54
5,famous_le_100m,14,1.0,1.0,7,srnet,2ab567de463e78ceb22df3ca96dc5fbef34c66e0030267c9a52f611c22012e54
5,famous_le_100m,15,1.0,1.0,7,srnet,2ab567de463e78ceb22df3ca96dc5fbef34c66e0030267c9a52f611c22012e54
5,famous_le_100m,16,1.0,1.0,7,srnet,2ab567de463e78ceb22df3ca96dc5fbef34c66e0030267c9a52f611c22012e54
5,famous_le_100m,17,1.0,1.0,7,srnet,2ab567de463e78ceb22df3ca96dc5fbef34c66e0030267c9a52f611c22012e54
5,famous_le_100m,18,1.0,1.0,7,srnet,2ab567de463e78ceb22df3ca96dc5fbef34c66e0030267c9a52f611c22012e54
5,famous_le_100m,19,1.0,1.0,7,srnet,2ab567de463e78ceb22df3ca96dc5fbef34c66e0030267c9a52f611c22012e54
5,famous_le_100m,20,1.0,1.0,7,srnet,2ab567de463e78ceb22df3ca96dc5fbef34c66e0030267c9a52f611c22012e54
5,famous_le_100m,21,1.0,1.0,7,srnet,2ab567de463e78ceb22df3ca96dc5fbef34c66e0030267c9a52f611c22012e54
5,famous_le_100m,22,1.0,1.0,7,srnet,2ab567de463e78ceb22df3ca96dc5fbef34c66e0030267c9a52f611c22012e54
5,famous_le_100m,23,1.0,1.0,7,srnet,2ab567de463e78ceb22df3ca96dc5fbef34c66e0030267c9a52f611c22012e54
6,torch_pretrained_classification,0,0.95,0.95,7,srnet,7edc2aad2fdb63299d672fa7ca7900afc5c25ff5c4ba20aef8adc07a2d9bb23f
6,famous_le_10m,0,1.0,1.0,7,srnet,7edc2aad2fdb63299d672fa7ca7900afc5c25ff5c4ba20aef8adc07a2d9bb23f
6,famous_le_10m,1,0.0,0.0,7,srnet,7edc2aad2fdb63299d672fa7ca7900afc5c25ff5c4ba20aef8adc07a2d9bb23f
6,famous_le_10m,2,0.0,0.0,7,srnet,7edc2aad2fdb63299d672fa7ca7900afc5c25ff5c4ba20aef8adc07a2d9bb23f
6,famous_le_10m,3,0.0,0.0,7,srnet,7edc2aad2fdb63299d672fa7ca7900afc5c25ff5c4ba20aef8adc07a2d9bb23f
6,famous_le_10m,4,0.0,0.0,7,srnet,7edc2aad2fdb63299d672fa7ca7900afc5c25ff5c4ba20aef8adc07a2d9bb23f
6,famous_le_10m,5,0.2,0.2,7,srnet,7edc2aad2fdb63299d672fa7ca7900afc5c25ff5c4ba20aef8adc07a2d9bb23f
6,famous_le_10m,6,0.4,0.4,7,srnet,7edc2aad2fdb63299d672fa7ca7900afc5c25ff5c4ba20aef8adc07a2d9bb23f
6,famous_le_10m,7,1.0,1.0,7,srnet,7edc2aad2fdb63299d672fa7ca7900afc5c25ff5c4ba20aef8adc07a2d9bb23f
6,famous_le_10m,8,1.0,1.0,7,srnet,7edc2aad2fdb63299d672fa7ca7900afc5c25ff5c4ba20aef8adc07a2d9bb23f
6,famous_le_10m,9,1.0,1.0,7,srnet,7edc2aad2fdb63299d672fa7ca7900afc5c25ff5c4ba20aef8adc07a2d9bb23f
6,famous_le_10m,10,1.0,1.0,7,srnet,7edc2aad2fdb63299d672fa7ca7900afc5c25ff5c4ba20aef8adc07a2d9bb23f
6,famous_le_10m,11,1.0,1.0,7,srnet,7edc2aad2fdb63299d672fa7ca7900afc5c25ff5c4ba20aef8adc07a2d9bb23f
6,famous_le_10m,12,1.0,1.0,7,srnet,7edc2aad2fdb63299d672fa7ca7900afc5c25ff5c4ba20aef8adc07a2d9bb23f
6,famous_le_10m,13,1.0,1.0,7,srnet,7edc2aad2fdb63299d672fa7ca7900afc5c25ff5c4ba20aef8adc07a2d9bb23f
6,famous_le_10m,14,1.0,1.0,7,srnet,7edc2aad2fdb63299d672fa7ca7900afc5c25ff5c4ba20aef8adc07a2d9bb23f
6,famous_le_10m,15,1.0,1.0,7,srnet,7edc2aad2fdb63299d672fa7ca7900afc5c25ff5c4ba20aef8adc07a2d9bb23f
6,famous_le_10m,16,1.0,1.0,7,srnet,7edc2aad2fdb63299d672fa7ca7900afc5c25ff5c4ba20aef8adc07a2d9bb23f
6,famous_le_10m,17,1.0,1.0,7,srnet,7edc2aad2fdb63299d672fa7ca7900afc5c25ff5c4ba20aef8adc07a2d9bb23f
6,famous_le_10m,18,1.0,1.0,7,srnet,7edc2aad2fdb63299d672fa7ca7900afc5c25ff5c4ba20aef8adc07a2d9bb23f
6,famous_le_10m,19,1.0,1.0,7,srnet,7edc2aad2fdb63299d672fa7ca7900afc5c25ff5c4ba20aef8adc07a2d9bb23f
6,famous_le_10m,20,1.0,1.0,7,srnet,7edc2aad2fdb63299d672fa7ca7900afc5c25ff5c4ba20aef8adc07a2d9bb23f
6,famous_le_10m,21,1.0,1.0,7,srnet,7edc2aad2fdb63299d672fa7ca7900afc5c25ff5c4ba20aef8adc07a2d9bb23f
6,famous_le_10m,22,1.0,1.0,7,srnet,7edc2aad2fdb63299d672fa7ca7900afc5c25ff5c4ba20aef8adc07a2d9bb23f
6,famous_le_10m,23,1.0,1.0,7,srnet,7edc2aad2fdb63299d672fa7ca7900afc5c25ff5c4ba20aef8adc07a2d9bb23f
6,famous_le_100m,0,0.9285714285714286,0.9285714285714286,7,srnet,7edc2aad2fdb63299d672fa7ca7900afc5c25ff5c4ba20aef8adc07a2d9bb23f
6,famous_le_100m,1,0.07142857142857142,0.07142857142857142,7,srnet,7edc2aad2fdb63299d672fa7ca7900afc5c25ff5c4ba20aef8adc07a2d9bb23f
6,famous_le_100m,2,0.07142857142857142,0.07142857142857142,7,srnet,7edc2aad2fdb63299d672fa7ca7900afc5c25ff5c4ba20aef8adc07a2d9bb23f
6,famous_le_100m,3,0.07142857142857142,0.07142857142857142,7,srnet,7edc2aad2fdb63299d672fa7ca7900afc5c25ff5c4ba20aef8adc07a2d9bb23f
6,famous_le_100m,4,0.07142857142857142,0.07142857142857142,7,srnet,7edc2aad2fdb63299d672fa7ca7900afc5c25ff5c4ba20aef8adc07a2d9bb23f
6,famous_le_100m,5,0.07142857142857142,0.07142857142857142,7,srnet,7edc2aad2fdb63299d672fa7ca7900afc5c25ff5c4ba20aef8adc07a2d9bb23f
6,famous_le_100m,6,0.42857142857142855,0.42857142857142855,7,srnet,7edc2aad2fdb63299d672fa7ca7900afc5c25ff5c4ba20aef8adc07a2d9bb23f
6,famous_le_100m,7,0.7142857142857143,0.7142857142857143,7,srnet,7edc2aad2fdb63299d672fa7ca7900afc5c25ff5c4ba20aef8adc07a2d9bb23f
6,famous_le_100m,8,0.8571428571428571,0.8571428571428571,7,srnet,7edc2aad2fdb63299d672fa7ca7900afc5c25ff5c4ba20aef8adc07a2d9bb23f
6,famous_le_100m,9,0.8571428571428571,0.8571428571428571,7,srnet,7edc2aad2fdb63299d672fa7ca7900afc5c25ff5c4ba20aef8adc07a2d9bb23f
6,famous_le_100m,10,0.9285714285714286,0.9285714285714286,7,srnet,7edc2aad2fdb63299d672fa7ca7900afc5c25ff5c4ba20aef8adc07a2d9bb23f
6,famous_le_100m,11,0.9285714285714286,0.9285714285714286,7,srnet,7edc2aad2fdb63299d672fa7ca7900afc5c25ff5c4ba20aef8adc07a2d9bb23f
6,famous_le_100m,12,0.9285714285714286,0.9285714285714286,7,srnet,7edc2aad2fdb63299d672fa7ca7900afc5c25ff5c4ba20aef8adc07a2d9bb23f
6,famous_le_100m,13,0.9285714285714286,0.9285714285714286,7,srnet,7edc2aad2fdb63299d672fa7ca7900afc5c25ff5c4ba20aef8adc07a2d9bb23f
6,famous_le_100m,14,1.0,1.0,7,srnet,7edc2aad2fdb63299d672fa7ca7900afc5c25ff5c4ba20aef8adc07a2d9bb23f
6,famous_le_100m,15,1.0,1.0,7,srnet,7edc2aad2fdb63299d672fa7ca7900afc5c25ff5c4ba20aef8adc07a2d9bb23f
6,famous_le_100m,16,1.0,1.0,7,srnet,7edc2aad2fdb63299d672fa7ca7900afc5c25ff5c4ba20aef8adc07a2d9bb23f
6,famous_le_100m,17,1.0,1.0,7,srnet,7edc2aad2fdb63299d672fa7ca7900afc5c25ff5c4ba20aef8adc07a2d9bb23f
6,famous_le_100m,18,1.0,1.0,7,srnet,7edc2aad2fdb63299d672fa7ca7900afc5c25ff5c4ba20aef8adc07a2d9bb23f
6,famous_le_100m,19,1.0,1.0,7,srnet,7edc2aad2fdb63299d672fa7ca7900afc5c25ff5c4ba20aef8adc07a2d9bb23f
6,famous_le_100m,20,1.0,1.0,7,srnet,7edc2aad2fdb63299d672fa7ca7900afc5c25ff5c4ba20aef8adc07a2d9bb23f
6,famous_le_100m,21,1.0,1.0,7,srnet,7edc2aad2fdb63299d672fa7ca7900afc5c25ff5c4ba20aef8adc07a2d9bb23f
6,famous_le_100m,22,1.0,1.0,7,srnet,7edc2aad2fdb63299d672fa7ca7900afc5c25ff5c4ba20aef8adc07a2d9bb23f
6,famous_le_100m,23,1.0,1.0,7,srnet,7edc2aad2fdb63299d672fa7ca7900afc5c25ff5c4ba20aef8adc07a2d9bb23f
7,torch_pretrained_classification,0,0.95,0.95,7,srnet,1c4b907df4955bcb9ac2f5650b53640f49588fda2e7d6dd9c6912b6352a8edc2
7,famous_le_10m,0,1.0,1.0,7,srnet,1c4b907df4955bcb9ac2f5650b53640f49588fda2e7d6dd9c6912b6352a8edc2
7,famous_le_10m,1,0.0,0.0,7,srnet,1c4b907df4955bcb9ac2f5650b53640f49588fda2e7d6dd9c6912b6352a8edc2
7,famous_le_10m,2,0.0,0.0,7,srnet,1c4b907df4955bcb9ac2f5650b53640f49588fda2e7d6dd9c6912b6352a8edc2
7,famous_le_10m,3,0.0,0.0,7,srnet,1c4b907df4955bcb9ac2f5650b53640f49588fda2e7d6dd9c6912b6352a8edc2
7,famous_le_10m,4,0.0,0.0,7,srnet,1c4b907df4955bcb9ac2f5650b53640f49588fda2e7d6dd9c6912b6352a8edc2
7,famous_le_10m,5,0.0,0.0,7,srnet,1c4b907df4955bcb9ac2f5650b53640f49588fda2e7d6dd9c6912b6352a8edc2
7,famous_le_10m,6,0.4,0.4,7,srnet,1c4b907df4955bcb9ac2f5650b53640f49588fda2e7d6dd9c6912b6352a8edc2
7,famous_le_10m,7,1.0,1.0,7,srnet,1c4b907df4955bcb9ac2f5650b53640f49588fda2e7d6dd9c6912b6352a8edc2
7,famous_le_10m,8,1.0,1.0,7,srnet,1c4b907df4955bcb9ac2f5650b53640f49588fda2e7d6dd9c6912b6352a8edc2
7,famous_le_10m,9,1.0,1.0,7,srnet,1c4b907df4955bcb9ac2f5650b53640f49588fda2e7d6dd9c6912b6352a8edc2
7,famous_le_10m,10,1.0,1.0,7,srnet,1c4b907df4955bcb9ac2f5650b53640f49588fda2e7d6dd9c6912b6352a8edc2
7,famous_le_10m,11,1.0,1.0,7,srnet,1c4b907df4955bcb9ac2f5650b53640f49588fda2e7d6dd9c6912b6352a8edc2
7,famous_le_10m,12,1.0,1.0,7,srnet,1c4b907df4955bcb9ac2f5650b53640f49588fda2e7d6dd9c6912b6352a8edc2
7,famous_le_10m,13,1.0,1.0,7,srnet,1c4b907df4955bcb9ac2f5650b53640f49588fda2e7d6dd9c6912b6352a8edc2
7,famous_le_10m,14,1.0,1.0,7,srnet,1c4b907df4955bcb9ac2f5650b53640f49588fda2e7d6dd9c6912b6352a8edc2
7,famous_le_10m,15,1.0,1.0,7,srnet,1c4b907df4955bcb9ac2f5650b53640f49588fda2e7d6dd9c6912b6352a8edc2
7,famous_le_10m,16,1.0,1.0,7,srnet,1c4b907df4955bcb9ac2f5650b53640f49588fda2e7d6dd9c6912b6352a8edc2
7,famous_le_10m,17,1.0,1.0,7,srnet,1c4b907df4955bcb9ac2f5650b53640f49588fda2e7d6dd9c6912b6352a8edc2
7,famous_le_10m,18,1.0,1.0,7,srnet,1c4b907df4955bcb9ac2f5650b53640f49588fda2e7d6dd9c6912b6352a8edc2
7,famous_le_10m,19,1.0,1.0,7,srnet,1c4b907df4955bcb9ac2f5650b53640f49588fda2e7d6dd9c6912b6352a8edc2
7,famous_le_10m,20,1.0,1.0,7,srnet,1c4b907df4955bcb9ac2f5650b53640f49588fda2e7d6dd9c6912b6352a8edc2
7,famous_le_10m,21,1.0,1.0,7,srnet,1c4b907df4955bcb9ac2f5650b53640f49588fda2e7d6dd9c6912b6352a8edc2
7,famous_le_10m,22,1.0,1.0,7,srnet,1c4b907df4955bcb9ac2f5650b53640f49588fda2e7d6dd9c6912b6352a8edc2
7,famous_le_10m,23,1.0,1.0,7,srnet,1c4b907df4955bcb9ac2f5650b53640f49588fda2e7d6dd9c6912b6352a8edc2
7,famous_le_100m,0,0.9285714285714286,0.9285714285714286,7,srnet,1c4b907df4955bcb9ac2f5650b53640f49588fda2e7d6dd9c6912b6352a8edc2
7,famous_le_100m,1,0.07142857142857142,0.07142857142857142,7,srnet,1c4b907df4955bcb9ac2f5650b53640f49588fda2e7d6dd9c6912b6352a8edc2
7,famous_le_100m,2,0.07142857142857142,0.07142857142857142,7,srnet,1c4b907df4955bcb9ac2f5650b53640f49588fda2e7d6dd9c6912b6352a8edc2
7,famous_le_100m,3,0.07142857142857142,0.07142857142857142,7,srnet,1c4b907df4955bcb9ac2f5650b53640f49588fda2e7d6dd9c6912b6352a8edc2
7,famous_le_100m,4,0.07142857142857142,0.07142857142857142,7,srnet,1c4b907df4955bcb9ac2f5650b53640f49588fda2e7d6dd9c6912b6352a8edc2
7,famous_le_100m,5,0.07142857142857142,0.07142857142857142,7,srnet,1c4b907df4955bcb9ac2f5650b53640f49588fda2e7d6dd9c6912b6352a8edc2
7,famous_le_100m,6,0.42857142857142855,0.42857142857142855,7,srnet,1c4b907df4955bcb9ac2f5650b53640f49588fda2e7d6dd9c6912b6352a8edc2
7,famous_le_100m,7,0.7142857142857143,0.7142857142857143,7,srnet,1c4b907df4955bcb9ac2f5650b53640f49588fda2e7d6dd9c6912b6352a8edc2
7,famous_le_100m,8,0.8571428571428571,0.8571428571428571,7,srnet,1c4b907df4955bcb9ac2f5650b53640f49588fda2e7d6dd9c6912b6352a8edc2
7,famous_le_100m,9,0.8571428571428571,0.8571428571428571,7,srnet,1c4b907df4955bcb9ac2f5650b53640f49588fda2e7d6dd9c6912b6352a8edc2
7,famous_le_100m,10,0.9285714285714286,0.9285714285714286,7,srnet,1c4b907df4955bcb9ac2f5650b53640f49588fda2e7d6dd9c6912b6352a8edc2
7,famous_le_100m,11,0.9285714285714286,0.9285714285714286,7,srnet,1c4b907df4955bcb9ac2f5650b53640f49588fda2e7d6dd9c6912b6352a8edc2
7,famous_le_100m,12,0.9285714285714286,0.9285714285714286,7,srnet,1c4b907df4955bcb9ac2f5650b53640f49588fda2e7d6dd9c6912b6352a8edc2
7,famous_le_100m,13,0.9285714285714286,0.9285714285714286,7,srnet,1c4b907df4955bcb9ac2f5650b53640f49588fda2e7d6dd9c6912b6352a8edc2
7,famous_le_100m,14,1.0,1.0,7,srnet,1c4b907df4955bcb9ac2f5650b53640f49588fda2e7d6dd9c6912b6352a8edc2
7,famous_le_100m,15,1.0,1.0,7,srnet,1c4b907df4955bcb9ac2f5650b53640f49588fda2e7d6dd9c6912b6352a8edc2
7,famous_le_100m,16,1.0,1.0,7,srnet,1c4b907df4955bcb9ac2f5650b53640f49588fda2e7d6dd9c6912b6352a8edc2
7,famous_le_100m,17,1.0,1.0,7,srnet,1c4b907df4955bcb9ac2f5650b53640f49588fda2e7d6dd9c6912b6352a8edc2
7,famous_le_100m,18,1.0,1.0,7,srnet,1c4b907df4955bcb9ac2f5650b53640f49588fda2e7d6dd9c6912b6352a8edc2
7,famous_le_100m,19,1.0,1.0,7,srnet,1c4b907df4955bcb9ac2f5650b53640f49588fda2e7d6dd9c6912b6352a8edc2
7,famous_le_100m,20,1.0,1.0,7,srnet,1c4b907df4955bcb9ac2f5650b53640f49588fda2e7d6dd9c6912b6352a8edc2
7,famous_le_100m,21,1.0,1.0,7,srnet,1c4b907df4955bcb9ac2f5650b53640f49588fda2e7d6dd9c6912b6352a8edc2
7,famous_le_100m,22,1.0,1.0,7,srnet,1c4b907df4955bcb9ac2f5650b53640f49588fda2e7d6dd9c6912b6352a8edc2
7,famous_le_100m,23,1.0,1.0,7,srnet,1c4b907df4955bcb9ac2f5650b53640f49588fda2e7d6dd9c6912b6352a8edc2
8,torch_pretrained_classification,0,0.95,0.95,7,srnet,d1cc3020f0dc17c9942ac24183c955d1e0fcdfd1206853400769ca483764583c
8,famous_le_10m,0,1.0,1.0,7,srnet,d1cc3020f0dc17c9942ac24183c955d1e0fcdfd1206853400769ca483764583c
8,famous_le_10m,1,0.0,0.0,7,srnet,d1cc3020f0dc17c9942ac24183c955d1e0fcdfd1206853400769ca483764583c
8,famous_le_10m,2,0.0,0.0,7,srnet,d1cc3020f0dc17c9942ac24183c955d1e0fcdfd1206853400769ca483764583c
8,famous_le_10m,3,0.0,0.0,7,srnet,d1cc3020f0dc17c9942ac24183c955d1e0fcdfd1206853400769ca483764583c
8,famous_le_10m,4,0.0,0.0,7,srnet,d1cc3020f0dc17c9942ac24183c955d1e0fcdfd1206853400769ca483764583c
8,famous_le_10m,5,0.2,0.2,7,srnet,d1cc3020f0dc17c9942ac24183c955d1e0fcdfd1206853400769ca483764583c
8,famous_le_10m,6,0.4,0.4,7,srnet,d1cc3020f0dc17c9942ac24183c955d1e0fcdfd1206853400769ca483764583c
8,famous_le_10m,7,1.0,1.0,7,srnet,d1cc3020f0dc17c9942ac24183c955d1e0fcdfd1206853400769ca483764583c
8,famous_le_10m,8,1.0,1.0,7,srnet,d1cc3020f0dc17c9942ac24183c955d1e0fcdfd1206853400769ca483764583c
8,famous_le_10m,9,1.0,1.0,7,srnet,d1cc3020f0dc17c9942ac24183c955d1e0fcdfd1206853400769ca483764583c
8,famous_le_10m,10,1.0,1.0,7,srnet,d1cc3020f0dc17c9942ac24183c955d1e0fcdfd1206853400769ca483764583c
8,famous_le_10m,11,1.0,1.0,7,srnet,d1cc3020f0dc17c9942ac24183c955d1e0fcdfd1206853400769ca483764583c
8,famous_le_10m,12,1.0,1.0,7,srnet,d1cc3020f0dc17c9942ac24183c955d1e0fcdfd1206853400769ca483764583c
8,famous_le_10m,13,1.0,1.0,7,srnet,d1cc3020f0dc17c9942ac24183c955d1e0fcdfd1206853400769ca483764583c
8,famous_le_10m,14,1.0,1.0,7,srnet,d1cc3020f0dc17c9942ac24183c955d1e0fcdfd1206853400769ca483764583c
8,famous_le_10m,15,1.0,1.0,7,srnet,d1cc3020f0dc17c9942ac24183c955d1e0fcdfd1206853400769ca483764583c
8,famous_le_10m,16,1.0,1.0,7,srnet,d1cc3020f0dc17c9942ac24183c955d1e0fcdfd1206853400769ca483764583c
8,famous_le_10m,17,1.0,1.0,7,srnet,d1cc3020f0dc17c9942ac24183c955d1e0fcdfd1206853400769ca483764583c
8,famous_le_10m,18,1.0,1.0,7,srnet,d1cc3020f0dc17c9942ac24183c955d1e0fcdfd1206853400769ca483764583c
8,famous_le_10m,19,1.0,1.0,7,srnet,d1cc3020f0dc17c9942ac24183c955d1e0fcdfd1206853400769ca483764583c
8,famous_le_10m,20,1.0,1.0,7,srnet,d1cc3020f0dc17c9942ac24183c955d1e0fcdfd1206853400769ca483764583c
8,famous_le_10m,21,1.0,1.0,7,srnet,d1cc3020f0dc17c9942ac24183c955d1e0fcdfd1206853400769ca483764583c
8,famous_le_10m,22,1.0,1.0,7,srnet,d1cc3020f0dc17c9942ac24183c955d1e0fcdfd1206853400769ca483764583c
8,famous_le_10m,23,1.0,1.0,7,srnet,d1cc3020f0dc17c9942ac24183c955d1e0fcdfd1206853400769ca483764583c
8,famous_le_100m,0,0.9285714285714286,0.9285714285714286,7,srnet,d1cc3020f0dc17c9942ac24183c955d1e0fcdfd1206853400769ca483764583c
8,famous_le_100m,1,0.07142857142857142,0.07142857142857142,7,srnet,d1cc3020f0dc17c9942ac24183c955d1e0fcdfd1206853400769ca483764583c
8,famous_le_100m,2,0.07142857142857142,0.07142857142857142,7,srnet,d1cc3020f0dc17c9942ac24183c955d1e0fcdfd1206853400769ca483764583c
8,famous_le_100m,3,0.07142857142857142,0.07142857142857142,7,srnet,d1cc3020f0dc17c9942ac24183c955d1e0fcdfd1206853400769ca483764583c
8,famous_le_100m,4,0.07142857142857142,0.07142857142857142,7,srnet,d1cc3020f0dc17c9942ac24183c955d1e0fcdfd1206853400769ca483764583c
8,famous_le_100m,5,0.07142857142857142,0.07142857142857142,7,srnet,d1cc3020f0dc17c9942ac24183c955d1e0fcdfd1206853400769ca483764583c
8,famous_le_100m,6,0.42857142857142855,0.42857142857142855,7,srnet,d1cc3020f0dc17c9942ac24183c955d1e0fcdfd1206853400769ca483764583c
8,famous_le_100m,7,0.7142857142857143,0.7142857142857143,7,srnet,d1cc3020f0dc17c9942ac24183c955d1e0fcdfd1206853400769ca483764583c
8,famous_le_100m,8,0.8571428571428571,0.8571428571428571,7,srnet,d1cc3020f0dc17c9942ac24183c955d1e0fcdfd1206853400769ca483764583c
8,famous_le_100m,9,0.8571428571428571,0.8571428571428571,7,srnet,d1cc3020f0dc17c9942ac24183c955d1e0fcdfd1206853400769ca483764583c
8,famous_le_100m,10,0.9285714285714286,0.9285714285714286,7,srnet,d1cc3020f0dc17c9942ac24183c955d1e0fcdfd1206853400769ca483764583c
8,famous_le_100m,11,0.9285714285714286,0.9285714285714286,7,srnet,d1cc3020f0dc17c9942ac24183c955d1e0fcdfd1206853400769ca483764583c
8,famous_le_100m,12,0.9285714285714286,0.9285714285714286,7,srnet,d1cc3020f0dc17c9942ac24183c955d1e0fcdfd1206853400769ca483764583c
8,famous_le_100m,13,0.9285714285714286,0.9285714285714286,7,srnet,d1cc3020f0dc17c9942ac24183c955d1e0fcdfd1206853400769ca483764583c
8,famous_le_100m,14,1.0,1.0,7,srnet,d1cc3020f0dc17c9942ac24183c955d1e0fcdfd1206853400769ca483764583c
8,famous_le_100m,15,1.0,1.0,7,srnet,d1cc3020f0dc17c9942ac24183c955d1e0fcdfd1206853400769ca483764583c
8,famous_le_100m,16,1.0,1.0,7,srnet,d1cc3020f0dc17c9942ac24183c955d1e0fcdfd1206853400769ca483764583c
8,famous_le_100m,17,1.0,1.0,7,srnet,d1cc3020f0dc17c9942ac24183c955d1e0fcdfd1206853400769ca483764583c
8,famous_le_100m,18,1.0,1.0,7,srnet,d1cc3020f0dc17c9942ac24183c955d1e0fcdfd1206853400769ca483764583c
8,famous_le_100m,19,1.0,1.0,7,srnet,d1cc3020f0dc17c9942ac24183c955d1e0fcdfd1206853400769ca483764583c
8,famous_le_100m,20,1.0,1.0,7,srnet,d1cc3020f0dc17c9942ac24183c955d1e0fcdfd1206853400769ca483764583c
8,famous_le_100m,21,1.0,1.0,7,srnet,d1cc3020f0dc17c9942ac24183c955d1e0fcdfd1206853400769ca483764583c
8,famous_le_100m,22,1.0,1.0,7,srnet,d1cc3020f0dc17c9942ac24183c955d1e0fcdfd1206853400769ca483764583c
8,famous_le_100m,23,1.0,1.0,7,srnet,d1cc3020f0dc17c9942ac24183c955d1e0fcdfd1206853400769ca483764583c
9,torch_pretrained_classification,0,0.95,0.95,7,srnet,c982b3e6017c67c8e9955749624a341759bab0a7f4b23cce49677e7bd7845b5d
9,famous_le_10m,0,1.0,1.0,7,srnet,c982b3e6017c67c8e9955749624a341759bab0a7f4b23cce49677e7bd7845b5d
9,famous_le_10m,1,0.0,0.0,7,srnet,c982b3e6017c67c8e9955749624a341759bab0a7f4b23cce49677e7bd7845b5d
9,famous_le_10m,2,0.0,0.0,7,srnet,c982b3e6017c67c8e9955749624a341759bab0a7f4b23cce49677e7bd7845b5d
9,famous_le_10m,3,0.0,0.0,7,srnet,c982b3e6017c67c8e9955749624a341759bab0a7f4b23cce49677e7bd7845b5d
9,famous_le_10m,4,0.0,0.0,7,srnet,c982b3e6017c67c8e9955749624a341759bab0a7f4b23cce49677e7bd7845b5d
9,famous_le_10m,5,0.2,0.2,7,srnet,c982b3e6017c67c8e9955749624a341759bab0a7f4b23cce49677e7bd7845b5d
9,famous_le_10m,6,0.4,0.4,7,srnet,c982b3e6017c67c8e9955749624a341759bab0a7f4b23cce49677e7bd7845b5d
9,famous_le_10m,7,1.0,1.0,7,srnet,c982b3e6017c67c8e9955749624a341759bab0a7f4b23cce49677e7bd7845b5d
9,famous_le_10m,8,1.0,1.0,7,srnet,c982b3e6017c67c8e9955749624a341759bab0a7f4b23cce49677e7bd7845b5d
9,famous_le_10m,9,1.0,1.0,7,srnet,c982b3e6017c67c8e9955749624a341759bab0a7f4b23cce49677e7bd7845b5d
9,famous_le_10m,10,1.0,1.0,7,srnet,c982b3e6017c67c8e9955749624a341759bab0a7f4b23cce49677e7bd7845b5d
9,famous_le_10m,11,1.0,1.0,7,srnet,c982b3e6017c67c8e9955749624a341759bab0a7f4b23cce49677e7bd7845b5d
9,famous_le_10m,12,1.0,1.0,7,srnet,c982b3e6017c67c8e9955749624a341759bab0a7f4b23cce49677e7bd7845b5d
9,famous_le_10m,13,1.0,1.0,7,srnet,c982b3e6017c67c8e9955749624a341759bab0a7f4b23cce49677e7bd7845b5d
9,famous_le_10m,14,1.0,1.0,7,srnet,c982b3e6017c67c8e9955749624a341759bab0a7f4b23cce49677e7bd7845b5d
9,famous_le_10m,15,1.0,1.0,7,srnet,c982b3e6017c67c8e9955749624a341759bab0a7f4b23cce49677e7bd7845b5d
9,famous_le_10m,16,1.0,1.0,7,srnet,c982b3e6017c67c8e9955749624a341759bab0a7f4b23cce49677e7bd7845b5d
9,famous_le_10m,17,1.0,1.0,7,srnet,c982b3e6017c67c8e9955749624a341759bab0a7f4b23cce49677e7bd7845b5d
9,famous_le_10m,18,1.0,1.0,7,srnet,c982b3e6017c67c8e9955749624a341759bab0a7f4b23cce49677e7bd7845b5d
9,famous_le_10m,19,1.0,1.0,7,srnet,c982b3e6017c67c8e9955749624a341759bab0a7f4b23cce49677e7bd7845b5d
9,famous_le_10m,20,1.0,1.0,7,srnet,c982b3e6017c67c8e9955749624a341759bab0a7f4b23cce49677e7bd7845b5d
9,famous_le_10m,21,1.0,1.0,7,srnet,c982b3e6017c67c8e9955749624a341759bab0a7f4b23cce49677e7bd7845b5d
9,famous_le_10m,22,1.0,1.0,7,srnet,c982b3e6017c67c8e9955749624a341759bab0a7f4b23cce49677e7bd7845b5d
9,famous_le_10m,23,1.0,1.0,7,srnet,c982b3e6017c67c8e9955749624a341759bab0a7f4b23cce49677e7bd7845b5d
9,famous_le_100m,0,0.9285714285714286,0.9285714285714286,7,srnet,c982b3e6017c67c8e9955749624a341759bab0a7f4b23cce49677e7bd7845b5d
9,famous_le_100m,1,0.07142857142857142,0.07142857142857142,7,srnet,c982b3e6017c67c8e9955749624a341759bab0a7f4b23cce49677e7bd7845b5d
9,famous_le_100m,2,0.07142857142857142,0.07142857142857142,7,srnet,c982b3e6017c67c8e9955749624a341759bab0a7f4b23cce49677e7bd7845b5d
9,famous_le_100m,3,0.07142857142857142,0.07142857142857142,7,srnet,c982b3e6017c67c8e9955749624a341759bab0a7f4b23cce49677e7bd7845b5d
9,famous_le_100m,4,0.07142857142857142,0.07142857142857142,7,srnet,c982b3e6017c67c8e9955749624a341759bab0a7f4b23cce49677e7bd7845b5d
9,famous_le_100m,5,0.07142857142857142,0.07142857142857142,7,srnet,c982b3e6017c67c8e9955749624a341759bab0a7f4b23cce49677e7bd7845b5d
9,famous_le_100m,6,0.42857142857142855,0.42857142857142855,7,srnet,c982b3e6017c67c8e9955749624a341759bab0a7f4b23cce49677e7bd7845b5d
9,famous_le_100m,7,0.7142857142857143,0.7142857142857143,7,srnet,c982b3e6017c67c8e9955749624a341759bab0a7f4b23cce49677e7bd7845b5d
9,famous_le_100m,8,0.8571428571428571,0.8571428571428571,7,srnet,c982b3e6017c67c8e9955749624a341759bab0a7f4b23cce49677e7bd7845b5d
9,famous_le_100m,9,0.8571428571428571,0.8571428571428571,7,srnet,c982b3e6017c67c8e9955749624a341759bab0a7f4b23cce49677e7bd7845b5d
9,famous_le_100m,10,0.9285714285714286,0.9285714285714286,7,srnet,c982b3e6017c67c8e9955749624a341759bab0a7f4b23cce49677e7bd7845b5d
9,famous_le_100m,11,0.9285714285714286,0.9285714285714286,7,srnet,c982b3e6017c67c8e9955749624a341759bab0a7f4b23cce49677e7bd7845b5d
9,famous_le_100m,12,0.9285714285714286,0.9285714285714286,7,srnet,c982b3e6017c67c8e9955749624a341759bab0a7f4b23cce49677e7bd7845b5d
9,famous_le_100m,13,0.9285714285714286,0.9285714285714286,7,srnet,c982b3e6017c67c8e9955749624a341759bab0a7f4b23cce49677e7bd7845b5d
9,famous_le_100m,14,1.0,1.0,7,srnet,c982b3e6017c67c8e9955749624a341759bab0a7f4b23cce49677e7bd7845b5d
9,famous_le_100m,15,1.0,1.0,7,srnet,c982b3e6017c67c8e9955749624a341759bab0a7f4b23cce49677e7bd7845b5d
9,famous_le_100m,16,1.0,1.0,7,srnet,c982b3e6017c67c8e9955749624a341759bab0a7f4b23cce49677e7bd7845b5d
9,famous_le_100m,17,1.0,1.0,7,srnet,c982b3e6017c67c8e9955749624a341759bab0a7f4b23cce49677e7bd7845b5d
9,famous_le_100m,18,1.0,1.0,7,srnet,c982b3e6017c67c8e9955749624a341759bab0a7f4b23cce49677e7bd7845b5d
9,famous_le_100m,19,1.0,1.0,7,srnet,c982b3e6017c67c8e9955749624a341759bab0a7f4b23cce49677e7bd7845b5d
9,famous_le_100m,20,1.0,1.0,7,srnet,c982b3e6017c67c8e9955749624a341759bab0a7f4b23cce49677e7bd7845b5d
9,famous_le_100m,21,1.0,1.0,7,srnet,c982b3e6017c67c8e9955749624a341759bab0a7f4b23cce49677e7bd7845b5d
9,famous_le_100m,22,1.0,1.0,7,srnet,c982b3e6017c67c8e9955749624a341759bab0a7f4b23cce49677e7bd7845b5d
9,famous_le_100m,23,1.0,1.0,7,srnet,c982b3e6017c67c8e9955749624a341759bab0a7f4b23cce49677e7bd7845b5d
5,torch_pretrained_classification,0,0.975,0.975,8,srnet,cf9198f73ec85dfa4af208e0ab6b9dcbbfc4e25c48fe07d5055a78d496ae73a2
5,famous_le_10m,0,1.0,1.0,8,srnet,cf9198f73ec85dfa4af208e0ab6b9dcbbfc4e25c48fe07d5055a78d496ae73a2
5,famous_le_10m,1,0.0,0.0,8,srnet,cf9198f73ec85dfa4af208e0ab6b9dcbbfc4e25c48fe07d5055a78d496ae73a2
5,famous_le_10m,2,0.0,0.0,8,srnet,cf9198f73ec85dfa4af208e0ab6b9dcbbfc4e25c48fe07d5055a78d496ae73a2
5,famous_le_10m,3,0.0,0.0,8,srnet,cf9198f73ec85dfa4af208e0ab6b9dcbbfc4e25c48fe07d5055a78d496ae73a2
5,famous_le_10m,4,0.0,0.0,8,srnet,cf9198f73ec85dfa4af208e0ab6b9dcbbfc4e25c48fe07d5055a78d496ae73a2
5,famous_le_10m,5,0.0,0.0,8,srnet,cf9198f73ec85dfa4af208e0ab6b9dcbbfc4e25c48fe07d5055a78d496ae73a2
5,famous_le_10m,6,0.0,0.0,8,srnet,cf9198f73ec85dfa4af208e0ab6b9dcbbfc4e25c48fe07d5055a78d496ae73a2
5,famous_le_10m,7,0.0,0.0,8,srnet,cf9198f73ec85dfa4af208e0ab6b9dcbbfc4e25c48fe07d5055a78d496ae73a2
5,famous_le_10m,8,1.0,1.0,8,srnet,cf9198f73ec85dfa4af208e0ab6b9dcbbfc4e25c48fe07d5055a78d496ae73a2
5,famous_le_10m,9,1.0,1.0,8,srnet,cf9198f73ec85dfa4af208e0ab6b9dcbbfc4e25c48fe07d5055a78d496ae73a2
5,famous_le_10m,10,1.0,1.0,8,srnet,cf9198f73ec85dfa4af208e0ab6b9dcbbfc4e25c48fe07d5055a78d496ae73a2
5,famous_le_10m,11,1.0,1.0,8,srnet,cf9198f73ec85dfa4af208e0ab6b9dcbbfc4e25c48fe07d5055a78d496ae73a2
5,famous_le_10m,12,1.0,1.0,8,srnet,cf9198f73ec85dfa4af208e0ab6b9dcbbfc4e25c48fe07d5055a78d496ae73a2
5,famous_le_10m,13,1.0,1.0,8,srnet,cf9198f73ec85dfa4af208e0ab6b9dcbbfc4e25c48fe07d5055a78d496ae73a2
5,famous_le_10m,14,1.0,1.0,8,srnet,cf9198f73ec85dfa4af208e0ab6b9dcbbfc4e25c48fe07d5055a78d496ae73a2
5,famous_le_10m,15,1.0,1.0,8,srnet,cf9198f73ec85dfa4af208e0ab6b9dcbbfc4e25c48fe07d5055a78d496ae73a2
5,famous_le_10m,16,1.0,1.0,8,srnet,cf9198f73ec85dfa4af208e0ab6b9dcbbfc4e25c48fe07d5055a78d496ae73a2
5,famous_le_10m,17,1.0,1.0,8,srnet,cf9198f73ec85dfa4af208e0ab6b9dcbbfc4e25c48fe07d5055a78d496ae73a2
5,famous_le_10m,18,1.0,1.0,8,srnet,cf9198f73ec85dfa4af208e0ab6b9dcbbfc4e25c48fe07d5055a78d496ae73a2
5,famous_le_10m,19,1.0,1.0,8,srnet,cf9198f73ec85dfa4af208e0ab6b9dcbbfc4e25c48fe07d5055a78d496ae73a2
5,famous_le_10m,20,1.0,1.0,8,srnet,cf9198f73ec85dfa4af208e0ab6b9dcbbfc4e25c48fe07d5055a78d496ae73a2
5,famous_le_10m,21,1.0,1.0,8,srnet,cf9198f73ec85dfa4af208e0ab6b9dcbbfc4e25c48fe07d5055a78d496ae73a2
5,famous_le_10m,22,1.0,1.0,8,srnet,cf9198f73ec85dfa4af208e0ab6b9dcbbfc4e25c48fe07d5055a78d496ae73a2
5,famous_le_10m,23,1.0,1.0,8,srnet,cf9198f73ec85dfa4af208e0ab6b9dcbbfc4e25c48fe07d5055a78d496ae73a2
5,famous_le_100m,0,1.0,1.0,8,srnet,cf9198f73ec85dfa4af208e0ab6b9dcbbfc4e25c48fe07d5055a78d496ae73a2
5,famous_le_100m,1,0.0,0.0,8,srnet,cf9198f73ec85dfa4af208e0ab6b9dcbbfc4e25c48fe07d5055a78d496ae73a2
5,famous_le_100m,2,0.0,0.0,8,srnet,cf9198f73ec85dfa4af208e0ab6b9dcbbfc4e25c48fe07d5055a78d496ae73a2
5,famous_le_100m,3,0.0,0.0,8,srnet,cf9198f73ec85dfa4af208e0ab6b9dcbbfc4e25c48fe07d5055a78d496ae73a2
5,famous_le_100m,4,0.0,0.0,8,srnet,cf9198f73ec85dfa4af208e0ab6b9dcbbfc4e25c48fe07d5055a78d496ae73a2
5,famous_le_100m,5,0.0,0.0,8,srnet,cf9198f73ec85dfa4af208e0ab6b9dcbbfc4e25c48fe07d5055a78d496ae73a2
5,famous_le_100m,6,0.07142857142857142,0.07142857142857142,8,srnet,cf9198f73ec85dfa4af208e0ab6b9dcbbfc4e25c48fe07d5055a78d496ae73a2
5,famous_le_100m,7,0.42857142857142855,0.42857142857142855,8,srnet,cf9198f73ec85dfa4af208e0ab6b9dcbbfc4e25c48fe07d5055a78d496ae73a2
5,famous_le_100m,8,0.7857142857142857,0.7857142857142857,8,srnet,cf9198f73ec85dfa4af208e0ab6b9dcbbfc4e25c48fe07d5055a78d496ae73a2
5,famous_le_100m,9,0.8571428571428571,0.8571428571428571,8,srnet,cf9198f73ec85dfa4af208e0ab6b9dcbbfc4e25c48fe07d5055a78d496ae73a2
5,famous_le_100m,10,0.8571428571428571,0.8571428571428571,8,srnet,cf9198f73ec85dfa4af208e0ab6b9dcbbfc4e25c48fe07d5055a78d496ae73a2
5,famous_le_100m,11,0.8571428571428571,0.8571428571428571,8,srnet,cf9198f73ec85dfa4af208e0ab6b9dcbbfc4e25c48fe07d5055a78d496ae73a2
5,famous_le_100m,12,0.9285714285714286,0.9285714285714286,8,srnet,cf9198f73ec85dfa4af208e0ab6b9dcbbfc4e25c48fe07d5055a78d496ae73a2
5,famous_le_100m,13,0.9285714285714286,0.9285714285714286,8,srnet,cf9198f73ec85dfa4af208e0ab6b9dcbbfc4e25c48fe07d5055a78d496ae73a2
5,famous_le_100m,14,0.9285714285714286,0.9285714285714286,8,srnet,cf9198f73ec85dfa4af208e0ab6b9dcbbfc4e25c48fe07d5055a78d496ae73a2
5,famous_le_100m,15,0.9285714285714286,0.9285714285714286,8,srnet,cf9198f73ec85dfa4af208e0ab6b9dcbbfc4e25c48fe07d5055a78d496ae73a2
5,famous_le_100m,16,1.0,1.0,8,srnet,cf9198f73ec85dfa4af208e0ab6b9dcbbfc4e25c48fe07d5055a78d496ae73a2
5,famous_le_100m,17,1.0,1.0,8,srnet,cf9198f73ec85dfa4af208e0ab6b9dcbbfc4e25c48fe07d5055a78d496ae73a2
5,famous_le_100m,18,1.0,1.0,8,srnet,cf9198f73ec85dfa4af208e0ab6b9dcbbfc4e25c48fe07d5055a78d496ae73a2
5,famous_le_100m,19,1.0,1.0,8,srnet,cf9198f73ec85dfa4af208e0ab6b9dcbbfc4e25c48fe07d5055a78d496ae73a2
5,famous_le_100m,20,1.0,1.0,8,srnet,cf9198f73ec85dfa4af208e0ab6b9dcbbfc4e25c48fe07d5055a78d496ae73a2
5,famous_le_100m,21,1.0,1.0,8,srnet,cf9198f73ec85dfa4af208e0ab6b9dcbbfc4e25c48fe07d5055a78d496ae73a2
5,famous_le_100m,22,1.0,1.0,8,srnet,cf9198f73ec85dfa4af208e0ab6b9dcbbfc4e25c48fe07d5055a78d496ae73a2
5,famous_le_100m,23,1.0,1.0,8,srnet,cf9198f73ec85dfa4af208e0ab6b9dcbbfc4e25c48fe07d5055a78d496ae73a2
6,torch_pretrained_classification,0,0.975,0.975,8,srnet,e53332b7a6d74cfdb8a3976d87c4557350b21e004cac23c064e704334c8c9c38
6,famous_le_10m,0,1.0,1.0,8,srnet,e53332b7a6d74cfdb8a3976d87c4557350b21e004cac23c064e704334c8c9c38
6,famous_le_10m,1,0.0,0.0,8,srnet,e53332b7a6d74cfdb8a3976d87c4557350b21e004cac23c064e704334c8c9c38
6,famous_le_10m,2,0.0,0.0,8,srnet,e53332b7a6d74cfdb8a3976d87c4557350b21e004cac23c064e704334c8c9c38
6,famous_le_10m,3,0.0,0.0,8,srnet,e53332b7a6d74cfdb8a3976d87c4557350b21e004cac23c064e704334c8c9c38
6,famous_le_10m,4,0.0,0.0,8,srnet,e53332b7a6d74cfdb8a3976d87c4557350b21e004cac23c064e704334c8c9c38
6,famous_le_10m,5,0.0,0.0,8,srnet,e53332b7a6d74cfdb8a3976d87c4557350b21e004cac23c064e704334c8c9c38
6,famous_le_10m,6,0.0,0.0,8,srnet,e53332b7a6d74cfdb8a3976d87c4557350b21e004cac23c064e704334c8c9c38
6,famous_le_10m,7,0.0,0.0,8,srnet,e53332b7a6d74cfdb8a3976d87c4557350b21e004cac23c064e704334c8c9c38
6,famous_le_10m,8,1.0,1.0,8,srnet,e53332b7a6d74cfdb8a3976d87c4557350b21e004cac23c064e704334c8c9c38
6,famous_le_10m,9,1.0,1.0,8,srnet,e53332b7a6d74cfdb8a3976d87c4557350b21e004cac23c064e704334c8c9c38
6,famous_le_10m,10,1.0,1.0,8,srnet,e53332b7a6d74cfdb8a3976d87c4557350b21e004cac23c064e704334c8c9c38
6,famous_le_10m,11,1.0,1.0,8,srnet,e53332b7a6d74cfdb8a3976d87c4557350b21e004cac23c064e704334c8c9c38
6,famous_le_10m,12,1.0,1.0,8,srnet,e53332b7a6d74cfdb8a3976d87c4557350b21e004cac23c064e704334c8c9c38
6,famous_le_10m,13,1.0,1.0,8,srnet,e53332b7a6d74cfdb8a3976d87c4557350b21e004cac23c064e704334c8c9c38
6,famous_le_10m,14,1.0,1.0,8,srnet,e53332b7a6d74cfdb8a3976d87c4557350b21e004cac23c064e704334c8c9c38
6,famous_le_10m,15,1.0,1.0,8,srnet,e53332b7a6d74cfdb8a3976d87c4557350b21e004cac23c064e704334c8c9c38
6,famous_le_10m,16,1.0,1.0,8,srnet,e53332b7a6d74cfdb8a3976d87c4557350b21e004cac23c064e704334c8c9c38
6,famous_le_10m,17,1.0,1.0,8,srnet,e53332b7a6d74cfdb8a3976d87c4557350b21e004cac23c064e704334c8c9c38
6,famous_le_10m,18,1.0,1.0,8,srnet,e53332b7a6d74cfdb8a3976d87c4557350b21e004cac23c064e704334c8c9c38
6,famous_le_10m,19,1.0,1.0,8,srnet,e53332b7a6d74cfdb8a3976d87c4557350b21e004cac23c064e704334c8c9c38
6,famous_le_10m,20,1.0,1.0,8,srnet,e53332b7a6d74cfdb8a3976d87c4557350b21e004cac23c064e704334c8c9c38
6,famous_le_10m,21,1.0,1.0,8,srnet,e53332b7a6d74cfdb8a3976d87c4557350b21e004cac23c064e704334c8c9c38
6,famous_le_10m,22,1.0,1.0,8,srnet,e53332b7a6d74cfdb8a3976d87c4557350b21e004cac23c064e704334c8c9c38
6,famous_le_10m,23,1.0,1.0,8,srnet,e53332b7a6d74cfdb8a3976d87c4557350b21e004cac23c064e704334c8c9c38
6,famous_le_100m,0,1.0,1.0,8,srnet,e53332b7a6d74cfdb8a3976d87c4557350b21e004cac23c064e704334c8c9c38
6,famous_le_100m,1,0.0,0.0,8,srnet,e53332b7a6d74cfdb8a3976d87c4557350b21e004cac23c064e704334c8c9c38
6,famous_le_100m,2,0.0,0.0,8,srnet,e53332b7a6d74cfdb8a3976d87c4557350b21e004cac23c064e704334c8c9c38
6,famous_le_100m,3,0.0,0.0,8,srnet,e53332b7a6d74cfdb8a3976d87c4557350b21e004cac23c064e704334c8c9c38
6,famous_le_100m,4,0.0,0.0,8,srnet,e53332b7a6d74cfdb8a3976d87c4557350b21e004cac23c064e704334c8c9c38
6,famous_le_100m,5,0.0,0.0,8,srnet,e53332b7a6d74cfdb8a3976d87c4557350b21e004cac23c064e704334c8c9c38
6,famous_le_100m,6,0.07142857142857142,0.07142857142857142,8,srnet,e53332b7a6d74cfdb8a3976d87c4557350b21e004cac23c064e704334c8c9c38
6,famous_le_100m,7,0.42857142857142855,0.42857142857142855,8,srnet,e53332b7a6d74cfdb8a3976d87c4557350b21e004cac23c064e704334c8c9c38
6,famous_le_100m,8,0.7857142857142857,0.7857142857142857,8,srnet,e53332b7a6d74cfdb8a3976d87c4557350b21e004cac23c064e704334c8c9c38
6,famous_le_100m,9,0.8571428571428571,0.8571428571428571,8,srnet,e53332b7a6d74cfdb8a3976d87c4557350b21e004cac23c064e704334c8c9c38
6,famous_le_100m,10,0.8571428571428571,0.8571428571428571,8,srnet,e53332b7a6d74cfdb8a3976d87c4557350b21e004cac23c064e704334c8c9c38
6,famous_le_100m,11,0.8571428571428571,0.8571428571428571,8,srnet,e53332b7a6d74cfdb8a3976d87c4557350b21e004cac23c064e704334c8c9c38
6,famous_le_100m,12,0.9285714285714286,0.9285714285714286,8,srnet,e53332b7a6d74cfdb8a3976d87c4557350b21e004cac23c064e704334c8c9c38
6,famous_le_100m,13,0.9285714285714286,0.9285714285714286,8,srnet,e53332b7a6d74cfdb8a3976d87c4557350b21e004cac23c064e704334c8c9c38
6,famous_le_100m,14,0.9285714285714286,0.9285714285714286,8,srnet,e53332b7a6d74cfdb8a3976d87c4557350b21e004cac23c064e704334c8c9c38
6,famous_le_100m,15,0.9285714285714286,0.9285714285714286,8,srnet,e53332b7a6d74cfdb8a3976d87c4557350b21e004cac23c064e704334c8c9c38
6,famous_le_100m,16,1.0,1.0,8,srnet,e53332b7a6d74cfdb8a3976d87c4557350b21e004cac23c064e704334c8c9c38
6,famous_le_100m,17,1.0,1.0,8,srnet,e53332b7a6d74cfdb8a3976d87c4557350b21e004cac23c064e704334c8c9c38
6,famous_le_100m,18,1.0,1.0,8,srnet,e53332b7a6d74cfdb8a3976d87c4557350b21e004cac23c064e704334c8c9c38
6,famous_le_100m,19,1.0,1.0,8,srnet,e53332b7a6d74cfdb8a3976d87c4557350b21e004cac23c064e704334c8c9c38
6,famous_le_100m,20,1.0,1.0,8,srnet,e53332b7a6d74cfdb8a3976d87c4557350b21e004cac23c064e704334c8c9c38
6,famous_le_100m,21,1.0,1.0,8,srnet,e53332b7a6d74cfdb8a3976d87c4557350b21e004cac23c064e704334c8c9c38
6,famous_le_100m,22,1.0,1.0,8,srnet,e53332b7a6d74cfdb8a3976d87c4557350b21e004cac23c064e704334c8c9c38
6,famous_le_100m,23,1.0,1.0,8,srnet,e53332b7a6d74cfdb8a3976d87c4557350b21e004cac23c064e704334c8c9c38
7,torch_pretrained_classification,0,0.975,0.975,8,srnet,f2277bc58146058103be261698279c9126b3e98bbf46b14670d46b081b85c497
7,famous_le_10m,0,1.0,1.0,8,srnet,f2277bc58146058103be261698279c9126b3e98bbf46b14670d46b081b85c497
7,famous_le_10m,1,0.0,0.0,8,srnet,f2277bc58146058103be261698279c9126b3e98bbf46b14670d46b081b85c497
7,famous_le_10m,2,0.0,0.0,8,srnet,f2277bc58146058103be261698279c9126b3e98bbf46b14670d46b081b85c497
7,famous_le_10m,3,0.0,0.0,8,srnet,f2277bc58146058103be261698279c9126b3e98bbf46b14670d46b081b85c497
7,famous_le_10m,4,0.0,0.0,8,srnet,f2277bc58146058103be261698279c9126b3e98bbf46b14670d46b081b85c497
7,famous_le_10m,5,0.0,0.0,8,srnet,f2277bc58146058103be261698279c9126b3e98bbf46b14670d46b081b85c497
7,famous_le_10m,6,0.0,0.0,8,srnet,f2277bc58146058103be261698279c9126b3e98bbf46b14670d46b081b85c497
7,famous_le_10m,7,0.0,0.0,8,srnet,f2277bc58146058103be261698279c9126b3e98bbf46b14670d46b081b85c497
7,famous_le_10m,8,1.0,1.0,8,srnet,f2277bc58146058103be261698279c9126b3e98bbf46b14670d46b081b85c497
7,famous_le_10m,9,1.0,1.0,8,srnet,f2277bc58146058103be261698279c9126b3e98bbf46b14670d46b081b85c497
7,famous_le_10m,10,1.0,1.0,8,srnet,f2277bc58146058103be261698279c9126b3e98bbf46b14670d46b081b85c497
7,famous_le_10m,11,1.0,1.0,8,srnet,f2277bc58146058103be261698279c9126b3e98bbf46b14670d46b081b85c497
7,famous_le_10m,12,1.0,1.0,8,srnet,f2277bc58146058103be261698279c9126b3e98bbf46b14670d46b081b85c497
7,famous_le_10m,13,1.0,1.0,8,srnet,f2277bc58146058103be261698279c9126b3e98bbf46b14670d46b081b85c497
7,famous_le_10m,14,1.0,1.0,8,srnet,f2277bc58146058103be261698279c9126b3e98bbf46b14670d46b081b85c497
7,famous_le_10m,15,1.0,1.0,8,srnet,f2277bc58146058103be261698279c9126b3e98bbf46b14670d46b081b85c497
7,famous_le_10m,16,1.0,1.0,8,srnet,f2277bc58146058103be261698279c9126b3e98bbf46b14670d46b081b85c497
7,famous_le_10m,17,1.0,1.0,8,srnet,f2277bc58146058103be261698279c9126b3e98bbf46b14670d46b081b85c497
7,famous_le_10m,18,1.0,1.0,8,srnet,f2277bc58146058103be261698279c9126b3e98bbf46b14670d46b081b85c497
7,famous_le_10m,19,1.0,1.0,8,srnet,f2277bc58146058103be261698279c9126b3e98bbf46b14670d46b081b85c497
7,famous_le_10m,20,1.0,1.0,8,srnet,f2277bc58146058103be261698279c9126b3e98bbf46b14670d46b081b85c497
7,famous_le_10m,21,1.0,1.0,8,srnet,f2277bc58146058103be261698279c9126b3e98bbf46b14670d46b081b85c497
7,famous_le_10m,22,1.0,1.0,8,srnet,f2277bc58146058103be261698279c9126b3e98bbf46b14670d46b081b85c497
7,famous_le_10m,23,1.0,1.0,8,srnet,f2277bc58146058103be261698279c9126b3e98bbf46b14670d46b081b85c497
7,famous_le_100m,0,1.0,1.0,8,srnet,f2277bc58146058103be261698279c9126b3e98bbf46b14670d46b081b85c497
7,famous_le_100m,1,0.0,0.0,8,srnet,f2277bc58146058103be261698279c9126b3e98bbf46b14670d46b081b85c497
7,famous_le_100m,2,0.0,0.0,8,srnet,f2277bc58146058103be261698279c9126b3e98bbf46b14670d46b081b85c497
7,famous_le_100m,3,0.0,0.0,8,srnet,f2277bc58146058103be261698279c9126b3e98bbf46b14670d46b081b85c497
7,famous_le_100m,4,0.0,0.0,8,srnet,f2277bc58146058103be261698279c9126b3e98bbf46b14670d46b081b85c497
7,famous_le_100m,5,0.0,0.0,8,srnet,f2277bc58146058103be261698279c9126b3e98bbf46b14670d46b081b85c497
7,famous_le_100m,6,0.07142857142857142,0.07142857142857142,8,srnet,f2277bc58146058103be261698279c9126b3e98bbf46b14670d46b081b85c497
7,famous_le_100m,7,0.42857142857142855,0.42857142857142855,8,srnet,f2277bc58146058103be261698279c9126b3e98bbf46b14670d46b081b85c497
7,famous_le_100m,8,0.7857142857142857,0.7857142857142857,8,srnet,f2277bc58146058103be261698279c9126b3e98bbf46b14670d46b081b85c497
7,famous_le_100m,9,0.8571428571428571,0.8571428571428571,8,srnet,f2277bc58146058103be261698279c9126b3e98bbf46b14670d46b081b85c497
7,famous_le_100m,10,0.8571428571428571,0.8571428571428571,8,srnet,f2277bc58146058103be261698279c9126b3e98bbf46b14670d46b081b85c497
7,famous_le_100m,11,0.8571428571428571,0.8571428571428571,8,srnet,f2277bc58146058103be261698279c9126b3e98bbf46b14670d46b081b85c497
7,famous_le_100m,12,0.9285714285714286,0.9285714285714286,8,srnet,f2277bc58146058103be261698279c9126b3e98bbf46b14670d46b081b85c497
7,famous_le_100m,13,0.9285714285714286,0.9285714285714286,8,srnet,f2277bc58146058103be261698279c9126b3e98bbf46b14670d46b081b85c497
7,famous_le_100m,14,0.9285714285714286,0.9285714285714286,8,srnet,f2277bc58146058103be261698279c9126b3e98bbf46b14670d46b081b85c497
7,famous_le_100m,15,0.9285714285714286,0.9285714285714286,8,srnet,f2277bc58146058103be261698279c9126b3e98bbf46b14670d46b081b85c497
7,famous_le_100m,16,1.0,1.0,8,srnet,f2277bc58146058103be261698279c9126b3e98bbf46b14670d46b081b85c497
7,famous_le_100m,17,1.0,1.0,8,srnet,f2277bc58146058103be261698279c9126b3e98bbf46b14670d46b081b85c497
7,famous_le_100m,18,1.0,1.0,8,srnet,f2277bc58146058103be261698279c9126b3e98bbf46b14670d46b081b85c497
7,famous_le_100m,19,1.0,1.0,8,srnet,f2277bc58146058103be261698279c9126b3e98bbf46b14670d46b081b85c497
7,famous_le_100m,20,1.0,1.0,8,srnet,f2277bc58146058103be261698279c9126b3e98bbf46b14670d46b081b85c497
7,famous_le_100m,21,1.0,1.0,8,srnet,f2277bc58146058103be261698279c9126b3e98bbf46b14670d46b081b85c497
7,famous_le_100m,22,1.0,1.0,8,srnet,f2277bc58146058103be261698279c9126b3e98bbf46b14670d46b081b85c497
7,famous_le_100m,23,1.0,1.0,8,srnet,f2277bc58146058103be261698279c9126b3e98bbf46b14670d46b081b85c497
8,torch_pretrained_classification,0,0.975,0.975,8,srnet,76c466e107906aec1c6606f5d0c654a314d05434c12a5508d34c4ba7b5a32756
8,famous_le_10m,0,1.0,1.0,8,srnet,76c466e107906aec1c6606f5d0c654a314d05434c12a5508d34c4ba7b5a32756
8,famous_le_10m,1,0.0,0.0,8,srnet,76c466e107906aec1c6606f5d0c654a314d05434c12a5508d34c4ba7b5a32756
8,famous_le_10m,2,0.0,0.0,8,srnet,76c466e107906aec1c6606f5d0c654a314d05434c12a5508d34c4ba7b5a32756
8,famous_le_10m,3,0.0,0.0,8,srnet,76c466e107906aec1c6606f5d0c654a314d05434c12a5508d34c4ba7b5a32756
8,famous_le_10m,4,0.0,0.0,8,srnet,76c466e107906aec1c6606f5d0c654a314d05434c12a5508d34c4ba7b5a32756
8,famous_le_10m,5,0.0,0.0,8,srnet,76c466e107906aec1c6606f5d0c654a314d05434c12a5508d34c4ba7b5a32756
8,famous_le_10m,6,0.0,0.0,8,srnet,76c466e107906aec1c6606f5d0c654a314d05434c12a5508d34c4ba7b5a32756
8,famous_le_10m,7,0.0,0.0,8,srnet,76c466e107906aec1c6606f5d0c654a314d05434c12a5508d34c4ba7b5a32756
8,famous_le_10m,8,1.0,1.0,8,srnet,76c466e107906aec1c6606f5d0c654a314d05434c12a5508d34c4ba7b5a32756
8,famous_le_10m,9,1.0,1.0,8,srnet,76c466e107906aec1c6606f5d0c654a314d05434c12a5508d34c4ba7b5a32756
8,famous_le_10m,10,1.0,1.0,8,srnet,76c466e107906aec1c6606f5d0c654a314d05434c12a5508d34c4ba7b5a32756
8,famous_le_10m,11,1.0,1.0,8,srnet,76c466e107906aec1c6606f5d0c654a314d05434c12a5508d34c4ba7b5a32756
8,famous_le_10m,12,1.0,1.0,8,srnet,76c466e107906aec1c6606f5d0c654a314d05434c12a5508d34c4ba7b5a32756
8,famous_le_10m,13,1.0,1.0,8,srnet,76c466e107906aec1c6606f5d0c654a314d05434c12a5508d34c4ba7b5a32756
8,famous_le_10m,14,1.0,1.0,8,srnet,76c466e107906aec1c6606f5d0c654a314d05434c12a5508d34c4ba7b5a32756
8,famous_le_10m,15,1.0,1.0,8,srnet,76c466e107906aec1c6606f5d0c654a314d05434c12a5508d34c4ba7b5a32756
8,famous_le_10m,16,1.0,1.0,8,srnet,76c466e107906aec1c6606f5d0c654a314d05434c12a5508d34c4ba7b5a32756
8,famous_le_10m,17,1.0,1.0,8,srnet,76c466e107906aec1c6606f5d0c654a314d05434c12a5508d34c4ba7b5a32756
8,famous_le_10m,18,1.0,1.0,8,srnet,76c466e107906aec1c6606f5d0c654a314d05434c12a5508d34c4ba7b5a32756
8,famous_le_10m,19,1.0,1.0,8,srnet,76c466e107906aec1c6606f5d0c654a314d05434c12a5508d34c4ba7b5a32756
8,famous_le_10m,20,1.0,1.0,8,srnet,76c466e107906aec1c6606f5d0c654a314d05434c12a5508d34c4ba7b5a32756
8,famous_le_10m,21,1.0,1.0,8,srnet,76c466e107906aec1c6606f5d0c654a314d05434c12a5508d34c4ba7b5a32756
8,famous_le_10m,22,1.0,1.0,8,srnet,76c466e107906aec1c6606f5d0c654a314d05434c12a5508d34c4ba7b5a32756
8,famous_le_10m,23,1.0,1.0,8,srnet,76c466e107906aec1c6606f5d0c654a314d05434c12a5508d34c4ba7b5a32756
8,famous_le_100m,0,1.0,1.0,8,srnet,76c466e107906aec1c6606f5d0c654a314d05434c12a5508d34c4ba7b5a32756
8,famous_le_100m,1,0.0,0.0,8,srnet,76c466e107906aec1c6606f5d0c654a314d05434c12a5508d34c4ba7b5a32756
8,famous_le_100m,2,0.0,0.0,8,srnet,76c466e107906aec1c6606f5d0c654a314d05434c12a5508d34c4ba7b5a32756
8,famous_le_100m,3,0.0,0.0,8,srnet,76c466e107906aec1c6606f5d0c654a314d05434c12a5508d34c4ba7b5a32756
8,famous_le_100m,4,0.0,0.0,8,srnet,76c466e107906aec1c6606f5d0c654a314d05434c12a5508d34c4ba7b5a32756
8,famous_le_100m,5,0.0,0.0,8,srnet,76c466e107906aec1c6606f5d0c654a314d05434c12a5508d34c4ba7b5a32756
8,famous_le_100m,6,0.07142857142857142,0.07142857142857142,8,srnet,76c466e107906aec1c6606f5d0c654a314d05434c12a5508d34c4ba7b5a32756
8,famous_le_100m,7,0.42857142857142855,0.42857142857142855,8,srnet,76c466e107906aec1c6606f5d0c654a314d05434c12a5508d34c4ba7b5a32756
8,famous_le_100m,8,0.7857142857142857,0.7857142857142857,8,srnet,76c466e107906aec1c6606f5d0c654a314d05434c12a5508d34c4ba7b5a32756
8,famous_le_100m,9,0.8571428571428571,0.8571428571428571,8,srnet,76c466e107906aec1c6606f5d0c654a314d05434c12a5508d34c4ba7b5a32756
8,famous_le_100m,10,0.8571428571428571,0.8571428571428571,8,srnet,76c466e107906aec1c6606f5d0c654a314d05434c12a5508d34c4ba7b5a32756
8,famous_le_100m,11,0.8571428571428571,0.8571428571428571,8,srnet,76c466e107906aec1c6606f5d0c654a314d05434c12a5508d34c4ba7b5a32756
8,famous_le_100m,12,0.9285714285714286,0.9285714285714286,8,srnet,76c466e107906aec1c6606f5d0c654a314d05434c12a5508d34c4ba7b5a32756
8,famous_le_100m,13,0.9285714285714286,0.9285714285714286,8,srnet,76c466e107906aec1c6606f5d0c654a314d05434c12a5508d34c4ba7b5a32756
8,famous_le_100m,14,0.9285714285714286,0.9285714285714286,8,srnet,76c466e107906aec1c6606f5d0c654a314d05434c12a5508d34c4ba7b5a32756
8,famous_le_100m,15,0.9285714285714286,0.9285714285714286,8,srnet,76c466e107906aec1c6606f5d0c654a314d05434c12a5508d34c4ba7b5a32756
8,famous_le_100m,16,1.0,1.0,8,srnet,76c466e107906aec1c6606f5d0c654a314d05434c12a5508d34c4ba7b5a32756
8,famous_le_100m,17,1.0,1.0,8,srnet,76c466e107906aec1c6606f5d0c654a314d05434c12a5508d34c4ba7b5a32756
8,famous_le_100m,18,1.0,1.0,8,srnet,76c466e107906aec1c6606f5d0c654a314d05434c12a5508d34c4ba7b5a32756
8,famous_le_100m,19,1.0,1.0,8,srnet,76c466e107906aec1c6606f5d0c654a314d05434c12a5508d34c4ba7b5a32756
8,famous_le_100m,20,1.0,1.0,8,srnet,76c466e107906aec1c6606f5d0c654a314d05434c12a5508d34c4ba7b5a32756
8,famous_le_100m,21,1.0,1.0,8,srnet,76c466e107906aec1c6606f5d0c654a314d05434c12a5508d34c4ba7b5a32756
8,famous_le_100m,22,1.0,1.0,8,srnet,76c466e107906aec1c6606f5d0c654a314d05434c12a5508d34c4ba7b5a32756
8,famous_le_100m,23,1.0,1.0,8,srnet,76c466e107906aec1c6606f5d0c654a314d05434c12a5508d34c4ba7b5a32756
9,torch_pretrained_classification,0,0.975,0.975,8,srnet,9fa7389976fce7ae40af1bbc666c698009814fb19751ae995c9dceb07374e85d
9,famous_le_10m,0,1.0,1.0,8,srnet,9fa7389976fce7ae40af1bbc666c698009814fb19751ae995c9dceb07374e85d
9,famous_le_10m,1,0.0,0.0,8,srnet,9fa7389976fce7ae40af1bbc666c698009814fb19751ae995c9dceb07374e85d
9,famous_le_10m,2,0.0,0.0,8,srnet,9fa7389976fce7ae40af1bbc666c698009814fb19751ae995c9dceb07374e85d
9,famous_le_10m,3,0.0,0.0,8,srnet,9fa7389976fce7ae40af1bbc666c698009814fb19751ae995c9dceb07374e85d
9,famous_le_10m,4,0.0,0.0,8,srnet,9fa7389976fce7ae40af1bbc666c698009814fb19751ae995c9dceb07374e85d
9,famous_le_10m,5,0.0,0.0,8,srnet,9fa7389976fce7ae40af1bbc666c698009814fb19751ae995c9dceb07374e85d
9,famous_le_10m,6,0.0,0.0,8,srnet,9fa7389976fce7ae40af1bbc666c698009814fb19751ae995c9dceb07374e85d
9,famous_le_10m,7,0.0,0.0,8,srnet,9fa7389976fce7ae40af1bbc666c698009814fb19751ae995c9dceb07374e85d
9,famous_le_10m,8,1.0,1.0,8,srnet,9fa7389976fce7ae40af1bbc666c698009814fb19751ae995c9dceb07374e85d
9,famous_le_10m,9,1.0,1.0,8,srnet,9fa7389976fce7ae40af1bbc666c698009814fb19751ae995c9dceb07374e85d
9,famous_le_10m,10,1.0,1.0,8,srnet,9fa7389976fce7ae40af1bbc666c698009814fb19751ae995c9dceb07374e85d
9,famous_le_10m,11,1.0,1.0,8,srnet,9fa7389976fce7ae40af1bbc666c698009814fb19751ae995c9dceb07374e85d
9,famous_le_10m,12,1.0,1.0,8,srnet,9fa7389976fce7ae40af1bbc666c698009814fb19751ae995c9dceb07374e85d
9,famous_le_10m,13,1.0,1.0,8,srnet,9fa7389976fce7ae40af1bbc666c698009814fb19751ae995c9dceb07374e85d
9,famous_le_10m,14,1.0,1.0,8,srnet,9fa7389976fce7ae40af1bbc666c698009814fb19751ae995c9dceb07374e85d
9,famous_le_10m,15,1.0,1.0,8,srnet,9fa7389976fce7ae40af1bbc666c698009814fb19751ae995c9dceb07374e85d
9,famous_le_10m,16,1.0,1.0,8,srnet,9fa7389976fce7ae40af1bbc666c698009814fb19751ae995c9dceb07374e85d
9,famous_le_10m,17,1.0,1.0,8,srnet,9fa7389976fce7ae40af1bbc666c698009814fb19751ae995c9dceb07374e85d
9,famous_le_10m,18,1.0,1.0,8,srnet,9fa7389976fce7ae40af1bbc666c698009814fb19751ae995c9dceb07374e85d
9,famous_le_10m,19,1.0,1.0,8,srnet,9fa7389976fce7ae40af1bbc666c698009814fb19751ae995c9dceb07374e85d
9,famous_le_10m,20,1.0,1.0,8,srnet,9fa7389976fce7ae40af1bbc666c698009814fb19751ae995c9dceb07374e85d
9,famous_le_10m,21,1.0,1.0,8,srnet,9fa7389976fce7ae40af1bbc666c698009814fb19751ae995c9dceb07374e85d
9,famous_le_10m,22,1.0,1.0,8,srnet,9fa7389976fce7ae40af1bbc666c698009814fb19751ae995c9dceb07374e85d
9,famous_le_10m,23,1.0,1.0,8,srnet,9fa7389976fce7ae40af1bbc666c698009814fb19751ae995c9dceb07374e85d
9,famous_le_100m,0,1.0,1.0,8,srnet,9fa7389976fce7ae40af1bbc666c698009814fb19751ae995c9dceb07374e85d
9,famous_le_100m,1,0.0,0.0,8,srnet,9fa7389976fce7ae40af1bbc666c698009814fb19751ae995c9dceb07374e85d
9,famous_le_100m,2,0.0,0.0,8,srnet,9fa7389976fce7ae40af1bbc666c698009814fb19751ae995c9dceb07374e85d
9,famous_le_100m,3,0.0,0.0,8,srnet,9fa7389976fce7ae40af1bbc666c698009814fb19751ae995c9dceb07374e85d
9,famous_le_100m,4,0.0,0.0,8,srnet,9fa7389976fce7ae40af1bbc666c698009814fb19751ae995c9dceb07374e85d
9,famous_le_100m,5,0.0,0.0,8,srnet,9fa7389976fce7ae40af1bbc666c698009814fb19751ae995c9dceb07374e85d
9,famous_le_100m,6,0.07142857142857142,0.07142857142857142,8,srnet,9fa7389976fce7ae40af1bbc666c698009814fb19751ae995c9dceb07374e85d
9,famous_le_100m,7,0.42857142857142855,0.42857142857142855,8,srnet,9fa7389976fce7ae40af1bbc666c698009814fb19751ae995c9dceb07374e85d
9,famous_le_100m,8,0.7857142857142857,0.7857142857142857,8,srnet,9fa7389976fce7ae40af1bbc666c698009814fb19751ae995c9dceb07374e85d
9,famous_le_100m,9,0.8571428571428571,0.8571428571428571,8,srnet,9fa7389976fce7ae40af1bbc666c698009814fb19751ae995c9dceb07374e85d
9,famous_le_100m,10,0.8571428571428571,0.8571428571428571,8,srnet,9fa7389976fce7ae40af1bbc666c698009814fb19751ae995c9dceb07374e85d
9,famous_le_100m,11,0.8571428571428571,0.8571428571428571,8,srnet,9fa7389976fce7ae40af1bbc666c698009814fb19751ae995c9dceb07374e85d
9,famous_le_100m,12,0.9285714285714286,0.9285714285714286,8,srnet,9fa7389976fce7ae40af1bbc666c698009814fb19751ae995c9dceb07374e85d
9,famous_le_100m,13,0.9285714285714286,0.9285714285714286,8,srnet,9fa7389976fce7ae40af1bbc666c698009814fb19751ae995c9dceb07374e85d
9,famous_le_100m,14,0.9285714285714286,0.9285714285714286,8,srnet,9fa7389976fce7ae40af1bbc666c698009814fb19751ae995c9dceb07374e85d
9,famous_le_100m,15,0.9285714285714286,0.9285714285714286,8,srnet,9fa7389976fce7ae40af1bbc666c698009814fb19751ae995c9dceb07374e85d
9,famous_le_100m,16,1.0,1.0,8,srnet,9fa7389976fce7ae40af1bbc666c698009814fb19751ae995c9dceb07374e85d
9,famous_le_100m,17,1.0,1.0,8,srnet,9fa7389976fce7ae40af1bbc666c698009814fb19751ae995c9dceb07374e85d
9,famous_le_100m,18,1.0,1.0,8,srnet,9fa7389976fce7ae40af1bbc666c698009814fb19751ae995c9dceb07374e85d
9,famous_le_100m,19,1.0,1.0,8,srnet,9fa7389976fce7ae40af1bbc666c698009814fb19751ae995c9dceb07374e85d
9,famous_le_100m,20,1.0,1.0,8,srnet,9fa7389976fce7ae40af1bbc666c698009814fb19751ae995c9dceb07374e85d
9,famous_le_100m,21,1.0,1.0,8,srnet,9fa7389976fce7ae40af1bbc666c698009814fb19751ae995c9dceb07374e85d
9,famous_le_100m,22,1.0,1.0,8,srnet,9fa7389976fce7ae40af1bbc666c698009814fb19751ae995c9dceb07374e85d
9,famous_le_100m,23,1.0,1.0,8,srnet,9fa7389976fce7ae40af1bbc666c698009814fb19751ae995c9dceb07374e85d
