clf,acc,recall,precision,f1,ds_name,split_idx,n_splits,n_repeats,x,mz_name,payload,image_rep,normalize
XGBClassifier,0.0851063829787234,0.08423913043478261,0.08272727272727273,0.08344671201814059,iid_test,0,5,5,1,tiny-imagenet_resnet18,rand,gf50,none
XGBClassifier,1.0,1.0,1.0,1.0,iid_train,0,5,5,1,tiny-imagenet_resnet18,rand,gf50,none
XGBClassifier,0.10638297872340426,0.10597826086956522,0.10597826086956522,0.10597826086956522,iid_test,1,5,5,1,tiny-imagenet_resnet18,rand,gf50,none
XGBClassifier,1.0,1.0,1.0,1.0,iid_train,1,5,5,1,tiny-imagenet_resnet18,rand,gf50,none
XGBClassifier,0.06521739130434782,0.06521739130434782,0.06439393939393939,0.06477541371158392,iid_test,2,5,5,1,tiny-imagenet_resnet18,rand,gf50,none
XGBClassifier,1.0,1.0,1.0,1.0,iid_train,2,5,5,1,tiny-imagenet_resnet18,rand,gf50,none
XGBClassifier,0.13043478260869565,0.13043478260869565,0.12761904761904763,0.12878787878787878,iid_test,3,5,5,1,tiny-imagenet_resnet18,rand,gf50,none
XGBClassifier,1.0,1.0,1.0,1.0,iid_train,3,5,5,1,tiny-imagenet_resnet18,rand,gf50,none
XGBClassifier,0.06521739130434782,0.06521739130434782,0.06439393939393939,0.06477541371158392,iid_test,4,5,5,1,tiny-imagenet_resnet18,rand,gf50,none
XGBClassifier,1.0,1.0,1.0,1.0,iid_train,4,5,5,1,tiny-imagenet_resnet18,rand,gf50,none
XGBClassifier,0.1276595744680851,0.1286231884057971,0.12454212454212454,0.12607709750566892,iid_test,5,5,5,1,tiny-imagenet_resnet18,rand,gf50,none
XGBClassifier,1.0,1.0,1.0,1.0,iid_train,5,5,5,1,tiny-imagenet_resnet18,rand,gf50,none
XGBClassifier,0.14893617021276595,0.14764492753623187,0.14377289377289376,0.14545454545454545,iid_test,6,5,5,1,tiny-imagenet_resnet18,rand,gf50,none
XGBClassifier,1.0,1.0,1.0,1.0,iid_train,6,5,5,1,tiny-imagenet_resnet18,rand,gf50,none
XGBClassifier,0.15217391304347827,0.15217391304347827,0.1515151515151515,0.15177304964539007,iid_test,7,5,5,1,tiny-imagenet_resnet18,rand,gf50,none
XGBClassifier,1.0,1.0,1.0,1.0,iid_train,7,5,5,1,tiny-imagenet_resnet18,rand,gf50,none
XGBClassifier,0.13043478260869565,0.13043478260869565,0.1189083820662768,0.12380952380952381,iid_test,8,5,5,1,tiny-imagenet_resnet18,rand,gf50,none
XGBClassifier,1.0,1.0,1.0,1.0,iid_train,8,5,5,1,tiny-imagenet_resnet18,rand,gf50,none
XGBClassifier,0.10869565217391304,0.10869565217391304,0.10795454545454546,0.10827423167848699,iid_test,9,5,5,1,tiny-imagenet_resnet18,rand,gf50,none
XGBClassifier,1.0,1.0,1.0,1.0,iid_train,9,5,5,1,tiny-imagenet_resnet18,rand,gf50,none
XGBClassifier,0.14893617021276595,0.14855072463768115,0.14855072463768115,0.14855072463768115,iid_test,10,5,5,1,tiny-imagenet_resnet18,rand,gf50,none
XGBClassifier,1.0,1.0,1.0,1.0,iid_train,10,5,5,1,tiny-imagenet_resnet18,rand,gf50,none
XGBClassifier,0.0425531914893617,0.04257246376811594,0.04257246376811594,0.0425531914893617,iid_test,11,5,5,1,tiny-imagenet_resnet18,rand,gf50,none
XGBClassifier,1.0,1.0,1.0,1.0,iid_train,11,5,5,1,tiny-imagenet_resnet18,rand,gf50,none
XGBClassifier,0.021739130434782608,0.021739130434782608,0.020833333333333332,0.02127659574468085,iid_test,12,5,5,1,tiny-imagenet_resnet18,rand,gf50,none
XGBClassifier,1.0,1.0,1.0,1.0,iid_train,12,5,5,1,tiny-imagenet_resnet18,rand,gf50,none
XGBClassifier,0.10869565217391304,0.10869565217391304,0.10795454545454546,0.10827423167848699,iid_test,13,5,5,1,tiny-imagenet_resnet18,rand,gf50,none
XGBClassifier,1.0,1.0,1.0,1.0,iid_train,13,5,5,1,tiny-imagenet_resnet18,rand,gf50,none
XGBClassifier,0.021739130434782608,0.021739130434782608,0.020833333333333332,0.02127659574468085,iid_test,14,5,5,1,tiny-imagenet_resnet18,rand,gf50,none
XGBClassifier,1.0,1.0,1.0,1.0,iid_train,14,5,5,1,tiny-imagenet_resnet18,rand,gf50,none
XGBClassifier,0.10638297872340426,0.10778985507246376,0.09907407407407406,0.10272727272727272,iid_test,15,5,5,1,tiny-imagenet_resnet18,rand,gf50,none
XGBClassifier,1.0,1.0,1.0,1.0,iid_train,15,5,5,1,tiny-imagenet_resnet18,rand,gf50,none
XGBClassifier,0.10638297872340426,0.10597826086956522,0.10597826086956522,0.10597826086956522,iid_test,16,5,5,1,tiny-imagenet_resnet18,rand,gf50,none
XGBClassifier,1.0,1.0,1.0,1.0,iid_train,16,5,5,1,tiny-imagenet_resnet18,rand,gf50,none
XGBClassifier,0.15217391304347827,0.15217391304347827,0.1515151515151515,0.15177304964539007,iid_test,17,5,5,1,tiny-imagenet_resnet18,rand,gf50,none
XGBClassifier,1.0,1.0,1.0,1.0,iid_train,17,5,5,1,tiny-imagenet_resnet18,rand,gf50,none
XGBClassifier,0.1956521739130435,0.19565217391304346,0.19507575757575757,0.19527186761229315,iid_test,18,5,5,1,tiny-imagenet_resnet18,rand,gf50,none
XGBClassifier,1.0,1.0,1.0,1.0,iid_train,18,5,5,1,tiny-imagenet_resnet18,rand,gf50,none
XGBClassifier,0.13043478260869565,0.13043478260869565,0.13043478260869565,0.13043478260869565,iid_test,19,5,5,1,tiny-imagenet_resnet18,rand,gf50,none
XGBClassifier,1.0,1.0,1.0,1.0,iid_train,19,5,5,1,tiny-imagenet_resnet18,rand,gf50,none
XGBClassifier,0.10638297872340426,0.10869565217391304,0.08620689655172414,0.09615384615384616,iid_test,20,5,5,1,tiny-imagenet_resnet18,rand,gf50,none
XGBClassifier,1.0,1.0,1.0,1.0,iid_train,20,5,5,1,tiny-imagenet_resnet18,rand,gf50,none
XGBClassifier,0.1276595744680851,0.12681159420289856,0.12545454545454546,0.12607709750566892,iid_test,21,5,5,1,tiny-imagenet_resnet18,rand,gf50,none
XGBClassifier,1.0,1.0,1.0,1.0,iid_train,21,5,5,1,tiny-imagenet_resnet18,rand,gf50,none
XGBClassifier,0.10869565217391304,0.10869565217391304,0.10192307692307692,0.10488846701471286,iid_test,22,5,5,1,tiny-imagenet_resnet18,rand,gf50,none
XGBClassifier,1.0,1.0,1.0,1.0,iid_train,22,5,5,1,tiny-imagenet_resnet18,rand,gf50,none
XGBClassifier,0.10869565217391304,0.10869565217391304,0.10192307692307692,0.10488846701471286,iid_test,23,5,5,1,tiny-imagenet_resnet18,rand,gf50,none
XGBClassifier,1.0,1.0,1.0,1.0,iid_train,23,5,5,1,tiny-imagenet_resnet18,rand,gf50,none
XGBClassifier,0.06521739130434782,0.06521739130434782,0.057692307692307696,0.061224489795918366,iid_test,24,5,5,1,tiny-imagenet_resnet18,rand,gf50,none
XGBClassifier,1.0,1.0,1.0,1.0,iid_train,24,5,5,1,tiny-imagenet_resnet18,rand,gf50,none
XGBClassifier,0.06382978723404255,0.06340579710144928,0.06340579710144928,0.06340579710144928,iid_test,0,5,5,2,tiny-imagenet_resnet18,rand,gf50,none
XGBClassifier,1.0,1.0,1.0,1.0,iid_train,0,5,5,2,tiny-imagenet_resnet18,rand,gf50,none
XGBClassifier,0.0851063829787234,0.08514492753623187,0.08514492753623187,0.0851063829787234,iid_test,1,5,5,2,tiny-imagenet_resnet18,rand,gf50,none
XGBClassifier,1.0,1.0,1.0,1.0,iid_train,1,5,5,2,tiny-imagenet_resnet18,rand,gf50,none
XGBClassifier,0.06521739130434782,0.06521739130434782,0.06439393939393939,0.06477541371158392,iid_test,2,5,5,2,tiny-imagenet_resnet18,rand,gf50,none
XGBClassifier,1.0,1.0,1.0,1.0,iid_train,2,5,5,2,tiny-imagenet_resnet18,rand,gf50,none
XGBClassifier,0.10869565217391304,0.10869565217391304,0.10795454545454546,0.10827423167848699,iid_test,3,5,5,2,tiny-imagenet_resnet18,rand,gf50,none
XGBClassifier,1.0,1.0,1.0,1.0,iid_train,3,5,5,2,tiny-imagenet_resnet18,rand,gf50,none
XGBClassifier,0.06521739130434782,0.06521739130434782,0.06439393939393939,0.06477541371158392,iid_test,4,5,5,2,tiny-imagenet_resnet18,rand,gf50,none
XGBClassifier,1.0,1.0,1.0,1.0,iid_train,4,5,5,2,tiny-imagenet_resnet18,rand,gf50,none
XGBClassifier,0.1276595744680851,0.1286231884057971,0.12454212454212454,0.12607709750566892,iid_test,5,5,5,2,tiny-imagenet_resnet18,rand,gf50,none
XGBClassifier,1.0,1.0,1.0,1.0,iid_train,5,5,5,2,tiny-imagenet_resnet18,rand,gf50,none
XGBClassifier,0.14893617021276595,0.1503623188405797,0.1425925925925926,0.14545454545454545,iid_test,6,5,5,2,tiny-imagenet_resnet18,rand,gf50,none
XGBClassifier,1.0,1.0,1.0,1.0,iid_train,6,5,5,2,tiny-imagenet_resnet18,rand,gf50,none
XGBClassifier,0.13043478260869565,0.13043478260869565,0.12761904761904763,0.12878787878787878,iid_test,7,5,5,2,tiny-imagenet_resnet18,rand,gf50,none
XGBClassifier,1.0,1.0,1.0,1.0,iid_train,7,5,5,2,tiny-imagenet_resnet18,rand,gf50,none
XGBClassifier,0.10869565217391304,0.10869565217391304,0.10192307692307692,0.10488846701471286,iid_test,8,5,5,2,tiny-imagenet_resnet18,rand,gf50,none
XGBClassifier,1.0,1.0,1.0,1.0,iid_train,8,5,5,2,tiny-imagenet_resnet18,rand,gf50,none
XGBClassifier,0.08695652173913043,0.08695652173913043,0.0838095238095238,0.08522727272727273,iid_test,9,5,5,2,tiny-imagenet_resnet18,rand,gf50,none
XGBClassifier,1.0,1.0,1.0,1.0,iid_train,9,5,5,2,tiny-imagenet_resnet18,rand,gf50,none
XGBClassifier,0.14893617021276595,0.14945652173913043,0.1481818181818182,0.14855072463768115,iid_test,10,5,5,2,tiny-imagenet_resnet18,rand,gf50,none
XGBClassifier,1.0,1.0,1.0,1.0,iid_train,10,5,5,2,tiny-imagenet_resnet18,rand,gf50,none
XGBClassifier,0.0425531914893617,0.041666666666666664,0.04,0.04081632653061224,iid_test,11,5,5,2,tiny-imagenet_resnet18,rand,gf50,none
XGBClassifier,1.0,1.0,1.0,1.0,iid_train,11,5,5,2,tiny-imagenet_resnet18,rand,gf50,none
XGBClassifier,0.021739130434782608,0.021739130434782608,0.020833333333333332,0.02127659574468085,iid_test,12,5,5,2,tiny-imagenet_resnet18,rand,gf50,none
XGBClassifier,1.0,1.0,1.0,1.0,iid_train,12,5,5,2,tiny-imagenet_resnet18,rand,gf50,none
XGBClassifier,0.08695652173913043,0.08695652173913043,0.0838095238095238,0.08522727272727273,iid_test,13,5,5,2,tiny-imagenet_resnet18,rand,gf50,none
XGBClassifier,1.0,1.0,1.0,1.0,iid_train,13,5,5,2,tiny-imagenet_resnet18,rand,gf50,none
XGBClassifier,0.021739130434782608,0.021739130434782608,0.020833333333333332,0.02127659574468085,iid_test,14,5,5,2,tiny-imagenet_resnet18,rand,gf50,none
XGBClassifier,1.0,1.0,1.0,1.0,iid_train,14,5,5,2,tiny-imagenet_resnet18,rand,gf50,none
XGBClassifier,0.10638297872340426,0.10597826086956522,0.10597826086956522,0.10597826086956522,iid_test,15,5,5,2,tiny-imagenet_resnet18,rand,gf50,none
XGBClassifier,1.0,1.0,1.0,1.0,iid_train,15,5,5,2,tiny-imagenet_resnet18,rand,gf50,none
XGBClassifier,0.0851063829787234,0.08514492753623187,0.08514492753623187,0.0851063829787234,iid_test,16,5,5,2,tiny-imagenet_resnet18,rand,gf50,none
XGBClassifier,1.0,1.0,1.0,1.0,iid_train,16,5,5,2,tiny-imagenet_resnet18,rand,gf50,none
XGBClassifier,0.15217391304347827,0.15217391304347827,0.1515151515151515,0.15177304964539007,iid_test,17,5,5,2,tiny-imagenet_resnet18,rand,gf50,none
XGBClassifier,1.0,1.0,1.0,1.0,iid_train,17,5,5,2,tiny-imagenet_resnet18,rand,gf50,none
XGBClassifier,0.2391304347826087,0.2391304347826087,0.23863636363636365,0.2387706855791962,iid_test,18,5,5,2,tiny-imagenet_resnet18,rand,gf50,none
XGBClassifier,1.0,1.0,1.0,1.0,iid_train,18,5,5,2,tiny-imagenet_resnet18,rand,gf50,none
XGBClassifier,0.13043478260869565,0.13043478260869565,0.13043478260869565,0.13043478260869565,iid_test,19,5,5,2,tiny-imagenet_resnet18,rand,gf50,none
XGBClassifier,1.0,1.0,1.0,1.0,iid_train,19,5,5,2,tiny-imagenet_resnet18,rand,gf50,none
XGBClassifier,0.0851063829787234,0.08423913043478261,0.08272727272727273,0.08344671201814059,iid_test,20,5,5,2,tiny-imagenet_resnet18,rand,gf50,none
XGBClassifier,1.0,1.0,1.0,1.0,iid_train,20,5,5,2,tiny-imagenet_resnet18,rand,gf50,none
XGBClassifier,0.14893617021276595,0.14945652173913043,0.1481818181818182,0.14855072463768115,iid_test,21,5,5,2,tiny-imagenet_resnet18,rand,gf50,none
XGBClassifier,1.0,1.0,1.0,1.0,iid_train,21,5,5,2,tiny-imagenet_resnet18,rand,gf50,none
XGBClassifier,0.10869565217391304,0.10869565217391304,0.10795454545454546,0.10827423167848699,iid_test,22,5,5,2,tiny-imagenet_resnet18,rand,gf50,none
XGBClassifier,1.0,1.0,1.0,1.0,iid_train,22,5,5,2,tiny-imagenet_resnet18,rand,gf50,none
XGBClassifier,0.13043478260869565,0.13043478260869565,0.12761904761904763,0.12878787878787878,iid_test,23,5,5,2,tiny-imagenet_resnet18,rand,gf50,none
XGBClassifier,1.0,1.0,1.0,1.0,iid_train,23,5,5,2,tiny-imagenet_resnet18,rand,gf50,none
XGBClassifier,0.06521739130434782,0.06521739130434782,0.06439393939393939,0.06477541371158392,iid_test,24,5,5,2,tiny-imagenet_resnet18,rand,gf50,none
XGBClassifier,1.0,1.0,1.0,1.0,iid_train,24,5,5,2,tiny-imagenet_resnet18,rand,gf50,none
XGBClassifier,0.0851063829787234,0.08423913043478261,0.08272727272727273,0.08344671201814059,iid_test,0,5,5,3,tiny-imagenet_resnet18,rand,gf50,none
XGBClassifier,1.0,1.0,1.0,1.0,iid_train,0,5,5,3,tiny-imagenet_resnet18,rand,gf50,none
XGBClassifier,0.10638297872340426,0.10597826086956522,0.10597826086956522,0.10597826086956522,iid_test,1,5,5,3,tiny-imagenet_resnet18,rand,gf50,none
XGBClassifier,1.0,1.0,1.0,1.0,iid_train,1,5,5,3,tiny-imagenet_resnet18,rand,gf50,none
XGBClassifier,0.08695652173913043,0.08695652173913043,0.08695652173913043,0.08695652173913043,iid_test,2,5,5,3,tiny-imagenet_resnet18,rand,gf50,none
XGBClassifier,1.0,1.0,1.0,1.0,iid_train,2,5,5,3,tiny-imagenet_resnet18,rand,gf50,none
XGBClassifier,0.06521739130434782,0.06521739130434782,0.06439393939393939,0.06477541371158392,iid_test,3,5,5,3,tiny-imagenet_resnet18,rand,gf50,none
XGBClassifier,1.0,1.0,1.0,1.0,iid_train,3,5,5,3,tiny-imagenet_resnet18,rand,gf50,none
XGBClassifier,0.06521739130434782,0.06521739130434782,0.06439393939393939,0.06477541371158392,iid_test,4,5,5,3,tiny-imagenet_resnet18,rand,gf50,none
XGBClassifier,1.0,1.0,1.0,1.0,iid_train,4,5,5,3,tiny-imagenet_resnet18,rand,gf50,none
XGBClassifier,0.1276595744680851,0.12590579710144928,0.11759259259259258,0.12129502963976288,iid_test,5,5,5,3,tiny-imagenet_resnet18,rand,gf50,none
XGBClassifier,1.0,1.0,1.0,1.0,iid_train,5,5,5,3,tiny-imagenet_resnet18,rand,gf50,none
XGBClassifier,0.14893617021276595,0.14945652173913043,0.1481818181818182,0.14855072463768115,iid_test,6,5,5,3,tiny-imagenet_resnet18,rand,gf50,none
XGBClassifier,1.0,1.0,1.0,1.0,iid_train,6,5,5,3,tiny-imagenet_resnet18,rand,gf50,none
XGBClassifier,0.15217391304347827,0.15217391304347827,0.1515151515151515,0.15177304964539007,iid_test,7,5,5,3,tiny-imagenet_resnet18,rand,gf50,none
XGBClassifier,1.0,1.0,1.0,1.0,iid_train,7,5,5,3,tiny-imagenet_resnet18,rand,gf50,none
XGBClassifier,0.15217391304347827,0.15217391304347827,0.1515151515151515,0.15177304964539007,iid_test,8,5,5,3,tiny-imagenet_resnet18,rand,gf50,none
XGBClassifier,1.0,1.0,1.0,1.0,iid_train,8,5,5,3,tiny-imagenet_resnet18,rand,gf50,none
XGBClassifier,0.10869565217391304,0.10869565217391304,0.10795454545454546,0.10827423167848699,iid_test,9,5,5,3,tiny-imagenet_resnet18,rand,gf50,none
XGBClassifier,1.0,1.0,1.0,1.0,iid_train,9,5,5,3,tiny-imagenet_resnet18,rand,gf50,none
XGBClassifier,0.1702127659574468,0.17119565217391303,0.1675824175824176,0.16870748299319727,iid_test,10,5,5,3,tiny-imagenet_resnet18,rand,gf50,none
XGBClassifier,1.0,1.0,1.0,1.0,iid_train,10,5,5,3,tiny-imagenet_resnet18,rand,gf50,none
XGBClassifier,0.0425531914893617,0.04257246376811594,0.04257246376811594,0.0425531914893617,iid_test,11,5,5,3,tiny-imagenet_resnet18,rand,gf50,none
XGBClassifier,1.0,1.0,1.0,1.0,iid_train,11,5,5,3,tiny-imagenet_resnet18,rand,gf50,none
XGBClassifier,0.021739130434782608,0.021739130434782608,0.020833333333333332,0.02127659574468085,iid_test,12,5,5,3,tiny-imagenet_resnet18,rand,gf50,none
XGBClassifier,1.0,1.0,1.0,1.0,iid_train,12,5,5,3,tiny-imagenet_resnet18,rand,gf50,none
XGBClassifier,0.10869565217391304,0.10869565217391304,0.10795454545454546,0.10827423167848699,iid_test,13,5,5,3,tiny-imagenet_resnet18,rand,gf50,none
XGBClassifier,1.0,1.0,1.0,1.0,iid_train,13,5,5,3,tiny-imagenet_resnet18,rand,gf50,none
XGBClassifier,0.021739130434782608,0.021739130434782608,0.020833333333333332,0.02127659574468085,iid_test,14,5,5,3,tiny-imagenet_resnet18,rand,gf50,none
XGBClassifier,1.0,1.0,1.0,1.0,iid_train,14,5,5,3,tiny-imagenet_resnet18,rand,gf50,none
XGBClassifier,0.10638297872340426,0.1068840579710145,0.10545454545454545,0.10597826086956522,iid_test,15,5,5,3,tiny-imagenet_resnet18,rand,gf50,none
XGBClassifier,1.0,1.0,1.0,1.0,iid_train,15,5,5,3,tiny-imagenet_resnet18,rand,gf50,none
XGBClassifier,0.06382978723404255,0.06431159420289854,0.06272727272727273,0.06340579710144928,iid_test,16,5,5,3,tiny-imagenet_resnet18,rand,gf50,none
XGBClassifier,1.0,1.0,1.0,1.0,iid_train,16,5,5,3,tiny-imagenet_resnet18,rand,gf50,none
XGBClassifier,0.2391304347826087,0.2391304347826087,0.23461538461538461,0.23588039867109634,iid_test,17,5,5,3,tiny-imagenet_resnet18,rand,gf50,none
XGBClassifier,1.0,1.0,1.0,1.0,iid_train,17,5,5,3,tiny-imagenet_resnet18,rand,gf50,none
XGBClassifier,0.17391304347826086,0.17391304347826086,0.16374269005847952,0.1676190476190476,iid_test,18,5,5,3,tiny-imagenet_resnet18,rand,gf50,none
XGBClassifier,1.0,1.0,1.0,1.0,iid_train,18,5,5,3,tiny-imagenet_resnet18,rand,gf50,none
XGBClassifier,0.17391304347826086,0.17391304347826086,0.16374269005847952,0.1676190476190476,iid_test,19,5,5,3,tiny-imagenet_resnet18,rand,gf50,none
XGBClassifier,1.0,1.0,1.0,1.0,iid_train,19,5,5,3,tiny-imagenet_resnet18,rand,gf50,none
XGBClassifier,0.0851063829787234,0.08695652173913043,0.07142857142857142,0.0784313725490196,iid_test,20,5,5,3,tiny-imagenet_resnet18,rand,gf50,none
XGBClassifier,1.0,1.0,1.0,1.0,iid_train,20,5,5,3,tiny-imagenet_resnet18,rand,gf50,none
XGBClassifier,0.1276595744680851,0.1286231884057971,0.12454212454212454,0.12607709750566892,iid_test,21,5,5,3,tiny-imagenet_resnet18,rand,gf50,none
XGBClassifier,1.0,1.0,1.0,1.0,iid_train,21,5,5,3,tiny-imagenet_resnet18,rand,gf50,none
XGBClassifier,0.13043478260869565,0.13043478260869565,0.1189083820662768,0.12380952380952381,iid_test,22,5,5,3,tiny-imagenet_resnet18,rand,gf50,none
XGBClassifier,1.0,1.0,1.0,1.0,iid_train,22,5,5,3,tiny-imagenet_resnet18,rand,gf50,none
XGBClassifier,0.10869565217391304,0.10869565217391304,0.10795454545454546,0.10827423167848699,iid_test,23,5,5,3,tiny-imagenet_resnet18,rand,gf50,none
XGBClassifier,1.0,1.0,1.0,1.0,iid_train,23,5,5,3,tiny-imagenet_resnet18,rand,gf50,none
XGBClassifier,0.043478260869565216,0.043478260869565216,0.043478260869565216,0.043478260869565216,iid_test,24,5,5,3,tiny-imagenet_resnet18,rand,gf50,none
XGBClassifier,1.0,1.0,1.0,1.0,iid_train,24,5,5,3,tiny-imagenet_resnet18,rand,gf50,none
XGBClassifier,0.0851063829787234,0.08423913043478261,0.08272727272727273,0.08344671201814059,iid_test,0,5,5,4,tiny-imagenet_resnet18,rand,gf50,none
XGBClassifier,1.0,1.0,1.0,1.0,iid_train,0,5,5,4,tiny-imagenet_resnet18,rand,gf50,none
XGBClassifier,0.1276595744680851,0.12771739130434784,0.12771739130434784,0.1276595744680851,iid_test,1,5,5,4,tiny-imagenet_resnet18,rand,gf50,none
XGBClassifier,1.0,1.0,1.0,1.0,iid_train,1,5,5,4,tiny-imagenet_resnet18,rand,gf50,none
XGBClassifier,0.08695652173913043,0.08695652173913043,0.0838095238095238,0.08522727272727273,iid_test,2,5,5,4,tiny-imagenet_resnet18,rand,gf50,none
XGBClassifier,1.0,1.0,1.0,1.0,iid_train,2,5,5,4,tiny-imagenet_resnet18,rand,gf50,none
XGBClassifier,0.13043478260869565,0.13043478260869565,0.13043478260869565,0.13043478260869565,iid_test,3,5,5,4,tiny-imagenet_resnet18,rand,gf50,none
XGBClassifier,1.0,1.0,1.0,1.0,iid_train,3,5,5,4,tiny-imagenet_resnet18,rand,gf50,none
XGBClassifier,0.06521739130434782,0.06521739130434782,0.06439393939393939,0.06477541371158392,iid_test,4,5,5,4,tiny-imagenet_resnet18,rand,gf50,none
XGBClassifier,1.0,1.0,1.0,1.0,iid_train,4,5,5,4,tiny-imagenet_resnet18,rand,gf50,none
XGBClassifier,0.1276595744680851,0.1286231884057971,0.12454212454212454,0.12607709750566892,iid_test,5,5,5,4,tiny-imagenet_resnet18,rand,gf50,none
XGBClassifier,1.0,1.0,1.0,1.0,iid_train,5,5,5,4,tiny-imagenet_resnet18,rand,gf50,none
XGBClassifier,0.1702127659574468,0.17028985507246375,0.17028985507246375,0.1702127659574468,iid_test,6,5,5,4,tiny-imagenet_resnet18,rand,gf50,none
XGBClassifier,1.0,1.0,1.0,1.0,iid_train,6,5,5,4,tiny-imagenet_resnet18,rand,gf50,none
XGBClassifier,0.10869565217391304,0.10869565217391304,0.10192307692307692,0.10488846701471286,iid_test,7,5,5,4,tiny-imagenet_resnet18,rand,gf50,none
XGBClassifier,1.0,1.0,1.0,1.0,iid_train,7,5,5,4,tiny-imagenet_resnet18,rand,gf50,none
XGBClassifier,0.15217391304347827,0.15217391304347827,0.1515151515151515,0.15177304964539007,iid_test,8,5,5,4,tiny-imagenet_resnet18,rand,gf50,none
XGBClassifier,1.0,1.0,1.0,1.0,iid_train,8,5,5,4,tiny-imagenet_resnet18,rand,gf50,none
XGBClassifier,0.10869565217391304,0.10869565217391304,0.10795454545454546,0.10827423167848699,iid_test,9,5,5,4,tiny-imagenet_resnet18,rand,gf50,none
XGBClassifier,1.0,1.0,1.0,1.0,iid_train,9,5,5,4,tiny-imagenet_resnet18,rand,gf50,none
XGBClassifier,0.14893617021276595,0.14855072463768115,0.14855072463768115,0.14855072463768115,iid_test,10,5,5,4,tiny-imagenet_resnet18,rand,gf50,none
XGBClassifier,1.0,1.0,1.0,1.0,iid_train,10,5,5,4,tiny-imagenet_resnet18,rand,gf50,none
XGBClassifier,0.0425531914893617,0.041666666666666664,0.04,0.04081632653061224,iid_test,11,5,5,4,tiny-imagenet_resnet18,rand,gf50,none
XGBClassifier,1.0,1.0,1.0,1.0,iid_train,11,5,5,4,tiny-imagenet_resnet18,rand,gf50,none
XGBClassifier,0.021739130434782608,0.021739130434782608,0.020833333333333332,0.02127659574468085,iid_test,12,5,5,4,tiny-imagenet_resnet18,rand,gf50,none
XGBClassifier,1.0,1.0,1.0,1.0,iid_train,12,5,5,4,tiny-imagenet_resnet18,rand,gf50,none
XGBClassifier,0.08695652173913043,0.08695652173913043,0.0838095238095238,0.08522727272727273,iid_test,13,5,5,4,tiny-imagenet_resnet18,rand,gf50,none
XGBClassifier,1.0,1.0,1.0,1.0,iid_train,13,5,5,4,tiny-imagenet_resnet18,rand,gf50,none
XGBClassifier,0.021739130434782608,0.021739130434782608,0.020833333333333332,0.02127659574468085,iid_test,14,5,5,4,tiny-imagenet_resnet18,rand,gf50,none
XGBClassifier,1.0,1.0,1.0,1.0,iid_train,14,5,5,4,tiny-imagenet_resnet18,rand,gf50,none
XGBClassifier,0.10638297872340426,0.10778985507246376,0.09907407407407406,0.10272727272727272,iid_test,15,5,5,4,tiny-imagenet_resnet18,rand,gf50,none
XGBClassifier,1.0,1.0,1.0,1.0,iid_train,15,5,5,4,tiny-imagenet_resnet18,rand,gf50,none
XGBClassifier,0.10638297872340426,0.10778985507246376,0.09907407407407406,0.10272727272727272,iid_test,16,5,5,4,tiny-imagenet_resnet18,rand,gf50,none
XGBClassifier,1.0,1.0,1.0,1.0,iid_train,16,5,5,4,tiny-imagenet_resnet18,rand,gf50,none
XGBClassifier,0.1956521739130435,0.19565217391304346,0.19507575757575757,0.19527186761229315,iid_test,17,5,5,4,tiny-imagenet_resnet18,rand,gf50,none
XGBClassifier,1.0,1.0,1.0,1.0,iid_train,17,5,5,4,tiny-imagenet_resnet18,rand,gf50,none
XGBClassifier,0.1956521739130435,0.19565217391304346,0.19507575757575757,0.19527186761229315,iid_test,18,5,5,4,tiny-imagenet_resnet18,rand,gf50,none
XGBClassifier,1.0,1.0,1.0,1.0,iid_train,18,5,5,4,tiny-imagenet_resnet18,rand,gf50,none
XGBClassifier,0.13043478260869565,0.13043478260869565,0.12761904761904763,0.12878787878787878,iid_test,19,5,5,4,tiny-imagenet_resnet18,rand,gf50,none
XGBClassifier,1.0,1.0,1.0,1.0,iid_train,19,5,5,4,tiny-imagenet_resnet18,rand,gf50,none
XGBClassifier,0.10638297872340426,0.10778985507246376,0.09907407407407406,0.10272727272727272,iid_test,20,5,5,4,tiny-imagenet_resnet18,rand,gf50,none
XGBClassifier,1.0,1.0,1.0,1.0,iid_train,20,5,5,4,tiny-imagenet_resnet18,rand,gf50,none
XGBClassifier,0.0851063829787234,0.08695652173913043,0.07142857142857142,0.0784313725490196,iid_test,21,5,5,4,tiny-imagenet_resnet18,rand,gf50,none
XGBClassifier,1.0,1.0,1.0,1.0,iid_train,21,5,5,4,tiny-imagenet_resnet18,rand,gf50,none
XGBClassifier,0.08695652173913043,0.08695652173913043,0.08695652173913043,0.08695652173913043,iid_test,22,5,5,4,tiny-imagenet_resnet18,rand,gf50,none
XGBClassifier,1.0,1.0,1.0,1.0,iid_train,22,5,5,4,tiny-imagenet_resnet18,rand,gf50,none
XGBClassifier,0.10869565217391304,0.10869565217391304,0.10795454545454546,0.10827423167848699,iid_test,23,5,5,4,tiny-imagenet_resnet18,rand,gf50,none
XGBClassifier,1.0,1.0,1.0,1.0,iid_train,23,5,5,4,tiny-imagenet_resnet18,rand,gf50,none
XGBClassifier,0.06521739130434782,0.06521739130434782,0.057692307692307696,0.061224489795918366,iid_test,24,5,5,4,tiny-imagenet_resnet18,rand,gf50,none
XGBClassifier,1.0,1.0,1.0,1.0,iid_train,24,5,5,4,tiny-imagenet_resnet18,rand,gf50,none
XGBClassifier,0.06382978723404255,0.0625,0.057692307692307696,0.06,iid_test,0,5,5,5,tiny-imagenet_resnet18,rand,gf50,none
XGBClassifier,1.0,1.0,1.0,1.0,iid_train,0,5,5,5,tiny-imagenet_resnet18,rand,gf50,none
XGBClassifier,0.1276595744680851,0.12771739130434784,0.12771739130434784,0.1276595744680851,iid_test,1,5,5,5,tiny-imagenet_resnet18,rand,gf50,none
XGBClassifier,1.0,1.0,1.0,1.0,iid_train,1,5,5,5,tiny-imagenet_resnet18,rand,gf50,none
XGBClassifier,0.08695652173913043,0.08695652173913043,0.08695652173913043,0.08695652173913043,iid_test,2,5,5,5,tiny-imagenet_resnet18,rand,gf50,none
XGBClassifier,1.0,1.0,1.0,1.0,iid_train,2,5,5,5,tiny-imagenet_resnet18,rand,gf50,none
XGBClassifier,0.08695652173913043,0.08695652173913043,0.0838095238095238,0.08522727272727273,iid_test,3,5,5,5,tiny-imagenet_resnet18,rand,gf50,none
XGBClassifier,1.0,1.0,1.0,1.0,iid_train,3,5,5,5,tiny-imagenet_resnet18,rand,gf50,none
XGBClassifier,0.021739130434782608,0.021739130434782608,0.020833333333333332,0.02127659574468085,iid_test,4,5,5,5,tiny-imagenet_resnet18,rand,gf50,none
XGBClassifier,1.0,1.0,1.0,1.0,iid_train,4,5,5,5,tiny-imagenet_resnet18,rand,gf50,none
XGBClassifier,0.10638297872340426,0.1068840579710145,0.10545454545454545,0.10597826086956522,iid_test,5,5,5,5,tiny-imagenet_resnet18,rand,gf50,none
XGBClassifier,1.0,1.0,1.0,1.0,iid_train,5,5,5,5,tiny-imagenet_resnet18,rand,gf50,none
XGBClassifier,0.1276595744680851,0.12590579710144928,0.11759259259259258,0.12129502963976288,iid_test,6,5,5,5,tiny-imagenet_resnet18,rand,gf50,none
XGBClassifier,1.0,1.0,1.0,1.0,iid_train,6,5,5,5,tiny-imagenet_resnet18,rand,gf50,none
XGBClassifier,0.13043478260869565,0.13043478260869565,0.1189083820662768,0.12380952380952381,iid_test,7,5,5,5,tiny-imagenet_resnet18,rand,gf50,none
XGBClassifier,1.0,1.0,1.0,1.0,iid_train,7,5,5,5,tiny-imagenet_resnet18,rand,gf50,none
XGBClassifier,0.13043478260869565,0.13043478260869565,0.12761904761904763,0.12878787878787878,iid_test,8,5,5,5,tiny-imagenet_resnet18,rand,gf50,none
XGBClassifier,1.0,1.0,1.0,1.0,iid_train,8,5,5,5,tiny-imagenet_resnet18,rand,gf50,none
XGBClassifier,0.10869565217391304,0.10869565217391304,0.10192307692307692,0.10488846701471286,iid_test,9,5,5,5,tiny-imagenet_resnet18,rand,gf50,none
XGBClassifier,1.0,1.0,1.0,1.0,iid_train,9,5,5,5,tiny-imagenet_resnet18,rand,gf50,none
XGBClassifier,0.1276595744680851,0.12952898550724637,0.1156015037593985,0.12129502963976288,iid_test,10,5,5,5,tiny-imagenet_resnet18,rand,gf50,none
XGBClassifier,1.0,1.0,1.0,1.0,iid_train,10,5,5,5,tiny-imagenet_resnet18,rand,gf50,none
XGBClassifier,0.06382978723404255,0.06431159420289854,0.06272727272727273,0.06340579710144928,iid_test,11,5,5,5,tiny-imagenet_resnet18,rand,gf50,none
XGBClassifier,1.0,1.0,1.0,1.0,iid_train,11,5,5,5,tiny-imagenet_resnet18,rand,gf50,none
XGBClassifier,0.021739130434782608,0.021739130434782608,0.020833333333333332,0.02127659574468085,iid_test,12,5,5,5,tiny-imagenet_resnet18,rand,gf50,none
XGBClassifier,1.0,1.0,1.0,1.0,iid_train,12,5,5,5,tiny-imagenet_resnet18,rand,gf50,none
XGBClassifier,0.13043478260869565,0.13043478260869565,0.13043478260869565,0.13043478260869565,iid_test,13,5,5,5,tiny-imagenet_resnet18,rand,gf50,none
XGBClassifier,1.0,1.0,1.0,1.0,iid_train,13,5,5,5,tiny-imagenet_resnet18,rand,gf50,none
XGBClassifier,0.021739130434782608,0.021739130434782608,0.020833333333333332,0.02127659574468085,iid_test,14,5,5,5,tiny-imagenet_resnet18,rand,gf50,none
XGBClassifier,1.0,1.0,1.0,1.0,iid_train,14,5,5,5,tiny-imagenet_resnet18,rand,gf50,none
XGBClassifier,0.14893617021276595,0.1503623188405797,0.1425925925925926,0.14545454545454545,iid_test,15,5,5,5,tiny-imagenet_resnet18,rand,gf50,none
XGBClassifier,1.0,1.0,1.0,1.0,iid_train,15,5,5,5,tiny-imagenet_resnet18,rand,gf50,none
XGBClassifier,0.10638297872340426,0.10597826086956522,0.10597826086956522,0.10597826086956522,iid_test,16,5,5,5,tiny-imagenet_resnet18,rand,gf50,none
XGBClassifier,1.0,1.0,1.0,1.0,iid_train,16,5,5,5,tiny-imagenet_resnet18,rand,gf50,none
XGBClassifier,0.15217391304347827,0.15217391304347827,0.1515151515151515,0.15177304964539007,iid_test,17,5,5,5,tiny-imagenet_resnet18,rand,gf50,none
XGBClassifier,1.0,1.0,1.0,1.0,iid_train,17,5,5,5,tiny-imagenet_resnet18,rand,gf50,none
XGBClassifier,0.15217391304347827,0.15217391304347827,0.1515151515151515,0.15177304964539007,iid_test,18,5,5,5,tiny-imagenet_resnet18,rand,gf50,none
XGBClassifier,1.0,1.0,1.0,1.0,iid_train,18,5,5,5,tiny-imagenet_resnet18,rand,gf50,none
XGBClassifier,0.10869565217391304,0.10869565217391304,0.10192307692307692,0.10488846701471286,iid_test,19,5,5,5,tiny-imagenet_resnet18,rand,gf50,none
XGBClassifier,1.0,1.0,1.0,1.0,iid_train,19,5,5,5,tiny-imagenet_resnet18,rand,gf50,none
XGBClassifier,0.10638297872340426,0.10597826086956522,0.10597826086956522,0.10597826086956522,iid_test,20,5,5,5,tiny-imagenet_resnet18,rand,gf50,none
XGBClassifier,1.0,1.0,1.0,1.0,iid_train,20,5,5,5,tiny-imagenet_resnet18,rand,gf50,none
XGBClassifier,0.1276595744680851,0.1286231884057971,0.12454212454212454,0.12607709750566892,iid_test,21,5,5,5,tiny-imagenet_resnet18,rand,gf50,none
XGBClassifier,1.0,1.0,1.0,1.0,iid_train,21,5,5,5,tiny-imagenet_resnet18,rand,gf50,none
XGBClassifier,0.13043478260869565,0.13043478260869565,0.12761904761904763,0.12878787878787878,iid_test,22,5,5,5,tiny-imagenet_resnet18,rand,gf50,none
XGBClassifier,1.0,1.0,1.0,1.0,iid_train,22,5,5,5,tiny-imagenet_resnet18,rand,gf50,none
XGBClassifier,0.13043478260869565,0.13043478260869565,0.12761904761904763,0.12878787878787878,iid_test,23,5,5,5,tiny-imagenet_resnet18,rand,gf50,none
XGBClassifier,1.0,1.0,1.0,1.0,iid_train,23,5,5,5,tiny-imagenet_resnet18,rand,gf50,none
XGBClassifier,0.043478260869565216,0.043478260869565216,0.043478260869565216,0.043478260869565216,iid_test,24,5,5,5,tiny-imagenet_resnet18,rand,gf50,none
XGBClassifier,1.0,1.0,1.0,1.0,iid_train,24,5,5,5,tiny-imagenet_resnet18,rand,gf50,none
XGBClassifier,0.0851063829787234,0.08333333333333333,0.07407407407407407,0.0784313725490196,iid_test,0,5,5,6,tiny-imagenet_resnet18,rand,gf50,none
XGBClassifier,1.0,1.0,1.0,1.0,iid_train,0,5,5,6,tiny-imagenet_resnet18,rand,gf50,none
XGBClassifier,0.0851063829787234,0.08514492753623187,0.08514492753623187,0.0851063829787234,iid_test,1,5,5,6,tiny-imagenet_resnet18,rand,gf50,none
XGBClassifier,1.0,1.0,1.0,1.0,iid_train,1,5,5,6,tiny-imagenet_resnet18,rand,gf50,none
XGBClassifier,0.06521739130434782,0.06521739130434782,0.06439393939393939,0.06477541371158392,iid_test,2,5,5,6,tiny-imagenet_resnet18,rand,gf50,none
XGBClassifier,1.0,1.0,1.0,1.0,iid_train,2,5,5,6,tiny-imagenet_resnet18,rand,gf50,none
XGBClassifier,0.13043478260869565,0.13043478260869565,0.13043478260869565,0.13043478260869565,iid_test,3,5,5,6,tiny-imagenet_resnet18,rand,gf50,none
XGBClassifier,1.0,1.0,1.0,1.0,iid_train,3,5,5,6,tiny-imagenet_resnet18,rand,gf50,none
XGBClassifier,0.06521739130434782,0.06521739130434782,0.057692307692307696,0.061224489795918366,iid_test,4,5,5,6,tiny-imagenet_resnet18,rand,gf50,none
XGBClassifier,1.0,1.0,1.0,1.0,iid_train,4,5,5,6,tiny-imagenet_resnet18,rand,gf50,none
XGBClassifier,0.0851063829787234,0.08514492753623187,0.08514492753623187,0.0851063829787234,iid_test,5,5,5,6,tiny-imagenet_resnet18,rand,gf50,none
XGBClassifier,1.0,1.0,1.0,1.0,iid_train,5,5,5,6,tiny-imagenet_resnet18,rand,gf50,none
XGBClassifier,0.10638297872340426,0.10778985507246376,0.09907407407407406,0.10272727272727272,iid_test,6,5,5,6,tiny-imagenet_resnet18,rand,gf50,none
XGBClassifier,1.0,1.0,1.0,1.0,iid_train,6,5,5,6,tiny-imagenet_resnet18,rand,gf50,none
XGBClassifier,0.13043478260869565,0.13043478260869565,0.12761904761904763,0.12878787878787878,iid_test,7,5,5,6,tiny-imagenet_resnet18,rand,gf50,none
XGBClassifier,1.0,1.0,1.0,1.0,iid_train,7,5,5,6,tiny-imagenet_resnet18,rand,gf50,none
XGBClassifier,0.13043478260869565,0.13043478260869565,0.13043478260869565,0.13043478260869565,iid_test,8,5,5,6,tiny-imagenet_resnet18,rand,gf50,none
XGBClassifier,1.0,1.0,1.0,1.0,iid_train,8,5,5,6,tiny-imagenet_resnet18,rand,gf50,none
XGBClassifier,0.10869565217391304,0.10869565217391304,0.10192307692307692,0.10488846701471286,iid_test,9,5,5,6,tiny-imagenet_resnet18,rand,gf50,none
XGBClassifier,1.0,1.0,1.0,1.0,iid_train,9,5,5,6,tiny-imagenet_resnet18,rand,gf50,none
XGBClassifier,0.1276595744680851,0.12681159420289856,0.12545454545454546,0.12607709750566892,iid_test,10,5,5,6,tiny-imagenet_resnet18,rand,gf50,none
XGBClassifier,1.0,1.0,1.0,1.0,iid_train,10,5,5,6,tiny-imagenet_resnet18,rand,gf50,none
XGBClassifier,0.02127659574468085,0.020833333333333332,0.020833333333333332,0.020833333333333332,iid_test,11,5,5,6,tiny-imagenet_resnet18,rand,gf50,none
XGBClassifier,1.0,1.0,1.0,1.0,iid_train,11,5,5,6,tiny-imagenet_resnet18,rand,gf50,none
XGBClassifier,0.021739130434782608,0.021739130434782608,0.020833333333333332,0.02127659574468085,iid_test,12,5,5,6,tiny-imagenet_resnet18,rand,gf50,none
XGBClassifier,1.0,1.0,1.0,1.0,iid_train,12,5,5,6,tiny-imagenet_resnet18,rand,gf50,none
XGBClassifier,0.13043478260869565,0.13043478260869565,0.13043478260869565,0.13043478260869565,iid_test,13,5,5,6,tiny-imagenet_resnet18,rand,gf50,none
XGBClassifier,1.0,1.0,1.0,1.0,iid_train,13,5,5,6,tiny-imagenet_resnet18,rand,gf50,none
XGBClassifier,0.021739130434782608,0.021739130434782608,0.020833333333333332,0.02127659574468085,iid_test,14,5,5,6,tiny-imagenet_resnet18,rand,gf50,none
XGBClassifier,1.0,1.0,1.0,1.0,iid_train,14,5,5,6,tiny-imagenet_resnet18,rand,gf50,none
XGBClassifier,0.1276595744680851,0.12952898550724637,0.1156015037593985,0.12129502963976288,iid_test,15,5,5,6,tiny-imagenet_resnet18,rand,gf50,none
XGBClassifier,1.0,1.0,1.0,1.0,iid_train,15,5,5,6,tiny-imagenet_resnet18,rand,gf50,none
XGBClassifier,0.10638297872340426,0.10507246376811594,0.10073260073260074,0.10272727272727272,iid_test,16,5,5,6,tiny-imagenet_resnet18,rand,gf50,none
XGBClassifier,1.0,1.0,1.0,1.0,iid_train,16,5,5,6,tiny-imagenet_resnet18,rand,gf50,none
XGBClassifier,0.17391304347826086,0.17391304347826086,0.16374269005847952,0.1676190476190476,iid_test,17,5,5,6,tiny-imagenet_resnet18,rand,gf50,none
XGBClassifier,1.0,1.0,1.0,1.0,iid_train,17,5,5,6,tiny-imagenet_resnet18,rand,gf50,none
XGBClassifier,0.2391304347826087,0.2391304347826087,0.23863636363636365,0.2387706855791962,iid_test,18,5,5,6,tiny-imagenet_resnet18,rand,gf50,none
XGBClassifier,1.0,1.0,1.0,1.0,iid_train,18,5,5,6,tiny-imagenet_resnet18,rand,gf50,none
XGBClassifier,0.10869565217391304,0.10869565217391304,0.10795454545454546,0.10827423167848699,iid_test,19,5,5,6,tiny-imagenet_resnet18,rand,gf50,none
XGBClassifier,1.0,1.0,1.0,1.0,iid_train,19,5,5,6,tiny-imagenet_resnet18,rand,gf50,none
XGBClassifier,0.10638297872340426,0.1068840579710145,0.10545454545454545,0.10597826086956522,iid_test,20,5,5,6,tiny-imagenet_resnet18,rand,gf50,none
XGBClassifier,1.0,1.0,1.0,1.0,iid_train,20,5,5,6,tiny-imagenet_resnet18,rand,gf50,none
XGBClassifier,0.1276595744680851,0.1286231884057971,0.12454212454212454,0.12607709750566892,iid_test,21,5,5,6,tiny-imagenet_resnet18,rand,gf50,none
XGBClassifier,1.0,1.0,1.0,1.0,iid_train,21,5,5,6,tiny-imagenet_resnet18,rand,gf50,none
XGBClassifier,0.10869565217391304,0.10869565217391304,0.10795454545454546,0.10827423167848699,iid_test,22,5,5,6,tiny-imagenet_resnet18,rand,gf50,none
XGBClassifier,1.0,1.0,1.0,1.0,iid_train,22,5,5,6,tiny-imagenet_resnet18,rand,gf50,none
XGBClassifier,0.15217391304347827,0.15217391304347827,0.1515151515151515,0.15177304964539007,iid_test,23,5,5,6,tiny-imagenet_resnet18,rand,gf50,none
XGBClassifier,1.0,1.0,1.0,1.0,iid_train,23,5,5,6,tiny-imagenet_resnet18,rand,gf50,none
XGBClassifier,0.043478260869565216,0.043478260869565216,0.04,0.041666666666666664,iid_test,24,5,5,6,tiny-imagenet_resnet18,rand,gf50,none
XGBClassifier,1.0,1.0,1.0,1.0,iid_train,24,5,5,6,tiny-imagenet_resnet18,rand,gf50,none
XGBClassifier,0.0851063829787234,0.08514492753623187,0.08514492753623187,0.0851063829787234,iid_test,0,5,5,7,tiny-imagenet_resnet18,rand,gf50,none
XGBClassifier,1.0,1.0,1.0,1.0,iid_train,0,5,5,7,tiny-imagenet_resnet18,rand,gf50,none
XGBClassifier,0.2127659574468085,0.213768115942029,0.21062271062271062,0.2113378684807256,iid_test,1,5,5,7,tiny-imagenet_resnet18,rand,gf50,none
XGBClassifier,1.0,1.0,1.0,1.0,iid_train,1,5,5,7,tiny-imagenet_resnet18,rand,gf50,none
XGBClassifier,0.17391304347826086,0.17391304347826086,0.16374269005847952,0.1676190476190476,iid_test,2,5,5,7,tiny-imagenet_resnet18,rand,gf50,none
XGBClassifier,1.0,1.0,1.0,1.0,iid_train,2,5,5,7,tiny-imagenet_resnet18,rand,gf50,none
XGBClassifier,0.13043478260869565,0.13043478260869565,0.1189083820662768,0.12380952380952381,iid_test,3,5,5,7,tiny-imagenet_resnet18,rand,gf50,none
XGBClassifier,1.0,1.0,1.0,1.0,iid_train,3,5,5,7,tiny-imagenet_resnet18,rand,gf50,none
XGBClassifier,0.17391304347826086,0.17391304347826086,0.16374269005847952,0.1676190476190476,iid_test,4,5,5,7,tiny-imagenet_resnet18,rand,gf50,none
XGBClassifier,1.0,1.0,1.0,1.0,iid_train,4,5,5,7,tiny-imagenet_resnet18,rand,gf50,none
XGBClassifier,0.1702127659574468,0.17119565217391303,0.1675824175824176,0.16870748299319727,iid_test,5,5,5,7,tiny-imagenet_resnet18,rand,gf50,none
XGBClassifier,1.0,1.0,1.0,1.0,iid_train,5,5,5,7,tiny-imagenet_resnet18,rand,gf50,none
XGBClassifier,0.1702127659574468,0.16847826086956522,0.1611111111111111,0.16415868673050615,iid_test,6,5,5,7,tiny-imagenet_resnet18,rand,gf50,none
XGBClassifier,1.0,1.0,1.0,1.0,iid_train,6,5,5,7,tiny-imagenet_resnet18,rand,gf50,none
XGBClassifier,0.1956521739130435,0.19565217391304346,0.19507575757575757,0.19527186761229315,iid_test,7,5,5,7,tiny-imagenet_resnet18,rand,gf50,none
XGBClassifier,1.0,1.0,1.0,1.0,iid_train,7,5,5,7,tiny-imagenet_resnet18,rand,gf50,none
XGBClassifier,0.1956521739130435,0.19565217391304346,0.19507575757575757,0.19527186761229315,iid_test,8,5,5,7,tiny-imagenet_resnet18,rand,gf50,none
XGBClassifier,1.0,1.0,1.0,1.0,iid_train,8,5,5,7,tiny-imagenet_resnet18,rand,gf50,none
XGBClassifier,0.10869565217391304,0.10869565217391304,0.10795454545454546,0.10827423167848699,iid_test,9,5,5,7,tiny-imagenet_resnet18,rand,gf50,none
XGBClassifier,1.0,1.0,1.0,1.0,iid_train,9,5,5,7,tiny-imagenet_resnet18,rand,gf50,none
XGBClassifier,0.1702127659574468,0.1693840579710145,0.16818181818181818,0.16870748299319727,iid_test,10,5,5,7,tiny-imagenet_resnet18,rand,gf50,none
XGBClassifier,1.0,1.0,1.0,1.0,iid_train,10,5,5,7,tiny-imagenet_resnet18,rand,gf50,none
XGBClassifier,0.1276595744680851,0.1286231884057971,0.12454212454212454,0.12607709750566892,iid_test,11,5,5,7,tiny-imagenet_resnet18,rand,gf50,none
XGBClassifier,1.0,1.0,1.0,1.0,iid_train,11,5,5,7,tiny-imagenet_resnet18,rand,gf50,none
XGBClassifier,0.10869565217391304,0.10869565217391304,0.10795454545454546,0.10827423167848699,iid_test,12,5,5,7,tiny-imagenet_resnet18,rand,gf50,none
XGBClassifier,1.0,1.0,1.0,1.0,iid_train,12,5,5,7,tiny-imagenet_resnet18,rand,gf50,none
XGBClassifier,0.2608695652173913,0.2608695652173913,0.2608695652173913,0.2608695652173913,iid_test,13,5,5,7,tiny-imagenet_resnet18,rand,gf50,none
XGBClassifier,1.0,1.0,1.0,1.0,iid_train,13,5,5,7,tiny-imagenet_resnet18,rand,gf50,none
XGBClassifier,0.043478260869565216,0.043478260869565216,0.043478260869565216,0.043478260869565216,iid_test,14,5,5,7,tiny-imagenet_resnet18,rand,gf50,none
XGBClassifier,1.0,1.0,1.0,1.0,iid_train,14,5,5,7,tiny-imagenet_resnet18,rand,gf50,none
XGBClassifier,0.1702127659574468,0.17119565217391303,0.1675824175824176,0.16870748299319727,iid_test,15,5,5,7,tiny-imagenet_resnet18,rand,gf50,none
XGBClassifier,1.0,1.0,1.0,1.0,iid_train,15,5,5,7,tiny-imagenet_resnet18,rand,gf50,none
XGBClassifier,0.14893617021276595,0.14855072463768115,0.14855072463768115,0.14855072463768115,iid_test,16,5,5,7,tiny-imagenet_resnet18,rand,gf50,none
XGBClassifier,1.0,1.0,1.0,1.0,iid_train,16,5,5,7,tiny-imagenet_resnet18,rand,gf50,none
XGBClassifier,0.17391304347826086,0.17391304347826086,0.16374269005847952,0.1676190476190476,iid_test,17,5,5,7,tiny-imagenet_resnet18,rand,gf50,none
XGBClassifier,1.0,1.0,1.0,1.0,iid_train,17,5,5,7,tiny-imagenet_resnet18,rand,gf50,none
XGBClassifier,0.21739130434782608,0.21739130434782608,0.21523809523809523,0.2159090909090909,iid_test,18,5,5,7,tiny-imagenet_resnet18,rand,gf50,none
XGBClassifier,1.0,1.0,1.0,1.0,iid_train,18,5,5,7,tiny-imagenet_resnet18,rand,gf50,none
XGBClassifier,0.21739130434782608,0.2173913043478261,0.20857699805068225,0.21142857142857144,iid_test,19,5,5,7,tiny-imagenet_resnet18,rand,gf50,none
XGBClassifier,1.0,1.0,1.0,1.0,iid_train,19,5,5,7,tiny-imagenet_resnet18,rand,gf50,none
XGBClassifier,0.2127659574468085,0.2128623188405797,0.2128623188405797,0.2127659574468085,iid_test,20,5,5,7,tiny-imagenet_resnet18,rand,gf50,none
XGBClassifier,1.0,1.0,1.0,1.0,iid_train,20,5,5,7,tiny-imagenet_resnet18,rand,gf50,none
XGBClassifier,0.23404255319148937,0.2346014492753623,0.23363636363636364,0.23369565217391303,iid_test,21,5,5,7,tiny-imagenet_resnet18,rand,gf50,none
XGBClassifier,1.0,1.0,1.0,1.0,iid_train,21,5,5,7,tiny-imagenet_resnet18,rand,gf50,none
XGBClassifier,0.10869565217391304,0.10869565217391304,0.10795454545454546,0.10827423167848699,iid_test,22,5,5,7,tiny-imagenet_resnet18,rand,gf50,none
XGBClassifier,1.0,1.0,1.0,1.0,iid_train,22,5,5,7,tiny-imagenet_resnet18,rand,gf50,none
XGBClassifier,0.15217391304347827,0.15217391304347827,0.1515151515151515,0.15177304964539007,iid_test,23,5,5,7,tiny-imagenet_resnet18,rand,gf50,none
XGBClassifier,1.0,1.0,1.0,1.0,iid_train,23,5,5,7,tiny-imagenet_resnet18,rand,gf50,none
XGBClassifier,0.13043478260869565,0.13043478260869565,0.12761904761904763,0.12878787878787878,iid_test,24,5,5,7,tiny-imagenet_resnet18,rand,gf50,none
XGBClassifier,1.0,1.0,1.0,1.0,iid_train,24,5,5,7,tiny-imagenet_resnet18,rand,gf50,none
XGBClassifier,0.48936170212765956,0.4891304347826087,0.4891304347826087,0.4891304347826087,iid_test,0,5,5,8,tiny-imagenet_resnet18,rand,gf50,none
XGBClassifier,1.0,1.0,1.0,1.0,iid_train,0,5,5,8,tiny-imagenet_resnet18,rand,gf50,none
XGBClassifier,0.2978723404255319,0.29891304347826086,0.2967032967032967,0.2965986394557823,iid_test,1,5,5,8,tiny-imagenet_resnet18,rand,gf50,none
XGBClassifier,1.0,1.0,1.0,1.0,iid_train,1,5,5,8,tiny-imagenet_resnet18,rand,gf50,none
XGBClassifier,0.30434782608695654,0.30434782608695654,0.2900608519269777,0.2923076923076923,iid_test,2,5,5,8,tiny-imagenet_resnet18,rand,gf50,none
XGBClassifier,1.0,1.0,1.0,1.0,iid_train,2,5,5,8,tiny-imagenet_resnet18,rand,gf50,none
XGBClassifier,0.32608695652173914,0.32608695652173914,0.32307692307692304,0.32320835310868534,iid_test,3,5,5,8,tiny-imagenet_resnet18,rand,gf50,none
XGBClassifier,1.0,1.0,1.0,1.0,iid_train,3,5,5,8,tiny-imagenet_resnet18,rand,gf50,none
XGBClassifier,0.32608695652173914,0.32608695652173914,0.31746031746031744,0.3180296508847441,iid_test,4,5,5,8,tiny-imagenet_resnet18,rand,gf50,none
XGBClassifier,1.0,1.0,1.0,1.0,iid_train,4,5,5,8,tiny-imagenet_resnet18,rand,gf50,none
XGBClassifier,0.3191489361702128,0.3188405797101449,0.3188405797101449,0.3188405797101449,iid_test,5,5,5,8,tiny-imagenet_resnet18,rand,gf50,none
XGBClassifier,1.0,1.0,1.0,1.0,iid_train,5,5,5,8,tiny-imagenet_resnet18,rand,gf50,none
XGBClassifier,0.3617021276595745,0.36050724637681164,0.358974358974359,0.3590909090909091,iid_test,6,5,5,8,tiny-imagenet_resnet18,rand,gf50,none
XGBClassifier,1.0,1.0,1.0,1.0,iid_train,6,5,5,8,tiny-imagenet_resnet18,rand,gf50,none
XGBClassifier,0.391304347826087,0.3913043478260869,0.3904761904761905,0.39015151515151514,iid_test,7,5,5,8,tiny-imagenet_resnet18,rand,gf50,none
XGBClassifier,1.0,1.0,1.0,1.0,iid_train,7,5,5,8,tiny-imagenet_resnet18,rand,gf50,none
XGBClassifier,0.3695652173913043,0.3695652173913043,0.3630952380952381,0.3620277379244381,iid_test,8,5,5,8,tiny-imagenet_resnet18,rand,gf50,none
XGBClassifier,1.0,1.0,1.0,1.0,iid_train,8,5,5,8,tiny-imagenet_resnet18,rand,gf50,none
XGBClassifier,0.34782608695652173,0.34782608695652173,0.34782608695652173,0.34782608695652173,iid_test,9,5,5,8,tiny-imagenet_resnet18,rand,gf50,none
XGBClassifier,1.0,1.0,1.0,1.0,iid_train,9,5,5,8,tiny-imagenet_resnet18,rand,gf50,none
XGBClassifier,0.3404255319148936,0.34148550724637683,0.33974358974358976,0.33922902494331064,iid_test,10,5,5,8,tiny-imagenet_resnet18,rand,gf50,none
XGBClassifier,1.0,1.0,1.0,1.0,iid_train,10,5,5,8,tiny-imagenet_resnet18,rand,gf50,none
XGBClassifier,0.40425531914893614,0.4030797101449275,0.40201465201465203,0.40181818181818185,iid_test,11,5,5,8,tiny-imagenet_resnet18,rand,gf50,none
XGBClassifier,1.0,1.0,1.0,1.0,iid_train,11,5,5,8,tiny-imagenet_resnet18,rand,gf50,none
XGBClassifier,0.3695652173913043,0.3695652173913043,0.3630952380952381,0.3620277379244381,iid_test,12,5,5,8,tiny-imagenet_resnet18,rand,gf50,none
XGBClassifier,1.0,1.0,1.0,1.0,iid_train,12,5,5,8,tiny-imagenet_resnet18,rand,gf50,none
XGBClassifier,0.2608695652173913,0.2608695652173913,0.253411306042885,0.25523809523809526,iid_test,13,5,5,8,tiny-imagenet_resnet18,rand,gf50,none
XGBClassifier,1.0,1.0,1.0,1.0,iid_train,13,5,5,8,tiny-imagenet_resnet18,rand,gf50,none
XGBClassifier,0.391304347826087,0.3913043478260869,0.3763440860215054,0.3723196881091618,iid_test,14,5,5,8,tiny-imagenet_resnet18,rand,gf50,none
XGBClassifier,1.0,1.0,1.0,1.0,iid_train,14,5,5,8,tiny-imagenet_resnet18,rand,gf50,none
XGBClassifier,0.3191489361702128,0.32155797101449274,0.3113026819923372,0.31135531135531136,iid_test,15,5,5,8,tiny-imagenet_resnet18,rand,gf50,none
XGBClassifier,1.0,1.0,1.0,1.0,iid_train,15,5,5,8,tiny-imagenet_resnet18,rand,gf50,none
XGBClassifier,0.40425531914893614,0.4057971014492754,0.4037037037037037,0.40181818181818185,iid_test,16,5,5,8,tiny-imagenet_resnet18,rand,gf50,none
XGBClassifier,1.0,1.0,1.0,1.0,iid_train,16,5,5,8,tiny-imagenet_resnet18,rand,gf50,none
XGBClassifier,0.2826086956521739,0.2826086956521739,0.27884615384615385,0.27954437588989084,iid_test,17,5,5,8,tiny-imagenet_resnet18,rand,gf50,none
XGBClassifier,1.0,1.0,1.0,1.0,iid_train,17,5,5,8,tiny-imagenet_resnet18,rand,gf50,none
XGBClassifier,0.32608695652173914,0.32608695652173914,0.31746031746031744,0.3180296508847441,iid_test,18,5,5,8,tiny-imagenet_resnet18,rand,gf50,none
XGBClassifier,1.0,1.0,1.0,1.0,iid_train,18,5,5,8,tiny-imagenet_resnet18,rand,gf50,none
XGBClassifier,0.32608695652173914,0.32608695652173914,0.31746031746031744,0.3180296508847441,iid_test,19,5,5,8,tiny-imagenet_resnet18,rand,gf50,none
XGBClassifier,1.0,1.0,1.0,1.0,iid_train,19,5,5,8,tiny-imagenet_resnet18,rand,gf50,none
XGBClassifier,0.2978723404255319,0.296195652173913,0.29166666666666663,0.292749658002736,iid_test,20,5,5,8,tiny-imagenet_resnet18,rand,gf50,none
XGBClassifier,1.0,1.0,1.0,1.0,iid_train,20,5,5,8,tiny-imagenet_resnet18,rand,gf50,none
XGBClassifier,0.3404255319148936,0.3405797101449275,0.3405797101449275,0.3404255319148936,iid_test,21,5,5,8,tiny-imagenet_resnet18,rand,gf50,none
XGBClassifier,1.0,1.0,1.0,1.0,iid_train,21,5,5,8,tiny-imagenet_resnet18,rand,gf50,none
XGBClassifier,0.41304347826086957,0.41304347826086957,0.4115384615384615,0.41053630754627435,iid_test,22,5,5,8,tiny-imagenet_resnet18,rand,gf50,none
XGBClassifier,1.0,1.0,1.0,1.0,iid_train,22,5,5,8,tiny-imagenet_resnet18,rand,gf50,none
XGBClassifier,0.2826086956521739,0.2826086956521739,0.26041666666666663,0.2656023222060958,iid_test,23,5,5,8,tiny-imagenet_resnet18,rand,gf50,none
XGBClassifier,1.0,1.0,1.0,1.0,iid_train,23,5,5,8,tiny-imagenet_resnet18,rand,gf50,none
XGBClassifier,0.34782608695652173,0.34782608695652173,0.34307992202729043,0.34285714285714286,iid_test,24,5,5,8,tiny-imagenet_resnet18,rand,gf50,none
XGBClassifier,1.0,1.0,1.0,1.0,iid_train,24,5,5,8,tiny-imagenet_resnet18,rand,gf50,none
XGBClassifier,0.3191489361702128,0.31974637681159424,0.3190909090909091,0.3188405797101449,iid_test,0,5,5,9,tiny-imagenet_resnet18,rand,gf50,none
XGBClassifier,1.0,1.0,1.0,1.0,iid_train,0,5,5,9,tiny-imagenet_resnet18,rand,gf50,none
XGBClassifier,0.3404255319148936,0.34148550724637683,0.33974358974358976,0.33922902494331064,iid_test,1,5,5,9,tiny-imagenet_resnet18,rand,gf50,none
XGBClassifier,1.0,1.0,1.0,1.0,iid_train,1,5,5,9,tiny-imagenet_resnet18,rand,gf50,none
XGBClassifier,0.3695652173913043,0.3695652173913043,0.3630952380952381,0.3620277379244381,iid_test,2,5,5,9,tiny-imagenet_resnet18,rand,gf50,none
XGBClassifier,1.0,1.0,1.0,1.0,iid_train,2,5,5,9,tiny-imagenet_resnet18,rand,gf50,none
XGBClassifier,0.2826086956521739,0.28260869565217395,0.2821969696969697,0.28226950354609925,iid_test,3,5,5,9,tiny-imagenet_resnet18,rand,gf50,none
XGBClassifier,1.0,1.0,1.0,1.0,iid_train,3,5,5,9,tiny-imagenet_resnet18,rand,gf50,none
XGBClassifier,0.5,0.5,0.5,0.4997635933806146,iid_test,4,5,5,9,tiny-imagenet_resnet18,rand,gf50,none
XGBClassifier,1.0,1.0,1.0,1.0,iid_train,4,5,5,9,tiny-imagenet_resnet18,rand,gf50,none
XGBClassifier,0.3191489361702128,0.3179347826086957,0.3159340659340659,0.31636363636363635,iid_test,5,5,5,9,tiny-imagenet_resnet18,rand,gf50,none
XGBClassifier,1.0,1.0,1.0,1.0,iid_train,5,5,5,9,tiny-imagenet_resnet18,rand,gf50,none
XGBClassifier,0.3829787234042553,0.384963768115942,0.3806390977443609,0.37847697218422255,iid_test,6,5,5,9,tiny-imagenet_resnet18,rand,gf50,none
XGBClassifier,1.0,1.0,1.0,1.0,iid_train,6,5,5,9,tiny-imagenet_resnet18,rand,gf50,none
XGBClassifier,0.391304347826087,0.391304347826087,0.391304347826087,0.391304347826087,iid_test,7,5,5,9,tiny-imagenet_resnet18,rand,gf50,none
XGBClassifier,1.0,1.0,1.0,1.0,iid_train,7,5,5,9,tiny-imagenet_resnet18,rand,gf50,none
XGBClassifier,0.30434782608695654,0.30434782608695654,0.30434782608695654,0.30434782608695654,iid_test,8,5,5,9,tiny-imagenet_resnet18,rand,gf50,none
XGBClassifier,1.0,1.0,1.0,1.0,iid_train,8,5,5,9,tiny-imagenet_resnet18,rand,gf50,none
XGBClassifier,0.4782608695652174,0.4782608695652174,0.4780952380952381,0.4772727272727273,iid_test,9,5,5,9,tiny-imagenet_resnet18,rand,gf50,none
XGBClassifier,1.0,1.0,1.0,1.0,iid_train,9,5,5,9,tiny-imagenet_resnet18,rand,gf50,none
XGBClassifier,0.3829787234042553,0.38224637681159424,0.38181818181818183,0.38185941043083904,iid_test,10,5,5,9,tiny-imagenet_resnet18,rand,gf50,none
XGBClassifier,1.0,1.0,1.0,1.0,iid_train,10,5,5,9,tiny-imagenet_resnet18,rand,gf50,none
XGBClassifier,0.3617021276595745,0.36141304347826086,0.36141304347826086,0.36141304347826086,iid_test,11,5,5,9,tiny-imagenet_resnet18,rand,gf50,none
XGBClassifier,1.0,1.0,1.0,1.0,iid_train,11,5,5,9,tiny-imagenet_resnet18,rand,gf50,none
XGBClassifier,0.3695652173913043,0.3695652173913043,0.36730769230769234,0.36687233032747985,iid_test,12,5,5,9,tiny-imagenet_resnet18,rand,gf50,none
XGBClassifier,1.0,1.0,1.0,1.0,iid_train,12,5,5,9,tiny-imagenet_resnet18,rand,gf50,none
XGBClassifier,0.41304347826086957,0.41304347826086957,0.4128787878787879,0.41276595744680855,iid_test,13,5,5,9,tiny-imagenet_resnet18,rand,gf50,none
XGBClassifier,1.0,1.0,1.0,1.0,iid_train,13,5,5,9,tiny-imagenet_resnet18,rand,gf50,none
XGBClassifier,0.4782608695652174,0.4782608695652174,0.4752688172043011,0.4619883040935673,iid_test,14,5,5,9,tiny-imagenet_resnet18,rand,gf50,none
XGBClassifier,1.0,1.0,1.0,1.0,iid_train,14,5,5,9,tiny-imagenet_resnet18,rand,gf50,none
XGBClassifier,0.3404255319148936,0.33967391304347827,0.3390909090909091,0.33922902494331064,iid_test,15,5,5,9,tiny-imagenet_resnet18,rand,gf50,none
XGBClassifier,1.0,1.0,1.0,1.0,iid_train,15,5,5,9,tiny-imagenet_resnet18,rand,gf50,none
XGBClassifier,0.3404255319148936,0.3405797101449275,0.3405797101449275,0.3404255319148936,iid_test,16,5,5,9,tiny-imagenet_resnet18,rand,gf50,none
XGBClassifier,1.0,1.0,1.0,1.0,iid_train,16,5,5,9,tiny-imagenet_resnet18,rand,gf50,none
XGBClassifier,0.391304347826087,0.391304347826087,0.38791423001949316,0.38666666666666666,iid_test,17,5,5,9,tiny-imagenet_resnet18,rand,gf50,none
XGBClassifier,1.0,1.0,1.0,1.0,iid_train,17,5,5,9,tiny-imagenet_resnet18,rand,gf50,none
XGBClassifier,0.5,0.5,0.5,0.4997635933806146,iid_test,18,5,5,9,tiny-imagenet_resnet18,rand,gf50,none
XGBClassifier,1.0,1.0,1.0,1.0,iid_train,18,5,5,9,tiny-imagenet_resnet18,rand,gf50,none
XGBClassifier,0.41304347826086957,0.41304347826086957,0.4115384615384615,0.41053630754627435,iid_test,19,5,5,9,tiny-imagenet_resnet18,rand,gf50,none
XGBClassifier,1.0,1.0,1.0,1.0,iid_train,19,5,5,9,tiny-imagenet_resnet18,rand,gf50,none
XGBClassifier,0.3617021276595745,0.3632246376811594,0.36018518518518516,0.3590909090909091,iid_test,20,5,5,9,tiny-imagenet_resnet18,rand,gf50,none
XGBClassifier,1.0,1.0,1.0,1.0,iid_train,20,5,5,9,tiny-imagenet_resnet18,rand,gf50,none
XGBClassifier,0.40425531914893614,0.4030797101449275,0.40201465201465203,0.40181818181818185,iid_test,21,5,5,9,tiny-imagenet_resnet18,rand,gf50,none
XGBClassifier,1.0,1.0,1.0,1.0,iid_train,21,5,5,9,tiny-imagenet_resnet18,rand,gf50,none
XGBClassifier,0.34782608695652173,0.34782608695652173,0.34782608695652173,0.34782608695652173,iid_test,22,5,5,9,tiny-imagenet_resnet18,rand,gf50,none
XGBClassifier,1.0,1.0,1.0,1.0,iid_train,22,5,5,9,tiny-imagenet_resnet18,rand,gf50,none
XGBClassifier,0.391304347826087,0.391304347826087,0.391304347826087,0.391304347826087,iid_test,23,5,5,9,tiny-imagenet_resnet18,rand,gf50,none
XGBClassifier,1.0,1.0,1.0,1.0,iid_train,23,5,5,9,tiny-imagenet_resnet18,rand,gf50,none
XGBClassifier,0.34782608695652173,0.34782608695652173,0.3466666666666667,0.34659090909090906,iid_test,24,5,5,9,tiny-imagenet_resnet18,rand,gf50,none
XGBClassifier,1.0,1.0,1.0,1.0,iid_train,24,5,5,9,tiny-imagenet_resnet18,rand,gf50,none
XGBClassifier,0.2978723404255319,0.29981884057971014,0.29229323308270677,0.292749658002736,iid_test,0,5,5,10,tiny-imagenet_resnet18,rand,gf50,none
XGBClassifier,1.0,1.0,1.0,1.0,iid_train,0,5,5,10,tiny-imagenet_resnet18,rand,gf50,none
XGBClassifier,0.3829787234042553,0.3804347826086957,0.3735632183908046,0.37275655775425676,iid_test,1,5,5,10,tiny-imagenet_resnet18,rand,gf50,none
XGBClassifier,1.0,1.0,1.0,1.0,iid_train,1,5,5,10,tiny-imagenet_resnet18,rand,gf50,none
XGBClassifier,0.2826086956521739,0.28260869565217395,0.2821969696969697,0.28226950354609925,iid_test,2,5,5,10,tiny-imagenet_resnet18,rand,gf50,none
XGBClassifier,1.0,1.0,1.0,1.0,iid_train,2,5,5,10,tiny-imagenet_resnet18,rand,gf50,none
XGBClassifier,0.21739130434782608,0.2173913043478261,0.20857699805068225,0.21142857142857144,iid_test,3,5,5,10,tiny-imagenet_resnet18,rand,gf50,none
XGBClassifier,1.0,1.0,1.0,1.0,iid_train,3,5,5,10,tiny-imagenet_resnet18,rand,gf50,none
XGBClassifier,0.4782608695652174,0.4782608695652174,0.4780952380952381,0.4772727272727273,iid_test,4,5,5,10,tiny-imagenet_resnet18,rand,gf50,none
XGBClassifier,1.0,1.0,1.0,1.0,iid_train,4,5,5,10,tiny-imagenet_resnet18,rand,gf50,none
XGBClassifier,0.3617021276595745,0.36141304347826086,0.36141304347826086,0.36141304347826086,iid_test,5,5,5,10,tiny-imagenet_resnet18,rand,gf50,none
XGBClassifier,1.0,1.0,1.0,1.0,iid_train,5,5,5,10,tiny-imagenet_resnet18,rand,gf50,none
XGBClassifier,0.5106382978723404,0.5126811594202899,0.513157894736842,0.5070679434564523,iid_test,6,5,5,10,tiny-imagenet_resnet18,rand,gf50,none
XGBClassifier,1.0,1.0,1.0,1.0,iid_train,6,5,5,10,tiny-imagenet_resnet18,rand,gf50,none
XGBClassifier,0.2608695652173913,0.2608695652173913,0.253411306042885,0.25523809523809526,iid_test,7,5,5,10,tiny-imagenet_resnet18,rand,gf50,none
XGBClassifier,1.0,1.0,1.0,1.0,iid_train,7,5,5,10,tiny-imagenet_resnet18,rand,gf50,none
XGBClassifier,0.45652173913043476,0.4565217391304348,0.4564393939393939,0.4562647754137116,iid_test,8,5,5,10,tiny-imagenet_resnet18,rand,gf50,none
XGBClassifier,1.0,1.0,1.0,1.0,iid_train,8,5,5,10,tiny-imagenet_resnet18,rand,gf50,none
XGBClassifier,0.3695652173913043,0.3695652173913043,0.36730769230769234,0.36687233032747985,iid_test,9,5,5,10,tiny-imagenet_resnet18,rand,gf50,none
XGBClassifier,1.0,1.0,1.0,1.0,iid_train,9,5,5,10,tiny-imagenet_resnet18,rand,gf50,none
XGBClassifier,0.3829787234042553,0.38224637681159424,0.38181818181818183,0.38185941043083904,iid_test,10,5,5,10,tiny-imagenet_resnet18,rand,gf50,none
XGBClassifier,1.0,1.0,1.0,1.0,iid_train,10,5,5,10,tiny-imagenet_resnet18,rand,gf50,none
XGBClassifier,0.48936170212765956,0.490036231884058,0.49,0.4891304347826087,iid_test,11,5,5,10,tiny-imagenet_resnet18,rand,gf50,none
XGBClassifier,1.0,1.0,1.0,1.0,iid_train,11,5,5,10,tiny-imagenet_resnet18,rand,gf50,none
XGBClassifier,0.4782608695652174,0.4782608695652174,0.4775828460038986,0.4742857142857143,iid_test,12,5,5,10,tiny-imagenet_resnet18,rand,gf50,none
XGBClassifier,1.0,1.0,1.0,1.0,iid_train,12,5,5,10,tiny-imagenet_resnet18,rand,gf50,none
XGBClassifier,0.45652173913043476,0.4565217391304348,0.4564393939393939,0.4562647754137116,iid_test,13,5,5,10,tiny-imagenet_resnet18,rand,gf50,none
XGBClassifier,1.0,1.0,1.0,1.0,iid_train,13,5,5,10,tiny-imagenet_resnet18,rand,gf50,none
XGBClassifier,0.45652173913043476,0.4565217391304348,0.4557692307692308,0.4542002847650688,iid_test,14,5,5,10,tiny-imagenet_resnet18,rand,gf50,none
XGBClassifier,1.0,1.0,1.0,1.0,iid_train,14,5,5,10,tiny-imagenet_resnet18,rand,gf50,none
XGBClassifier,0.2978723404255319,0.29981884057971014,0.29229323308270677,0.292749658002736,iid_test,15,5,5,10,tiny-imagenet_resnet18,rand,gf50,none
XGBClassifier,1.0,1.0,1.0,1.0,iid_train,15,5,5,10,tiny-imagenet_resnet18,rand,gf50,none
XGBClassifier,0.46808510638297873,0.46739130434782605,0.4672727272727273,0.4671201814058957,iid_test,16,5,5,10,tiny-imagenet_resnet18,rand,gf50,none
XGBClassifier,1.0,1.0,1.0,1.0,iid_train,16,5,5,10,tiny-imagenet_resnet18,rand,gf50,none
XGBClassifier,0.41304347826086957,0.41304347826086957,0.4115384615384615,0.41053630754627435,iid_test,17,5,5,10,tiny-imagenet_resnet18,rand,gf50,none
XGBClassifier,1.0,1.0,1.0,1.0,iid_train,17,5,5,10,tiny-imagenet_resnet18,rand,gf50,none
XGBClassifier,0.43478260869565216,0.4347826086956522,0.4342857142857143,0.4337121212121212,iid_test,18,5,5,10,tiny-imagenet_resnet18,rand,gf50,none
XGBClassifier,1.0,1.0,1.0,1.0,iid_train,18,5,5,10,tiny-imagenet_resnet18,rand,gf50,none
XGBClassifier,0.4782608695652174,0.4782608695652174,0.4775828460038986,0.4742857142857143,iid_test,19,5,5,10,tiny-imagenet_resnet18,rand,gf50,none
XGBClassifier,1.0,1.0,1.0,1.0,iid_train,19,5,5,10,tiny-imagenet_resnet18,rand,gf50,none
XGBClassifier,0.3404255319148936,0.3405797101449275,0.3405797101449275,0.3404255319148936,iid_test,20,5,5,10,tiny-imagenet_resnet18,rand,gf50,none
XGBClassifier,1.0,1.0,1.0,1.0,iid_train,20,5,5,10,tiny-imagenet_resnet18,rand,gf50,none
XGBClassifier,0.3829787234042553,0.38405797101449274,0.38278388278388276,0.38185941043083904,iid_test,21,5,5,10,tiny-imagenet_resnet18,rand,gf50,none
XGBClassifier,1.0,1.0,1.0,1.0,iid_train,21,5,5,10,tiny-imagenet_resnet18,rand,gf50,none
XGBClassifier,0.4782608695652174,0.4782608695652174,0.4780952380952381,0.4772727272727273,iid_test,22,5,5,10,tiny-imagenet_resnet18,rand,gf50,none
XGBClassifier,1.0,1.0,1.0,1.0,iid_train,22,5,5,10,tiny-imagenet_resnet18,rand,gf50,none
XGBClassifier,0.391304347826087,0.391304347826087,0.38791423001949316,0.38666666666666666,iid_test,23,5,5,10,tiny-imagenet_resnet18,rand,gf50,none
XGBClassifier,1.0,1.0,1.0,1.0,iid_train,23,5,5,10,tiny-imagenet_resnet18,rand,gf50,none
XGBClassifier,0.3695652173913043,0.3695652173913043,0.3630952380952381,0.3620277379244381,iid_test,24,5,5,10,tiny-imagenet_resnet18,rand,gf50,none
XGBClassifier,1.0,1.0,1.0,1.0,iid_train,24,5,5,10,tiny-imagenet_resnet18,rand,gf50,none
XGBClassifier,0.5106382978723404,0.509963768115942,0.51,0.509750566893424,iid_test,0,5,5,11,tiny-imagenet_resnet18,rand,gf50,none
XGBClassifier,1.0,1.0,1.0,1.0,iid_train,0,5,5,11,tiny-imagenet_resnet18,rand,gf50,none
XGBClassifier,0.3829787234042553,0.37952898550724634,0.36592741935483875,0.3645687645687645,iid_test,1,5,5,11,tiny-imagenet_resnet18,rand,gf50,none
XGBClassifier,1.0,1.0,1.0,1.0,iid_train,1,5,5,11,tiny-imagenet_resnet18,rand,gf50,none
XGBClassifier,0.391304347826087,0.3913043478260869,0.3763440860215054,0.3723196881091618,iid_test,2,5,5,11,tiny-imagenet_resnet18,rand,gf50,none
XGBClassifier,1.0,1.0,1.0,1.0,iid_train,2,5,5,11,tiny-imagenet_resnet18,rand,gf50,none
XGBClassifier,0.391304347826087,0.3913043478260869,0.38336713995943206,0.38076923076923075,iid_test,3,5,5,11,tiny-imagenet_resnet18,rand,gf50,none
XGBClassifier,1.0,1.0,1.0,1.0,iid_train,3,5,5,11,tiny-imagenet_resnet18,rand,gf50,none
XGBClassifier,0.43478260869565216,0.43478260869565216,0.43478260869565216,0.43478260869565216,iid_test,4,5,5,11,tiny-imagenet_resnet18,rand,gf50,none
XGBClassifier,1.0,1.0,1.0,1.0,iid_train,4,5,5,11,tiny-imagenet_resnet18,rand,gf50,none
XGBClassifier,0.425531914893617,0.4257246376811594,0.4257246376811594,0.425531914893617,iid_test,5,5,5,11,tiny-imagenet_resnet18,rand,gf50,none
XGBClassifier,1.0,1.0,1.0,1.0,iid_train,5,5,5,11,tiny-imagenet_resnet18,rand,gf50,none
XGBClassifier,0.3829787234042553,0.38224637681159424,0.38181818181818183,0.38185941043083904,iid_test,6,5,5,11,tiny-imagenet_resnet18,rand,gf50,none
XGBClassifier,1.0,1.0,1.0,1.0,iid_train,6,5,5,11,tiny-imagenet_resnet18,rand,gf50,none
XGBClassifier,0.4782608695652174,0.4782608695652174,0.4752688172043011,0.4619883040935673,iid_test,7,5,5,11,tiny-imagenet_resnet18,rand,gf50,none
XGBClassifier,1.0,1.0,1.0,1.0,iid_train,7,5,5,11,tiny-imagenet_resnet18,rand,gf50,none
XGBClassifier,0.43478260869565216,0.43478260869565216,0.43478260869565216,0.43478260869565216,iid_test,8,5,5,11,tiny-imagenet_resnet18,rand,gf50,none
XGBClassifier,1.0,1.0,1.0,1.0,iid_train,8,5,5,11,tiny-imagenet_resnet18,rand,gf50,none
XGBClassifier,0.4782608695652174,0.4782608695652174,0.4782608695652174,0.4782608695652174,iid_test,9,5,5,11,tiny-imagenet_resnet18,rand,gf50,none
XGBClassifier,1.0,1.0,1.0,1.0,iid_train,9,5,5,11,tiny-imagenet_resnet18,rand,gf50,none
XGBClassifier,0.44680851063829785,0.44565217391304346,0.44505494505494503,0.4445454545454546,iid_test,10,5,5,11,tiny-imagenet_resnet18,rand,gf50,none
XGBClassifier,1.0,1.0,1.0,1.0,iid_train,10,5,5,11,tiny-imagenet_resnet18,rand,gf50,none
XGBClassifier,0.48936170212765956,0.4882246376811594,0.4880952380952381,0.4872727272727273,iid_test,11,5,5,11,tiny-imagenet_resnet18,rand,gf50,none
XGBClassifier,1.0,1.0,1.0,1.0,iid_train,11,5,5,11,tiny-imagenet_resnet18,rand,gf50,none
XGBClassifier,0.43478260869565216,0.4347826086956522,0.4342857142857143,0.4337121212121212,iid_test,12,5,5,11,tiny-imagenet_resnet18,rand,gf50,none
XGBClassifier,1.0,1.0,1.0,1.0,iid_train,12,5,5,11,tiny-imagenet_resnet18,rand,gf50,none
XGBClassifier,0.45652173913043476,0.4565217391304348,0.4564393939393939,0.4562647754137116,iid_test,13,5,5,11,tiny-imagenet_resnet18,rand,gf50,none
XGBClassifier,1.0,1.0,1.0,1.0,iid_train,13,5,5,11,tiny-imagenet_resnet18,rand,gf50,none
XGBClassifier,0.41304347826086957,0.41304347826086957,0.4115384615384615,0.41053630754627435,iid_test,14,5,5,11,tiny-imagenet_resnet18,rand,gf50,none
XGBClassifier,1.0,1.0,1.0,1.0,iid_train,14,5,5,11,tiny-imagenet_resnet18,rand,gf50,none
XGBClassifier,0.5106382978723404,0.5108695652173914,0.5108695652173914,0.5106382978723404,iid_test,15,5,5,11,tiny-imagenet_resnet18,rand,gf50,none
XGBClassifier,1.0,1.0,1.0,1.0,iid_train,15,5,5,11,tiny-imagenet_resnet18,rand,gf50,none
XGBClassifier,0.5319148936170213,0.5335144927536232,0.5342592592592592,0.53,iid_test,16,5,5,11,tiny-imagenet_resnet18,rand,gf50,none
XGBClassifier,1.0,1.0,1.0,1.0,iid_train,16,5,5,11,tiny-imagenet_resnet18,rand,gf50,none
XGBClassifier,0.5217391304347826,0.5217391304347826,0.5219047619047619,0.5208333333333333,iid_test,17,5,5,11,tiny-imagenet_resnet18,rand,gf50,none
XGBClassifier,1.0,1.0,1.0,1.0,iid_train,17,5,5,11,tiny-imagenet_resnet18,rand,gf50,none
XGBClassifier,0.34782608695652173,0.34782608695652173,0.34307992202729043,0.34285714285714286,iid_test,18,5,5,11,tiny-imagenet_resnet18,rand,gf50,none
XGBClassifier,1.0,1.0,1.0,1.0,iid_train,18,5,5,11,tiny-imagenet_resnet18,rand,gf50,none
XGBClassifier,0.5652173913043478,0.5652173913043479,0.5657142857142857,0.5643939393939394,iid_test,19,5,5,11,tiny-imagenet_resnet18,rand,gf50,none
XGBClassifier,1.0,1.0,1.0,1.0,iid_train,19,5,5,11,tiny-imagenet_resnet18,rand,gf50,none
XGBClassifier,0.40425531914893614,0.40398550724637683,0.40398550724637683,0.40398550724637683,iid_test,20,5,5,11,tiny-imagenet_resnet18,rand,gf50,none
XGBClassifier,1.0,1.0,1.0,1.0,iid_train,20,5,5,11,tiny-imagenet_resnet18,rand,gf50,none
XGBClassifier,0.40425531914893614,0.4057971014492754,0.4037037037037037,0.40181818181818185,iid_test,21,5,5,11,tiny-imagenet_resnet18,rand,gf50,none
XGBClassifier,1.0,1.0,1.0,1.0,iid_train,21,5,5,11,tiny-imagenet_resnet18,rand,gf50,none
XGBClassifier,0.5217391304347826,0.5217391304347826,0.5219047619047619,0.5208333333333333,iid_test,22,5,5,11,tiny-imagenet_resnet18,rand,gf50,none
XGBClassifier,1.0,1.0,1.0,1.0,iid_train,22,5,5,11,tiny-imagenet_resnet18,rand,gf50,none
XGBClassifier,0.41304347826086957,0.4130434782608695,0.4041666666666667,0.3991291727140784,iid_test,23,5,5,11,tiny-imagenet_resnet18,rand,gf50,none
XGBClassifier,1.0,1.0,1.0,1.0,iid_train,23,5,5,11,tiny-imagenet_resnet18,rand,gf50,none
XGBClassifier,0.3695652173913043,0.3695652173913043,0.3630952380952381,0.3620277379244381,iid_test,24,5,5,11,tiny-imagenet_resnet18,rand,gf50,none
XGBClassifier,1.0,1.0,1.0,1.0,iid_train,24,5,5,11,tiny-imagenet_resnet18,rand,gf50,none
XGBClassifier,0.44680851063829785,0.4447463768115942,0.4426691729323308,0.44047619047619047,iid_test,0,5,5,12,tiny-imagenet_resnet18,rand,gf50,none
XGBClassifier,1.0,1.0,1.0,1.0,iid_train,0,5,5,12,tiny-imagenet_resnet18,rand,gf50,none
XGBClassifier,0.2765957446808511,0.27717391304347827,0.27636363636363637,0.276268115942029,iid_test,1,5,5,12,tiny-imagenet_resnet18,rand,gf50,none
XGBClassifier,1.0,1.0,1.0,1.0,iid_train,1,5,5,12,tiny-imagenet_resnet18,rand,gf50,none
XGBClassifier,0.41304347826086957,0.41304347826086957,0.4087301587301587,0.406025824964132,iid_test,2,5,5,12,tiny-imagenet_resnet18,rand,gf50,none
XGBClassifier,1.0,1.0,1.0,1.0,iid_train,2,5,5,12,tiny-imagenet_resnet18,rand,gf50,none
XGBClassifier,0.30434782608695654,0.30434782608695654,0.30434782608695654,0.30434782608695654,iid_test,3,5,5,12,tiny-imagenet_resnet18,rand,gf50,none
XGBClassifier,1.0,1.0,1.0,1.0,iid_train,3,5,5,12,tiny-imagenet_resnet18,rand,gf50,none
XGBClassifier,0.34782608695652173,0.34782608695652173,0.34307992202729043,0.34285714285714286,iid_test,4,5,5,12,tiny-imagenet_resnet18,rand,gf50,none
XGBClassifier,1.0,1.0,1.0,1.0,iid_train,4,5,5,12,tiny-imagenet_resnet18,rand,gf50,none
XGBClassifier,0.3404255319148936,0.34239130434782605,0.3364661654135338,0.33561331509347925,iid_test,5,5,5,12,tiny-imagenet_resnet18,rand,gf50,none
XGBClassifier,1.0,1.0,1.0,1.0,iid_train,5,5,5,12,tiny-imagenet_resnet18,rand,gf50,none
XGBClassifier,0.3404255319148936,0.338768115942029,0.33518518518518514,0.33561331509347925,iid_test,6,5,5,12,tiny-imagenet_resnet18,rand,gf50,none
XGBClassifier,1.0,1.0,1.0,1.0,iid_train,6,5,5,12,tiny-imagenet_resnet18,rand,gf50,none
XGBClassifier,0.30434782608695654,0.30434782608695654,0.2982456140350877,0.299047619047619,iid_test,7,5,5,12,tiny-imagenet_resnet18,rand,gf50,none
XGBClassifier,1.0,1.0,1.0,1.0,iid_train,7,5,5,12,tiny-imagenet_resnet18,rand,gf50,none
XGBClassifier,0.5,0.5,0.5,0.49402199904351984,iid_test,8,5,5,12,tiny-imagenet_resnet18,rand,gf50,none
XGBClassifier,1.0,1.0,1.0,1.0,iid_train,8,5,5,12,tiny-imagenet_resnet18,rand,gf50,none
XGBClassifier,0.3695652173913043,0.3695652173913043,0.3693181818181818,0.3692671394799054,iid_test,9,5,5,12,tiny-imagenet_resnet18,rand,gf50,none
XGBClassifier,1.0,1.0,1.0,1.0,iid_train,9,5,5,12,tiny-imagenet_resnet18,rand,gf50,none
XGBClassifier,0.2978723404255319,0.29891304347826086,0.2967032967032967,0.2965986394557823,iid_test,10,5,5,12,tiny-imagenet_resnet18,rand,gf50,none
XGBClassifier,1.0,1.0,1.0,1.0,iid_train,10,5,5,12,tiny-imagenet_resnet18,rand,gf50,none
XGBClassifier,0.44680851063829785,0.44655797101449274,0.44655797101449274,0.44655797101449274,iid_test,11,5,5,12,tiny-imagenet_resnet18,rand,gf50,none
XGBClassifier,1.0,1.0,1.0,1.0,iid_train,11,5,5,12,tiny-imagenet_resnet18,rand,gf50,none
XGBClassifier,0.32608695652173914,0.32608695652173914,0.31746031746031744,0.3180296508847441,iid_test,12,5,5,12,tiny-imagenet_resnet18,rand,gf50,none
XGBClassifier,1.0,1.0,1.0,1.0,iid_train,12,5,5,12,tiny-imagenet_resnet18,rand,gf50,none
XGBClassifier,0.391304347826087,0.3913043478260869,0.3904761904761905,0.39015151515151514,iid_test,13,5,5,12,tiny-imagenet_resnet18,rand,gf50,none
XGBClassifier,1.0,1.0,1.0,1.0,iid_train,13,5,5,12,tiny-imagenet_resnet18,rand,gf50,none
XGBClassifier,0.41304347826086957,0.41304347826086957,0.4128787878787879,0.41276595744680855,iid_test,14,5,5,12,tiny-imagenet_resnet18,rand,gf50,none
XGBClassifier,1.0,1.0,1.0,1.0,iid_train,14,5,5,12,tiny-imagenet_resnet18,rand,gf50,none
XGBClassifier,0.23404255319148937,0.2346014492753623,0.23363636363636364,0.23369565217391303,iid_test,15,5,5,12,tiny-imagenet_resnet18,rand,gf50,none
XGBClassifier,1.0,1.0,1.0,1.0,iid_train,15,5,5,12,tiny-imagenet_resnet18,rand,gf50,none
XGBClassifier,0.40425531914893614,0.4030797101449275,0.40201465201465203,0.40181818181818185,iid_test,16,5,5,12,tiny-imagenet_resnet18,rand,gf50,none
XGBClassifier,1.0,1.0,1.0,1.0,iid_train,16,5,5,12,tiny-imagenet_resnet18,rand,gf50,none
XGBClassifier,0.34782608695652173,0.34782608695652173,0.34307992202729043,0.34285714285714286,iid_test,17,5,5,12,tiny-imagenet_resnet18,rand,gf50,none
XGBClassifier,1.0,1.0,1.0,1.0,iid_train,17,5,5,12,tiny-imagenet_resnet18,rand,gf50,none
XGBClassifier,0.3695652173913043,0.3695652173913043,0.3693181818181818,0.3692671394799054,iid_test,18,5,5,12,tiny-imagenet_resnet18,rand,gf50,none
XGBClassifier,1.0,1.0,1.0,1.0,iid_train,18,5,5,12,tiny-imagenet_resnet18,rand,gf50,none
XGBClassifier,0.3695652173913043,0.3695652173913043,0.36730769230769234,0.36687233032747985,iid_test,19,5,5,12,tiny-imagenet_resnet18,rand,gf50,none
XGBClassifier,1.0,1.0,1.0,1.0,iid_train,19,5,5,12,tiny-imagenet_resnet18,rand,gf50,none
XGBClassifier,0.3617021276595745,0.36141304347826086,0.36141304347826086,0.36141304347826086,iid_test,20,5,5,12,tiny-imagenet_resnet18,rand,gf50,none
XGBClassifier,1.0,1.0,1.0,1.0,iid_train,20,5,5,12,tiny-imagenet_resnet18,rand,gf50,none
XGBClassifier,0.2978723404255319,0.29891304347826086,0.2967032967032967,0.2965986394557823,iid_test,21,5,5,12,tiny-imagenet_resnet18,rand,gf50,none
XGBClassifier,1.0,1.0,1.0,1.0,iid_train,21,5,5,12,tiny-imagenet_resnet18,rand,gf50,none
XGBClassifier,0.3695652173913043,0.3695652173913043,0.35625,0.35462022254475084,iid_test,22,5,5,12,tiny-imagenet_resnet18,rand,gf50,none
XGBClassifier,1.0,1.0,1.0,1.0,iid_train,22,5,5,12,tiny-imagenet_resnet18,rand,gf50,none
XGBClassifier,0.34782608695652173,0.34782608695652173,0.33671399594320484,0.33653846153846156,iid_test,23,5,5,12,tiny-imagenet_resnet18,rand,gf50,none
XGBClassifier,1.0,1.0,1.0,1.0,iid_train,23,5,5,12,tiny-imagenet_resnet18,rand,gf50,none
XGBClassifier,0.34782608695652173,0.34782608695652173,0.33671399594320484,0.33653846153846156,iid_test,24,5,5,12,tiny-imagenet_resnet18,rand,gf50,none
XGBClassifier,1.0,1.0,1.0,1.0,iid_train,24,5,5,12,tiny-imagenet_resnet18,rand,gf50,none
XGBClassifier,0.2553191489361702,0.2572463768115942,0.24812030075187969,0.2498860009119927,iid_test,0,5,5,13,tiny-imagenet_resnet18,rand,gf50,none
XGBClassifier,1.0,1.0,1.0,1.0,iid_train,0,5,5,13,tiny-imagenet_resnet18,rand,gf50,none
XGBClassifier,0.3617021276595745,0.36141304347826086,0.36141304347826086,0.36141304347826086,iid_test,1,5,5,13,tiny-imagenet_resnet18,rand,gf50,none
XGBClassifier,1.0,1.0,1.0,1.0,iid_train,1,5,5,13,tiny-imagenet_resnet18,rand,gf50,none
XGBClassifier,0.34782608695652173,0.34782608695652173,0.33671399594320484,0.33653846153846156,iid_test,2,5,5,13,tiny-imagenet_resnet18,rand,gf50,none
XGBClassifier,1.0,1.0,1.0,1.0,iid_train,2,5,5,13,tiny-imagenet_resnet18,rand,gf50,none
XGBClassifier,0.32608695652173914,0.32608695652173914,0.32307692307692304,0.32320835310868534,iid_test,3,5,5,13,tiny-imagenet_resnet18,rand,gf50,none
XGBClassifier,1.0,1.0,1.0,1.0,iid_train,3,5,5,13,tiny-imagenet_resnet18,rand,gf50,none
XGBClassifier,0.32608695652173914,0.32608695652173914,0.32307692307692304,0.32320835310868534,iid_test,4,5,5,13,tiny-imagenet_resnet18,rand,gf50,none
XGBClassifier,1.0,1.0,1.0,1.0,iid_train,4,5,5,13,tiny-imagenet_resnet18,rand,gf50,none
XGBClassifier,0.425531914893617,0.42391304347826086,0.4222222222222222,0.4213406292749658,iid_test,5,5,5,13,tiny-imagenet_resnet18,rand,gf50,none
XGBClassifier,1.0,1.0,1.0,1.0,iid_train,5,5,5,13,tiny-imagenet_resnet18,rand,gf50,none
XGBClassifier,0.3617021276595745,0.3632246376811594,0.36018518518518516,0.3590909090909091,iid_test,6,5,5,13,tiny-imagenet_resnet18,rand,gf50,none
XGBClassifier,1.0,1.0,1.0,1.0,iid_train,6,5,5,13,tiny-imagenet_resnet18,rand,gf50,none
XGBClassifier,0.3695652173913043,0.3695652173913043,0.3693181818181818,0.3692671394799054,iid_test,7,5,5,13,tiny-imagenet_resnet18,rand,gf50,none
XGBClassifier,1.0,1.0,1.0,1.0,iid_train,7,5,5,13,tiny-imagenet_resnet18,rand,gf50,none
XGBClassifier,0.32608695652173914,0.32608695652173914,0.32575757575757575,0.3257683215130024,iid_test,8,5,5,13,tiny-imagenet_resnet18,rand,gf50,none
XGBClassifier,1.0,1.0,1.0,1.0,iid_train,8,5,5,13,tiny-imagenet_resnet18,rand,gf50,none
XGBClassifier,0.3695652173913043,0.3695652173913043,0.3630952380952381,0.3620277379244381,iid_test,9,5,5,13,tiny-imagenet_resnet18,rand,gf50,none
XGBClassifier,1.0,1.0,1.0,1.0,iid_train,9,5,5,13,tiny-imagenet_resnet18,rand,gf50,none
XGBClassifier,0.3191489361702128,0.3179347826086957,0.3159340659340659,0.31636363636363635,iid_test,10,5,5,13,tiny-imagenet_resnet18,rand,gf50,none
XGBClassifier,1.0,1.0,1.0,1.0,iid_train,10,5,5,13,tiny-imagenet_resnet18,rand,gf50,none
XGBClassifier,0.2978723404255319,0.302536231884058,0.25339366515837103,0.26458036984352773,iid_test,11,5,5,13,tiny-imagenet_resnet18,rand,gf50,none
XGBClassifier,1.0,1.0,1.0,1.0,iid_train,11,5,5,13,tiny-imagenet_resnet18,rand,gf50,none
XGBClassifier,0.30434782608695654,0.30434782608695654,0.2982456140350877,0.299047619047619,iid_test,12,5,5,13,tiny-imagenet_resnet18,rand,gf50,none
XGBClassifier,1.0,1.0,1.0,1.0,iid_train,12,5,5,13,tiny-imagenet_resnet18,rand,gf50,none
XGBClassifier,0.3695652173913043,0.3695652173913043,0.3693181818181818,0.3692671394799054,iid_test,13,5,5,13,tiny-imagenet_resnet18,rand,gf50,none
XGBClassifier,1.0,1.0,1.0,1.0,iid_train,13,5,5,13,tiny-imagenet_resnet18,rand,gf50,none
XGBClassifier,0.21739130434782608,0.21739130434782608,0.21739130434782608,0.21739130434782608,iid_test,14,5,5,13,tiny-imagenet_resnet18,rand,gf50,none
XGBClassifier,1.0,1.0,1.0,1.0,iid_train,14,5,5,13,tiny-imagenet_resnet18,rand,gf50,none
XGBClassifier,0.2765957446808511,0.27355072463768115,0.2549019607843137,0.2601851851851852,iid_test,15,5,5,13,tiny-imagenet_resnet18,rand,gf50,none
XGBClassifier,1.0,1.0,1.0,1.0,iid_train,15,5,5,13,tiny-imagenet_resnet18,rand,gf50,none
XGBClassifier,0.3191489361702128,0.3188405797101449,0.3188405797101449,0.3188405797101449,iid_test,16,5,5,13,tiny-imagenet_resnet18,rand,gf50,none
XGBClassifier,1.0,1.0,1.0,1.0,iid_train,16,5,5,13,tiny-imagenet_resnet18,rand,gf50,none
XGBClassifier,0.5434782608695652,0.5434782608695652,0.5442307692307693,0.5415282392026578,iid_test,17,5,5,13,tiny-imagenet_resnet18,rand,gf50,none
XGBClassifier,1.0,1.0,1.0,1.0,iid_train,17,5,5,13,tiny-imagenet_resnet18,rand,gf50,none
XGBClassifier,0.43478260869565216,0.43478260869565216,0.4300202839756592,0.425,iid_test,18,5,5,13,tiny-imagenet_resnet18,rand,gf50,none
XGBClassifier,1.0,1.0,1.0,1.0,iid_train,18,5,5,13,tiny-imagenet_resnet18,rand,gf50,none
XGBClassifier,0.41304347826086957,0.41304347826086957,0.4115384615384615,0.41053630754627435,iid_test,19,5,5,13,tiny-imagenet_resnet18,rand,gf50,none
XGBClassifier,1.0,1.0,1.0,1.0,iid_train,19,5,5,13,tiny-imagenet_resnet18,rand,gf50,none
XGBClassifier,0.2553191489361702,0.25634057971014496,0.25366300366300365,0.25396825396825395,iid_test,20,5,5,13,tiny-imagenet_resnet18,rand,gf50,none
XGBClassifier,1.0,1.0,1.0,1.0,iid_train,20,5,5,13,tiny-imagenet_resnet18,rand,gf50,none
XGBClassifier,0.3191489361702128,0.32155797101449274,0.3113026819923372,0.31135531135531136,iid_test,21,5,5,13,tiny-imagenet_resnet18,rand,gf50,none
XGBClassifier,1.0,1.0,1.0,1.0,iid_train,21,5,5,13,tiny-imagenet_resnet18,rand,gf50,none
XGBClassifier,0.391304347826087,0.3913043478260869,0.3904761904761905,0.39015151515151514,iid_test,22,5,5,13,tiny-imagenet_resnet18,rand,gf50,none
XGBClassifier,1.0,1.0,1.0,1.0,iid_train,22,5,5,13,tiny-imagenet_resnet18,rand,gf50,none
XGBClassifier,0.2826086956521739,0.28260869565217395,0.2821969696969697,0.28226950354609925,iid_test,23,5,5,13,tiny-imagenet_resnet18,rand,gf50,none
XGBClassifier,1.0,1.0,1.0,1.0,iid_train,23,5,5,13,tiny-imagenet_resnet18,rand,gf50,none
XGBClassifier,0.30434782608695654,0.30434782608695654,0.2982456140350877,0.299047619047619,iid_test,24,5,5,13,tiny-imagenet_resnet18,rand,gf50,none
XGBClassifier,1.0,1.0,1.0,1.0,iid_train,24,5,5,13,tiny-imagenet_resnet18,rand,gf50,none
XGBClassifier,0.3404255319148936,0.34239130434782605,0.3364661654135338,0.33561331509347925,iid_test,0,5,5,14,tiny-imagenet_resnet18,rand,gf50,none
XGBClassifier,1.0,1.0,1.0,1.0,iid_train,0,5,5,14,tiny-imagenet_resnet18,rand,gf50,none
XGBClassifier,0.3617021276595745,0.358695652173913,0.34705882352941175,0.3472222222222222,iid_test,1,5,5,14,tiny-imagenet_resnet18,rand,gf50,none
XGBClassifier,1.0,1.0,1.0,1.0,iid_train,1,5,5,14,tiny-imagenet_resnet18,rand,gf50,none
XGBClassifier,0.2826086956521739,0.28260869565217395,0.2821969696969697,0.28226950354609925,iid_test,2,5,5,14,tiny-imagenet_resnet18,rand,gf50,none
XGBClassifier,1.0,1.0,1.0,1.0,iid_train,2,5,5,14,tiny-imagenet_resnet18,rand,gf50,none
XGBClassifier,0.2608695652173913,0.2608695652173913,0.2608695652173913,0.2608695652173913,iid_test,3,5,5,14,tiny-imagenet_resnet18,rand,gf50,none
XGBClassifier,1.0,1.0,1.0,1.0,iid_train,3,5,5,14,tiny-imagenet_resnet18,rand,gf50,none
XGBClassifier,0.41304347826086957,0.41304347826086957,0.4128787878787879,0.41276595744680855,iid_test,4,5,5,14,tiny-imagenet_resnet18,rand,gf50,none
XGBClassifier,1.0,1.0,1.0,1.0,iid_train,4,5,5,14,tiny-imagenet_resnet18,rand,gf50,none
XGBClassifier,0.40425531914893614,0.40217391304347827,0.39849624060150374,0.39743589743589747,iid_test,5,5,5,14,tiny-imagenet_resnet18,rand,gf50,none
XGBClassifier,1.0,1.0,1.0,1.0,iid_train,5,5,5,14,tiny-imagenet_resnet18,rand,gf50,none
XGBClassifier,0.40425531914893614,0.4030797101449275,0.40201465201465203,0.40181818181818185,iid_test,6,5,5,14,tiny-imagenet_resnet18,rand,gf50,none
XGBClassifier,1.0,1.0,1.0,1.0,iid_train,6,5,5,14,tiny-imagenet_resnet18,rand,gf50,none
XGBClassifier,0.34782608695652173,0.34782608695652173,0.34307992202729043,0.34285714285714286,iid_test,7,5,5,14,tiny-imagenet_resnet18,rand,gf50,none
XGBClassifier,1.0,1.0,1.0,1.0,iid_train,7,5,5,14,tiny-imagenet_resnet18,rand,gf50,none
XGBClassifier,0.32608695652173914,0.32608695652173914,0.32575757575757575,0.3257683215130024,iid_test,8,5,5,14,tiny-imagenet_resnet18,rand,gf50,none
XGBClassifier,1.0,1.0,1.0,1.0,iid_train,8,5,5,14,tiny-imagenet_resnet18,rand,gf50,none
XGBClassifier,0.41304347826086957,0.41304347826086957,0.4128787878787879,0.41276595744680855,iid_test,9,5,5,14,tiny-imagenet_resnet18,rand,gf50,none
XGBClassifier,1.0,1.0,1.0,1.0,iid_train,9,5,5,14,tiny-imagenet_resnet18,rand,gf50,none
XGBClassifier,0.44680851063829785,0.4447463768115942,0.4426691729323308,0.44047619047619047,iid_test,10,5,5,14,tiny-imagenet_resnet18,rand,gf50,none
XGBClassifier,1.0,1.0,1.0,1.0,iid_train,10,5,5,14,tiny-imagenet_resnet18,rand,gf50,none
XGBClassifier,0.3829787234042553,0.38405797101449274,0.38278388278388276,0.38185941043083904,iid_test,11,5,5,14,tiny-imagenet_resnet18,rand,gf50,none
XGBClassifier,1.0,1.0,1.0,1.0,iid_train,11,5,5,14,tiny-imagenet_resnet18,rand,gf50,none
XGBClassifier,0.21739130434782608,0.2173913043478261,0.20857699805068225,0.21142857142857144,iid_test,12,5,5,14,tiny-imagenet_resnet18,rand,gf50,none
XGBClassifier,1.0,1.0,1.0,1.0,iid_train,12,5,5,14,tiny-imagenet_resnet18,rand,gf50,none
XGBClassifier,0.34782608695652173,0.34782608695652173,0.34782608695652173,0.34782608695652173,iid_test,13,5,5,14,tiny-imagenet_resnet18,rand,gf50,none
XGBClassifier,1.0,1.0,1.0,1.0,iid_train,13,5,5,14,tiny-imagenet_resnet18,rand,gf50,none
XGBClassifier,0.2826086956521739,0.2826086956521739,0.27884615384615385,0.27954437588989084,iid_test,14,5,5,14,tiny-imagenet_resnet18,rand,gf50,none
XGBClassifier,1.0,1.0,1.0,1.0,iid_train,14,5,5,14,tiny-imagenet_resnet18,rand,gf50,none
XGBClassifier,0.3829787234042553,0.384963768115942,0.3806390977443609,0.37847697218422255,iid_test,15,5,5,14,tiny-imagenet_resnet18,rand,gf50,none
XGBClassifier,1.0,1.0,1.0,1.0,iid_train,15,5,5,14,tiny-imagenet_resnet18,rand,gf50,none
XGBClassifier,0.3829787234042553,0.38224637681159424,0.38181818181818183,0.38185941043083904,iid_test,16,5,5,14,tiny-imagenet_resnet18,rand,gf50,none
XGBClassifier,1.0,1.0,1.0,1.0,iid_train,16,5,5,14,tiny-imagenet_resnet18,rand,gf50,none
XGBClassifier,0.41304347826086957,0.41304347826086957,0.4115384615384615,0.41053630754627435,iid_test,17,5,5,14,tiny-imagenet_resnet18,rand,gf50,none
XGBClassifier,1.0,1.0,1.0,1.0,iid_train,17,5,5,14,tiny-imagenet_resnet18,rand,gf50,none
XGBClassifier,0.45652173913043476,0.45652173913043476,0.4361111111111111,0.4093477144324602,iid_test,18,5,5,14,tiny-imagenet_resnet18,rand,gf50,none
XGBClassifier,1.0,1.0,1.0,1.0,iid_train,18,5,5,14,tiny-imagenet_resnet18,rand,gf50,none
XGBClassifier,0.30434782608695654,0.30434782608695654,0.2900608519269777,0.2923076923076923,iid_test,19,5,5,14,tiny-imagenet_resnet18,rand,gf50,none
XGBClassifier,1.0,1.0,1.0,1.0,iid_train,19,5,5,14,tiny-imagenet_resnet18,rand,gf50,none
XGBClassifier,0.3404255319148936,0.34239130434782605,0.3364661654135338,0.33561331509347925,iid_test,20,5,5,14,tiny-imagenet_resnet18,rand,gf50,none
XGBClassifier,1.0,1.0,1.0,1.0,iid_train,20,5,5,14,tiny-imagenet_resnet18,rand,gf50,none
XGBClassifier,0.3829787234042553,0.3804347826086957,0.3735632183908046,0.37275655775425676,iid_test,21,5,5,14,tiny-imagenet_resnet18,rand,gf50,none
XGBClassifier,1.0,1.0,1.0,1.0,iid_train,21,5,5,14,tiny-imagenet_resnet18,rand,gf50,none
XGBClassifier,0.45652173913043476,0.4565217391304348,0.4557692307692308,0.4542002847650688,iid_test,22,5,5,14,tiny-imagenet_resnet18,rand,gf50,none
XGBClassifier,1.0,1.0,1.0,1.0,iid_train,22,5,5,14,tiny-imagenet_resnet18,rand,gf50,none
XGBClassifier,0.2608695652173913,0.2608695652173913,0.2608695652173913,0.2608695652173913,iid_test,23,5,5,14,tiny-imagenet_resnet18,rand,gf50,none
XGBClassifier,1.0,1.0,1.0,1.0,iid_train,23,5,5,14,tiny-imagenet_resnet18,rand,gf50,none
XGBClassifier,0.3695652173913043,0.3695652173913043,0.36730769230769234,0.36687233032747985,iid_test,24,5,5,14,tiny-imagenet_resnet18,rand,gf50,none
XGBClassifier,1.0,1.0,1.0,1.0,iid_train,24,5,5,14,tiny-imagenet_resnet18,rand,gf50,none
XGBClassifier,0.44680851063829785,0.4483695652173913,0.4472222222222222,0.4445454545454546,iid_test,0,5,5,15,tiny-imagenet_resnet18,rand,gf50,none
XGBClassifier,1.0,1.0,1.0,1.0,iid_train,0,5,5,15,tiny-imagenet_resnet18,rand,gf50,none
XGBClassifier,0.3617021276595745,0.3632246376811594,0.36018518518518516,0.3590909090909091,iid_test,1,5,5,15,tiny-imagenet_resnet18,rand,gf50,none
XGBClassifier,1.0,1.0,1.0,1.0,iid_train,1,5,5,15,tiny-imagenet_resnet18,rand,gf50,none
XGBClassifier,0.391304347826087,0.391304347826087,0.391304347826087,0.391304347826087,iid_test,2,5,5,15,tiny-imagenet_resnet18,rand,gf50,none
XGBClassifier,1.0,1.0,1.0,1.0,iid_train,2,5,5,15,tiny-imagenet_resnet18,rand,gf50,none
XGBClassifier,0.43478260869565216,0.4347826086956522,0.4342857142857143,0.4337121212121212,iid_test,3,5,5,15,tiny-imagenet_resnet18,rand,gf50,none
XGBClassifier,1.0,1.0,1.0,1.0,iid_train,3,5,5,15,tiny-imagenet_resnet18,rand,gf50,none
XGBClassifier,0.34782608695652173,0.34782608695652173,0.3466666666666667,0.34659090909090906,iid_test,4,5,5,15,tiny-imagenet_resnet18,rand,gf50,none
XGBClassifier,1.0,1.0,1.0,1.0,iid_train,4,5,5,15,tiny-imagenet_resnet18,rand,gf50,none
XGBClassifier,0.425531914893617,0.42481884057971014,0.42454545454545456,0.42448979591836733,iid_test,5,5,5,15,tiny-imagenet_resnet18,rand,gf50,none
XGBClassifier,1.0,1.0,1.0,1.0,iid_train,5,5,5,15,tiny-imagenet_resnet18,rand,gf50,none
XGBClassifier,0.3617021276595745,0.36141304347826086,0.36141304347826086,0.36141304347826086,iid_test,6,5,5,15,tiny-imagenet_resnet18,rand,gf50,none
XGBClassifier,1.0,1.0,1.0,1.0,iid_train,6,5,5,15,tiny-imagenet_resnet18,rand,gf50,none
XGBClassifier,0.5,0.5,0.5,0.49786426198386335,iid_test,7,5,5,15,tiny-imagenet_resnet18,rand,gf50,none
XGBClassifier,1.0,1.0,1.0,1.0,iid_train,7,5,5,15,tiny-imagenet_resnet18,rand,gf50,none
XGBClassifier,0.32608695652173914,0.32608695652173914,0.32307692307692304,0.32320835310868534,iid_test,8,5,5,15,tiny-imagenet_resnet18,rand,gf50,none
XGBClassifier,1.0,1.0,1.0,1.0,iid_train,8,5,5,15,tiny-imagenet_resnet18,rand,gf50,none
XGBClassifier,0.3695652173913043,0.3695652173913043,0.3693181818181818,0.3692671394799054,iid_test,9,5,5,15,tiny-imagenet_resnet18,rand,gf50,none
XGBClassifier,1.0,1.0,1.0,1.0,iid_train,9,5,5,15,tiny-imagenet_resnet18,rand,gf50,none
XGBClassifier,0.425531914893617,0.4230072463768116,0.4185823754789272,0.4160147261849977,iid_test,10,5,5,15,tiny-imagenet_resnet18,rand,gf50,none
XGBClassifier,1.0,1.0,1.0,1.0,iid_train,10,5,5,15,tiny-imagenet_resnet18,rand,gf50,none
XGBClassifier,0.40425531914893614,0.4030797101449275,0.40201465201465203,0.40181818181818185,iid_test,11,5,5,15,tiny-imagenet_resnet18,rand,gf50,none
XGBClassifier,1.0,1.0,1.0,1.0,iid_train,11,5,5,15,tiny-imagenet_resnet18,rand,gf50,none
XGBClassifier,0.3695652173913043,0.3695652173913043,0.3693181818181818,0.3692671394799054,iid_test,12,5,5,15,tiny-imagenet_resnet18,rand,gf50,none
XGBClassifier,1.0,1.0,1.0,1.0,iid_train,12,5,5,15,tiny-imagenet_resnet18,rand,gf50,none
XGBClassifier,0.5,0.5,0.5,0.49786426198386335,iid_test,13,5,5,15,tiny-imagenet_resnet18,rand,gf50,none
XGBClassifier,1.0,1.0,1.0,1.0,iid_train,13,5,5,15,tiny-imagenet_resnet18,rand,gf50,none
XGBClassifier,0.43478260869565216,0.4347826086956522,0.4342857142857143,0.4337121212121212,iid_test,14,5,5,15,tiny-imagenet_resnet18,rand,gf50,none
XGBClassifier,1.0,1.0,1.0,1.0,iid_train,14,5,5,15,tiny-imagenet_resnet18,rand,gf50,none
XGBClassifier,0.425531914893617,0.42391304347826086,0.4222222222222222,0.4213406292749658,iid_test,15,5,5,15,tiny-imagenet_resnet18,rand,gf50,none
XGBClassifier,1.0,1.0,1.0,1.0,iid_train,15,5,5,15,tiny-imagenet_resnet18,rand,gf50,none
XGBClassifier,0.40425531914893614,0.40126811594202894,0.39313725490196083,0.3907407407407407,iid_test,16,5,5,15,tiny-imagenet_resnet18,rand,gf50,none
XGBClassifier,1.0,1.0,1.0,1.0,iid_train,16,5,5,15,tiny-imagenet_resnet18,rand,gf50,none
XGBClassifier,0.5652173913043478,0.5652173913043479,0.5657142857142857,0.5643939393939394,iid_test,17,5,5,15,tiny-imagenet_resnet18,rand,gf50,none
XGBClassifier,1.0,1.0,1.0,1.0,iid_train,17,5,5,15,tiny-imagenet_resnet18,rand,gf50,none
XGBClassifier,0.43478260869565216,0.43478260869565216,0.43478260869565216,0.43478260869565216,iid_test,18,5,5,15,tiny-imagenet_resnet18,rand,gf50,none
XGBClassifier,1.0,1.0,1.0,1.0,iid_train,18,5,5,15,tiny-imagenet_resnet18,rand,gf50,none
XGBClassifier,0.3695652173913043,0.3695652173913043,0.35625,0.35462022254475084,iid_test,19,5,5,15,tiny-imagenet_resnet18,rand,gf50,none
XGBClassifier,1.0,1.0,1.0,1.0,iid_train,19,5,5,15,tiny-imagenet_resnet18,rand,gf50,none
XGBClassifier,0.44680851063829785,0.4447463768115942,0.4426691729323308,0.44047619047619047,iid_test,20,5,5,15,tiny-imagenet_resnet18,rand,gf50,none
XGBClassifier,1.0,1.0,1.0,1.0,iid_train,20,5,5,15,tiny-imagenet_resnet18,rand,gf50,none
XGBClassifier,0.2765957446808511,0.27717391304347827,0.27636363636363637,0.276268115942029,iid_test,21,5,5,15,tiny-imagenet_resnet18,rand,gf50,none
XGBClassifier,1.0,1.0,1.0,1.0,iid_train,21,5,5,15,tiny-imagenet_resnet18,rand,gf50,none
XGBClassifier,0.41304347826086957,0.41304347826086957,0.4128787878787879,0.41276595744680855,iid_test,22,5,5,15,tiny-imagenet_resnet18,rand,gf50,none
XGBClassifier,1.0,1.0,1.0,1.0,iid_train,22,5,5,15,tiny-imagenet_resnet18,rand,gf50,none
XGBClassifier,0.45652173913043476,0.4565217391304348,0.4486607142857143,0.4348894348894349,iid_test,23,5,5,15,tiny-imagenet_resnet18,rand,gf50,none
XGBClassifier,1.0,1.0,1.0,1.0,iid_train,23,5,5,15,tiny-imagenet_resnet18,rand,gf50,none
XGBClassifier,0.30434782608695654,0.30434782608695654,0.3028571428571428,0.303030303030303,iid_test,24,5,5,15,tiny-imagenet_resnet18,rand,gf50,none
XGBClassifier,1.0,1.0,1.0,1.0,iid_train,24,5,5,15,tiny-imagenet_resnet18,rand,gf50,none
XGBClassifier,0.6382978723404256,0.6385869565217391,0.6385869565217391,0.6382978723404256,iid_test,0,5,5,16,tiny-imagenet_resnet18,rand,gf50,none
XGBClassifier,1.0,1.0,1.0,1.0,iid_train,0,5,5,16,tiny-imagenet_resnet18,rand,gf50,none
XGBClassifier,0.7021276595744681,0.7028985507246377,0.7036363636363636,0.7019927536231885,iid_test,1,5,5,16,tiny-imagenet_resnet18,rand,gf50,none
XGBClassifier,1.0,1.0,1.0,1.0,iid_train,1,5,5,16,tiny-imagenet_resnet18,rand,gf50,none
XGBClassifier,0.6304347826086957,0.6304347826086956,0.6326923076923077,0.6288561936402468,iid_test,2,5,5,16,tiny-imagenet_resnet18,rand,gf50,none
XGBClassifier,1.0,1.0,1.0,1.0,iid_train,2,5,5,16,tiny-imagenet_resnet18,rand,gf50,none
XGBClassifier,0.6739130434782609,0.6739130434782609,0.676923076923077,0.6725201708590414,iid_test,3,5,5,16,tiny-imagenet_resnet18,rand,gf50,none
XGBClassifier,1.0,1.0,1.0,1.0,iid_train,3,5,5,16,tiny-imagenet_resnet18,rand,gf50,none
XGBClassifier,0.6086956521739131,0.6086956521739131,0.6095238095238096,0.6079545454545454,iid_test,4,5,5,16,tiny-imagenet_resnet18,rand,gf50,none
XGBClassifier,1.0,1.0,1.0,1.0,iid_train,4,5,5,16,tiny-imagenet_resnet18,rand,gf50,none
XGBClassifier,0.574468085106383,0.572463768115942,0.575187969924812,0.5695970695970696,iid_test,5,5,5,16,tiny-imagenet_resnet18,rand,gf50,none
XGBClassifier,1.0,1.0,1.0,1.0,iid_train,5,5,5,16,tiny-imagenet_resnet18,rand,gf50,none
XGBClassifier,0.6382978723404256,0.6385869565217391,0.6385869565217391,0.6382978723404256,iid_test,6,5,5,16,tiny-imagenet_resnet18,rand,gf50,none
XGBClassifier,1.0,1.0,1.0,1.0,iid_train,6,5,5,16,tiny-imagenet_resnet18,rand,gf50,none
XGBClassifier,0.717391304347826,0.717391304347826,0.7178030303030303,0.7172576832151301,iid_test,7,5,5,16,tiny-imagenet_resnet18,rand,gf50,none
XGBClassifier,1.0,1.0,1.0,1.0,iid_train,7,5,5,16,tiny-imagenet_resnet18,rand,gf50,none
XGBClassifier,0.6521739130434783,0.6521739130434783,0.6731182795698925,0.6413255360623782,iid_test,8,5,5,16,tiny-imagenet_resnet18,rand,gf50,none
XGBClassifier,1.0,1.0,1.0,1.0,iid_train,8,5,5,16,tiny-imagenet_resnet18,rand,gf50,none
XGBClassifier,0.6956521739130435,0.6956521739130435,0.6971428571428572,0.6950757575757576,iid_test,9,5,5,16,tiny-imagenet_resnet18,rand,gf50,none
XGBClassifier,1.0,1.0,1.0,1.0,iid_train,9,5,5,16,tiny-imagenet_resnet18,rand,gf50,none
XGBClassifier,0.6595744680851063,0.6585144927536233,0.6602564102564102,0.6581818181818182,iid_test,10,5,5,16,tiny-imagenet_resnet18,rand,gf50,none
XGBClassifier,1.0,1.0,1.0,1.0,iid_train,10,5,5,16,tiny-imagenet_resnet18,rand,gf50,none
XGBClassifier,0.6382978723404256,0.6367753623188406,0.6398148148148148,0.6356589147286822,iid_test,11,5,5,16,tiny-imagenet_resnet18,rand,gf50,none
XGBClassifier,1.0,1.0,1.0,1.0,iid_train,11,5,5,16,tiny-imagenet_resnet18,rand,gf50,none
XGBClassifier,0.6521739130434783,0.6521739130434783,0.6632860040567952,0.6461538461538461,iid_test,12,5,5,16,tiny-imagenet_resnet18,rand,gf50,none
XGBClassifier,1.0,1.0,1.0,1.0,iid_train,12,5,5,16,tiny-imagenet_resnet18,rand,gf50,none
XGBClassifier,0.6521739130434783,0.6521739130434783,0.6569200779727096,0.6495238095238096,iid_test,13,5,5,16,tiny-imagenet_resnet18,rand,gf50,none
XGBClassifier,1.0,1.0,1.0,1.0,iid_train,13,5,5,16,tiny-imagenet_resnet18,rand,gf50,none
XGBClassifier,0.6739130434782609,0.6739130434782609,0.6742424242424242,0.6737588652482269,iid_test,14,5,5,16,tiny-imagenet_resnet18,rand,gf50,none
XGBClassifier,1.0,1.0,1.0,1.0,iid_train,14,5,5,16,tiny-imagenet_resnet18,rand,gf50,none
XGBClassifier,0.6382978723404256,0.6367753623188406,0.6398148148148148,0.6356589147286822,iid_test,15,5,5,16,tiny-imagenet_resnet18,rand,gf50,none
XGBClassifier,1.0,1.0,1.0,1.0,iid_train,15,5,5,16,tiny-imagenet_resnet18,rand,gf50,none
XGBClassifier,0.7021276595744681,0.7010869565217391,0.7032967032967032,0.7009090909090909,iid_test,16,5,5,16,tiny-imagenet_resnet18,rand,gf50,none
XGBClassifier,1.0,1.0,1.0,1.0,iid_train,16,5,5,16,tiny-imagenet_resnet18,rand,gf50,none
XGBClassifier,0.6956521739130435,0.6956521739130435,0.6971428571428572,0.6950757575757576,iid_test,17,5,5,16,tiny-imagenet_resnet18,rand,gf50,none
XGBClassifier,1.0,1.0,1.0,1.0,iid_train,17,5,5,16,tiny-imagenet_resnet18,rand,gf50,none
XGBClassifier,0.5217391304347826,0.5217391304347826,0.5219047619047619,0.5208333333333333,iid_test,18,5,5,16,tiny-imagenet_resnet18,rand,gf50,none
XGBClassifier,1.0,1.0,1.0,1.0,iid_train,18,5,5,16,tiny-imagenet_resnet18,rand,gf50,none
XGBClassifier,0.6956521739130435,0.6956521739130435,0.6971428571428572,0.6950757575757576,iid_test,19,5,5,16,tiny-imagenet_resnet18,rand,gf50,none
XGBClassifier,1.0,1.0,1.0,1.0,iid_train,19,5,5,16,tiny-imagenet_resnet18,rand,gf50,none
XGBClassifier,0.6382978723404256,0.6403985507246377,0.6456766917293233,0.6356589147286822,iid_test,20,5,5,16,tiny-imagenet_resnet18,rand,gf50,none
XGBClassifier,1.0,1.0,1.0,1.0,iid_train,20,5,5,16,tiny-imagenet_resnet18,rand,gf50,none
XGBClassifier,0.6382978723404256,0.6376811594202898,0.6381818181818182,0.637641723356009,iid_test,21,5,5,16,tiny-imagenet_resnet18,rand,gf50,none
XGBClassifier,1.0,1.0,1.0,1.0,iid_train,21,5,5,16,tiny-imagenet_resnet18,rand,gf50,none
XGBClassifier,0.717391304347826,0.717391304347826,0.7178030303030303,0.7172576832151301,iid_test,22,5,5,16,tiny-imagenet_resnet18,rand,gf50,none
XGBClassifier,1.0,1.0,1.0,1.0,iid_train,22,5,5,16,tiny-imagenet_resnet18,rand,gf50,none
XGBClassifier,0.5869565217391305,0.5869565217391304,0.5871212121212122,0.5867612293144208,iid_test,23,5,5,16,tiny-imagenet_resnet18,rand,gf50,none
XGBClassifier,1.0,1.0,1.0,1.0,iid_train,23,5,5,16,tiny-imagenet_resnet18,rand,gf50,none
XGBClassifier,0.6956521739130435,0.6956521739130435,0.6971428571428572,0.6950757575757576,iid_test,24,5,5,16,tiny-imagenet_resnet18,rand,gf50,none
XGBClassifier,1.0,1.0,1.0,1.0,iid_train,24,5,5,16,tiny-imagenet_resnet18,rand,gf50,none
XGBClassifier,0.574468085106383,0.5706521739130435,0.58125,0.5582706766917294,iid_test,0,5,5,17,tiny-imagenet_resnet18,rand,gf50,none
XGBClassifier,1.0,1.0,1.0,1.0,iid_train,0,5,5,17,tiny-imagenet_resnet18,rand,gf50,none
XGBClassifier,0.6808510638297872,0.6829710144927537,0.6898496240601504,0.6785225718194254,iid_test,1,5,5,17,tiny-imagenet_resnet18,rand,gf50,none
XGBClassifier,1.0,1.0,1.0,1.0,iid_train,1,5,5,17,tiny-imagenet_resnet18,rand,gf50,none
XGBClassifier,0.782608695652174,0.7826086956521738,0.7847619047619048,0.7821969696969697,iid_test,2,5,5,17,tiny-imagenet_resnet18,rand,gf50,none
XGBClassifier,1.0,1.0,1.0,1.0,iid_train,2,5,5,17,tiny-imagenet_resnet18,rand,gf50,none
XGBClassifier,0.6739130434782609,0.6739130434782609,0.676923076923077,0.6725201708590414,iid_test,3,5,5,17,tiny-imagenet_resnet18,rand,gf50,none
XGBClassifier,1.0,1.0,1.0,1.0,iid_train,3,5,5,17,tiny-imagenet_resnet18,rand,gf50,none
XGBClassifier,0.6521739130434783,0.6521739130434783,0.6569200779727096,0.6495238095238096,iid_test,4,5,5,17,tiny-imagenet_resnet18,rand,gf50,none
XGBClassifier,1.0,1.0,1.0,1.0,iid_train,4,5,5,17,tiny-imagenet_resnet18,rand,gf50,none
XGBClassifier,0.6170212765957447,0.6168478260869565,0.6168478260869565,0.6168478260869565,iid_test,5,5,5,17,tiny-imagenet_resnet18,rand,gf50,none
XGBClassifier,1.0,1.0,1.0,1.0,iid_train,5,5,5,17,tiny-imagenet_resnet18,rand,gf50,none
XGBClassifier,0.6382978723404256,0.6376811594202898,0.6381818181818182,0.637641723356009,iid_test,6,5,5,17,tiny-imagenet_resnet18,rand,gf50,none
XGBClassifier,1.0,1.0,1.0,1.0,iid_train,6,5,5,17,tiny-imagenet_resnet18,rand,gf50,none
XGBClassifier,0.7391304347826086,0.7391304347826086,0.7565922920892495,0.7346153846153847,iid_test,7,5,5,17,tiny-imagenet_resnet18,rand,gf50,none
XGBClassifier,1.0,1.0,1.0,1.0,iid_train,7,5,5,17,tiny-imagenet_resnet18,rand,gf50,none
XGBClassifier,0.5652173913043478,0.5652173913043478,0.5699797160243407,0.5576923076923077,iid_test,8,5,5,17,tiny-imagenet_resnet18,rand,gf50,none
XGBClassifier,1.0,1.0,1.0,1.0,iid_train,8,5,5,17,tiny-imagenet_resnet18,rand,gf50,none
XGBClassifier,0.5434782608695652,0.5434782608695652,0.5456349206349207,0.5380200860832138,iid_test,9,5,5,17,tiny-imagenet_resnet18,rand,gf50,none
XGBClassifier,1.0,1.0,1.0,1.0,iid_train,9,5,5,17,tiny-imagenet_resnet18,rand,gf50,none
XGBClassifier,0.7021276595744681,0.7038043478260869,0.7083333333333333,0.7009090909090909,iid_test,10,5,5,17,tiny-imagenet_resnet18,rand,gf50,none
XGBClassifier,1.0,1.0,1.0,1.0,iid_train,10,5,5,17,tiny-imagenet_resnet18,rand,gf50,none
XGBClassifier,0.5957446808510638,0.5978260869565217,0.6015037593984962,0.5927952576379389,iid_test,11,5,5,17,tiny-imagenet_resnet18,rand,gf50,none
XGBClassifier,1.0,1.0,1.0,1.0,iid_train,11,5,5,17,tiny-imagenet_resnet18,rand,gf50,none
XGBClassifier,0.7391304347826086,0.7391304347826086,0.7391304347826086,0.7391304347826086,iid_test,12,5,5,17,tiny-imagenet_resnet18,rand,gf50,none
XGBClassifier,1.0,1.0,1.0,1.0,iid_train,12,5,5,17,tiny-imagenet_resnet18,rand,gf50,none
XGBClassifier,0.6521739130434783,0.6521739130434783,0.6521739130434783,0.6521739130434783,iid_test,13,5,5,17,tiny-imagenet_resnet18,rand,gf50,none
XGBClassifier,1.0,1.0,1.0,1.0,iid_train,13,5,5,17,tiny-imagenet_resnet18,rand,gf50,none
XGBClassifier,0.6304347826086957,0.6304347826086957,0.6306818181818181,0.6302600472813239,iid_test,14,5,5,17,tiny-imagenet_resnet18,rand,gf50,none
XGBClassifier,1.0,1.0,1.0,1.0,iid_train,14,5,5,17,tiny-imagenet_resnet18,rand,gf50,none
XGBClassifier,0.6595744680851063,0.6594202898550725,0.6594202898550725,0.6594202898550725,iid_test,15,5,5,17,tiny-imagenet_resnet18,rand,gf50,none
XGBClassifier,1.0,1.0,1.0,1.0,iid_train,15,5,5,17,tiny-imagenet_resnet18,rand,gf50,none
XGBClassifier,0.6595744680851063,0.6594202898550725,0.6594202898550725,0.6594202898550725,iid_test,16,5,5,17,tiny-imagenet_resnet18,rand,gf50,none
XGBClassifier,1.0,1.0,1.0,1.0,iid_train,16,5,5,17,tiny-imagenet_resnet18,rand,gf50,none
XGBClassifier,0.6521739130434783,0.6521739130434783,0.6569200779727096,0.6495238095238096,iid_test,17,5,5,17,tiny-imagenet_resnet18,rand,gf50,none
XGBClassifier,1.0,1.0,1.0,1.0,iid_train,17,5,5,17,tiny-imagenet_resnet18,rand,gf50,none
XGBClassifier,0.6956521739130435,0.6956521739130435,0.7017543859649122,0.6933333333333334,iid_test,18,5,5,17,tiny-imagenet_resnet18,rand,gf50,none
XGBClassifier,1.0,1.0,1.0,1.0,iid_train,18,5,5,17,tiny-imagenet_resnet18,rand,gf50,none
XGBClassifier,0.6956521739130435,0.6956521739130435,0.6971428571428572,0.6950757575757576,iid_test,19,5,5,17,tiny-imagenet_resnet18,rand,gf50,none
XGBClassifier,1.0,1.0,1.0,1.0,iid_train,19,5,5,17,tiny-imagenet_resnet18,rand,gf50,none
XGBClassifier,0.5957446808510638,0.5978260869565217,0.6015037593984962,0.5927952576379389,iid_test,20,5,5,17,tiny-imagenet_resnet18,rand,gf50,none
XGBClassifier,1.0,1.0,1.0,1.0,iid_train,20,5,5,17,tiny-imagenet_resnet18,rand,gf50,none
XGBClassifier,0.723404255319149,0.7219202898550725,0.7268518518518519,0.7213862289101687,iid_test,21,5,5,17,tiny-imagenet_resnet18,rand,gf50,none
XGBClassifier,1.0,1.0,1.0,1.0,iid_train,21,5,5,17,tiny-imagenet_resnet18,rand,gf50,none
XGBClassifier,0.5217391304347826,0.5217391304347826,0.5219047619047619,0.5208333333333333,iid_test,22,5,5,17,tiny-imagenet_resnet18,rand,gf50,none
XGBClassifier,1.0,1.0,1.0,1.0,iid_train,22,5,5,17,tiny-imagenet_resnet18,rand,gf50,none
XGBClassifier,0.5869565217391305,0.5869565217391304,0.5871212121212122,0.5867612293144208,iid_test,23,5,5,17,tiny-imagenet_resnet18,rand,gf50,none
XGBClassifier,1.0,1.0,1.0,1.0,iid_train,23,5,5,17,tiny-imagenet_resnet18,rand,gf50,none
XGBClassifier,0.6521739130434783,0.6521739130434783,0.6533333333333333,0.6515151515151515,iid_test,24,5,5,17,tiny-imagenet_resnet18,rand,gf50,none
XGBClassifier,1.0,1.0,1.0,1.0,iid_train,24,5,5,17,tiny-imagenet_resnet18,rand,gf50,none
XGBClassifier,0.6595744680851063,0.6603260869565217,0.6609090909090909,0.6594202898550725,iid_test,0,5,5,18,tiny-imagenet_resnet18,rand,gf50,none
XGBClassifier,1.0,1.0,1.0,1.0,iid_train,0,5,5,18,tiny-imagenet_resnet18,rand,gf50,none
XGBClassifier,0.5957446808510638,0.5960144927536233,0.5960144927536233,0.5957446808510638,iid_test,1,5,5,18,tiny-imagenet_resnet18,rand,gf50,none
XGBClassifier,1.0,1.0,1.0,1.0,iid_train,1,5,5,18,tiny-imagenet_resnet18,rand,gf50,none
XGBClassifier,0.6304347826086957,0.6304347826086957,0.6306818181818181,0.6302600472813239,iid_test,2,5,5,18,tiny-imagenet_resnet18,rand,gf50,none
XGBClassifier,1.0,1.0,1.0,1.0,iid_train,2,5,5,18,tiny-imagenet_resnet18,rand,gf50,none
XGBClassifier,0.6739130434782609,0.6739130434782609,0.6742424242424242,0.6737588652482269,iid_test,3,5,5,18,tiny-imagenet_resnet18,rand,gf50,none
XGBClassifier,1.0,1.0,1.0,1.0,iid_train,3,5,5,18,tiny-imagenet_resnet18,rand,gf50,none
XGBClassifier,0.7608695652173914,0.7608695652173914,0.7613636363636364,0.7607565011820331,iid_test,4,5,5,18,tiny-imagenet_resnet18,rand,gf50,none
XGBClassifier,1.0,1.0,1.0,1.0,iid_train,4,5,5,18,tiny-imagenet_resnet18,rand,gf50,none
XGBClassifier,0.5957446808510638,0.5942028985507246,0.5962962962962963,0.5927952576379389,iid_test,5,5,5,18,tiny-imagenet_resnet18,rand,gf50,none
XGBClassifier,1.0,1.0,1.0,1.0,iid_train,5,5,5,18,tiny-imagenet_resnet18,rand,gf50,none
XGBClassifier,0.6382978723404256,0.6394927536231885,0.641025641025641,0.637641723356009,iid_test,6,5,5,18,tiny-imagenet_resnet18,rand,gf50,none
XGBClassifier,1.0,1.0,1.0,1.0,iid_train,6,5,5,18,tiny-imagenet_resnet18,rand,gf50,none
XGBClassifier,0.6304347826086957,0.6304347826086956,0.6326923076923077,0.6288561936402468,iid_test,7,5,5,18,tiny-imagenet_resnet18,rand,gf50,none
XGBClassifier,1.0,1.0,1.0,1.0,iid_train,7,5,5,18,tiny-imagenet_resnet18,rand,gf50,none
XGBClassifier,0.6521739130434783,0.6521739130434783,0.6533333333333333,0.6515151515151515,iid_test,8,5,5,18,tiny-imagenet_resnet18,rand,gf50,none
XGBClassifier,1.0,1.0,1.0,1.0,iid_train,8,5,5,18,tiny-imagenet_resnet18,rand,gf50,none
XGBClassifier,0.6956521739130435,0.6956521739130435,0.6971428571428572,0.6950757575757576,iid_test,9,5,5,18,tiny-imagenet_resnet18,rand,gf50,none
XGBClassifier,1.0,1.0,1.0,1.0,iid_train,9,5,5,18,tiny-imagenet_resnet18,rand,gf50,none
XGBClassifier,0.723404255319149,0.723731884057971,0.723731884057971,0.723404255319149,iid_test,10,5,5,18,tiny-imagenet_resnet18,rand,gf50,none
XGBClassifier,1.0,1.0,1.0,1.0,iid_train,10,5,5,18,tiny-imagenet_resnet18,rand,gf50,none
XGBClassifier,0.6170212765957447,0.6177536231884058,0.6181818181818182,0.6168478260869565,iid_test,11,5,5,18,tiny-imagenet_resnet18,rand,gf50,none
XGBClassifier,1.0,1.0,1.0,1.0,iid_train,11,5,5,18,tiny-imagenet_resnet18,rand,gf50,none
XGBClassifier,0.5869565217391305,0.5869565217391304,0.5871212121212122,0.5867612293144208,iid_test,12,5,5,18,tiny-imagenet_resnet18,rand,gf50,none
XGBClassifier,1.0,1.0,1.0,1.0,iid_train,12,5,5,18,tiny-imagenet_resnet18,rand,gf50,none
XGBClassifier,0.717391304347826,0.7173913043478262,0.7281746031746033,0.7140124342419896,iid_test,13,5,5,18,tiny-imagenet_resnet18,rand,gf50,none
XGBClassifier,1.0,1.0,1.0,1.0,iid_train,13,5,5,18,tiny-imagenet_resnet18,rand,gf50,none
XGBClassifier,0.6521739130434783,0.6521739130434783,0.6533333333333333,0.6515151515151515,iid_test,14,5,5,18,tiny-imagenet_resnet18,rand,gf50,none
XGBClassifier,1.0,1.0,1.0,1.0,iid_train,14,5,5,18,tiny-imagenet_resnet18,rand,gf50,none
XGBClassifier,0.6382978723404256,0.6385869565217391,0.6385869565217391,0.6382978723404256,iid_test,15,5,5,18,tiny-imagenet_resnet18,rand,gf50,none
XGBClassifier,1.0,1.0,1.0,1.0,iid_train,15,5,5,18,tiny-imagenet_resnet18,rand,gf50,none
XGBClassifier,0.6382978723404256,0.6394927536231885,0.641025641025641,0.637641723356009,iid_test,16,5,5,18,tiny-imagenet_resnet18,rand,gf50,none
XGBClassifier,1.0,1.0,1.0,1.0,iid_train,16,5,5,18,tiny-imagenet_resnet18,rand,gf50,none
XGBClassifier,0.6304347826086957,0.6304347826086956,0.6326923076923077,0.6288561936402468,iid_test,17,5,5,18,tiny-imagenet_resnet18,rand,gf50,none
XGBClassifier,1.0,1.0,1.0,1.0,iid_train,17,5,5,18,tiny-imagenet_resnet18,rand,gf50,none
XGBClassifier,0.6304347826086957,0.6304347826086956,0.6326923076923077,0.6288561936402468,iid_test,18,5,5,18,tiny-imagenet_resnet18,rand,gf50,none
XGBClassifier,1.0,1.0,1.0,1.0,iid_train,18,5,5,18,tiny-imagenet_resnet18,rand,gf50,none
XGBClassifier,0.6956521739130435,0.6956521739130435,0.6971428571428572,0.6950757575757576,iid_test,19,5,5,18,tiny-imagenet_resnet18,rand,gf50,none
XGBClassifier,1.0,1.0,1.0,1.0,iid_train,19,5,5,18,tiny-imagenet_resnet18,rand,gf50,none
XGBClassifier,0.5319148936170213,0.5317028985507246,0.5317028985507246,0.5317028985507246,iid_test,20,5,5,18,tiny-imagenet_resnet18,rand,gf50,none
XGBClassifier,1.0,1.0,1.0,1.0,iid_train,20,5,5,18,tiny-imagenet_resnet18,rand,gf50,none
XGBClassifier,0.7021276595744681,0.7028985507246377,0.7036363636363636,0.7019927536231885,iid_test,21,5,5,18,tiny-imagenet_resnet18,rand,gf50,none
XGBClassifier,1.0,1.0,1.0,1.0,iid_train,21,5,5,18,tiny-imagenet_resnet18,rand,gf50,none
XGBClassifier,0.6304347826086957,0.6304347826086956,0.6369047619047619,0.6260162601626016,iid_test,22,5,5,18,tiny-imagenet_resnet18,rand,gf50,none
XGBClassifier,1.0,1.0,1.0,1.0,iid_train,22,5,5,18,tiny-imagenet_resnet18,rand,gf50,none
XGBClassifier,0.6739130434782609,0.6739130434782609,0.676923076923077,0.6725201708590414,iid_test,23,5,5,18,tiny-imagenet_resnet18,rand,gf50,none
XGBClassifier,1.0,1.0,1.0,1.0,iid_train,23,5,5,18,tiny-imagenet_resnet18,rand,gf50,none
XGBClassifier,0.6304347826086957,0.6304347826086957,0.6306818181818181,0.6302600472813239,iid_test,24,5,5,18,tiny-imagenet_resnet18,rand,gf50,none
XGBClassifier,1.0,1.0,1.0,1.0,iid_train,24,5,5,18,tiny-imagenet_resnet18,rand,gf50,none
XGBClassifier,0.7021276595744681,0.7047101449275363,0.7164750957854407,0.6987179487179487,iid_test,0,5,5,19,tiny-imagenet_resnet18,rand,gf50,none
XGBClassifier,1.0,1.0,1.0,1.0,iid_train,0,5,5,19,tiny-imagenet_resnet18,rand,gf50,none
XGBClassifier,0.6595744680851063,0.6594202898550725,0.6594202898550725,0.6594202898550725,iid_test,1,5,5,19,tiny-imagenet_resnet18,rand,gf50,none
XGBClassifier,1.0,1.0,1.0,1.0,iid_train,1,5,5,19,tiny-imagenet_resnet18,rand,gf50,none
XGBClassifier,0.5869565217391305,0.5869565217391304,0.5871212121212122,0.5867612293144208,iid_test,2,5,5,19,tiny-imagenet_resnet18,rand,gf50,none
XGBClassifier,1.0,1.0,1.0,1.0,iid_train,2,5,5,19,tiny-imagenet_resnet18,rand,gf50,none
XGBClassifier,0.6521739130434783,0.6521739130434783,0.6533333333333333,0.6515151515151515,iid_test,3,5,5,19,tiny-imagenet_resnet18,rand,gf50,none
XGBClassifier,1.0,1.0,1.0,1.0,iid_train,3,5,5,19,tiny-imagenet_resnet18,rand,gf50,none
XGBClassifier,0.6304347826086957,0.6304347826086957,0.6306818181818181,0.6302600472813239,iid_test,4,5,5,19,tiny-imagenet_resnet18,rand,gf50,none
XGBClassifier,1.0,1.0,1.0,1.0,iid_train,4,5,5,19,tiny-imagenet_resnet18,rand,gf50,none
XGBClassifier,0.7446808510638298,0.7472826086956521,0.7614942528735633,0.7417582417582418,iid_test,5,5,5,19,tiny-imagenet_resnet18,rand,gf50,none
XGBClassifier,1.0,1.0,1.0,1.0,iid_train,5,5,5,19,tiny-imagenet_resnet18,rand,gf50,none
XGBClassifier,0.7021276595744681,0.7047101449275363,0.7164750957854407,0.6987179487179487,iid_test,6,5,5,19,tiny-imagenet_resnet18,rand,gf50,none
XGBClassifier,1.0,1.0,1.0,1.0,iid_train,6,5,5,19,tiny-imagenet_resnet18,rand,gf50,none
XGBClassifier,0.6521739130434783,0.6521739130434783,0.6533333333333333,0.6515151515151515,iid_test,7,5,5,19,tiny-imagenet_resnet18,rand,gf50,none
XGBClassifier,1.0,1.0,1.0,1.0,iid_train,7,5,5,19,tiny-imagenet_resnet18,rand,gf50,none
XGBClassifier,0.6956521739130435,0.6956521739130435,0.6971428571428572,0.6950757575757576,iid_test,8,5,5,19,tiny-imagenet_resnet18,rand,gf50,none
XGBClassifier,1.0,1.0,1.0,1.0,iid_train,8,5,5,19,tiny-imagenet_resnet18,rand,gf50,none
XGBClassifier,0.6304347826086957,0.6304347826086957,0.6306818181818181,0.6302600472813239,iid_test,9,5,5,19,tiny-imagenet_resnet18,rand,gf50,none
XGBClassifier,1.0,1.0,1.0,1.0,iid_train,9,5,5,19,tiny-imagenet_resnet18,rand,gf50,none
XGBClassifier,0.574468085106383,0.572463768115942,0.575187969924812,0.5695970695970696,iid_test,10,5,5,19,tiny-imagenet_resnet18,rand,gf50,none
XGBClassifier,1.0,1.0,1.0,1.0,iid_train,10,5,5,19,tiny-imagenet_resnet18,rand,gf50,none
XGBClassifier,0.7659574468085106,0.7681159420289855,0.7781954887218046,0.7642498860009119,iid_test,11,5,5,19,tiny-imagenet_resnet18,rand,gf50,none
XGBClassifier,1.0,1.0,1.0,1.0,iid_train,11,5,5,19,tiny-imagenet_resnet18,rand,gf50,none
XGBClassifier,0.6086956521739131,0.6086956521739131,0.6086956521739131,0.6086956521739131,iid_test,12,5,5,19,tiny-imagenet_resnet18,rand,gf50,none
XGBClassifier,1.0,1.0,1.0,1.0,iid_train,12,5,5,19,tiny-imagenet_resnet18,rand,gf50,none
XGBClassifier,0.6304347826086957,0.6304347826086957,0.6306818181818181,0.6302600472813239,iid_test,13,5,5,19,tiny-imagenet_resnet18,rand,gf50,none
XGBClassifier,1.0,1.0,1.0,1.0,iid_train,13,5,5,19,tiny-imagenet_resnet18,rand,gf50,none
XGBClassifier,0.6304347826086957,0.6304347826086956,0.6326923076923077,0.6288561936402468,iid_test,14,5,5,19,tiny-imagenet_resnet18,rand,gf50,none
XGBClassifier,1.0,1.0,1.0,1.0,iid_train,14,5,5,19,tiny-imagenet_resnet18,rand,gf50,none
XGBClassifier,0.7446808510638298,0.743659420289855,0.7463369963369964,0.7436363636363637,iid_test,15,5,5,19,tiny-imagenet_resnet18,rand,gf50,none
XGBClassifier,1.0,1.0,1.0,1.0,iid_train,15,5,5,19,tiny-imagenet_resnet18,rand,gf50,none
XGBClassifier,0.7021276595744681,0.7010869565217391,0.7032967032967032,0.7009090909090909,iid_test,16,5,5,19,tiny-imagenet_resnet18,rand,gf50,none
XGBClassifier,1.0,1.0,1.0,1.0,iid_train,16,5,5,19,tiny-imagenet_resnet18,rand,gf50,none
XGBClassifier,0.6304347826086957,0.6304347826086956,0.6326923076923077,0.6288561936402468,iid_test,17,5,5,19,tiny-imagenet_resnet18,rand,gf50,none
XGBClassifier,1.0,1.0,1.0,1.0,iid_train,17,5,5,19,tiny-imagenet_resnet18,rand,gf50,none
XGBClassifier,0.6956521739130435,0.6956521739130435,0.6956521739130435,0.6956521739130435,iid_test,18,5,5,19,tiny-imagenet_resnet18,rand,gf50,none
XGBClassifier,1.0,1.0,1.0,1.0,iid_train,18,5,5,19,tiny-imagenet_resnet18,rand,gf50,none
XGBClassifier,0.7391304347826086,0.7391304347826086,0.7391304347826086,0.7391304347826086,iid_test,19,5,5,19,tiny-imagenet_resnet18,rand,gf50,none
XGBClassifier,1.0,1.0,1.0,1.0,iid_train,19,5,5,19,tiny-imagenet_resnet18,rand,gf50,none
XGBClassifier,0.7021276595744681,0.7047101449275363,0.7164750957854407,0.6987179487179487,iid_test,20,5,5,19,tiny-imagenet_resnet18,rand,gf50,none
XGBClassifier,1.0,1.0,1.0,1.0,iid_train,20,5,5,19,tiny-imagenet_resnet18,rand,gf50,none
XGBClassifier,0.7659574468085106,0.7681159420289855,0.7781954887218046,0.7642498860009119,iid_test,21,5,5,19,tiny-imagenet_resnet18,rand,gf50,none
XGBClassifier,1.0,1.0,1.0,1.0,iid_train,21,5,5,19,tiny-imagenet_resnet18,rand,gf50,none
XGBClassifier,0.6739130434782609,0.6739130434782609,0.676923076923077,0.6725201708590414,iid_test,22,5,5,19,tiny-imagenet_resnet18,rand,gf50,none
XGBClassifier,1.0,1.0,1.0,1.0,iid_train,22,5,5,19,tiny-imagenet_resnet18,rand,gf50,none
XGBClassifier,0.782608695652174,0.7826086956521738,0.7847619047619048,0.7821969696969697,iid_test,23,5,5,19,tiny-imagenet_resnet18,rand,gf50,none
XGBClassifier,1.0,1.0,1.0,1.0,iid_train,23,5,5,19,tiny-imagenet_resnet18,rand,gf50,none
XGBClassifier,0.782608695652174,0.7826086956521738,0.7847619047619048,0.7821969696969697,iid_test,24,5,5,19,tiny-imagenet_resnet18,rand,gf50,none
XGBClassifier,1.0,1.0,1.0,1.0,iid_train,24,5,5,19,tiny-imagenet_resnet18,rand,gf50,none
XGBClassifier,0.7446808510638298,0.7445652173913043,0.7445652173913043,0.7445652173913043,iid_test,0,5,5,20,tiny-imagenet_resnet18,rand,gf50,none
XGBClassifier,1.0,1.0,1.0,1.0,iid_train,0,5,5,20,tiny-imagenet_resnet18,rand,gf50,none
XGBClassifier,0.5957446808510638,0.5960144927536233,0.5960144927536233,0.5957446808510638,iid_test,1,5,5,20,tiny-imagenet_resnet18,rand,gf50,none
XGBClassifier,1.0,1.0,1.0,1.0,iid_train,1,5,5,20,tiny-imagenet_resnet18,rand,gf50,none
XGBClassifier,0.6521739130434783,0.6521739130434783,0.6533333333333333,0.6515151515151515,iid_test,2,5,5,20,tiny-imagenet_resnet18,rand,gf50,none
XGBClassifier,1.0,1.0,1.0,1.0,iid_train,2,5,5,20,tiny-imagenet_resnet18,rand,gf50,none
XGBClassifier,0.6956521739130435,0.6956521739130435,0.6971428571428572,0.6950757575757576,iid_test,3,5,5,20,tiny-imagenet_resnet18,rand,gf50,none
XGBClassifier,1.0,1.0,1.0,1.0,iid_train,3,5,5,20,tiny-imagenet_resnet18,rand,gf50,none
XGBClassifier,0.5434782608695652,0.5434782608695652,0.543560606060606,0.5432624113475177,iid_test,4,5,5,20,tiny-imagenet_resnet18,rand,gf50,none
XGBClassifier,1.0,1.0,1.0,1.0,iid_train,4,5,5,20,tiny-imagenet_resnet18,rand,gf50,none
XGBClassifier,0.6382978723404256,0.634963768115942,0.6502016129032258,0.6275058275058275,iid_test,5,5,5,20,tiny-imagenet_resnet18,rand,gf50,none
XGBClassifier,1.0,1.0,1.0,1.0,iid_train,5,5,5,20,tiny-imagenet_resnet18,rand,gf50,none
XGBClassifier,0.6808510638297872,0.6802536231884058,0.6809090909090909,0.6802721088435374,iid_test,6,5,5,20,tiny-imagenet_resnet18,rand,gf50,none
XGBClassifier,1.0,1.0,1.0,1.0,iid_train,6,5,5,20,tiny-imagenet_resnet18,rand,gf50,none
XGBClassifier,0.6956521739130435,0.6956521739130435,0.6971428571428572,0.6950757575757576,iid_test,7,5,5,20,tiny-imagenet_resnet18,rand,gf50,none
XGBClassifier,1.0,1.0,1.0,1.0,iid_train,7,5,5,20,tiny-imagenet_resnet18,rand,gf50,none
XGBClassifier,0.5869565217391305,0.5869565217391304,0.5871212121212122,0.5867612293144208,iid_test,8,5,5,20,tiny-imagenet_resnet18,rand,gf50,none
XGBClassifier,1.0,1.0,1.0,1.0,iid_train,8,5,5,20,tiny-imagenet_resnet18,rand,gf50,none
XGBClassifier,0.7391304347826086,0.7391304347826086,0.746588693957115,0.7371428571428571,iid_test,9,5,5,20,tiny-imagenet_resnet18,rand,gf50,none
XGBClassifier,1.0,1.0,1.0,1.0,iid_train,9,5,5,20,tiny-imagenet_resnet18,rand,gf50,none
XGBClassifier,0.6170212765957447,0.6141304347826086,0.6235294117647059,0.6083333333333334,iid_test,10,5,5,20,tiny-imagenet_resnet18,rand,gf50,none
XGBClassifier,1.0,1.0,1.0,1.0,iid_train,10,5,5,20,tiny-imagenet_resnet18,rand,gf50,none
XGBClassifier,0.723404255319149,0.7246376811594203,0.7271062271062271,0.7229024943310658,iid_test,11,5,5,20,tiny-imagenet_resnet18,rand,gf50,none
XGBClassifier,1.0,1.0,1.0,1.0,iid_train,11,5,5,20,tiny-imagenet_resnet18,rand,gf50,none
XGBClassifier,0.6521739130434783,0.6521739130434783,0.6521739130434783,0.6521739130434783,iid_test,12,5,5,20,tiny-imagenet_resnet18,rand,gf50,none
XGBClassifier,1.0,1.0,1.0,1.0,iid_train,12,5,5,20,tiny-imagenet_resnet18,rand,gf50,none
XGBClassifier,0.6304347826086957,0.6304347826086956,0.6326923076923077,0.6288561936402468,iid_test,13,5,5,20,tiny-imagenet_resnet18,rand,gf50,none
XGBClassifier,1.0,1.0,1.0,1.0,iid_train,13,5,5,20,tiny-imagenet_resnet18,rand,gf50,none
XGBClassifier,0.6956521739130435,0.6956521739130435,0.6956521739130435,0.6956521739130435,iid_test,14,5,5,20,tiny-imagenet_resnet18,rand,gf50,none
XGBClassifier,1.0,1.0,1.0,1.0,iid_train,14,5,5,20,tiny-imagenet_resnet18,rand,gf50,none
XGBClassifier,0.8085106382978723,0.8052536231884058,0.8397177419354839,0.8027972027972028,iid_test,15,5,5,20,tiny-imagenet_resnet18,rand,gf50,none
XGBClassifier,1.0,1.0,1.0,1.0,iid_train,15,5,5,20,tiny-imagenet_resnet18,rand,gf50,none
XGBClassifier,0.7021276595744681,0.7028985507246377,0.7036363636363636,0.7019927536231885,iid_test,16,5,5,20,tiny-imagenet_resnet18,rand,gf50,none
XGBClassifier,1.0,1.0,1.0,1.0,iid_train,16,5,5,20,tiny-imagenet_resnet18,rand,gf50,none
XGBClassifier,0.7391304347826086,0.7391304347826086,0.7391304347826086,0.7391304347826086,iid_test,17,5,5,20,tiny-imagenet_resnet18,rand,gf50,none
XGBClassifier,1.0,1.0,1.0,1.0,iid_train,17,5,5,20,tiny-imagenet_resnet18,rand,gf50,none
XGBClassifier,0.7608695652173914,0.7608695652173914,0.7653846153846153,0.7598481252966303,iid_test,18,5,5,20,tiny-imagenet_resnet18,rand,gf50,none
XGBClassifier,1.0,1.0,1.0,1.0,iid_train,18,5,5,20,tiny-imagenet_resnet18,rand,gf50,none
XGBClassifier,0.782608695652174,0.782608695652174,0.782608695652174,0.782608695652174,iid_test,19,5,5,20,tiny-imagenet_resnet18,rand,gf50,none
XGBClassifier,1.0,1.0,1.0,1.0,iid_train,19,5,5,20,tiny-imagenet_resnet18,rand,gf50,none
XGBClassifier,0.6808510638297872,0.6829710144927537,0.6898496240601504,0.6785225718194254,iid_test,20,5,5,20,tiny-imagenet_resnet18,rand,gf50,none
XGBClassifier,1.0,1.0,1.0,1.0,iid_train,20,5,5,20,tiny-imagenet_resnet18,rand,gf50,none
XGBClassifier,0.6595744680851063,0.661231884057971,0.6648148148148147,0.6581818181818182,iid_test,21,5,5,20,tiny-imagenet_resnet18,rand,gf50,none
XGBClassifier,1.0,1.0,1.0,1.0,iid_train,21,5,5,20,tiny-imagenet_resnet18,rand,gf50,none
XGBClassifier,0.6956521739130435,0.6956521739130435,0.6971428571428572,0.6950757575757576,iid_test,22,5,5,20,tiny-imagenet_resnet18,rand,gf50,none
XGBClassifier,1.0,1.0,1.0,1.0,iid_train,22,5,5,20,tiny-imagenet_resnet18,rand,gf50,none
XGBClassifier,0.717391304347826,0.717391304347826,0.7178030303030303,0.7172576832151301,iid_test,23,5,5,20,tiny-imagenet_resnet18,rand,gf50,none
XGBClassifier,1.0,1.0,1.0,1.0,iid_train,23,5,5,20,tiny-imagenet_resnet18,rand,gf50,none
XGBClassifier,0.7391304347826086,0.7391304347826086,0.7409523809523809,0.7386363636363636,iid_test,24,5,5,20,tiny-imagenet_resnet18,rand,gf50,none
XGBClassifier,1.0,1.0,1.0,1.0,iid_train,24,5,5,20,tiny-imagenet_resnet18,rand,gf50,none
XGBClassifier,0.9574468085106383,0.9565217391304348,0.9615384615384616,0.9572727272727273,iid_test,0,5,5,21,tiny-imagenet_resnet18,rand,gf50,none
XGBClassifier,1.0,1.0,1.0,1.0,iid_train,0,5,5,21,tiny-imagenet_resnet18,rand,gf50,none
XGBClassifier,0.9361702127659575,0.9356884057971014,0.9372727272727273,0.9360544217687075,iid_test,1,5,5,21,tiny-imagenet_resnet18,rand,gf50,none
XGBClassifier,1.0,1.0,1.0,1.0,iid_train,1,5,5,21,tiny-imagenet_resnet18,rand,gf50,none
XGBClassifier,0.9565217391304348,0.9565217391304348,0.9565217391304348,0.9565217391304348,iid_test,2,5,5,21,tiny-imagenet_resnet18,rand,gf50,none
XGBClassifier,1.0,1.0,1.0,1.0,iid_train,2,5,5,21,tiny-imagenet_resnet18,rand,gf50,none
XGBClassifier,0.9130434782608695,0.9130434782608696,0.9161904761904762,0.9128787878787878,iid_test,3,5,5,21,tiny-imagenet_resnet18,rand,gf50,none
XGBClassifier,1.0,1.0,1.0,1.0,iid_train,3,5,5,21,tiny-imagenet_resnet18,rand,gf50,none
XGBClassifier,0.9565217391304348,0.9565217391304348,0.9565217391304348,0.9565217391304348,iid_test,4,5,5,21,tiny-imagenet_resnet18,rand,gf50,none
XGBClassifier,1.0,1.0,1.0,1.0,iid_train,4,5,5,21,tiny-imagenet_resnet18,rand,gf50,none
XGBClassifier,0.9148936170212766,0.9139492753623188,0.9184981684981685,0.9145454545454546,iid_test,5,5,5,21,tiny-imagenet_resnet18,rand,gf50,none
XGBClassifier,1.0,1.0,1.0,1.0,iid_train,5,5,5,21,tiny-imagenet_resnet18,rand,gf50,none
XGBClassifier,0.9574468085106383,0.957427536231884,0.957427536231884,0.957427536231884,iid_test,6,5,5,21,tiny-imagenet_resnet18,rand,gf50,none
XGBClassifier,1.0,1.0,1.0,1.0,iid_train,6,5,5,21,tiny-imagenet_resnet18,rand,gf50,none
XGBClassifier,0.9347826086956522,0.9347826086956521,0.9356060606060606,0.9347517730496454,iid_test,7,5,5,21,tiny-imagenet_resnet18,rand,gf50,none
XGBClassifier,1.0,1.0,1.0,1.0,iid_train,7,5,5,21,tiny-imagenet_resnet18,rand,gf50,none
XGBClassifier,0.9347826086956522,0.9347826086956521,0.9423076923076923,0.9345040341718083,iid_test,8,5,5,21,tiny-imagenet_resnet18,rand,gf50,none
XGBClassifier,1.0,1.0,1.0,1.0,iid_train,8,5,5,21,tiny-imagenet_resnet18,rand,gf50,none
XGBClassifier,0.9782608695652174,0.9782608695652174,0.9791666666666667,0.9782505910165484,iid_test,9,5,5,21,tiny-imagenet_resnet18,rand,gf50,none
XGBClassifier,1.0,1.0,1.0,1.0,iid_train,9,5,5,21,tiny-imagenet_resnet18,rand,gf50,none
XGBClassifier,0.9148936170212766,0.9139492753623188,0.9184981684981685,0.9145454545454546,iid_test,10,5,5,21,tiny-imagenet_resnet18,rand,gf50,none
XGBClassifier,1.0,1.0,1.0,1.0,iid_train,10,5,5,21,tiny-imagenet_resnet18,rand,gf50,none
XGBClassifier,0.8936170212765957,0.8958333333333333,0.9107142857142857,0.8928408572731419,iid_test,11,5,5,21,tiny-imagenet_resnet18,rand,gf50,none
XGBClassifier,1.0,1.0,1.0,1.0,iid_train,11,5,5,21,tiny-imagenet_resnet18,rand,gf50,none
XGBClassifier,0.9130434782608695,0.9130434782608696,0.9259259259259259,0.9123809523809524,iid_test,12,5,5,21,tiny-imagenet_resnet18,rand,gf50,none
XGBClassifier,1.0,1.0,1.0,1.0,iid_train,12,5,5,21,tiny-imagenet_resnet18,rand,gf50,none
XGBClassifier,0.9565217391304348,0.9565217391304348,0.96,0.956439393939394,iid_test,13,5,5,21,tiny-imagenet_resnet18,rand,gf50,none
XGBClassifier,1.0,1.0,1.0,1.0,iid_train,13,5,5,21,tiny-imagenet_resnet18,rand,gf50,none
XGBClassifier,0.9565217391304348,0.9565217391304348,0.9565217391304348,0.9565217391304348,iid_test,14,5,5,21,tiny-imagenet_resnet18,rand,gf50,none
XGBClassifier,1.0,1.0,1.0,1.0,iid_train,14,5,5,21,tiny-imagenet_resnet18,rand,gf50,none
XGBClassifier,0.9361702127659575,0.9365942028985508,0.9365942028985508,0.9361702127659575,iid_test,15,5,5,21,tiny-imagenet_resnet18,rand,gf50,none
XGBClassifier,1.0,1.0,1.0,1.0,iid_train,15,5,5,21,tiny-imagenet_resnet18,rand,gf50,none
XGBClassifier,0.851063829787234,0.8505434782608696,0.8518181818181818,0.8507936507936508,iid_test,16,5,5,21,tiny-imagenet_resnet18,rand,gf50,none
XGBClassifier,1.0,1.0,1.0,1.0,iid_train,16,5,5,21,tiny-imagenet_resnet18,rand,gf50,none
XGBClassifier,0.8695652173913043,0.8695652173913043,0.8723809523809524,0.8693181818181819,iid_test,17,5,5,21,tiny-imagenet_resnet18,rand,gf50,none
XGBClassifier,1.0,1.0,1.0,1.0,iid_train,17,5,5,21,tiny-imagenet_resnet18,rand,gf50,none
XGBClassifier,0.9347826086956522,0.9347826086956521,0.9356060606060606,0.9347517730496454,iid_test,18,5,5,21,tiny-imagenet_resnet18,rand,gf50,none
XGBClassifier,1.0,1.0,1.0,1.0,iid_train,18,5,5,21,tiny-imagenet_resnet18,rand,gf50,none
XGBClassifier,0.9347826086956522,0.9347826086956521,0.9356060606060606,0.9347517730496454,iid_test,19,5,5,21,tiny-imagenet_resnet18,rand,gf50,none
XGBClassifier,1.0,1.0,1.0,1.0,iid_train,19,5,5,21,tiny-imagenet_resnet18,rand,gf50,none
XGBClassifier,0.9787234042553191,0.9782608695652174,0.98,0.9786848072562357,iid_test,20,5,5,21,tiny-imagenet_resnet18,rand,gf50,none
XGBClassifier,1.0,1.0,1.0,1.0,iid_train,20,5,5,21,tiny-imagenet_resnet18,rand,gf50,none
XGBClassifier,0.9361702127659575,0.9356884057971014,0.9372727272727273,0.9360544217687075,iid_test,21,5,5,21,tiny-imagenet_resnet18,rand,gf50,none
XGBClassifier,1.0,1.0,1.0,1.0,iid_train,21,5,5,21,tiny-imagenet_resnet18,rand,gf50,none
XGBClassifier,0.9130434782608695,0.9130434782608695,0.9130434782608695,0.9130434782608695,iid_test,22,5,5,21,tiny-imagenet_resnet18,rand,gf50,none
XGBClassifier,1.0,1.0,1.0,1.0,iid_train,22,5,5,21,tiny-imagenet_resnet18,rand,gf50,none
XGBClassifier,0.9347826086956522,0.9347826086956521,0.9356060606060606,0.9347517730496454,iid_test,23,5,5,21,tiny-imagenet_resnet18,rand,gf50,none
XGBClassifier,1.0,1.0,1.0,1.0,iid_train,23,5,5,21,tiny-imagenet_resnet18,rand,gf50,none
XGBClassifier,0.9565217391304348,0.9565217391304348,0.96,0.956439393939394,iid_test,24,5,5,21,tiny-imagenet_resnet18,rand,gf50,none
XGBClassifier,1.0,1.0,1.0,1.0,iid_train,24,5,5,21,tiny-imagenet_resnet18,rand,gf50,none
XGBClassifier,1.0,1.0,1.0,1.0,iid_test,0,5,5,22,tiny-imagenet_resnet18,rand,gf50,none
XGBClassifier,1.0,1.0,1.0,1.0,iid_train,0,5,5,22,tiny-imagenet_resnet18,rand,gf50,none
XGBClassifier,1.0,1.0,1.0,1.0,iid_test,1,5,5,22,tiny-imagenet_resnet18,rand,gf50,none
XGBClassifier,1.0,1.0,1.0,1.0,iid_train,1,5,5,22,tiny-imagenet_resnet18,rand,gf50,none
XGBClassifier,1.0,1.0,1.0,1.0,iid_test,2,5,5,22,tiny-imagenet_resnet18,rand,gf50,none
XGBClassifier,1.0,1.0,1.0,1.0,iid_train,2,5,5,22,tiny-imagenet_resnet18,rand,gf50,none
XGBClassifier,1.0,1.0,1.0,1.0,iid_test,3,5,5,22,tiny-imagenet_resnet18,rand,gf50,none
XGBClassifier,1.0,1.0,1.0,1.0,iid_train,3,5,5,22,tiny-imagenet_resnet18,rand,gf50,none
XGBClassifier,1.0,1.0,1.0,1.0,iid_test,4,5,5,22,tiny-imagenet_resnet18,rand,gf50,none
XGBClassifier,1.0,1.0,1.0,1.0,iid_train,4,5,5,22,tiny-imagenet_resnet18,rand,gf50,none
XGBClassifier,1.0,1.0,1.0,1.0,iid_test,5,5,5,22,tiny-imagenet_resnet18,rand,gf50,none
XGBClassifier,1.0,1.0,1.0,1.0,iid_train,5,5,5,22,tiny-imagenet_resnet18,rand,gf50,none
XGBClassifier,1.0,1.0,1.0,1.0,iid_test,6,5,5,22,tiny-imagenet_resnet18,rand,gf50,none
XGBClassifier,1.0,1.0,1.0,1.0,iid_train,6,5,5,22,tiny-imagenet_resnet18,rand,gf50,none
XGBClassifier,1.0,1.0,1.0,1.0,iid_test,7,5,5,22,tiny-imagenet_resnet18,rand,gf50,none
XGBClassifier,1.0,1.0,1.0,1.0,iid_train,7,5,5,22,tiny-imagenet_resnet18,rand,gf50,none
XGBClassifier,1.0,1.0,1.0,1.0,iid_test,8,5,5,22,tiny-imagenet_resnet18,rand,gf50,none
XGBClassifier,1.0,1.0,1.0,1.0,iid_train,8,5,5,22,tiny-imagenet_resnet18,rand,gf50,none
XGBClassifier,1.0,1.0,1.0,1.0,iid_test,9,5,5,22,tiny-imagenet_resnet18,rand,gf50,none
XGBClassifier,1.0,1.0,1.0,1.0,iid_train,9,5,5,22,tiny-imagenet_resnet18,rand,gf50,none
XGBClassifier,1.0,1.0,1.0,1.0,iid_test,10,5,5,22,tiny-imagenet_resnet18,rand,gf50,none
XGBClassifier,1.0,1.0,1.0,1.0,iid_train,10,5,5,22,tiny-imagenet_resnet18,rand,gf50,none
XGBClassifier,1.0,1.0,1.0,1.0,iid_test,11,5,5,22,tiny-imagenet_resnet18,rand,gf50,none
XGBClassifier,1.0,1.0,1.0,1.0,iid_train,11,5,5,22,tiny-imagenet_resnet18,rand,gf50,none
XGBClassifier,1.0,1.0,1.0,1.0,iid_test,12,5,5,22,tiny-imagenet_resnet18,rand,gf50,none
XGBClassifier,1.0,1.0,1.0,1.0,iid_train,12,5,5,22,tiny-imagenet_resnet18,rand,gf50,none
XGBClassifier,1.0,1.0,1.0,1.0,iid_test,13,5,5,22,tiny-imagenet_resnet18,rand,gf50,none
XGBClassifier,1.0,1.0,1.0,1.0,iid_train,13,5,5,22,tiny-imagenet_resnet18,rand,gf50,none
XGBClassifier,1.0,1.0,1.0,1.0,iid_test,14,5,5,22,tiny-imagenet_resnet18,rand,gf50,none
XGBClassifier,1.0,1.0,1.0,1.0,iid_train,14,5,5,22,tiny-imagenet_resnet18,rand,gf50,none
XGBClassifier,1.0,1.0,1.0,1.0,iid_test,15,5,5,22,tiny-imagenet_resnet18,rand,gf50,none
XGBClassifier,1.0,1.0,1.0,1.0,iid_train,15,5,5,22,tiny-imagenet_resnet18,rand,gf50,none
XGBClassifier,1.0,1.0,1.0,1.0,iid_test,16,5,5,22,tiny-imagenet_resnet18,rand,gf50,none
XGBClassifier,1.0,1.0,1.0,1.0,iid_train,16,5,5,22,tiny-imagenet_resnet18,rand,gf50,none
XGBClassifier,1.0,1.0,1.0,1.0,iid_test,17,5,5,22,tiny-imagenet_resnet18,rand,gf50,none
XGBClassifier,1.0,1.0,1.0,1.0,iid_train,17,5,5,22,tiny-imagenet_resnet18,rand,gf50,none
XGBClassifier,1.0,1.0,1.0,1.0,iid_test,18,5,5,22,tiny-imagenet_resnet18,rand,gf50,none
XGBClassifier,1.0,1.0,1.0,1.0,iid_train,18,5,5,22,tiny-imagenet_resnet18,rand,gf50,none
XGBClassifier,1.0,1.0,1.0,1.0,iid_test,19,5,5,22,tiny-imagenet_resnet18,rand,gf50,none
XGBClassifier,1.0,1.0,1.0,1.0,iid_train,19,5,5,22,tiny-imagenet_resnet18,rand,gf50,none
XGBClassifier,1.0,1.0,1.0,1.0,iid_test,20,5,5,22,tiny-imagenet_resnet18,rand,gf50,none
XGBClassifier,1.0,1.0,1.0,1.0,iid_train,20,5,5,22,tiny-imagenet_resnet18,rand,gf50,none
XGBClassifier,1.0,1.0,1.0,1.0,iid_test,21,5,5,22,tiny-imagenet_resnet18,rand,gf50,none
XGBClassifier,1.0,1.0,1.0,1.0,iid_train,21,5,5,22,tiny-imagenet_resnet18,rand,gf50,none
XGBClassifier,1.0,1.0,1.0,1.0,iid_test,22,5,5,22,tiny-imagenet_resnet18,rand,gf50,none
XGBClassifier,1.0,1.0,1.0,1.0,iid_train,22,5,5,22,tiny-imagenet_resnet18,rand,gf50,none
XGBClassifier,0.9782608695652174,0.9782608695652174,0.9791666666666667,0.9782505910165484,iid_test,23,5,5,22,tiny-imagenet_resnet18,rand,gf50,none
XGBClassifier,1.0,1.0,1.0,1.0,iid_train,23,5,5,22,tiny-imagenet_resnet18,rand,gf50,none
XGBClassifier,1.0,1.0,1.0,1.0,iid_test,24,5,5,22,tiny-imagenet_resnet18,rand,gf50,none
XGBClassifier,1.0,1.0,1.0,1.0,iid_train,24,5,5,22,tiny-imagenet_resnet18,rand,gf50,none
XGBClassifier,1.0,1.0,1.0,1.0,iid_test,0,5,5,23,tiny-imagenet_resnet18,rand,gf50,none
XGBClassifier,1.0,1.0,1.0,1.0,iid_train,0,5,5,23,tiny-imagenet_resnet18,rand,gf50,none
XGBClassifier,1.0,1.0,1.0,1.0,iid_test,1,5,5,23,tiny-imagenet_resnet18,rand,gf50,none
XGBClassifier,1.0,1.0,1.0,1.0,iid_train,1,5,5,23,tiny-imagenet_resnet18,rand,gf50,none
XGBClassifier,1.0,1.0,1.0,1.0,iid_test,2,5,5,23,tiny-imagenet_resnet18,rand,gf50,none
XGBClassifier,1.0,1.0,1.0,1.0,iid_train,2,5,5,23,tiny-imagenet_resnet18,rand,gf50,none
XGBClassifier,1.0,1.0,1.0,1.0,iid_test,3,5,5,23,tiny-imagenet_resnet18,rand,gf50,none
XGBClassifier,1.0,1.0,1.0,1.0,iid_train,3,5,5,23,tiny-imagenet_resnet18,rand,gf50,none
XGBClassifier,0.9782608695652174,0.9782608695652174,0.9791666666666667,0.9782505910165484,iid_test,4,5,5,23,tiny-imagenet_resnet18,rand,gf50,none
XGBClassifier,1.0,1.0,1.0,1.0,iid_train,4,5,5,23,tiny-imagenet_resnet18,rand,gf50,none
XGBClassifier,0.9787234042553191,0.9782608695652174,0.98,0.9786848072562357,iid_test,5,5,5,23,tiny-imagenet_resnet18,rand,gf50,none
XGBClassifier,1.0,1.0,1.0,1.0,iid_train,5,5,5,23,tiny-imagenet_resnet18,rand,gf50,none
XGBClassifier,1.0,1.0,1.0,1.0,iid_test,6,5,5,23,tiny-imagenet_resnet18,rand,gf50,none
XGBClassifier,1.0,1.0,1.0,1.0,iid_train,6,5,5,23,tiny-imagenet_resnet18,rand,gf50,none
XGBClassifier,1.0,1.0,1.0,1.0,iid_test,7,5,5,23,tiny-imagenet_resnet18,rand,gf50,none
XGBClassifier,1.0,1.0,1.0,1.0,iid_train,7,5,5,23,tiny-imagenet_resnet18,rand,gf50,none
XGBClassifier,1.0,1.0,1.0,1.0,iid_test,8,5,5,23,tiny-imagenet_resnet18,rand,gf50,none
XGBClassifier,1.0,1.0,1.0,1.0,iid_train,8,5,5,23,tiny-imagenet_resnet18,rand,gf50,none
XGBClassifier,1.0,1.0,1.0,1.0,iid_test,9,5,5,23,tiny-imagenet_resnet18,rand,gf50,none
XGBClassifier,1.0,1.0,1.0,1.0,iid_train,9,5,5,23,tiny-imagenet_resnet18,rand,gf50,none
XGBClassifier,1.0,1.0,1.0,1.0,iid_test,10,5,5,23,tiny-imagenet_resnet18,rand,gf50,none
XGBClassifier,1.0,1.0,1.0,1.0,iid_train,10,5,5,23,tiny-imagenet_resnet18,rand,gf50,none
XGBClassifier,1.0,1.0,1.0,1.0,iid_test,11,5,5,23,tiny-imagenet_resnet18,rand,gf50,none
XGBClassifier,1.0,1.0,1.0,1.0,iid_train,11,5,5,23,tiny-imagenet_resnet18,rand,gf50,none
XGBClassifier,0.9782608695652174,0.9782608695652174,0.9791666666666667,0.9782505910165484,iid_test,12,5,5,23,tiny-imagenet_resnet18,rand,gf50,none
XGBClassifier,1.0,1.0,1.0,1.0,iid_train,12,5,5,23,tiny-imagenet_resnet18,rand,gf50,none
XGBClassifier,1.0,1.0,1.0,1.0,iid_test,13,5,5,23,tiny-imagenet_resnet18,rand,gf50,none
XGBClassifier,1.0,1.0,1.0,1.0,iid_train,13,5,5,23,tiny-imagenet_resnet18,rand,gf50,none
XGBClassifier,1.0,1.0,1.0,1.0,iid_test,14,5,5,23,tiny-imagenet_resnet18,rand,gf50,none
XGBClassifier,1.0,1.0,1.0,1.0,iid_train,14,5,5,23,tiny-imagenet_resnet18,rand,gf50,none
XGBClassifier,1.0,1.0,1.0,1.0,iid_test,15,5,5,23,tiny-imagenet_resnet18,rand,gf50,none
XGBClassifier,1.0,1.0,1.0,1.0,iid_train,15,5,5,23,tiny-imagenet_resnet18,rand,gf50,none
XGBClassifier,1.0,1.0,1.0,1.0,iid_test,16,5,5,23,tiny-imagenet_resnet18,rand,gf50,none
XGBClassifier,1.0,1.0,1.0,1.0,iid_train,16,5,5,23,tiny-imagenet_resnet18,rand,gf50,none
XGBClassifier,1.0,1.0,1.0,1.0,iid_test,17,5,5,23,tiny-imagenet_resnet18,rand,gf50,none
XGBClassifier,1.0,1.0,1.0,1.0,iid_train,17,5,5,23,tiny-imagenet_resnet18,rand,gf50,none
XGBClassifier,0.9782608695652174,0.9782608695652174,0.9791666666666667,0.9782505910165484,iid_test,18,5,5,23,tiny-imagenet_resnet18,rand,gf50,none
XGBClassifier,1.0,1.0,1.0,1.0,iid_train,18,5,5,23,tiny-imagenet_resnet18,rand,gf50,none
XGBClassifier,1.0,1.0,1.0,1.0,iid_test,19,5,5,23,tiny-imagenet_resnet18,rand,gf50,none
XGBClassifier,1.0,1.0,1.0,1.0,iid_train,19,5,5,23,tiny-imagenet_resnet18,rand,gf50,none
XGBClassifier,1.0,1.0,1.0,1.0,iid_test,20,5,5,23,tiny-imagenet_resnet18,rand,gf50,none
XGBClassifier,1.0,1.0,1.0,1.0,iid_train,20,5,5,23,tiny-imagenet_resnet18,rand,gf50,none
XGBClassifier,0.9787234042553191,0.9791666666666667,0.9791666666666667,0.9787234042553191,iid_test,21,5,5,23,tiny-imagenet_resnet18,rand,gf50,none
XGBClassifier,1.0,1.0,1.0,1.0,iid_train,21,5,5,23,tiny-imagenet_resnet18,rand,gf50,none
XGBClassifier,1.0,1.0,1.0,1.0,iid_test,22,5,5,23,tiny-imagenet_resnet18,rand,gf50,none
XGBClassifier,1.0,1.0,1.0,1.0,iid_train,22,5,5,23,tiny-imagenet_resnet18,rand,gf50,none
XGBClassifier,1.0,1.0,1.0,1.0,iid_test,23,5,5,23,tiny-imagenet_resnet18,rand,gf50,none
XGBClassifier,1.0,1.0,1.0,1.0,iid_train,23,5,5,23,tiny-imagenet_resnet18,rand,gf50,none
XGBClassifier,1.0,1.0,1.0,1.0,iid_test,24,5,5,23,tiny-imagenet_resnet18,rand,gf50,none
XGBClassifier,1.0,1.0,1.0,1.0,iid_train,24,5,5,23,tiny-imagenet_resnet18,rand,gf50,none
