repeat,baseline,X,accuracy,train_archs
0,byte_entropy,1,0.5,MobileNetV2|MobileNetV3Large|NASNetMobile
0,byte_entropy,2,0.53125,MobileNetV2|MobileNetV3Large|NASNetMobile
0,byte_entropy,3,0.5625,MobileNetV2|MobileNetV3Large|NASNetMobile
0,byte_entropy,4,0.5625,MobileNetV2|MobileNetV3Large|NASNetMobile
0,byte_entropy,5,0.5625,MobileNetV2|MobileNetV3Large|NASNetMobile
0,byte_entropy,6,0.5625,MobileNetV2|MobileNetV3Large|NASNetMobile
0,byte_entropy,7,0.5625,MobileNetV2|MobileNetV3Large|NASNetMobile
0,byte_entropy,8,0.5625,MobileNetV2|MobileNetV3Large|NASNetMobile
0,byte_entropy,9,0.5625,MobileNetV2|MobileNetV3Large|NASNetMobile
0,byte_entropy,10,0.5625,MobileNetV2|MobileNetV3Large|NASNetMobile
0,byte_entropy,11,0.5625,MobileNetV2|MobileNetV3Large|NASNetMobile
0,byte_entropy,12,0.5625,MobileNetV2|MobileNetV3Large|NASNetMobile
0,byte_entropy,13,0.5625,MobileNetV2|MobileNetV3Large|NASNetMobile
0,byte_entropy,14,0.5625,MobileNetV2|MobileNetV3Large|NASNetMobile
0,byte_entropy,15,0.5625,MobileNetV2|MobileNetV3Large|NASNetMobile
0,byte_entropy,16,0.5625,MobileNetV2|MobileNetV3Large|NASNetMobile
0,byte_entropy,17,0.5625,MobileNetV2|MobileNetV3Large|NASNetMobile
0,byte_entropy,18,0.5625,MobileNetV2|MobileNetV3Large|NASNetMobile
0,byte_entropy,19,0.6875,MobileNetV2|MobileNetV3Large|NASNetMobile
0,byte_entropy,20,0.6875,MobileNetV2|MobileNetV3Large|NASNetMobile
0,byte_entropy,21,0.5625,MobileNetV2|MobileNetV3Large|NASNetMobile
0,byte_entropy,22,0.5625,MobileNetV2|MobileNetV3Large|NASNetMobile
0,byte_entropy,23,0.6875,MobileNetV2|MobileNetV3Large|NASNetMobile
0,histogram_kl,1,0.34375,MobileNetV2|MobileNetV3Large|NASNetMobile
0,histogram_kl,2,0.40625,MobileNetV2|MobileNetV3Large|NASNetMobile
0,histogram_kl,3,0.5,MobileNetV2|MobileNetV3Large|NASNetMobile
0,histogram_kl,4,0.53125,MobileNetV2|MobileNetV3Large|NASNetMobile
0,histogram_kl,5,0.59375,MobileNetV2|MobileNetV3Large|NASNetMobile
0,histogram_kl,6,0.6875,MobileNetV2|MobileNetV3Large|NASNetMobile
0,histogram_kl,7,0.625,MobileNetV2|MobileNetV3Large|NASNetMobile
0,histogram_kl,8,0.75,MobileNetV2|MobileNetV3Large|NASNetMobile
0,histogram_kl,9,0.6875,MobileNetV2|MobileNetV3Large|NASNetMobile
0,histogram_kl,10,0.6875,MobileNetV2|MobileNetV3Large|NASNetMobile
0,histogram_kl,11,0.6875,MobileNetV2|MobileNetV3Large|NASNetMobile
0,histogram_kl,12,0.6875,MobileNetV2|MobileNetV3Large|NASNetMobile
0,histogram_kl,13,0.6875,MobileNetV2|MobileNetV3Large|NASNetMobile
0,histogram_kl,14,0.6875,MobileNetV2|MobileNetV3Large|NASNetMobile
0,histogram_kl,15,0.6875,MobileNetV2|MobileNetV3Large|NASNetMobile
0,histogram_kl,16,0.6875,MobileNetV2|MobileNetV3Large|NASNetMobile
0,histogram_kl,17,0.65625,MobileNetV2|MobileNetV3Large|NASNetMobile
0,histogram_kl,18,0.6875,MobileNetV2|MobileNetV3Large|NASNetMobile
0,histogram_kl,19,0.65625,MobileNetV2|MobileNetV3Large|NASNetMobile
0,histogram_kl,20,0.6875,MobileNetV2|MobileNetV3Large|NASNetMobile
0,histogram_kl,21,0.65625,MobileNetV2|MobileNetV3Large|NASNetMobile
0,histogram_kl,22,0.65625,MobileNetV2|MobileNetV3Large|NASNetMobile
0,histogram_kl,23,0.6875,MobileNetV2|MobileNetV3Large|NASNetMobile
0,weight_value_dist,1,0.5,MobileNetV2|MobileNetV3Large|NASNetMobile
0,weight_value_dist,2,0.5,MobileNetV2|MobileNetV3Large|NASNetMobile
0,weight_value_dist,3,0.5,MobileNetV2|MobileNetV3Large|NASNetMobile
0,weight_value_dist,4,0.5,MobileNetV2|MobileNetV3Large|NASNetMobile
0,weight_value_dist,5,0.5,MobileNetV2|MobileNetV3Large|NASNetMobile
0,weight_value_dist,6,0.5,MobileNetV2|MobileNetV3Large|NASNetMobile
0,weight_value_dist,7,0.5,MobileNetV2|MobileNetV3Large|NASNetMobile
0,weight_value_dist,8,0.5,MobileNetV2|MobileNetV3Large|NASNetMobile
0,weight_value_dist,9,0.5,MobileNetV2|MobileNetV3Large|NASNetMobile
0,weight_value_dist,10,0.5,MobileNetV2|MobileNetV3Large|NASNetMobile
0,weight_value_dist,11,0.5,MobileNetV2|MobileNetV3Large|NASNetMobile
0,weight_value_dist,12,0.5,MobileNetV2|MobileNetV3Large|NASNetMobile
0,weight_value_dist,13,0.5,MobileNetV2|MobileNetV3Large|NASNetMobile
0,weight_value_dist,14,0.5,MobileNetV2|MobileNetV3Large|NASNetMobile
0,weight_value_dist,15,0.5,MobileNetV2|MobileNetV3Large|NASNetMobile
0,weight_value_dist,16,0.5,MobileNetV2|MobileNetV3Large|NASNetMobile
0,weight_value_dist,17,0.5,MobileNetV2|MobileNetV3Large|NASNetMobile
0,weight_value_dist,18,0.5,MobileNetV2|MobileNetV3Large|NASNetMobile
0,weight_value_dist,19,0.5,MobileNetV2|MobileNetV3Large|NASNetMobile
0,weight_value_dist,20,0.5,MobileNetV2|MobileNetV3Large|NASNetMobile
0,weight_value_dist,21,0.5,MobileNetV2|MobileNetV3Large|NASNetMobile
0,weight_value_dist,22,0.5,MobileNetV2|MobileNetV3Large|NASNetMobile
0,weight_value_dist,23,0.5,MobileNetV2|MobileNetV3Large|NASNetMobile
0,byte_autocorr,1,0.5,MobileNetV2|MobileNetV3Large|NASNetMobile
0,byte_autocorr,2,0.5,MobileNetV2|MobileNetV3Large|NASNetMobile
0,byte_autocorr,3,0.5,MobileNetV2|MobileNetV3Large|NASNetMobile
0,byte_autocorr,4,0.53125,MobileNetV2|MobileNetV3Large|NASNetMobile
0,byte_autocorr,5,0.65625,MobileNetV2|MobileNetV3Large|NASNetMobile
0,byte_autocorr,6,0.71875,MobileNetV2|MobileNetV3Large|NASNetMobile
0,byte_autocorr,7,0.6875,MobileNetV2|MobileNetV3Large|NASNetMobile
0,byte_autocorr,8,0.90625,MobileNetV2|MobileNetV3Large|NASNetMobile
0,byte_autocorr,9,0.71875,MobileNetV2|MobileNetV3Large|NASNetMobile
0,byte_autocorr,10,0.75,MobileNetV2|MobileNetV3Large|NASNetMobile
0,byte_autocorr,11,0.75,MobileNetV2|MobileNetV3Large|NASNetMobile
0,byte_autocorr,12,0.75,MobileNetV2|MobileNetV3Large|NASNetMobile
0,byte_autocorr,13,0.75,MobileNetV2|MobileNetV3Large|NASNetMobile
0,byte_autocorr,14,0.75,MobileNetV2|MobileNetV3Large|NASNetMobile
0,byte_autocorr,15,0.75,MobileNetV2|MobileNetV3Large|NASNetMobile
0,byte_autocorr,16,0.84375,MobileNetV2|MobileNetV3Large|NASNetMobile
0,byte_autocorr,17,0.75,MobileNetV2|MobileNetV3Large|NASNetMobile
0,byte_autocorr,18,0.75,MobileNetV2|MobileNetV3Large|NASNetMobile
0,byte_autocorr,19,0.75,MobileNetV2|MobileNetV3Large|NASNetMobile
0,byte_autocorr,20,0.75,MobileNetV2|MobileNetV3Large|NASNetMobile
0,byte_autocorr,21,0.75,MobileNetV2|MobileNetV3Large|NASNetMobile
0,byte_autocorr,22,0.75,MobileNetV2|MobileNetV3Large|NASNetMobile
0,byte_autocorr,23,0.75,MobileNetV2|MobileNetV3Large|NASNetMobile
1,byte_entropy,1,0.5,EfficientNetV2B1|MobileNet|MobileNetV3Small
1,byte_entropy,2,0.5,EfficientNetV2B1|MobileNet|MobileNetV3Small
1,byte_entropy,3,0.5,EfficientNetV2B1|MobileNet|MobileNetV3Small
1,byte_entropy,4,0.5,EfficientNetV2B1|MobileNet|MobileNetV3Small
1,byte_entropy,5,0.5,EfficientNetV2B1|MobileNet|MobileNetV3Small
1,byte_entropy,6,0.5,EfficientNetV2B1|MobileNet|MobileNetV3Small
1,byte_entropy,7,0.5,EfficientNetV2B1|MobileNet|MobileNetV3Small
1,byte_entropy,8,0.5,EfficientNetV2B1|MobileNet|MobileNetV3Small
1,byte_entropy,9,0.5,EfficientNetV2B1|MobileNet|MobileNetV3Small
1,byte_entropy,10,0.5,EfficientNetV2B1|MobileNet|MobileNetV3Small
1,byte_entropy,11,0.5,EfficientNetV2B1|MobileNet|MobileNetV3Small
1,byte_entropy,12,0.5,EfficientNetV2B1|MobileNet|MobileNetV3Small
1,byte_entropy,13,0.5,EfficientNetV2B1|MobileNet|MobileNetV3Small
1,byte_entropy,14,0.5,EfficientNetV2B1|MobileNet|MobileNetV3Small
1,byte_entropy,15,0.5,EfficientNetV2B1|MobileNet|MobileNetV3Small
1,byte_entropy,16,0.875,EfficientNetV2B1|MobileNet|MobileNetV3Small
1,byte_entropy,17,0.90625,EfficientNetV2B1|MobileNet|MobileNetV3Small
1,byte_entropy,18,0.90625,EfficientNetV2B1|MobileNet|MobileNetV3Small
1,byte_entropy,19,0.90625,EfficientNetV2B1|MobileNet|MobileNetV3Small
1,byte_entropy,20,1.0,EfficientNetV2B1|MobileNet|MobileNetV3Small
1,byte_entropy,21,1.0,EfficientNetV2B1|MobileNet|MobileNetV3Small
1,byte_entropy,22,0.53125,EfficientNetV2B1|MobileNet|MobileNetV3Small
1,byte_entropy,23,0.5625,EfficientNetV2B1|MobileNet|MobileNetV3Small
1,histogram_kl,1,0.5,EfficientNetV2B1|MobileNet|MobileNetV3Small
1,histogram_kl,2,0.5,EfficientNetV2B1|MobileNet|MobileNetV3Small
1,histogram_kl,3,0.5,EfficientNetV2B1|MobileNet|MobileNetV3Small
1,histogram_kl,4,0.5,EfficientNetV2B1|MobileNet|MobileNetV3Small
1,histogram_kl,5,0.5,EfficientNetV2B1|MobileNet|MobileNetV3Small
1,histogram_kl,6,0.5,EfficientNetV2B1|MobileNet|MobileNetV3Small
1,histogram_kl,7,0.5,EfficientNetV2B1|MobileNet|MobileNetV3Small
1,histogram_kl,8,0.5,EfficientNetV2B1|MobileNet|MobileNetV3Small
1,histogram_kl,9,0.5,EfficientNetV2B1|MobileNet|MobileNetV3Small
1,histogram_kl,10,0.5,EfficientNetV2B1|MobileNet|MobileNetV3Small
1,histogram_kl,11,0.5,EfficientNetV2B1|MobileNet|MobileNetV3Small
1,histogram_kl,12,0.5,EfficientNetV2B1|MobileNet|MobileNetV3Small
1,histogram_kl,13,0.5,EfficientNetV2B1|MobileNet|MobileNetV3Small
1,histogram_kl,14,0.5,EfficientNetV2B1|MobileNet|MobileNetV3Small
1,histogram_kl,15,0.5,EfficientNetV2B1|MobileNet|MobileNetV3Small
1,histogram_kl,16,0.9375,EfficientNetV2B1|MobileNet|MobileNetV3Small
1,histogram_kl,17,0.96875,EfficientNetV2B1|MobileNet|MobileNetV3Small
1,histogram_kl,18,0.96875,EfficientNetV2B1|MobileNet|MobileNetV3Small
1,histogram_kl,19,0.96875,EfficientNetV2B1|MobileNet|MobileNetV3Small
1,histogram_kl,20,1.0,EfficientNetV2B1|MobileNet|MobileNetV3Small
1,histogram_kl,21,1.0,EfficientNetV2B1|MobileNet|MobileNetV3Small
1,histogram_kl,22,1.0,EfficientNetV2B1|MobileNet|MobileNetV3Small
1,histogram_kl,23,1.0,EfficientNetV2B1|MobileNet|MobileNetV3Small
1,weight_value_dist,1,0.5,EfficientNetV2B1|MobileNet|MobileNetV3Small
1,weight_value_dist,2,0.5,EfficientNetV2B1|MobileNet|MobileNetV3Small
1,weight_value_dist,3,0.5,EfficientNetV2B1|MobileNet|MobileNetV3Small
1,weight_value_dist,4,0.5,EfficientNetV2B1|MobileNet|MobileNetV3Small
1,weight_value_dist,5,0.5,EfficientNetV2B1|MobileNet|MobileNetV3Small
1,weight_value_dist,6,0.5,EfficientNetV2B1|MobileNet|MobileNetV3Small
1,weight_value_dist,7,0.5,EfficientNetV2B1|MobileNet|MobileNetV3Small
1,weight_value_dist,8,0.5,EfficientNetV2B1|MobileNet|MobileNetV3Small
1,weight_value_dist,9,0.5,EfficientNetV2B1|MobileNet|MobileNetV3Small
1,weight_value_dist,10,0.5,EfficientNetV2B1|MobileNet|MobileNetV3Small
1,weight_value_dist,11,0.5,EfficientNetV2B1|MobileNet|MobileNetV3Small
1,weight_value_dist,12,0.5,EfficientNetV2B1|MobileNet|MobileNetV3Small
1,weight_value_dist,13,0.5,EfficientNetV2B1|MobileNet|MobileNetV3Small
1,weight_value_dist,14,0.5,EfficientNetV2B1|MobileNet|MobileNetV3Small
1,weight_value_dist,15,0.5,EfficientNetV2B1|MobileNet|MobileNetV3Small
1,weight_value_dist,16,0.5,EfficientNetV2B1|MobileNet|MobileNetV3Small
1,weight_value_dist,17,0.5,EfficientNetV2B1|MobileNet|MobileNetV3Small
1,weight_value_dist,18,0.5,EfficientNetV2B1|MobileNet|MobileNetV3Small
1,weight_value_dist,19,0.5,EfficientNetV2B1|MobileNet|MobileNetV3Small
1,weight_value_dist,20,0.5,EfficientNetV2B1|MobileNet|MobileNetV3Small
1,weight_value_dist,21,0.5,EfficientNetV2B1|MobileNet|MobileNetV3Small
1,weight_value_dist,22,0.5625,EfficientNetV2B1|MobileNet|MobileNetV3Small
1,weight_value_dist,23,0.5625,EfficientNetV2B1|MobileNet|MobileNetV3Small
1,byte_autocorr,1,0.5,EfficientNetV2B1|MobileNet|MobileNetV3Small
1,byte_autocorr,2,0.5,EfficientNetV2B1|MobileNet|MobileNetV3Small
1,byte_autocorr,3,0.46875,EfficientNetV2B1|MobileNet|MobileNetV3Small
1,byte_autocorr,4,0.5,EfficientNetV2B1|MobileNet|MobileNetV3Small
1,byte_autocorr,5,0.5,EfficientNetV2B1|MobileNet|MobileNetV3Small
1,byte_autocorr,6,0.5,EfficientNetV2B1|MobileNet|MobileNetV3Small
1,byte_autocorr,7,0.65625,EfficientNetV2B1|MobileNet|MobileNetV3Small
1,byte_autocorr,8,0.875,EfficientNetV2B1|MobileNet|MobileNetV3Small
1,byte_autocorr,9,0.71875,EfficientNetV2B1|MobileNet|MobileNetV3Small
1,byte_autocorr,10,0.71875,EfficientNetV2B1|MobileNet|MobileNetV3Small
1,byte_autocorr,11,0.78125,EfficientNetV2B1|MobileNet|MobileNetV3Small
1,byte_autocorr,12,0.6875,EfficientNetV2B1|MobileNet|MobileNetV3Small
1,byte_autocorr,13,0.75,EfficientNetV2B1|MobileNet|MobileNetV3Small
1,byte_autocorr,14,0.75,EfficientNetV2B1|MobileNet|MobileNetV3Small
1,byte_autocorr,15,0.84375,EfficientNetV2B1|MobileNet|MobileNetV3Small
1,byte_autocorr,16,0.96875,EfficientNetV2B1|MobileNet|MobileNetV3Small
1,byte_autocorr,17,0.6875,EfficientNetV2B1|MobileNet|MobileNetV3Small
1,byte_autocorr,18,0.75,EfficientNetV2B1|MobileNet|MobileNetV3Small
1,byte_autocorr,19,0.75,EfficientNetV2B1|MobileNet|MobileNetV3Small
1,byte_autocorr,20,0.8125,EfficientNetV2B1|MobileNet|MobileNetV3Small
1,byte_autocorr,21,0.75,EfficientNetV2B1|MobileNet|MobileNetV3Small
1,byte_autocorr,22,0.6875,EfficientNetV2B1|MobileNet|MobileNetV3Small
1,byte_autocorr,23,1.0,EfficientNetV2B1|MobileNet|MobileNetV3Small
2,byte_entropy,1,0.5,DenseNet121|EfficientNetV2B0|MobileNetV3Large
2,byte_entropy,2,0.5,DenseNet121|EfficientNetV2B0|MobileNetV3Large
2,byte_entropy,3,0.5,DenseNet121|EfficientNetV2B0|MobileNetV3Large
2,byte_entropy,4,0.5,DenseNet121|EfficientNetV2B0|MobileNetV3Large
2,byte_entropy,5,0.5,DenseNet121|EfficientNetV2B0|MobileNetV3Large
2,byte_entropy,6,0.5,DenseNet121|EfficientNetV2B0|MobileNetV3Large
2,byte_entropy,7,0.5,DenseNet121|EfficientNetV2B0|MobileNetV3Large
2,byte_entropy,8,0.5,DenseNet121|EfficientNetV2B0|MobileNetV3Large
2,byte_entropy,9,0.5,DenseNet121|EfficientNetV2B0|MobileNetV3Large
2,byte_entropy,10,0.5,DenseNet121|EfficientNetV2B0|MobileNetV3Large
2,byte_entropy,11,0.5,DenseNet121|EfficientNetV2B0|MobileNetV3Large
2,byte_entropy,12,0.5,DenseNet121|EfficientNetV2B0|MobileNetV3Large
2,byte_entropy,13,0.5,DenseNet121|EfficientNetV2B0|MobileNetV3Large
2,byte_entropy,14,0.5,DenseNet121|EfficientNetV2B0|MobileNetV3Large
2,byte_entropy,15,0.5,DenseNet121|EfficientNetV2B0|MobileNetV3Large
2,byte_entropy,16,0.90625,DenseNet121|EfficientNetV2B0|MobileNetV3Large
2,byte_entropy,17,0.90625,DenseNet121|EfficientNetV2B0|MobileNetV3Large
2,byte_entropy,18,0.8125,DenseNet121|EfficientNetV2B0|MobileNetV3Large
2,byte_entropy,19,0.90625,DenseNet121|EfficientNetV2B0|MobileNetV3Large
2,byte_entropy,20,0.9375,DenseNet121|EfficientNetV2B0|MobileNetV3Large
2,byte_entropy,21,1.0,DenseNet121|EfficientNetV2B0|MobileNetV3Large
2,byte_entropy,22,1.0,DenseNet121|EfficientNetV2B0|MobileNetV3Large
2,byte_entropy,23,1.0,DenseNet121|EfficientNetV2B0|MobileNetV3Large
2,histogram_kl,1,0.5,DenseNet121|EfficientNetV2B0|MobileNetV3Large
2,histogram_kl,2,0.5,DenseNet121|EfficientNetV2B0|MobileNetV3Large
2,histogram_kl,3,0.5,DenseNet121|EfficientNetV2B0|MobileNetV3Large
2,histogram_kl,4,0.5,DenseNet121|EfficientNetV2B0|MobileNetV3Large
2,histogram_kl,5,0.5,DenseNet121|EfficientNetV2B0|MobileNetV3Large
2,histogram_kl,6,0.5,DenseNet121|EfficientNetV2B0|MobileNetV3Large
2,histogram_kl,7,0.5,DenseNet121|EfficientNetV2B0|MobileNetV3Large
2,histogram_kl,8,0.5,DenseNet121|EfficientNetV2B0|MobileNetV3Large
2,histogram_kl,9,0.5,DenseNet121|EfficientNetV2B0|MobileNetV3Large
2,histogram_kl,10,0.5,DenseNet121|EfficientNetV2B0|MobileNetV3Large
2,histogram_kl,11,0.5,DenseNet121|EfficientNetV2B0|MobileNetV3Large
2,histogram_kl,12,0.5,DenseNet121|EfficientNetV2B0|MobileNetV3Large
2,histogram_kl,13,0.5,DenseNet121|EfficientNetV2B0|MobileNetV3Large
2,histogram_kl,14,0.5,DenseNet121|EfficientNetV2B0|MobileNetV3Large
2,histogram_kl,15,0.5,DenseNet121|EfficientNetV2B0|MobileNetV3Large
2,histogram_kl,16,0.90625,DenseNet121|EfficientNetV2B0|MobileNetV3Large
2,histogram_kl,17,0.875,DenseNet121|EfficientNetV2B0|MobileNetV3Large
2,histogram_kl,18,0.90625,DenseNet121|EfficientNetV2B0|MobileNetV3Large
2,histogram_kl,19,0.96875,DenseNet121|EfficientNetV2B0|MobileNetV3Large
2,histogram_kl,20,0.96875,DenseNet121|EfficientNetV2B0|MobileNetV3Large
2,histogram_kl,21,0.96875,DenseNet121|EfficientNetV2B0|MobileNetV3Large
2,histogram_kl,22,0.96875,DenseNet121|EfficientNetV2B0|MobileNetV3Large
2,histogram_kl,23,0.875,DenseNet121|EfficientNetV2B0|MobileNetV3Large
2,weight_value_dist,1,0.5,DenseNet121|EfficientNetV2B0|MobileNetV3Large
2,weight_value_dist,2,0.5,DenseNet121|EfficientNetV2B0|MobileNetV3Large
2,weight_value_dist,3,0.5,DenseNet121|EfficientNetV2B0|MobileNetV3Large
2,weight_value_dist,4,0.5,DenseNet121|EfficientNetV2B0|MobileNetV3Large
2,weight_value_dist,5,0.5,DenseNet121|EfficientNetV2B0|MobileNetV3Large
2,weight_value_dist,6,0.5,DenseNet121|EfficientNetV2B0|MobileNetV3Large
2,weight_value_dist,7,0.5,DenseNet121|EfficientNetV2B0|MobileNetV3Large
2,weight_value_dist,8,0.5,DenseNet121|EfficientNetV2B0|MobileNetV3Large
2,weight_value_dist,9,0.5,DenseNet121|EfficientNetV2B0|MobileNetV3Large
2,weight_value_dist,10,0.5,DenseNet121|EfficientNetV2B0|MobileNetV3Large
2,weight_value_dist,11,0.5,DenseNet121|EfficientNetV2B0|MobileNetV3Large
2,weight_value_dist,12,0.5,DenseNet121|EfficientNetV2B0|MobileNetV3Large
2,weight_value_dist,13,0.5,DenseNet121|EfficientNetV2B0|MobileNetV3Large
2,weight_value_dist,14,0.5,DenseNet121|EfficientNetV2B0|MobileNetV3Large
2,weight_value_dist,15,0.5,DenseNet121|EfficientNetV2B0|MobileNetV3Large
2,weight_value_dist,16,0.5,DenseNet121|EfficientNetV2B0|MobileNetV3Large
2,weight_value_dist,17,0.5,DenseNet121|EfficientNetV2B0|MobileNetV3Large
2,weight_value_dist,18,0.5,DenseNet121|EfficientNetV2B0|MobileNetV3Large
2,weight_value_dist,19,0.5,DenseNet121|EfficientNetV2B0|MobileNetV3Large
2,weight_value_dist,20,0.53125,DenseNet121|EfficientNetV2B0|MobileNetV3Large
2,weight_value_dist,21,0.59375,DenseNet121|EfficientNetV2B0|MobileNetV3Large
2,weight_value_dist,22,0.59375,DenseNet121|EfficientNetV2B0|MobileNetV3Large
2,weight_value_dist,23,0.625,DenseNet121|EfficientNetV2B0|MobileNetV3Large
2,byte_autocorr,1,0.5,DenseNet121|EfficientNetV2B0|MobileNetV3Large
2,byte_autocorr,2,0.5,DenseNet121|EfficientNetV2B0|MobileNetV3Large
2,byte_autocorr,3,0.5,DenseNet121|EfficientNetV2B0|MobileNetV3Large
2,byte_autocorr,4,0.5,DenseNet121|EfficientNetV2B0|MobileNetV3Large
2,byte_autocorr,5,0.5,DenseNet121|EfficientNetV2B0|MobileNetV3Large
2,byte_autocorr,6,0.5,DenseNet121|EfficientNetV2B0|MobileNetV3Large
2,byte_autocorr,7,0.5,DenseNet121|EfficientNetV2B0|MobileNetV3Large
2,byte_autocorr,8,0.65625,DenseNet121|EfficientNetV2B0|MobileNetV3Large
2,byte_autocorr,9,0.5,DenseNet121|EfficientNetV2B0|MobileNetV3Large
2,byte_autocorr,10,0.5,DenseNet121|EfficientNetV2B0|MobileNetV3Large
2,byte_autocorr,11,0.5,DenseNet121|EfficientNetV2B0|MobileNetV3Large
2,byte_autocorr,12,0.5,DenseNet121|EfficientNetV2B0|MobileNetV3Large
2,byte_autocorr,13,0.5,DenseNet121|EfficientNetV2B0|MobileNetV3Large
2,byte_autocorr,14,0.5,DenseNet121|EfficientNetV2B0|MobileNetV3Large
2,byte_autocorr,15,0.96875,DenseNet121|EfficientNetV2B0|MobileNetV3Large
2,byte_autocorr,16,0.84375,DenseNet121|EfficientNetV2B0|MobileNetV3Large
2,byte_autocorr,17,0.96875,DenseNet121|EfficientNetV2B0|MobileNetV3Large
2,byte_autocorr,18,0.96875,DenseNet121|EfficientNetV2B0|MobileNetV3Large
2,byte_autocorr,19,1.0,DenseNet121|EfficientNetV2B0|MobileNetV3Large
2,byte_autocorr,20,1.0,DenseNet121|EfficientNetV2B0|MobileNetV3Large
2,byte_autocorr,21,1.0,DenseNet121|EfficientNetV2B0|MobileNetV3Large
2,byte_autocorr,22,0.96875,DenseNet121|EfficientNetV2B0|MobileNetV3Large
2,byte_autocorr,23,0.96875,DenseNet121|EfficientNetV2B0|MobileNetV3Large
3,byte_entropy,1,0.5,DenseNet121|EfficientNetV2B0|MobileNetV2
3,byte_entropy,2,0.5,DenseNet121|EfficientNetV2B0|MobileNetV2
3,byte_entropy,3,0.5,DenseNet121|EfficientNetV2B0|MobileNetV2
3,byte_entropy,4,0.5,DenseNet121|EfficientNetV2B0|MobileNetV2
3,byte_entropy,5,0.5,DenseNet121|EfficientNetV2B0|MobileNetV2
3,byte_entropy,6,0.5,DenseNet121|EfficientNetV2B0|MobileNetV2
3,byte_entropy,7,0.5,DenseNet121|EfficientNetV2B0|MobileNetV2
3,byte_entropy,8,0.5,DenseNet121|EfficientNetV2B0|MobileNetV2
3,byte_entropy,9,0.5,DenseNet121|EfficientNetV2B0|MobileNetV2
3,byte_entropy,10,0.5,DenseNet121|EfficientNetV2B0|MobileNetV2
3,byte_entropy,11,0.5,DenseNet121|EfficientNetV2B0|MobileNetV2
3,byte_entropy,12,0.5,DenseNet121|EfficientNetV2B0|MobileNetV2
3,byte_entropy,13,0.5,DenseNet121|EfficientNetV2B0|MobileNetV2
3,byte_entropy,14,0.5,DenseNet121|EfficientNetV2B0|MobileNetV2
3,byte_entropy,15,0.5,DenseNet121|EfficientNetV2B0|MobileNetV2
3,byte_entropy,16,0.90625,DenseNet121|EfficientNetV2B0|MobileNetV2
3,byte_entropy,17,0.90625,DenseNet121|EfficientNetV2B0|MobileNetV2
3,byte_entropy,18,0.8125,DenseNet121|EfficientNetV2B0|MobileNetV2
3,byte_entropy,19,0.90625,DenseNet121|EfficientNetV2B0|MobileNetV2
3,byte_entropy,20,0.9375,DenseNet121|EfficientNetV2B0|MobileNetV2
3,byte_entropy,21,1.0,DenseNet121|EfficientNetV2B0|MobileNetV2
3,byte_entropy,22,1.0,DenseNet121|EfficientNetV2B0|MobileNetV2
3,byte_entropy,23,1.0,DenseNet121|EfficientNetV2B0|MobileNetV2
3,histogram_kl,1,0.5,DenseNet121|EfficientNetV2B0|MobileNetV2
3,histogram_kl,2,0.5,DenseNet121|EfficientNetV2B0|MobileNetV2
3,histogram_kl,3,0.5,DenseNet121|EfficientNetV2B0|MobileNetV2
3,histogram_kl,4,0.5,DenseNet121|EfficientNetV2B0|MobileNetV2
3,histogram_kl,5,0.5,DenseNet121|EfficientNetV2B0|MobileNetV2
3,histogram_kl,6,0.5,DenseNet121|EfficientNetV2B0|MobileNetV2
3,histogram_kl,7,0.5,DenseNet121|EfficientNetV2B0|MobileNetV2
3,histogram_kl,8,0.5,DenseNet121|EfficientNetV2B0|MobileNetV2
3,histogram_kl,9,0.5,DenseNet121|EfficientNetV2B0|MobileNetV2
3,histogram_kl,10,0.5,DenseNet121|EfficientNetV2B0|MobileNetV2
3,histogram_kl,11,0.5,DenseNet121|EfficientNetV2B0|MobileNetV2
3,histogram_kl,12,0.5,DenseNet121|EfficientNetV2B0|MobileNetV2
3,histogram_kl,13,0.5,DenseNet121|EfficientNetV2B0|MobileNetV2
3,histogram_kl,14,0.5,DenseNet121|EfficientNetV2B0|MobileNetV2
3,histogram_kl,15,0.5,DenseNet121|EfficientNetV2B0|MobileNetV2
3,histogram_kl,16,0.90625,DenseNet121|EfficientNetV2B0|MobileNetV2
3,histogram_kl,17,0.875,DenseNet121|EfficientNetV2B0|MobileNetV2
3,histogram_kl,18,0.90625,DenseNet121|EfficientNetV2B0|MobileNetV2
3,histogram_kl,19,0.96875,DenseNet121|EfficientNetV2B0|MobileNetV2
3,histogram_kl,20,0.96875,DenseNet121|EfficientNetV2B0|MobileNetV2
3,histogram_kl,21,0.96875,DenseNet121|EfficientNetV2B0|MobileNetV2
3,histogram_kl,22,0.96875,DenseNet121|EfficientNetV2B0|MobileNetV2
3,histogram_kl,23,1.0,DenseNet121|EfficientNetV2B0|MobileNetV2
3,weight_value_dist,1,0.5,DenseNet121|EfficientNetV2B0|MobileNetV2
3,weight_value_dist,2,0.5,DenseNet121|EfficientNetV2B0|MobileNetV2
3,weight_value_dist,3,0.5,DenseNet121|EfficientNetV2B0|MobileNetV2
3,weight_value_dist,4,0.5,DenseNet121|EfficientNetV2B0|MobileNetV2
3,weight_value_dist,5,0.5,DenseNet121|EfficientNetV2B0|MobileNetV2
3,weight_value_dist,6,0.5,DenseNet121|EfficientNetV2B0|MobileNetV2
3,weight_value_dist,7,0.5,DenseNet121|EfficientNetV2B0|MobileNetV2
3,weight_value_dist,8,0.5,DenseNet121|EfficientNetV2B0|MobileNetV2
3,weight_value_dist,9,0.5,DenseNet121|EfficientNetV2B0|MobileNetV2
3,weight_value_dist,10,0.5,DenseNet121|EfficientNetV2B0|MobileNetV2
3,weight_value_dist,11,0.5,DenseNet121|EfficientNetV2B0|MobileNetV2
3,weight_value_dist,12,0.5,DenseNet121|EfficientNetV2B0|MobileNetV2
3,weight_value_dist,13,0.5,DenseNet121|EfficientNetV2B0|MobileNetV2
3,weight_value_dist,14,0.5,DenseNet121|EfficientNetV2B0|MobileNetV2
3,weight_value_dist,15,0.5,DenseNet121|EfficientNetV2B0|MobileNetV2
3,weight_value_dist,16,0.5,DenseNet121|EfficientNetV2B0|MobileNetV2
3,weight_value_dist,17,0.5,DenseNet121|EfficientNetV2B0|MobileNetV2
3,weight_value_dist,18,0.5,DenseNet121|EfficientNetV2B0|MobileNetV2
3,weight_value_dist,19,0.5,DenseNet121|EfficientNetV2B0|MobileNetV2
3,weight_value_dist,20,0.5625,DenseNet121|EfficientNetV2B0|MobileNetV2
3,weight_value_dist,21,0.59375,DenseNet121|EfficientNetV2B0|MobileNetV2
3,weight_value_dist,22,0.59375,DenseNet121|EfficientNetV2B0|MobileNetV2
3,weight_value_dist,23,0.59375,DenseNet121|EfficientNetV2B0|MobileNetV2
3,byte_autocorr,1,0.5,DenseNet121|EfficientNetV2B0|MobileNetV2
3,byte_autocorr,2,0.5,DenseNet121|EfficientNetV2B0|MobileNetV2
3,byte_autocorr,3,0.5,DenseNet121|EfficientNetV2B0|MobileNetV2
3,byte_autocorr,4,0.5,DenseNet121|EfficientNetV2B0|MobileNetV2
3,byte_autocorr,5,0.65625,DenseNet121|EfficientNetV2B0|MobileNetV2
3,byte_autocorr,6,0.5,DenseNet121|EfficientNetV2B0|MobileNetV2
3,byte_autocorr,7,0.5,DenseNet121|EfficientNetV2B0|MobileNetV2
3,byte_autocorr,8,0.84375,DenseNet121|EfficientNetV2B0|MobileNetV2
3,byte_autocorr,9,0.5,DenseNet121|EfficientNetV2B0|MobileNetV2
3,byte_autocorr,10,0.5,DenseNet121|EfficientNetV2B0|MobileNetV2
3,byte_autocorr,11,0.5,DenseNet121|EfficientNetV2B0|MobileNetV2
3,byte_autocorr,12,0.5,DenseNet121|EfficientNetV2B0|MobileNetV2
3,byte_autocorr,13,0.5,DenseNet121|EfficientNetV2B0|MobileNetV2
3,byte_autocorr,14,0.5,DenseNet121|EfficientNetV2B0|MobileNetV2
3,byte_autocorr,15,0.96875,DenseNet121|EfficientNetV2B0|MobileNetV2
3,byte_autocorr,16,0.96875,DenseNet121|EfficientNetV2B0|MobileNetV2
3,byte_autocorr,17,0.96875,DenseNet121|EfficientNetV2B0|MobileNetV2
3,byte_autocorr,18,0.96875,DenseNet121|EfficientNetV2B0|MobileNetV2
3,byte_autocorr,19,1.0,DenseNet121|EfficientNetV2B0|MobileNetV2
3,byte_autocorr,20,1.0,DenseNet121|EfficientNetV2B0|MobileNetV2
3,byte_autocorr,21,1.0,DenseNet121|EfficientNetV2B0|MobileNetV2
3,byte_autocorr,22,1.0,DenseNet121|EfficientNetV2B0|MobileNetV2
3,byte_autocorr,23,1.0,DenseNet121|EfficientNetV2B0|MobileNetV2
4,byte_entropy,1,0.5,MobileNetV2|MobileNetV3Small|NASNetMobile
4,byte_entropy,2,0.53125,MobileNetV2|MobileNetV3Small|NASNetMobile
4,byte_entropy,3,0.53125,MobileNetV2|MobileNetV3Small|NASNetMobile
4,byte_entropy,4,0.53125,MobileNetV2|MobileNetV3Small|NASNetMobile
4,byte_entropy,5,0.53125,MobileNetV2|MobileNetV3Small|NASNetMobile
4,byte_entropy,6,0.59375,MobileNetV2|MobileNetV3Small|NASNetMobile
4,byte_entropy,7,0.59375,MobileNetV2|MobileNetV3Small|NASNetMobile
4,byte_entropy,8,0.59375,MobileNetV2|MobileNetV3Small|NASNetMobile
4,byte_entropy,9,0.59375,MobileNetV2|MobileNetV3Small|NASNetMobile
4,byte_entropy,10,0.59375,MobileNetV2|MobileNetV3Small|NASNetMobile
4,byte_entropy,11,0.59375,MobileNetV2|MobileNetV3Small|NASNetMobile
4,byte_entropy,12,0.59375,MobileNetV2|MobileNetV3Small|NASNetMobile
4,byte_entropy,13,0.59375,MobileNetV2|MobileNetV3Small|NASNetMobile
4,byte_entropy,14,0.59375,MobileNetV2|MobileNetV3Small|NASNetMobile
4,byte_entropy,15,0.59375,MobileNetV2|MobileNetV3Small|NASNetMobile
4,byte_entropy,16,0.59375,MobileNetV2|MobileNetV3Small|NASNetMobile
4,byte_entropy,17,0.59375,MobileNetV2|MobileNetV3Small|NASNetMobile
4,byte_entropy,18,0.59375,MobileNetV2|MobileNetV3Small|NASNetMobile
4,byte_entropy,19,0.59375,MobileNetV2|MobileNetV3Small|NASNetMobile
4,byte_entropy,20,0.59375,MobileNetV2|MobileNetV3Small|NASNetMobile
4,byte_entropy,21,0.59375,MobileNetV2|MobileNetV3Small|NASNetMobile
4,byte_entropy,22,0.59375,MobileNetV2|MobileNetV3Small|NASNetMobile
4,byte_entropy,23,0.625,MobileNetV2|MobileNetV3Small|NASNetMobile
4,histogram_kl,1,0.375,MobileNetV2|MobileNetV3Small|NASNetMobile
4,histogram_kl,2,0.4375,MobileNetV2|MobileNetV3Small|NASNetMobile
4,histogram_kl,3,0.53125,MobileNetV2|MobileNetV3Small|NASNetMobile
4,histogram_kl,4,0.53125,MobileNetV2|MobileNetV3Small|NASNetMobile
4,histogram_kl,5,0.59375,MobileNetV2|MobileNetV3Small|NASNetMobile
4,histogram_kl,6,0.6875,MobileNetV2|MobileNetV3Small|NASNetMobile
4,histogram_kl,7,0.65625,MobileNetV2|MobileNetV3Small|NASNetMobile
4,histogram_kl,8,0.78125,MobileNetV2|MobileNetV3Small|NASNetMobile
4,histogram_kl,9,0.71875,MobileNetV2|MobileNetV3Small|NASNetMobile
4,histogram_kl,10,0.6875,MobileNetV2|MobileNetV3Small|NASNetMobile
4,histogram_kl,11,0.6875,MobileNetV2|MobileNetV3Small|NASNetMobile
4,histogram_kl,12,0.71875,MobileNetV2|MobileNetV3Small|NASNetMobile
4,histogram_kl,13,0.6875,MobileNetV2|MobileNetV3Small|NASNetMobile
4,histogram_kl,14,0.6875,MobileNetV2|MobileNetV3Small|NASNetMobile
4,histogram_kl,15,0.6875,MobileNetV2|MobileNetV3Small|NASNetMobile
4,histogram_kl,16,0.71875,MobileNetV2|MobileNetV3Small|NASNetMobile
4,histogram_kl,17,0.6875,MobileNetV2|MobileNetV3Small|NASNetMobile
4,histogram_kl,18,0.6875,MobileNetV2|MobileNetV3Small|NASNetMobile
4,histogram_kl,19,0.6875,MobileNetV2|MobileNetV3Small|NASNetMobile
4,histogram_kl,20,0.6875,MobileNetV2|MobileNetV3Small|NASNetMobile
4,histogram_kl,21,0.6875,MobileNetV2|MobileNetV3Small|NASNetMobile
4,histogram_kl,22,0.6875,MobileNetV2|MobileNetV3Small|NASNetMobile
4,histogram_kl,23,0.6875,MobileNetV2|MobileNetV3Small|NASNetMobile
4,weight_value_dist,1,0.5,MobileNetV2|MobileNetV3Small|NASNetMobile
4,weight_value_dist,2,0.5,MobileNetV2|MobileNetV3Small|NASNetMobile
4,weight_value_dist,3,0.5,MobileNetV2|MobileNetV3Small|NASNetMobile
4,weight_value_dist,4,0.5,MobileNetV2|MobileNetV3Small|NASNetMobile
4,weight_value_dist,5,0.5,MobileNetV2|MobileNetV3Small|NASNetMobile
4,weight_value_dist,6,0.5,MobileNetV2|MobileNetV3Small|NASNetMobile
4,weight_value_dist,7,0.5,MobileNetV2|MobileNetV3Small|NASNetMobile
4,weight_value_dist,8,0.5,MobileNetV2|MobileNetV3Small|NASNetMobile
4,weight_value_dist,9,0.5,MobileNetV2|MobileNetV3Small|NASNetMobile
4,weight_value_dist,10,0.5,MobileNetV2|MobileNetV3Small|NASNetMobile
4,weight_value_dist,11,0.5,MobileNetV2|MobileNetV3Small|NASNetMobile
4,weight_value_dist,12,0.5,MobileNetV2|MobileNetV3Small|NASNetMobile
4,weight_value_dist,13,0.5,MobileNetV2|MobileNetV3Small|NASNetMobile
4,weight_value_dist,14,0.5,MobileNetV2|MobileNetV3Small|NASNetMobile
4,weight_value_dist,15,0.5,MobileNetV2|MobileNetV3Small|NASNetMobile
4,weight_value_dist,16,0.5,MobileNetV2|MobileNetV3Small|NASNetMobile
4,weight_value_dist,17,0.5,MobileNetV2|MobileNetV3Small|NASNetMobile
4,weight_value_dist,18,0.5,MobileNetV2|MobileNetV3Small|NASNetMobile
4,weight_value_dist,19,0.5,MobileNetV2|MobileNetV3Small|NASNetMobile
4,weight_value_dist,20,0.5,MobileNetV2|MobileNetV3Small|NASNetMobile
4,weight_value_dist,21,0.5,MobileNetV2|MobileNetV3Small|NASNetMobile
4,weight_value_dist,22,0.5,MobileNetV2|MobileNetV3Small|NASNetMobile
4,weight_value_dist,23,0.5,MobileNetV2|MobileNetV3Small|NASNetMobile
4,byte_autocorr,1,0.5,MobileNetV2|MobileNetV3Small|NASNetMobile
4,byte_autocorr,2,0.5,MobileNetV2|MobileNetV3Small|NASNetMobile
4,byte_autocorr,3,0.5,MobileNetV2|MobileNetV3Small|NASNetMobile
4,byte_autocorr,4,0.5,MobileNetV2|MobileNetV3Small|NASNetMobile
4,byte_autocorr,5,0.5,MobileNetV2|MobileNetV3Small|NASNetMobile
4,byte_autocorr,6,0.71875,MobileNetV2|MobileNetV3Small|NASNetMobile
4,byte_autocorr,7,0.71875,MobileNetV2|MobileNetV3Small|NASNetMobile
4,byte_autocorr,8,0.875,MobileNetV2|MobileNetV3Small|NASNetMobile
4,byte_autocorr,9,0.75,MobileNetV2|MobileNetV3Small|NASNetMobile
4,byte_autocorr,10,0.75,MobileNetV2|MobileNetV3Small|NASNetMobile
4,byte_autocorr,11,0.75,MobileNetV2|MobileNetV3Small|NASNetMobile
4,byte_autocorr,12,0.75,MobileNetV2|MobileNetV3Small|NASNetMobile
4,byte_autocorr,13,0.75,MobileNetV2|MobileNetV3Small|NASNetMobile
4,byte_autocorr,14,0.75,MobileNetV2|MobileNetV3Small|NASNetMobile
4,byte_autocorr,15,0.75,MobileNetV2|MobileNetV3Small|NASNetMobile
4,byte_autocorr,16,0.75,MobileNetV2|MobileNetV3Small|NASNetMobile
4,byte_autocorr,17,0.75,MobileNetV2|MobileNetV3Small|NASNetMobile
4,byte_autocorr,18,0.75,MobileNetV2|MobileNetV3Small|NASNetMobile
4,byte_autocorr,19,0.75,MobileNetV2|MobileNetV3Small|NASNetMobile
4,byte_autocorr,20,0.75,MobileNetV2|MobileNetV3Small|NASNetMobile
4,byte_autocorr,21,0.75,MobileNetV2|MobileNetV3Small|NASNetMobile
4,byte_autocorr,22,0.75,MobileNetV2|MobileNetV3Small|NASNetMobile
4,byte_autocorr,23,0.75,MobileNetV2|MobileNetV3Small|NASNetMobile
5,byte_entropy,1,0.5,DenseNet121|MobileNetV2|MobileNetV3Large
5,byte_entropy,2,0.5,DenseNet121|MobileNetV2|MobileNetV3Large
5,byte_entropy,3,0.5625,DenseNet121|MobileNetV2|MobileNetV3Large
5,byte_entropy,4,0.59375,DenseNet121|MobileNetV2|MobileNetV3Large
5,byte_entropy,5,0.59375,DenseNet121|MobileNetV2|MobileNetV3Large
5,byte_entropy,6,0.625,DenseNet121|MobileNetV2|MobileNetV3Large
5,byte_entropy,7,0.625,DenseNet121|MobileNetV2|MobileNetV3Large
5,byte_entropy,8,0.625,DenseNet121|MobileNetV2|MobileNetV3Large
5,byte_entropy,9,0.625,DenseNet121|MobileNetV2|MobileNetV3Large
5,byte_entropy,10,0.625,DenseNet121|MobileNetV2|MobileNetV3Large
5,byte_entropy,11,0.625,DenseNet121|MobileNetV2|MobileNetV3Large
5,byte_entropy,12,0.625,DenseNet121|MobileNetV2|MobileNetV3Large
5,byte_entropy,13,0.625,DenseNet121|MobileNetV2|MobileNetV3Large
5,byte_entropy,14,0.625,DenseNet121|MobileNetV2|MobileNetV3Large
5,byte_entropy,15,0.625,DenseNet121|MobileNetV2|MobileNetV3Large
5,byte_entropy,16,0.625,DenseNet121|MobileNetV2|MobileNetV3Large
5,byte_entropy,17,0.625,DenseNet121|MobileNetV2|MobileNetV3Large
5,byte_entropy,18,0.625,DenseNet121|MobileNetV2|MobileNetV3Large
5,byte_entropy,19,1.0,DenseNet121|MobileNetV2|MobileNetV3Large
5,byte_entropy,20,1.0,DenseNet121|MobileNetV2|MobileNetV3Large
5,byte_entropy,21,0.625,DenseNet121|MobileNetV2|MobileNetV3Large
5,byte_entropy,22,0.625,DenseNet121|MobileNetV2|MobileNetV3Large
5,byte_entropy,23,0.625,DenseNet121|MobileNetV2|MobileNetV3Large
5,histogram_kl,1,0.46875,DenseNet121|MobileNetV2|MobileNetV3Large
5,histogram_kl,2,0.5,DenseNet121|MobileNetV2|MobileNetV3Large
5,histogram_kl,3,0.46875,DenseNet121|MobileNetV2|MobileNetV3Large
5,histogram_kl,4,0.46875,DenseNet121|MobileNetV2|MobileNetV3Large
5,histogram_kl,5,0.5625,DenseNet121|MobileNetV2|MobileNetV3Large
5,histogram_kl,6,0.65625,DenseNet121|MobileNetV2|MobileNetV3Large
5,histogram_kl,7,0.65625,DenseNet121|MobileNetV2|MobileNetV3Large
5,histogram_kl,8,0.65625,DenseNet121|MobileNetV2|MobileNetV3Large
5,histogram_kl,9,0.6875,DenseNet121|MobileNetV2|MobileNetV3Large
5,histogram_kl,10,0.6875,DenseNet121|MobileNetV2|MobileNetV3Large
5,histogram_kl,11,0.65625,DenseNet121|MobileNetV2|MobileNetV3Large
5,histogram_kl,12,0.65625,DenseNet121|MobileNetV2|MobileNetV3Large
5,histogram_kl,13,0.65625,DenseNet121|MobileNetV2|MobileNetV3Large
5,histogram_kl,14,0.65625,DenseNet121|MobileNetV2|MobileNetV3Large
5,histogram_kl,15,0.6875,DenseNet121|MobileNetV2|MobileNetV3Large
5,histogram_kl,16,0.6875,DenseNet121|MobileNetV2|MobileNetV3Large
5,histogram_kl,17,0.65625,DenseNet121|MobileNetV2|MobileNetV3Large
5,histogram_kl,18,0.65625,DenseNet121|MobileNetV2|MobileNetV3Large
5,histogram_kl,19,0.65625,DenseNet121|MobileNetV2|MobileNetV3Large
5,histogram_kl,20,0.65625,DenseNet121|MobileNetV2|MobileNetV3Large
5,histogram_kl,21,0.65625,DenseNet121|MobileNetV2|MobileNetV3Large
5,histogram_kl,22,0.6875,DenseNet121|MobileNetV2|MobileNetV3Large
5,histogram_kl,23,0.6875,DenseNet121|MobileNetV2|MobileNetV3Large
5,weight_value_dist,1,0.5,DenseNet121|MobileNetV2|MobileNetV3Large
5,weight_value_dist,2,0.5,DenseNet121|MobileNetV2|MobileNetV3Large
5,weight_value_dist,3,0.5,DenseNet121|MobileNetV2|MobileNetV3Large
5,weight_value_dist,4,0.5,DenseNet121|MobileNetV2|MobileNetV3Large
5,weight_value_dist,5,0.5,DenseNet121|MobileNetV2|MobileNetV3Large
5,weight_value_dist,6,0.5,DenseNet121|MobileNetV2|MobileNetV3Large
5,weight_value_dist,7,0.5,DenseNet121|MobileNetV2|MobileNetV3Large
5,weight_value_dist,8,0.5,DenseNet121|MobileNetV2|MobileNetV3Large
5,weight_value_dist,9,0.5,DenseNet121|MobileNetV2|MobileNetV3Large
5,weight_value_dist,10,0.5,DenseNet121|MobileNetV2|MobileNetV3Large
5,weight_value_dist,11,0.5,DenseNet121|MobileNetV2|MobileNetV3Large
5,weight_value_dist,12,0.5,DenseNet121|MobileNetV2|MobileNetV3Large
5,weight_value_dist,13,0.5,DenseNet121|MobileNetV2|MobileNetV3Large
5,weight_value_dist,14,0.5,DenseNet121|MobileNetV2|MobileNetV3Large
5,weight_value_dist,15,0.5,DenseNet121|MobileNetV2|MobileNetV3Large
5,weight_value_dist,16,0.5,DenseNet121|MobileNetV2|MobileNetV3Large
5,weight_value_dist,17,0.5,DenseNet121|MobileNetV2|MobileNetV3Large
5,weight_value_dist,18,0.5,DenseNet121|MobileNetV2|MobileNetV3Large
5,weight_value_dist,19,0.53125,DenseNet121|MobileNetV2|MobileNetV3Large
5,weight_value_dist,20,0.59375,DenseNet121|MobileNetV2|MobileNetV3Large
5,weight_value_dist,21,0.53125,DenseNet121|MobileNetV2|MobileNetV3Large
5,weight_value_dist,22,0.53125,DenseNet121|MobileNetV2|MobileNetV3Large
5,weight_value_dist,23,0.65625,DenseNet121|MobileNetV2|MobileNetV3Large
5,byte_autocorr,1,0.5,DenseNet121|MobileNetV2|MobileNetV3Large
5,byte_autocorr,2,0.5,DenseNet121|MobileNetV2|MobileNetV3Large
5,byte_autocorr,3,0.53125,DenseNet121|MobileNetV2|MobileNetV3Large
5,byte_autocorr,4,0.53125,DenseNet121|MobileNetV2|MobileNetV3Large
5,byte_autocorr,5,0.625,DenseNet121|MobileNetV2|MobileNetV3Large
5,byte_autocorr,6,0.6875,DenseNet121|MobileNetV2|MobileNetV3Large
5,byte_autocorr,7,0.6875,DenseNet121|MobileNetV2|MobileNetV3Large
5,byte_autocorr,8,0.6875,DenseNet121|MobileNetV2|MobileNetV3Large
5,byte_autocorr,9,0.75,DenseNet121|MobileNetV2|MobileNetV3Large
5,byte_autocorr,10,0.75,DenseNet121|MobileNetV2|MobileNetV3Large
5,byte_autocorr,11,0.75,DenseNet121|MobileNetV2|MobileNetV3Large
5,byte_autocorr,12,0.75,DenseNet121|MobileNetV2|MobileNetV3Large
5,byte_autocorr,13,0.75,DenseNet121|MobileNetV2|MobileNetV3Large
5,byte_autocorr,14,0.75,DenseNet121|MobileNetV2|MobileNetV3Large
5,byte_autocorr,15,0.75,DenseNet121|MobileNetV2|MobileNetV3Large
5,byte_autocorr,16,0.84375,DenseNet121|MobileNetV2|MobileNetV3Large
5,byte_autocorr,17,0.75,DenseNet121|MobileNetV2|MobileNetV3Large
5,byte_autocorr,18,0.75,DenseNet121|MobileNetV2|MobileNetV3Large
5,byte_autocorr,19,0.75,DenseNet121|MobileNetV2|MobileNetV3Large
5,byte_autocorr,20,0.75,DenseNet121|MobileNetV2|MobileNetV3Large
5,byte_autocorr,21,0.75,DenseNet121|MobileNetV2|MobileNetV3Large
5,byte_autocorr,22,0.75,DenseNet121|MobileNetV2|MobileNetV3Large
5,byte_autocorr,23,0.75,DenseNet121|MobileNetV2|MobileNetV3Large
6,byte_entropy,1,0.5,EfficientNetV2B1|MobileNet|MobileNetV2
6,byte_entropy,2,0.5,EfficientNetV2B1|MobileNet|MobileNetV2
6,byte_entropy,3,0.5,EfficientNetV2B1|MobileNet|MobileNetV2
6,byte_entropy,4,0.5,EfficientNetV2B1|MobileNet|MobileNetV2
6,byte_entropy,5,0.5,EfficientNetV2B1|MobileNet|MobileNetV2
6,byte_entropy,6,0.5,EfficientNetV2B1|MobileNet|MobileNetV2
6,byte_entropy,7,0.5,EfficientNetV2B1|MobileNet|MobileNetV2
6,byte_entropy,8,0.5,EfficientNetV2B1|MobileNet|MobileNetV2
6,byte_entropy,9,0.5,EfficientNetV2B1|MobileNet|MobileNetV2
6,byte_entropy,10,0.5,EfficientNetV2B1|MobileNet|MobileNetV2
6,byte_entropy,11,0.5,EfficientNetV2B1|MobileNet|MobileNetV2
6,byte_entropy,12,0.5,EfficientNetV2B1|MobileNet|MobileNetV2
6,byte_entropy,13,0.5,EfficientNetV2B1|MobileNet|MobileNetV2
6,byte_entropy,14,0.5,EfficientNetV2B1|MobileNet|MobileNetV2
6,byte_entropy,15,0.5,EfficientNetV2B1|MobileNet|MobileNetV2
6,byte_entropy,16,0.875,EfficientNetV2B1|MobileNet|MobileNetV2
6,byte_entropy,17,0.90625,EfficientNetV2B1|MobileNet|MobileNetV2
6,byte_entropy,18,0.90625,EfficientNetV2B1|MobileNet|MobileNetV2
6,byte_entropy,19,0.9375,EfficientNetV2B1|MobileNet|MobileNetV2
6,byte_entropy,20,1.0,EfficientNetV2B1|MobileNet|MobileNetV2
6,byte_entropy,21,1.0,EfficientNetV2B1|MobileNet|MobileNetV2
6,byte_entropy,22,0.53125,EfficientNetV2B1|MobileNet|MobileNetV2
6,byte_entropy,23,0.5625,EfficientNetV2B1|MobileNet|MobileNetV2
6,histogram_kl,1,0.5,EfficientNetV2B1|MobileNet|MobileNetV2
6,histogram_kl,2,0.5,EfficientNetV2B1|MobileNet|MobileNetV2
6,histogram_kl,3,0.5,EfficientNetV2B1|MobileNet|MobileNetV2
6,histogram_kl,4,0.5,EfficientNetV2B1|MobileNet|MobileNetV2
6,histogram_kl,5,0.5,EfficientNetV2B1|MobileNet|MobileNetV2
6,histogram_kl,6,0.5,EfficientNetV2B1|MobileNet|MobileNetV2
6,histogram_kl,7,0.5,EfficientNetV2B1|MobileNet|MobileNetV2
6,histogram_kl,8,0.5,EfficientNetV2B1|MobileNet|MobileNetV2
6,histogram_kl,9,0.5,EfficientNetV2B1|MobileNet|MobileNetV2
6,histogram_kl,10,0.5,EfficientNetV2B1|MobileNet|MobileNetV2
6,histogram_kl,11,0.5,EfficientNetV2B1|MobileNet|MobileNetV2
6,histogram_kl,12,0.5,EfficientNetV2B1|MobileNet|MobileNetV2
6,histogram_kl,13,0.5,EfficientNetV2B1|MobileNet|MobileNetV2
6,histogram_kl,14,0.5,EfficientNetV2B1|MobileNet|MobileNetV2
6,histogram_kl,15,0.5,EfficientNetV2B1|MobileNet|MobileNetV2
6,histogram_kl,16,0.9375,EfficientNetV2B1|MobileNet|MobileNetV2
6,histogram_kl,17,0.96875,EfficientNetV2B1|MobileNet|MobileNetV2
6,histogram_kl,18,0.96875,EfficientNetV2B1|MobileNet|MobileNetV2
6,histogram_kl,19,0.96875,EfficientNetV2B1|MobileNet|MobileNetV2
6,histogram_kl,20,1.0,EfficientNetV2B1|MobileNet|MobileNetV2
6,histogram_kl,21,1.0,EfficientNetV2B1|MobileNet|MobileNetV2
6,histogram_kl,22,1.0,EfficientNetV2B1|MobileNet|MobileNetV2
6,histogram_kl,23,1.0,EfficientNetV2B1|MobileNet|MobileNetV2
6,weight_value_dist,1,0.5,EfficientNetV2B1|MobileNet|MobileNetV2
6,weight_value_dist,2,0.5,EfficientNetV2B1|MobileNet|MobileNetV2
6,weight_value_dist,3,0.5,EfficientNetV2B1|MobileNet|MobileNetV2
6,weight_value_dist,4,0.5,EfficientNetV2B1|MobileNet|MobileNetV2
6,weight_value_dist,5,0.5,EfficientNetV2B1|MobileNet|MobileNetV2
6,weight_value_dist,6,0.5,EfficientNetV2B1|MobileNet|MobileNetV2
6,weight_value_dist,7,0.5,EfficientNetV2B1|MobileNet|MobileNetV2
6,weight_value_dist,8,0.5,EfficientNetV2B1|MobileNet|MobileNetV2
6,weight_value_dist,9,0.5,EfficientNetV2B1|MobileNet|MobileNetV2
6,weight_value_dist,10,0.5,EfficientNetV2B1|MobileNet|MobileNetV2
6,weight_value_dist,11,0.5,EfficientNetV2B1|MobileNet|MobileNetV2
6,weight_value_dist,12,0.5,EfficientNetV2B1|MobileNet|MobileNetV2
6,weight_value_dist,13,0.5,EfficientNetV2B1|MobileNet|MobileNetV2
6,weight_value_dist,14,0.5,EfficientNetV2B1|MobileNet|MobileNetV2
6,weight_value_dist,15,0.5,EfficientNetV2B1|MobileNet|MobileNetV2
6,weight_value_dist,16,0.5,EfficientNetV2B1|MobileNet|MobileNetV2
6,weight_value_dist,17,0.5,EfficientNetV2B1|MobileNet|MobileNetV2
6,weight_value_dist,18,0.5,EfficientNetV2B1|MobileNet|MobileNetV2
6,weight_value_dist,19,0.5,EfficientNetV2B1|MobileNet|MobileNetV2
6,weight_value_dist,20,0.5,EfficientNetV2B1|MobileNet|MobileNetV2
6,weight_value_dist,21,0.53125,EfficientNetV2B1|MobileNet|MobileNetV2
6,weight_value_dist,22,0.5,EfficientNetV2B1|MobileNet|MobileNetV2
6,weight_value_dist,23,0.5625,EfficientNetV2B1|MobileNet|MobileNetV2
6,byte_autocorr,1,0.5,EfficientNetV2B1|MobileNet|MobileNetV2
6,byte_autocorr,2,0.5,EfficientNetV2B1|MobileNet|MobileNetV2
6,byte_autocorr,3,0.5,EfficientNetV2B1|MobileNet|MobileNetV2
6,byte_autocorr,4,0.5,EfficientNetV2B1|MobileNet|MobileNetV2
6,byte_autocorr,5,0.5,EfficientNetV2B1|MobileNet|MobileNetV2
6,byte_autocorr,6,0.5,EfficientNetV2B1|MobileNet|MobileNetV2
6,byte_autocorr,7,0.59375,EfficientNetV2B1|MobileNet|MobileNetV2
6,byte_autocorr,8,0.875,EfficientNetV2B1|MobileNet|MobileNetV2
6,byte_autocorr,9,0.71875,EfficientNetV2B1|MobileNet|MobileNetV2
6,byte_autocorr,10,0.6875,EfficientNetV2B1|MobileNet|MobileNetV2
6,byte_autocorr,11,0.75,EfficientNetV2B1|MobileNet|MobileNetV2
6,byte_autocorr,12,0.5625,EfficientNetV2B1|MobileNet|MobileNetV2
6,byte_autocorr,13,0.75,EfficientNetV2B1|MobileNet|MobileNetV2
6,byte_autocorr,14,0.75,EfficientNetV2B1|MobileNet|MobileNetV2
6,byte_autocorr,15,0.84375,EfficientNetV2B1|MobileNet|MobileNetV2
6,byte_autocorr,16,0.96875,EfficientNetV2B1|MobileNet|MobileNetV2
6,byte_autocorr,17,0.5625,EfficientNetV2B1|MobileNet|MobileNetV2
6,byte_autocorr,18,0.75,EfficientNetV2B1|MobileNet|MobileNetV2
6,byte_autocorr,19,0.71875,EfficientNetV2B1|MobileNet|MobileNetV2
6,byte_autocorr,20,0.5,EfficientNetV2B1|MobileNet|MobileNetV2
6,byte_autocorr,21,1.0,EfficientNetV2B1|MobileNet|MobileNetV2
6,byte_autocorr,22,1.0,EfficientNetV2B1|MobileNet|MobileNetV2
6,byte_autocorr,23,1.0,EfficientNetV2B1|MobileNet|MobileNetV2
7,byte_entropy,1,0.5,MobileNetV2|MobileNetV3Large|NASNetMobile
7,byte_entropy,2,0.53125,MobileNetV2|MobileNetV3Large|NASNetMobile
7,byte_entropy,3,0.5625,MobileNetV2|MobileNetV3Large|NASNetMobile
7,byte_entropy,4,0.5625,MobileNetV2|MobileNetV3Large|NASNetMobile
7,byte_entropy,5,0.5625,MobileNetV2|MobileNetV3Large|NASNetMobile
7,byte_entropy,6,0.5625,MobileNetV2|MobileNetV3Large|NASNetMobile
7,byte_entropy,7,0.5625,MobileNetV2|MobileNetV3Large|NASNetMobile
7,byte_entropy,8,0.5625,MobileNetV2|MobileNetV3Large|NASNetMobile
7,byte_entropy,9,0.5625,MobileNetV2|MobileNetV3Large|NASNetMobile
7,byte_entropy,10,0.5625,MobileNetV2|MobileNetV3Large|NASNetMobile
7,byte_entropy,11,0.5625,MobileNetV2|MobileNetV3Large|NASNetMobile
7,byte_entropy,12,0.5625,MobileNetV2|MobileNetV3Large|NASNetMobile
7,byte_entropy,13,0.5625,MobileNetV2|MobileNetV3Large|NASNetMobile
7,byte_entropy,14,0.5625,MobileNetV2|MobileNetV3Large|NASNetMobile
7,byte_entropy,15,0.5625,MobileNetV2|MobileNetV3Large|NASNetMobile
7,byte_entropy,16,0.5625,MobileNetV2|MobileNetV3Large|NASNetMobile
7,byte_entropy,17,0.5625,MobileNetV2|MobileNetV3Large|NASNetMobile
7,byte_entropy,18,0.5625,MobileNetV2|MobileNetV3Large|NASNetMobile
7,byte_entropy,19,0.6875,MobileNetV2|MobileNetV3Large|NASNetMobile
7,byte_entropy,20,0.6875,MobileNetV2|MobileNetV3Large|NASNetMobile
7,byte_entropy,21,0.5625,MobileNetV2|MobileNetV3Large|NASNetMobile
7,byte_entropy,22,0.5625,MobileNetV2|MobileNetV3Large|NASNetMobile
7,byte_entropy,23,0.6875,MobileNetV2|MobileNetV3Large|NASNetMobile
7,histogram_kl,1,0.34375,MobileNetV2|MobileNetV3Large|NASNetMobile
7,histogram_kl,2,0.40625,MobileNetV2|MobileNetV3Large|NASNetMobile
7,histogram_kl,3,0.5,MobileNetV2|MobileNetV3Large|NASNetMobile
7,histogram_kl,4,0.53125,MobileNetV2|MobileNetV3Large|NASNetMobile
7,histogram_kl,5,0.59375,MobileNetV2|MobileNetV3Large|NASNetMobile
7,histogram_kl,6,0.6875,MobileNetV2|MobileNetV3Large|NASNetMobile
7,histogram_kl,7,0.625,MobileNetV2|MobileNetV3Large|NASNetMobile
7,histogram_kl,8,0.75,MobileNetV2|MobileNetV3Large|NASNetMobile
7,histogram_kl,9,0.6875,MobileNetV2|MobileNetV3Large|NASNetMobile
7,histogram_kl,10,0.6875,MobileNetV2|MobileNetV3Large|NASNetMobile
7,histogram_kl,11,0.6875,MobileNetV2|MobileNetV3Large|NASNetMobile
7,histogram_kl,12,0.6875,MobileNetV2|MobileNetV3Large|NASNetMobile
7,histogram_kl,13,0.6875,MobileNetV2|MobileNetV3Large|NASNetMobile
7,histogram_kl,14,0.6875,MobileNetV2|MobileNetV3Large|NASNetMobile
7,histogram_kl,15,0.6875,MobileNetV2|MobileNetV3Large|NASNetMobile
7,histogram_kl,16,0.6875,MobileNetV2|MobileNetV3Large|NASNetMobile
7,histogram_kl,17,0.65625,MobileNetV2|MobileNetV3Large|NASNetMobile
7,histogram_kl,18,0.6875,MobileNetV2|MobileNetV3Large|NASNetMobile
7,histogram_kl,19,0.65625,MobileNetV2|MobileNetV3Large|NASNetMobile
7,histogram_kl,20,0.6875,MobileNetV2|MobileNetV3Large|NASNetMobile
7,histogram_kl,21,0.65625,MobileNetV2|MobileNetV3Large|NASNetMobile
7,histogram_kl,22,0.65625,MobileNetV2|MobileNetV3Large|NASNetMobile
7,histogram_kl,23,0.6875,MobileNetV2|MobileNetV3Large|NASNetMobile
7,weight_value_dist,1,0.5,MobileNetV2|MobileNetV3Large|NASNetMobile
7,weight_value_dist,2,0.5,MobileNetV2|MobileNetV3Large|NASNetMobile
7,weight_value_dist,3,0.5,MobileNetV2|MobileNetV3Large|NASNetMobile
7,weight_value_dist,4,0.5,MobileNetV2|MobileNetV3Large|NASNetMobile
7,weight_value_dist,5,0.5,MobileNetV2|MobileNetV3Large|NASNetMobile
7,weight_value_dist,6,0.5,MobileNetV2|MobileNetV3Large|NASNetMobile
7,weight_value_dist,7,0.5,MobileNetV2|MobileNetV3Large|NASNetMobile
7,weight_value_dist,8,0.5,MobileNetV2|MobileNetV3Large|NASNetMobile
7,weight_value_dist,9,0.5,MobileNetV2|MobileNetV3Large|NASNetMobile
7,weight_value_dist,10,0.5,MobileNetV2|MobileNetV3Large|NASNetMobile
7,weight_value_dist,11,0.5,MobileNetV2|MobileNetV3Large|NASNetMobile
7,weight_value_dist,12,0.5,MobileNetV2|MobileNetV3Large|NASNetMobile
7,weight_value_dist,13,0.5,MobileNetV2|MobileNetV3Large|NASNetMobile
7,weight_value_dist,14,0.5,MobileNetV2|MobileNetV3Large|NASNetMobile
7,weight_value_dist,15,0.5,MobileNetV2|MobileNetV3Large|NASNetMobile
7,weight_value_dist,16,0.5,MobileNetV2|MobileNetV3Large|NASNetMobile
7,weight_value_dist,17,0.5,MobileNetV2|MobileNetV3Large|NASNetMobile
7,weight_value_dist,18,0.5,MobileNetV2|MobileNetV3Large|NASNetMobile
7,weight_value_dist,19,0.5,MobileNetV2|MobileNetV3Large|NASNetMobile
7,weight_value_dist,20,0.5,MobileNetV2|MobileNetV3Large|NASNetMobile
7,weight_value_dist,21,0.5,MobileNetV2|MobileNetV3Large|NASNetMobile
7,weight_value_dist,22,0.5,MobileNetV2|MobileNetV3Large|NASNetMobile
7,weight_value_dist,23,0.5,MobileNetV2|MobileNetV3Large|NASNetMobile
7,byte_autocorr,1,0.5,MobileNetV2|MobileNetV3Large|NASNetMobile
7,byte_autocorr,2,0.5,MobileNetV2|MobileNetV3Large|NASNetMobile
7,byte_autocorr,3,0.5,MobileNetV2|MobileNetV3Large|NASNetMobile
7,byte_autocorr,4,0.53125,MobileNetV2|MobileNetV3Large|NASNetMobile
7,byte_autocorr,5,0.65625,MobileNetV2|MobileNetV3Large|NASNetMobile
7,byte_autocorr,6,0.71875,MobileNetV2|MobileNetV3Large|NASNetMobile
7,byte_autocorr,7,0.6875,MobileNetV2|MobileNetV3Large|NASNetMobile
7,byte_autocorr,8,0.90625,MobileNetV2|MobileNetV3Large|NASNetMobile
7,byte_autocorr,9,0.71875,MobileNetV2|MobileNetV3Large|NASNetMobile
7,byte_autocorr,10,0.75,MobileNetV2|MobileNetV3Large|NASNetMobile
7,byte_autocorr,11,0.75,MobileNetV2|MobileNetV3Large|NASNetMobile
7,byte_autocorr,12,0.75,MobileNetV2|MobileNetV3Large|NASNetMobile
7,byte_autocorr,13,0.75,MobileNetV2|MobileNetV3Large|NASNetMobile
7,byte_autocorr,14,0.75,MobileNetV2|MobileNetV3Large|NASNetMobile
7,byte_autocorr,15,0.75,MobileNetV2|MobileNetV3Large|NASNetMobile
7,byte_autocorr,16,0.84375,MobileNetV2|MobileNetV3Large|NASNetMobile
7,byte_autocorr,17,0.75,MobileNetV2|MobileNetV3Large|NASNetMobile
7,byte_autocorr,18,0.75,MobileNetV2|MobileNetV3Large|NASNetMobile
7,byte_autocorr,19,0.75,MobileNetV2|MobileNetV3Large|NASNetMobile
7,byte_autocorr,20,0.75,MobileNetV2|MobileNetV3Large|NASNetMobile
7,byte_autocorr,21,0.75,MobileNetV2|MobileNetV3Large|NASNetMobile
7,byte_autocorr,22,0.75,MobileNetV2|MobileNetV3Large|NASNetMobile
7,byte_autocorr,23,0.75,MobileNetV2|MobileNetV3Large|NASNetMobile
8,byte_entropy,1,0.4375,EfficientNetV2B0|EfficientNetV2B1|MobileNetV2
8,byte_entropy,2,0.46875,EfficientNetV2B0|EfficientNetV2B1|MobileNetV2
8,byte_entropy,3,0.5,EfficientNetV2B0|EfficientNetV2B1|MobileNetV2
8,byte_entropy,4,0.53125,EfficientNetV2B0|EfficientNetV2B1|MobileNetV2
8,byte_entropy,5,0.5,EfficientNetV2B0|EfficientNetV2B1|MobileNetV2
8,byte_entropy,6,0.46875,EfficientNetV2B0|EfficientNetV2B1|MobileNetV2
8,byte_entropy,7,0.53125,EfficientNetV2B0|EfficientNetV2B1|MobileNetV2
8,byte_entropy,8,0.53125,EfficientNetV2B0|EfficientNetV2B1|MobileNetV2
8,byte_entropy,9,0.5,EfficientNetV2B0|EfficientNetV2B1|MobileNetV2
8,byte_entropy,10,0.53125,EfficientNetV2B0|EfficientNetV2B1|MobileNetV2
8,byte_entropy,11,0.53125,EfficientNetV2B0|EfficientNetV2B1|MobileNetV2
8,byte_entropy,12,0.53125,EfficientNetV2B0|EfficientNetV2B1|MobileNetV2
8,byte_entropy,13,0.53125,EfficientNetV2B0|EfficientNetV2B1|MobileNetV2
8,byte_entropy,14,0.53125,EfficientNetV2B0|EfficientNetV2B1|MobileNetV2
8,byte_entropy,15,0.53125,EfficientNetV2B0|EfficientNetV2B1|MobileNetV2
8,byte_entropy,16,0.53125,EfficientNetV2B0|EfficientNetV2B1|MobileNetV2
8,byte_entropy,17,0.53125,EfficientNetV2B0|EfficientNetV2B1|MobileNetV2
8,byte_entropy,18,0.53125,EfficientNetV2B0|EfficientNetV2B1|MobileNetV2
8,byte_entropy,19,0.53125,EfficientNetV2B0|EfficientNetV2B1|MobileNetV2
8,byte_entropy,20,0.53125,EfficientNetV2B0|EfficientNetV2B1|MobileNetV2
8,byte_entropy,21,0.53125,EfficientNetV2B0|EfficientNetV2B1|MobileNetV2
8,byte_entropy,22,0.6875,EfficientNetV2B0|EfficientNetV2B1|MobileNetV2
8,byte_entropy,23,0.71875,EfficientNetV2B0|EfficientNetV2B1|MobileNetV2
8,histogram_kl,1,0.5625,EfficientNetV2B0|EfficientNetV2B1|MobileNetV2
8,histogram_kl,2,0.59375,EfficientNetV2B0|EfficientNetV2B1|MobileNetV2
8,histogram_kl,3,0.53125,EfficientNetV2B0|EfficientNetV2B1|MobileNetV2
8,histogram_kl,4,0.59375,EfficientNetV2B0|EfficientNetV2B1|MobileNetV2
8,histogram_kl,5,0.59375,EfficientNetV2B0|EfficientNetV2B1|MobileNetV2
8,histogram_kl,6,0.59375,EfficientNetV2B0|EfficientNetV2B1|MobileNetV2
8,histogram_kl,7,0.59375,EfficientNetV2B0|EfficientNetV2B1|MobileNetV2
8,histogram_kl,8,0.59375,EfficientNetV2B0|EfficientNetV2B1|MobileNetV2
8,histogram_kl,9,0.59375,EfficientNetV2B0|EfficientNetV2B1|MobileNetV2
8,histogram_kl,10,0.59375,EfficientNetV2B0|EfficientNetV2B1|MobileNetV2
8,histogram_kl,11,0.59375,EfficientNetV2B0|EfficientNetV2B1|MobileNetV2
8,histogram_kl,12,0.59375,EfficientNetV2B0|EfficientNetV2B1|MobileNetV2
8,histogram_kl,13,0.59375,EfficientNetV2B0|EfficientNetV2B1|MobileNetV2
8,histogram_kl,14,0.59375,EfficientNetV2B0|EfficientNetV2B1|MobileNetV2
8,histogram_kl,15,0.59375,EfficientNetV2B0|EfficientNetV2B1|MobileNetV2
8,histogram_kl,16,0.59375,EfficientNetV2B0|EfficientNetV2B1|MobileNetV2
8,histogram_kl,17,0.59375,EfficientNetV2B0|EfficientNetV2B1|MobileNetV2
8,histogram_kl,18,0.59375,EfficientNetV2B0|EfficientNetV2B1|MobileNetV2
8,histogram_kl,19,0.59375,EfficientNetV2B0|EfficientNetV2B1|MobileNetV2
8,histogram_kl,20,0.59375,EfficientNetV2B0|EfficientNetV2B1|MobileNetV2
8,histogram_kl,21,0.59375,EfficientNetV2B0|EfficientNetV2B1|MobileNetV2
8,histogram_kl,22,0.59375,EfficientNetV2B0|EfficientNetV2B1|MobileNetV2
8,histogram_kl,23,0.59375,EfficientNetV2B0|EfficientNetV2B1|MobileNetV2
8,weight_value_dist,1,0.5,EfficientNetV2B0|EfficientNetV2B1|MobileNetV2
8,weight_value_dist,2,0.5,EfficientNetV2B0|EfficientNetV2B1|MobileNetV2
8,weight_value_dist,3,0.5,EfficientNetV2B0|EfficientNetV2B1|MobileNetV2
8,weight_value_dist,4,0.5,EfficientNetV2B0|EfficientNetV2B1|MobileNetV2
8,weight_value_dist,5,0.5,EfficientNetV2B0|EfficientNetV2B1|MobileNetV2
8,weight_value_dist,6,0.5,EfficientNetV2B0|EfficientNetV2B1|MobileNetV2
8,weight_value_dist,7,0.5,EfficientNetV2B0|EfficientNetV2B1|MobileNetV2
8,weight_value_dist,8,0.5,EfficientNetV2B0|EfficientNetV2B1|MobileNetV2
8,weight_value_dist,9,0.5,EfficientNetV2B0|EfficientNetV2B1|MobileNetV2
8,weight_value_dist,10,0.5,EfficientNetV2B0|EfficientNetV2B1|MobileNetV2
8,weight_value_dist,11,0.5,EfficientNetV2B0|EfficientNetV2B1|MobileNetV2
8,weight_value_dist,12,0.5,EfficientNetV2B0|EfficientNetV2B1|MobileNetV2
8,weight_value_dist,13,0.5,EfficientNetV2B0|EfficientNetV2B1|MobileNetV2
8,weight_value_dist,14,0.5,EfficientNetV2B0|EfficientNetV2B1|MobileNetV2
8,weight_value_dist,15,0.5,EfficientNetV2B0|EfficientNetV2B1|MobileNetV2
8,weight_value_dist,16,0.5,EfficientNetV2B0|EfficientNetV2B1|MobileNetV2
8,weight_value_dist,17,0.5,EfficientNetV2B0|EfficientNetV2B1|MobileNetV2
8,weight_value_dist,18,0.5,EfficientNetV2B0|EfficientNetV2B1|MobileNetV2
8,weight_value_dist,19,0.5,EfficientNetV2B0|EfficientNetV2B1|MobileNetV2
8,weight_value_dist,20,0.5,EfficientNetV2B0|EfficientNetV2B1|MobileNetV2
8,weight_value_dist,21,0.5,EfficientNetV2B0|EfficientNetV2B1|MobileNetV2
8,weight_value_dist,22,0.5,EfficientNetV2B0|EfficientNetV2B1|MobileNetV2
8,weight_value_dist,23,0.5625,EfficientNetV2B0|EfficientNetV2B1|MobileNetV2
8,byte_autocorr,1,0.5,EfficientNetV2B0|EfficientNetV2B1|MobileNetV2
8,byte_autocorr,2,0.5,EfficientNetV2B0|EfficientNetV2B1|MobileNetV2
8,byte_autocorr,3,0.5,EfficientNetV2B0|EfficientNetV2B1|MobileNetV2
8,byte_autocorr,4,0.4375,EfficientNetV2B0|EfficientNetV2B1|MobileNetV2
8,byte_autocorr,5,0.59375,EfficientNetV2B0|EfficientNetV2B1|MobileNetV2
8,byte_autocorr,6,0.5,EfficientNetV2B0|EfficientNetV2B1|MobileNetV2
8,byte_autocorr,7,0.5,EfficientNetV2B0|EfficientNetV2B1|MobileNetV2
8,byte_autocorr,8,0.625,EfficientNetV2B0|EfficientNetV2B1|MobileNetV2
8,byte_autocorr,9,0.5,EfficientNetV2B0|EfficientNetV2B1|MobileNetV2
8,byte_autocorr,10,0.5,EfficientNetV2B0|EfficientNetV2B1|MobileNetV2
8,byte_autocorr,11,0.5,EfficientNetV2B0|EfficientNetV2B1|MobileNetV2
8,byte_autocorr,12,0.5,EfficientNetV2B0|EfficientNetV2B1|MobileNetV2
8,byte_autocorr,13,0.5,EfficientNetV2B0|EfficientNetV2B1|MobileNetV2
8,byte_autocorr,14,0.5,EfficientNetV2B0|EfficientNetV2B1|MobileNetV2
8,byte_autocorr,15,0.96875,EfficientNetV2B0|EfficientNetV2B1|MobileNetV2
8,byte_autocorr,16,0.96875,EfficientNetV2B0|EfficientNetV2B1|MobileNetV2
8,byte_autocorr,17,0.96875,EfficientNetV2B0|EfficientNetV2B1|MobileNetV2
8,byte_autocorr,18,0.96875,EfficientNetV2B0|EfficientNetV2B1|MobileNetV2
8,byte_autocorr,19,1.0,EfficientNetV2B0|EfficientNetV2B1|MobileNetV2
8,byte_autocorr,20,1.0,EfficientNetV2B0|EfficientNetV2B1|MobileNetV2
8,byte_autocorr,21,1.0,EfficientNetV2B0|EfficientNetV2B1|MobileNetV2
8,byte_autocorr,22,1.0,EfficientNetV2B0|EfficientNetV2B1|MobileNetV2
8,byte_autocorr,23,1.0,EfficientNetV2B0|EfficientNetV2B1|MobileNetV2
9,byte_entropy,1,0.5,EfficientNetV2B1|MobileNetV3Small|NASNetMobile
9,byte_entropy,2,0.5,EfficientNetV2B1|MobileNetV3Small|NASNetMobile
9,byte_entropy,3,0.5,EfficientNetV2B1|MobileNetV3Small|NASNetMobile
9,byte_entropy,4,0.5,EfficientNetV2B1|MobileNetV3Small|NASNetMobile
9,byte_entropy,5,0.5,EfficientNetV2B1|MobileNetV3Small|NASNetMobile
9,byte_entropy,6,0.5,EfficientNetV2B1|MobileNetV3Small|NASNetMobile
9,byte_entropy,7,0.5,EfficientNetV2B1|MobileNetV3Small|NASNetMobile
9,byte_entropy,8,0.5,EfficientNetV2B1|MobileNetV3Small|NASNetMobile
9,byte_entropy,9,0.5,EfficientNetV2B1|MobileNetV3Small|NASNetMobile
9,byte_entropy,10,0.5,EfficientNetV2B1|MobileNetV3Small|NASNetMobile
9,byte_entropy,11,0.5,EfficientNetV2B1|MobileNetV3Small|NASNetMobile
9,byte_entropy,12,0.5,EfficientNetV2B1|MobileNetV3Small|NASNetMobile
9,byte_entropy,13,0.5,EfficientNetV2B1|MobileNetV3Small|NASNetMobile
9,byte_entropy,14,0.5,EfficientNetV2B1|MobileNetV3Small|NASNetMobile
9,byte_entropy,15,0.5,EfficientNetV2B1|MobileNetV3Small|NASNetMobile
9,byte_entropy,16,0.8125,EfficientNetV2B1|MobileNetV3Small|NASNetMobile
9,byte_entropy,17,0.90625,EfficientNetV2B1|MobileNetV3Small|NASNetMobile
9,byte_entropy,18,0.90625,EfficientNetV2B1|MobileNetV3Small|NASNetMobile
9,byte_entropy,19,0.90625,EfficientNetV2B1|MobileNetV3Small|NASNetMobile
9,byte_entropy,20,1.0,EfficientNetV2B1|MobileNetV3Small|NASNetMobile
9,byte_entropy,21,1.0,EfficientNetV2B1|MobileNetV3Small|NASNetMobile
9,byte_entropy,22,0.59375,EfficientNetV2B1|MobileNetV3Small|NASNetMobile
9,byte_entropy,23,0.6875,EfficientNetV2B1|MobileNetV3Small|NASNetMobile
9,histogram_kl,1,0.5,EfficientNetV2B1|MobileNetV3Small|NASNetMobile
9,histogram_kl,2,0.5,EfficientNetV2B1|MobileNetV3Small|NASNetMobile
9,histogram_kl,3,0.5,EfficientNetV2B1|MobileNetV3Small|NASNetMobile
9,histogram_kl,4,0.5,EfficientNetV2B1|MobileNetV3Small|NASNetMobile
9,histogram_kl,5,0.5,EfficientNetV2B1|MobileNetV3Small|NASNetMobile
9,histogram_kl,6,0.5,EfficientNetV2B1|MobileNetV3Small|NASNetMobile
9,histogram_kl,7,0.5,EfficientNetV2B1|MobileNetV3Small|NASNetMobile
9,histogram_kl,8,0.5,EfficientNetV2B1|MobileNetV3Small|NASNetMobile
9,histogram_kl,9,0.5,EfficientNetV2B1|MobileNetV3Small|NASNetMobile
9,histogram_kl,10,0.5,EfficientNetV2B1|MobileNetV3Small|NASNetMobile
9,histogram_kl,11,0.5,EfficientNetV2B1|MobileNetV3Small|NASNetMobile
9,histogram_kl,12,0.5,EfficientNetV2B1|MobileNetV3Small|NASNetMobile
9,histogram_kl,13,0.5,EfficientNetV2B1|MobileNetV3Small|NASNetMobile
9,histogram_kl,14,0.5,EfficientNetV2B1|MobileNetV3Small|NASNetMobile
9,histogram_kl,15,0.5,EfficientNetV2B1|MobileNetV3Small|NASNetMobile
9,histogram_kl,16,0.9375,EfficientNetV2B1|MobileNetV3Small|NASNetMobile
9,histogram_kl,17,0.96875,EfficientNetV2B1|MobileNetV3Small|NASNetMobile
9,histogram_kl,18,0.96875,EfficientNetV2B1|MobileNetV3Small|NASNetMobile
9,histogram_kl,19,0.96875,EfficientNetV2B1|MobileNetV3Small|NASNetMobile
9,histogram_kl,20,1.0,EfficientNetV2B1|MobileNetV3Small|NASNetMobile
9,histogram_kl,21,1.0,EfficientNetV2B1|MobileNetV3Small|NASNetMobile
9,histogram_kl,22,1.0,EfficientNetV2B1|MobileNetV3Small|NASNetMobile
9,histogram_kl,23,0.875,EfficientNetV2B1|MobileNetV3Small|NASNetMobile
9,weight_value_dist,1,0.5,EfficientNetV2B1|MobileNetV3Small|NASNetMobile
9,weight_value_dist,2,0.5,EfficientNetV2B1|MobileNetV3Small|NASNetMobile
9,weight_value_dist,3,0.5,EfficientNetV2B1|MobileNetV3Small|NASNetMobile
9,weight_value_dist,4,0.5,EfficientNetV2B1|MobileNetV3Small|NASNetMobile
9,weight_value_dist,5,0.5,EfficientNetV2B1|MobileNetV3Small|NASNetMobile
9,weight_value_dist,6,0.5,EfficientNetV2B1|MobileNetV3Small|NASNetMobile
9,weight_value_dist,7,0.5,EfficientNetV2B1|MobileNetV3Small|NASNetMobile
9,weight_value_dist,8,0.5,EfficientNetV2B1|MobileNetV3Small|NASNetMobile
9,weight_value_dist,9,0.5,EfficientNetV2B1|MobileNetV3Small|NASNetMobile
9,weight_value_dist,10,0.5,EfficientNetV2B1|MobileNetV3Small|NASNetMobile
9,weight_value_dist,11,0.5,EfficientNetV2B1|MobileNetV3Small|NASNetMobile
9,weight_value_dist,12,0.5,EfficientNetV2B1|MobileNetV3Small|NASNetMobile
9,weight_value_dist,13,0.5,EfficientNetV2B1|MobileNetV3Small|NASNetMobile
9,weight_value_dist,14,0.5,EfficientNetV2B1|MobileNetV3Small|NASNetMobile
9,weight_value_dist,15,0.5,EfficientNetV2B1|MobileNetV3Small|NASNetMobile
9,weight_value_dist,16,0.5,EfficientNetV2B1|MobileNetV3Small|NASNetMobile
9,weight_value_dist,17,0.5,EfficientNetV2B1|MobileNetV3Small|NASNetMobile
9,weight_value_dist,18,0.5,EfficientNetV2B1|MobileNetV3Small|NASNetMobile
9,weight_value_dist,19,0.5,EfficientNetV2B1|MobileNetV3Small|NASNetMobile
9,weight_value_dist,20,0.5625,EfficientNetV2B1|MobileNetV3Small|NASNetMobile
9,weight_value_dist,21,0.5625,EfficientNetV2B1|MobileNetV3Small|NASNetMobile
9,weight_value_dist,22,0.5625,EfficientNetV2B1|MobileNetV3Small|NASNetMobile
9,weight_value_dist,23,0.5625,EfficientNetV2B1|MobileNetV3Small|NASNetMobile
9,byte_autocorr,1,0.5,EfficientNetV2B1|MobileNetV3Small|NASNetMobile
9,byte_autocorr,2,0.5,EfficientNetV2B1|MobileNetV3Small|NASNetMobile
9,byte_autocorr,3,0.5,EfficientNetV2B1|MobileNetV3Small|NASNetMobile
9,byte_autocorr,4,0.5,EfficientNetV2B1|MobileNetV3Small|NASNetMobile
9,byte_autocorr,5,0.5,EfficientNetV2B1|MobileNetV3Small|NASNetMobile
9,byte_autocorr,6,0.5,EfficientNetV2B1|MobileNetV3Small|NASNetMobile
9,byte_autocorr,7,0.6875,EfficientNetV2B1|MobileNetV3Small|NASNetMobile
9,byte_autocorr,8,0.875,EfficientNetV2B1|MobileNetV3Small|NASNetMobile
9,byte_autocorr,9,0.71875,EfficientNetV2B1|MobileNetV3Small|NASNetMobile
9,byte_autocorr,10,0.71875,EfficientNetV2B1|MobileNetV3Small|NASNetMobile
9,byte_autocorr,11,0.71875,EfficientNetV2B1|MobileNetV3Small|NASNetMobile
9,byte_autocorr,12,0.75,EfficientNetV2B1|MobileNetV3Small|NASNetMobile
9,byte_autocorr,13,0.75,EfficientNetV2B1|MobileNetV3Small|NASNetMobile
9,byte_autocorr,14,0.75,EfficientNetV2B1|MobileNetV3Small|NASNetMobile
9,byte_autocorr,15,0.75,EfficientNetV2B1|MobileNetV3Small|NASNetMobile
9,byte_autocorr,16,0.96875,EfficientNetV2B1|MobileNetV3Small|NASNetMobile
9,byte_autocorr,17,0.75,EfficientNetV2B1|MobileNetV3Small|NASNetMobile
9,byte_autocorr,18,0.75,EfficientNetV2B1|MobileNetV3Small|NASNetMobile
9,byte_autocorr,19,0.75,EfficientNetV2B1|MobileNetV3Small|NASNetMobile
9,byte_autocorr,20,0.75,EfficientNetV2B1|MobileNetV3Small|NASNetMobile
9,byte_autocorr,21,0.75,EfficientNetV2B1|MobileNetV3Small|NASNetMobile
9,byte_autocorr,22,0.75,EfficientNetV2B1|MobileNetV3Small|NASNetMobile
9,byte_autocorr,23,0.75,EfficientNetV2B1|MobileNetV3Small|NASNetMobile
10,byte_entropy,1,0.5,EfficientNetV2B1|MobileNetV2|MobileNetV3Small
10,byte_entropy,2,0.5,EfficientNetV2B1|MobileNetV2|MobileNetV3Small
10,byte_entropy,3,0.5,EfficientNetV2B1|MobileNetV2|MobileNetV3Small
10,byte_entropy,4,0.5,EfficientNetV2B1|MobileNetV2|MobileNetV3Small
10,byte_entropy,5,0.5,EfficientNetV2B1|MobileNetV2|MobileNetV3Small
10,byte_entropy,6,0.5,EfficientNetV2B1|MobileNetV2|MobileNetV3Small
10,byte_entropy,7,0.5,EfficientNetV2B1|MobileNetV2|MobileNetV3Small
10,byte_entropy,8,0.5,EfficientNetV2B1|MobileNetV2|MobileNetV3Small
10,byte_entropy,9,0.5,EfficientNetV2B1|MobileNetV2|MobileNetV3Small
10,byte_entropy,10,0.5,EfficientNetV2B1|MobileNetV2|MobileNetV3Small
10,byte_entropy,11,0.5,EfficientNetV2B1|MobileNetV2|MobileNetV3Small
10,byte_entropy,12,0.5,EfficientNetV2B1|MobileNetV2|MobileNetV3Small
10,byte_entropy,13,0.5,EfficientNetV2B1|MobileNetV2|MobileNetV3Small
10,byte_entropy,14,0.5,EfficientNetV2B1|MobileNetV2|MobileNetV3Small
10,byte_entropy,15,0.5,EfficientNetV2B1|MobileNetV2|MobileNetV3Small
10,byte_entropy,16,0.875,EfficientNetV2B1|MobileNetV2|MobileNetV3Small
10,byte_entropy,17,0.90625,EfficientNetV2B1|MobileNetV2|MobileNetV3Small
10,byte_entropy,18,0.90625,EfficientNetV2B1|MobileNetV2|MobileNetV3Small
10,byte_entropy,19,0.90625,EfficientNetV2B1|MobileNetV2|MobileNetV3Small
10,byte_entropy,20,1.0,EfficientNetV2B1|MobileNetV2|MobileNetV3Small
10,byte_entropy,21,1.0,EfficientNetV2B1|MobileNetV2|MobileNetV3Small
10,byte_entropy,22,0.5625,EfficientNetV2B1|MobileNetV2|MobileNetV3Small
10,byte_entropy,23,0.59375,EfficientNetV2B1|MobileNetV2|MobileNetV3Small
10,histogram_kl,1,0.5,EfficientNetV2B1|MobileNetV2|MobileNetV3Small
10,histogram_kl,2,0.5,EfficientNetV2B1|MobileNetV2|MobileNetV3Small
10,histogram_kl,3,0.5,EfficientNetV2B1|MobileNetV2|MobileNetV3Small
10,histogram_kl,4,0.5,EfficientNetV2B1|MobileNetV2|MobileNetV3Small
10,histogram_kl,5,0.5,EfficientNetV2B1|MobileNetV2|MobileNetV3Small
10,histogram_kl,6,0.5,EfficientNetV2B1|MobileNetV2|MobileNetV3Small
10,histogram_kl,7,0.5,EfficientNetV2B1|MobileNetV2|MobileNetV3Small
10,histogram_kl,8,0.5,EfficientNetV2B1|MobileNetV2|MobileNetV3Small
10,histogram_kl,9,0.5,EfficientNetV2B1|MobileNetV2|MobileNetV3Small
10,histogram_kl,10,0.5,EfficientNetV2B1|MobileNetV2|MobileNetV3Small
10,histogram_kl,11,0.5,EfficientNetV2B1|MobileNetV2|MobileNetV3Small
10,histogram_kl,12,0.5,EfficientNetV2B1|MobileNetV2|MobileNetV3Small
10,histogram_kl,13,0.5,EfficientNetV2B1|MobileNetV2|MobileNetV3Small
10,histogram_kl,14,0.5,EfficientNetV2B1|MobileNetV2|MobileNetV3Small
10,histogram_kl,15,0.5,EfficientNetV2B1|MobileNetV2|MobileNetV3Small
10,histogram_kl,16,0.9375,EfficientNetV2B1|MobileNetV2|MobileNetV3Small
10,histogram_kl,17,0.96875,EfficientNetV2B1|MobileNetV2|MobileNetV3Small
10,histogram_kl,18,0.96875,EfficientNetV2B1|MobileNetV2|MobileNetV3Small
10,histogram_kl,19,0.96875,EfficientNetV2B1|MobileNetV2|MobileNetV3Small
10,histogram_kl,20,1.0,EfficientNetV2B1|MobileNetV2|MobileNetV3Small
10,histogram_kl,21,1.0,EfficientNetV2B1|MobileNetV2|MobileNetV3Small
10,histogram_kl,22,1.0,EfficientNetV2B1|MobileNetV2|MobileNetV3Small
10,histogram_kl,23,1.0,EfficientNetV2B1|MobileNetV2|MobileNetV3Small
10,weight_value_dist,1,0.5,EfficientNetV2B1|MobileNetV2|MobileNetV3Small
10,weight_value_dist,2,0.5,EfficientNetV2B1|MobileNetV2|MobileNetV3Small
10,weight_value_dist,3,0.5,EfficientNetV2B1|MobileNetV2|MobileNetV3Small
10,weight_value_dist,4,0.5,EfficientNetV2B1|MobileNetV2|MobileNetV3Small
10,weight_value_dist,5,0.5,EfficientNetV2B1|MobileNetV2|MobileNetV3Small
10,weight_value_dist,6,0.5,EfficientNetV2B1|MobileNetV2|MobileNetV3Small
10,weight_value_dist,7,0.5,EfficientNetV2B1|MobileNetV2|MobileNetV3Small
10,weight_value_dist,8,0.5,EfficientNetV2B1|MobileNetV2|MobileNetV3Small
10,weight_value_dist,9,0.5,EfficientNetV2B1|MobileNetV2|MobileNetV3Small
10,weight_value_dist,10,0.5,EfficientNetV2B1|MobileNetV2|MobileNetV3Small
10,weight_value_dist,11,0.5,EfficientNetV2B1|MobileNetV2|MobileNetV3Small
10,weight_value_dist,12,0.5,EfficientNetV2B1|MobileNetV2|MobileNetV3Small
10,weight_value_dist,13,0.5,EfficientNetV2B1|MobileNetV2|MobileNetV3Small
10,weight_value_dist,14,0.5,EfficientNetV2B1|MobileNetV2|MobileNetV3Small
10,weight_value_dist,15,0.5,EfficientNetV2B1|MobileNetV2|MobileNetV3Small
10,weight_value_dist,16,0.5,EfficientNetV2B1|MobileNetV2|MobileNetV3Small
10,weight_value_dist,17,0.5,EfficientNetV2B1|MobileNetV2|MobileNetV3Small
10,weight_value_dist,18,0.5,EfficientNetV2B1|MobileNetV2|MobileNetV3Small
10,weight_value_dist,19,0.5,EfficientNetV2B1|MobileNetV2|MobileNetV3Small
10,weight_value_dist,20,0.5,EfficientNetV2B1|MobileNetV2|MobileNetV3Small
10,weight_value_dist,21,0.53125,EfficientNetV2B1|MobileNetV2|MobileNetV3Small
10,weight_value_dist,22,0.53125,EfficientNetV2B1|MobileNetV2|MobileNetV3Small
10,weight_value_dist,23,0.5625,EfficientNetV2B1|MobileNetV2|MobileNetV3Small
10,byte_autocorr,1,0.5,EfficientNetV2B1|MobileNetV2|MobileNetV3Small
10,byte_autocorr,2,0.5,EfficientNetV2B1|MobileNetV2|MobileNetV3Small
10,byte_autocorr,3,0.5,EfficientNetV2B1|MobileNetV2|MobileNetV3Small
10,byte_autocorr,4,0.5,EfficientNetV2B1|MobileNetV2|MobileNetV3Small
10,byte_autocorr,5,0.5,EfficientNetV2B1|MobileNetV2|MobileNetV3Small
10,byte_autocorr,6,0.5,EfficientNetV2B1|MobileNetV2|MobileNetV3Small
10,byte_autocorr,7,0.65625,EfficientNetV2B1|MobileNetV2|MobileNetV3Small
10,byte_autocorr,8,0.875,EfficientNetV2B1|MobileNetV2|MobileNetV3Small
10,byte_autocorr,9,0.71875,EfficientNetV2B1|MobileNetV2|MobileNetV3Small
10,byte_autocorr,10,0.71875,EfficientNetV2B1|MobileNetV2|MobileNetV3Small
10,byte_autocorr,11,0.71875,EfficientNetV2B1|MobileNetV2|MobileNetV3Small
10,byte_autocorr,12,0.75,EfficientNetV2B1|MobileNetV2|MobileNetV3Small
10,byte_autocorr,13,0.8125,EfficientNetV2B1|MobileNetV2|MobileNetV3Small
10,byte_autocorr,14,0.78125,EfficientNetV2B1|MobileNetV2|MobileNetV3Small
10,byte_autocorr,15,0.84375,EfficientNetV2B1|MobileNetV2|MobileNetV3Small
10,byte_autocorr,16,0.96875,EfficientNetV2B1|MobileNetV2|MobileNetV3Small
10,byte_autocorr,17,0.75,EfficientNetV2B1|MobileNetV2|MobileNetV3Small
10,byte_autocorr,18,0.75,EfficientNetV2B1|MobileNetV2|MobileNetV3Small
10,byte_autocorr,19,0.75,EfficientNetV2B1|MobileNetV2|MobileNetV3Small
10,byte_autocorr,20,0.75,EfficientNetV2B1|MobileNetV2|MobileNetV3Small
10,byte_autocorr,21,0.75,EfficientNetV2B1|MobileNetV2|MobileNetV3Small
10,byte_autocorr,22,0.75,EfficientNetV2B1|MobileNetV2|MobileNetV3Small
10,byte_autocorr,23,0.75,EfficientNetV2B1|MobileNetV2|MobileNetV3Small
11,byte_entropy,1,0.5,DenseNet121|MobileNetV3Small|NASNetMobile
11,byte_entropy,2,0.5,DenseNet121|MobileNetV3Small|NASNetMobile
11,byte_entropy,3,0.5625,DenseNet121|MobileNetV3Small|NASNetMobile
11,byte_entropy,4,0.59375,DenseNet121|MobileNetV3Small|NASNetMobile
11,byte_entropy,5,0.59375,DenseNet121|MobileNetV3Small|NASNetMobile
11,byte_entropy,6,0.625,DenseNet121|MobileNetV3Small|NASNetMobile
11,byte_entropy,7,0.625,DenseNet121|MobileNetV3Small|NASNetMobile
11,byte_entropy,8,0.625,DenseNet121|MobileNetV3Small|NASNetMobile
11,byte_entropy,9,0.625,DenseNet121|MobileNetV3Small|NASNetMobile
11,byte_entropy,10,0.625,DenseNet121|MobileNetV3Small|NASNetMobile
11,byte_entropy,11,0.625,DenseNet121|MobileNetV3Small|NASNetMobile
11,byte_entropy,12,0.625,DenseNet121|MobileNetV3Small|NASNetMobile
11,byte_entropy,13,0.625,DenseNet121|MobileNetV3Small|NASNetMobile
11,byte_entropy,14,0.625,DenseNet121|MobileNetV3Small|NASNetMobile
11,byte_entropy,15,0.625,DenseNet121|MobileNetV3Small|NASNetMobile
11,byte_entropy,16,0.625,DenseNet121|MobileNetV3Small|NASNetMobile
11,byte_entropy,17,0.625,DenseNet121|MobileNetV3Small|NASNetMobile
11,byte_entropy,18,0.625,DenseNet121|MobileNetV3Small|NASNetMobile
11,byte_entropy,19,0.625,DenseNet121|MobileNetV3Small|NASNetMobile
11,byte_entropy,20,0.78125,DenseNet121|MobileNetV3Small|NASNetMobile
11,byte_entropy,21,0.625,DenseNet121|MobileNetV3Small|NASNetMobile
11,byte_entropy,22,0.625,DenseNet121|MobileNetV3Small|NASNetMobile
11,byte_entropy,23,0.625,DenseNet121|MobileNetV3Small|NASNetMobile
11,histogram_kl,1,0.46875,DenseNet121|MobileNetV3Small|NASNetMobile
11,histogram_kl,2,0.53125,DenseNet121|MobileNetV3Small|NASNetMobile
11,histogram_kl,3,0.5,DenseNet121|MobileNetV3Small|NASNetMobile
11,histogram_kl,4,0.5,DenseNet121|MobileNetV3Small|NASNetMobile
11,histogram_kl,5,0.5625,DenseNet121|MobileNetV3Small|NASNetMobile
11,histogram_kl,6,0.65625,DenseNet121|MobileNetV3Small|NASNetMobile
11,histogram_kl,7,0.65625,DenseNet121|MobileNetV3Small|NASNetMobile
11,histogram_kl,8,0.65625,DenseNet121|MobileNetV3Small|NASNetMobile
11,histogram_kl,9,0.6875,DenseNet121|MobileNetV3Small|NASNetMobile
11,histogram_kl,10,0.6875,DenseNet121|MobileNetV3Small|NASNetMobile
11,histogram_kl,11,0.6875,DenseNet121|MobileNetV3Small|NASNetMobile
11,histogram_kl,12,0.6875,DenseNet121|MobileNetV3Small|NASNetMobile
11,histogram_kl,13,0.65625,DenseNet121|MobileNetV3Small|NASNetMobile
11,histogram_kl,14,0.65625,DenseNet121|MobileNetV3Small|NASNetMobile
11,histogram_kl,15,0.6875,DenseNet121|MobileNetV3Small|NASNetMobile
11,histogram_kl,16,0.71875,DenseNet121|MobileNetV3Small|NASNetMobile
11,histogram_kl,17,0.6875,DenseNet121|MobileNetV3Small|NASNetMobile
11,histogram_kl,18,0.6875,DenseNet121|MobileNetV3Small|NASNetMobile
11,histogram_kl,19,0.6875,DenseNet121|MobileNetV3Small|NASNetMobile
11,histogram_kl,20,0.6875,DenseNet121|MobileNetV3Small|NASNetMobile
11,histogram_kl,21,0.65625,DenseNet121|MobileNetV3Small|NASNetMobile
11,histogram_kl,22,0.65625,DenseNet121|MobileNetV3Small|NASNetMobile
11,histogram_kl,23,0.71875,DenseNet121|MobileNetV3Small|NASNetMobile
11,weight_value_dist,1,0.5,DenseNet121|MobileNetV3Small|NASNetMobile
11,weight_value_dist,2,0.5,DenseNet121|MobileNetV3Small|NASNetMobile
11,weight_value_dist,3,0.5,DenseNet121|MobileNetV3Small|NASNetMobile
11,weight_value_dist,4,0.5,DenseNet121|MobileNetV3Small|NASNetMobile
11,weight_value_dist,5,0.5,DenseNet121|MobileNetV3Small|NASNetMobile
11,weight_value_dist,6,0.5,DenseNet121|MobileNetV3Small|NASNetMobile
11,weight_value_dist,7,0.5,DenseNet121|MobileNetV3Small|NASNetMobile
11,weight_value_dist,8,0.5,DenseNet121|MobileNetV3Small|NASNetMobile
11,weight_value_dist,9,0.5,DenseNet121|MobileNetV3Small|NASNetMobile
11,weight_value_dist,10,0.5,DenseNet121|MobileNetV3Small|NASNetMobile
11,weight_value_dist,11,0.5,DenseNet121|MobileNetV3Small|NASNetMobile
11,weight_value_dist,12,0.5,DenseNet121|MobileNetV3Small|NASNetMobile
11,weight_value_dist,13,0.5,DenseNet121|MobileNetV3Small|NASNetMobile
11,weight_value_dist,14,0.5,DenseNet121|MobileNetV3Small|NASNetMobile
11,weight_value_dist,15,0.5,DenseNet121|MobileNetV3Small|NASNetMobile
11,weight_value_dist,16,0.5,DenseNet121|MobileNetV3Small|NASNetMobile
11,weight_value_dist,17,0.5,DenseNet121|MobileNetV3Small|NASNetMobile
11,weight_value_dist,18,0.5,DenseNet121|MobileNetV3Small|NASNetMobile
11,weight_value_dist,19,0.5,DenseNet121|MobileNetV3Small|NASNetMobile
11,weight_value_dist,20,0.5,DenseNet121|MobileNetV3Small|NASNetMobile
11,weight_value_dist,21,0.5,DenseNet121|MobileNetV3Small|NASNetMobile
11,weight_value_dist,22,0.6875,DenseNet121|MobileNetV3Small|NASNetMobile
11,weight_value_dist,23,0.71875,DenseNet121|MobileNetV3Small|NASNetMobile
11,byte_autocorr,1,0.5,DenseNet121|MobileNetV3Small|NASNetMobile
11,byte_autocorr,2,0.5,DenseNet121|MobileNetV3Small|NASNetMobile
11,byte_autocorr,3,0.5,DenseNet121|MobileNetV3Small|NASNetMobile
11,byte_autocorr,4,0.625,DenseNet121|MobileNetV3Small|NASNetMobile
11,byte_autocorr,5,0.5,DenseNet121|MobileNetV3Small|NASNetMobile
11,byte_autocorr,6,0.71875,DenseNet121|MobileNetV3Small|NASNetMobile
11,byte_autocorr,7,0.71875,DenseNet121|MobileNetV3Small|NASNetMobile
11,byte_autocorr,8,0.75,DenseNet121|MobileNetV3Small|NASNetMobile
11,byte_autocorr,9,0.75,DenseNet121|MobileNetV3Small|NASNetMobile
11,byte_autocorr,10,0.75,DenseNet121|MobileNetV3Small|NASNetMobile
11,byte_autocorr,11,0.75,DenseNet121|MobileNetV3Small|NASNetMobile
11,byte_autocorr,12,0.75,DenseNet121|MobileNetV3Small|NASNetMobile
11,byte_autocorr,13,0.75,DenseNet121|MobileNetV3Small|NASNetMobile
11,byte_autocorr,14,0.75,DenseNet121|MobileNetV3Small|NASNetMobile
11,byte_autocorr,15,0.75,DenseNet121|MobileNetV3Small|NASNetMobile
11,byte_autocorr,16,0.8125,DenseNet121|MobileNetV3Small|NASNetMobile
11,byte_autocorr,17,0.75,DenseNet121|MobileNetV3Small|NASNetMobile
11,byte_autocorr,18,0.75,DenseNet121|MobileNetV3Small|NASNetMobile
11,byte_autocorr,19,0.75,DenseNet121|MobileNetV3Small|NASNetMobile
11,byte_autocorr,20,0.75,DenseNet121|MobileNetV3Small|NASNetMobile
11,byte_autocorr,21,0.75,DenseNet121|MobileNetV3Small|NASNetMobile
11,byte_autocorr,22,0.75,DenseNet121|MobileNetV3Small|NASNetMobile
11,byte_autocorr,23,0.75,DenseNet121|MobileNetV3Small|NASNetMobile
12,byte_entropy,1,0.5,EfficientNetV2B0|MobileNet|NASNetMobile
12,byte_entropy,2,0.5,EfficientNetV2B0|MobileNet|NASNetMobile
12,byte_entropy,3,0.5,EfficientNetV2B0|MobileNet|NASNetMobile
12,byte_entropy,4,0.5,EfficientNetV2B0|MobileNet|NASNetMobile
12,byte_entropy,5,0.5,EfficientNetV2B0|MobileNet|NASNetMobile
12,byte_entropy,6,0.5,EfficientNetV2B0|MobileNet|NASNetMobile
12,byte_entropy,7,0.5,EfficientNetV2B0|MobileNet|NASNetMobile
12,byte_entropy,8,0.5,EfficientNetV2B0|MobileNet|NASNetMobile
12,byte_entropy,9,0.5,EfficientNetV2B0|MobileNet|NASNetMobile
12,byte_entropy,10,0.5,EfficientNetV2B0|MobileNet|NASNetMobile
12,byte_entropy,11,0.5,EfficientNetV2B0|MobileNet|NASNetMobile
12,byte_entropy,12,0.5,EfficientNetV2B0|MobileNet|NASNetMobile
12,byte_entropy,13,0.5,EfficientNetV2B0|MobileNet|NASNetMobile
12,byte_entropy,14,0.5,EfficientNetV2B0|MobileNet|NASNetMobile
12,byte_entropy,15,0.5,EfficientNetV2B0|MobileNet|NASNetMobile
12,byte_entropy,16,0.5,EfficientNetV2B0|MobileNet|NASNetMobile
12,byte_entropy,17,0.5,EfficientNetV2B0|MobileNet|NASNetMobile
12,byte_entropy,18,0.75,EfficientNetV2B0|MobileNet|NASNetMobile
12,byte_entropy,19,0.90625,EfficientNetV2B0|MobileNet|NASNetMobile
12,byte_entropy,20,0.90625,EfficientNetV2B0|MobileNet|NASNetMobile
12,byte_entropy,21,0.90625,EfficientNetV2B0|MobileNet|NASNetMobile
12,byte_entropy,22,0.65625,EfficientNetV2B0|MobileNet|NASNetMobile
12,byte_entropy,23,0.71875,EfficientNetV2B0|MobileNet|NASNetMobile
12,histogram_kl,1,0.5,EfficientNetV2B0|MobileNet|NASNetMobile
12,histogram_kl,2,0.5,EfficientNetV2B0|MobileNet|NASNetMobile
12,histogram_kl,3,0.5,EfficientNetV2B0|MobileNet|NASNetMobile
12,histogram_kl,4,0.5,EfficientNetV2B0|MobileNet|NASNetMobile
12,histogram_kl,5,0.5,EfficientNetV2B0|MobileNet|NASNetMobile
12,histogram_kl,6,0.5,EfficientNetV2B0|MobileNet|NASNetMobile
12,histogram_kl,7,0.5,EfficientNetV2B0|MobileNet|NASNetMobile
12,histogram_kl,8,0.5,EfficientNetV2B0|MobileNet|NASNetMobile
12,histogram_kl,9,0.5,EfficientNetV2B0|MobileNet|NASNetMobile
12,histogram_kl,10,0.5,EfficientNetV2B0|MobileNet|NASNetMobile
12,histogram_kl,11,0.5,EfficientNetV2B0|MobileNet|NASNetMobile
12,histogram_kl,12,0.5,EfficientNetV2B0|MobileNet|NASNetMobile
12,histogram_kl,13,0.5,EfficientNetV2B0|MobileNet|NASNetMobile
12,histogram_kl,14,0.5,EfficientNetV2B0|MobileNet|NASNetMobile
12,histogram_kl,15,0.5,EfficientNetV2B0|MobileNet|NASNetMobile
12,histogram_kl,16,0.5,EfficientNetV2B0|MobileNet|NASNetMobile
12,histogram_kl,17,0.5,EfficientNetV2B0|MobileNet|NASNetMobile
12,histogram_kl,18,0.90625,EfficientNetV2B0|MobileNet|NASNetMobile
12,histogram_kl,19,0.96875,EfficientNetV2B0|MobileNet|NASNetMobile
12,histogram_kl,20,0.96875,EfficientNetV2B0|MobileNet|NASNetMobile
12,histogram_kl,21,0.96875,EfficientNetV2B0|MobileNet|NASNetMobile
12,histogram_kl,22,0.96875,EfficientNetV2B0|MobileNet|NASNetMobile
12,histogram_kl,23,0.875,EfficientNetV2B0|MobileNet|NASNetMobile
12,weight_value_dist,1,0.5,EfficientNetV2B0|MobileNet|NASNetMobile
12,weight_value_dist,2,0.5,EfficientNetV2B0|MobileNet|NASNetMobile
12,weight_value_dist,3,0.5,EfficientNetV2B0|MobileNet|NASNetMobile
12,weight_value_dist,4,0.5,EfficientNetV2B0|MobileNet|NASNetMobile
12,weight_value_dist,5,0.5,EfficientNetV2B0|MobileNet|NASNetMobile
12,weight_value_dist,6,0.5,EfficientNetV2B0|MobileNet|NASNetMobile
12,weight_value_dist,7,0.5,EfficientNetV2B0|MobileNet|NASNetMobile
12,weight_value_dist,8,0.5,EfficientNetV2B0|MobileNet|NASNetMobile
12,weight_value_dist,9,0.5,EfficientNetV2B0|MobileNet|NASNetMobile
12,weight_value_dist,10,0.5,EfficientNetV2B0|MobileNet|NASNetMobile
12,weight_value_dist,11,0.5,EfficientNetV2B0|MobileNet|NASNetMobile
12,weight_value_dist,12,0.5,EfficientNetV2B0|MobileNet|NASNetMobile
12,weight_value_dist,13,0.5,EfficientNetV2B0|MobileNet|NASNetMobile
12,weight_value_dist,14,0.5,EfficientNetV2B0|MobileNet|NASNetMobile
12,weight_value_dist,15,0.5,EfficientNetV2B0|MobileNet|NASNetMobile
12,weight_value_dist,16,0.5,EfficientNetV2B0|MobileNet|NASNetMobile
12,weight_value_dist,17,0.5,EfficientNetV2B0|MobileNet|NASNetMobile
12,weight_value_dist,18,0.5,EfficientNetV2B0|MobileNet|NASNetMobile
12,weight_value_dist,19,0.5,EfficientNetV2B0|MobileNet|NASNetMobile
12,weight_value_dist,20,0.5,EfficientNetV2B0|MobileNet|NASNetMobile
12,weight_value_dist,21,0.53125,EfficientNetV2B0|MobileNet|NASNetMobile
12,weight_value_dist,22,0.53125,EfficientNetV2B0|MobileNet|NASNetMobile
12,weight_value_dist,23,0.53125,EfficientNetV2B0|MobileNet|NASNetMobile
12,byte_autocorr,1,0.5,EfficientNetV2B0|MobileNet|NASNetMobile
12,byte_autocorr,2,0.46875,EfficientNetV2B0|MobileNet|NASNetMobile
12,byte_autocorr,3,0.5,EfficientNetV2B0|MobileNet|NASNetMobile
12,byte_autocorr,4,0.5,EfficientNetV2B0|MobileNet|NASNetMobile
12,byte_autocorr,5,0.5625,EfficientNetV2B0|MobileNet|NASNetMobile
12,byte_autocorr,6,0.5,EfficientNetV2B0|MobileNet|NASNetMobile
12,byte_autocorr,7,0.5,EfficientNetV2B0|MobileNet|NASNetMobile
12,byte_autocorr,8,0.875,EfficientNetV2B0|MobileNet|NASNetMobile
12,byte_autocorr,9,0.5,EfficientNetV2B0|MobileNet|NASNetMobile
12,byte_autocorr,10,0.5,EfficientNetV2B0|MobileNet|NASNetMobile
12,byte_autocorr,11,0.5,EfficientNetV2B0|MobileNet|NASNetMobile
12,byte_autocorr,12,0.5,EfficientNetV2B0|MobileNet|NASNetMobile
12,byte_autocorr,13,0.5,EfficientNetV2B0|MobileNet|NASNetMobile
12,byte_autocorr,14,0.5,EfficientNetV2B0|MobileNet|NASNetMobile
12,byte_autocorr,15,0.5,EfficientNetV2B0|MobileNet|NASNetMobile
12,byte_autocorr,16,0.71875,EfficientNetV2B0|MobileNet|NASNetMobile
12,byte_autocorr,17,0.96875,EfficientNetV2B0|MobileNet|NASNetMobile
12,byte_autocorr,18,0.96875,EfficientNetV2B0|MobileNet|NASNetMobile
12,byte_autocorr,19,1.0,EfficientNetV2B0|MobileNet|NASNetMobile
12,byte_autocorr,20,1.0,EfficientNetV2B0|MobileNet|NASNetMobile
12,byte_autocorr,21,0.6875,EfficientNetV2B0|MobileNet|NASNetMobile
12,byte_autocorr,22,0.6875,EfficientNetV2B0|MobileNet|NASNetMobile
12,byte_autocorr,23,0.96875,EfficientNetV2B0|MobileNet|NASNetMobile
13,byte_entropy,1,0.5,MobileNetV3Large|MobileNetV3Small|NASNetMobile
13,byte_entropy,2,0.53125,MobileNetV3Large|MobileNetV3Small|NASNetMobile
13,byte_entropy,3,0.5625,MobileNetV3Large|MobileNetV3Small|NASNetMobile
13,byte_entropy,4,0.5625,MobileNetV3Large|MobileNetV3Small|NASNetMobile
13,byte_entropy,5,0.5625,MobileNetV3Large|MobileNetV3Small|NASNetMobile
13,byte_entropy,6,0.5625,MobileNetV3Large|MobileNetV3Small|NASNetMobile
13,byte_entropy,7,0.5625,MobileNetV3Large|MobileNetV3Small|NASNetMobile
13,byte_entropy,8,0.5625,MobileNetV3Large|MobileNetV3Small|NASNetMobile
13,byte_entropy,9,0.5625,MobileNetV3Large|MobileNetV3Small|NASNetMobile
13,byte_entropy,10,0.5625,MobileNetV3Large|MobileNetV3Small|NASNetMobile
13,byte_entropy,11,0.5625,MobileNetV3Large|MobileNetV3Small|NASNetMobile
13,byte_entropy,12,0.5625,MobileNetV3Large|MobileNetV3Small|NASNetMobile
13,byte_entropy,13,0.5625,MobileNetV3Large|MobileNetV3Small|NASNetMobile
13,byte_entropy,14,0.5625,MobileNetV3Large|MobileNetV3Small|NASNetMobile
13,byte_entropy,15,0.5625,MobileNetV3Large|MobileNetV3Small|NASNetMobile
13,byte_entropy,16,0.5625,MobileNetV3Large|MobileNetV3Small|NASNetMobile
13,byte_entropy,17,0.5625,MobileNetV3Large|MobileNetV3Small|NASNetMobile
13,byte_entropy,18,0.5625,MobileNetV3Large|MobileNetV3Small|NASNetMobile
13,byte_entropy,19,0.5625,MobileNetV3Large|MobileNetV3Small|NASNetMobile
13,byte_entropy,20,0.5625,MobileNetV3Large|MobileNetV3Small|NASNetMobile
13,byte_entropy,21,0.5625,MobileNetV3Large|MobileNetV3Small|NASNetMobile
13,byte_entropy,22,0.5625,MobileNetV3Large|MobileNetV3Small|NASNetMobile
13,byte_entropy,23,0.6875,MobileNetV3Large|MobileNetV3Small|NASNetMobile
13,histogram_kl,1,0.34375,MobileNetV3Large|MobileNetV3Small|NASNetMobile
13,histogram_kl,2,0.40625,MobileNetV3Large|MobileNetV3Small|NASNetMobile
13,histogram_kl,3,0.5,MobileNetV3Large|MobileNetV3Small|NASNetMobile
13,histogram_kl,4,0.53125,MobileNetV3Large|MobileNetV3Small|NASNetMobile
13,histogram_kl,5,0.59375,MobileNetV3Large|MobileNetV3Small|NASNetMobile
13,histogram_kl,6,0.6875,MobileNetV3Large|MobileNetV3Small|NASNetMobile
13,histogram_kl,7,0.625,MobileNetV3Large|MobileNetV3Small|NASNetMobile
13,histogram_kl,8,0.75,MobileNetV3Large|MobileNetV3Small|NASNetMobile
13,histogram_kl,9,0.6875,MobileNetV3Large|MobileNetV3Small|NASNetMobile
13,histogram_kl,10,0.6875,MobileNetV3Large|MobileNetV3Small|NASNetMobile
13,histogram_kl,11,0.6875,MobileNetV3Large|MobileNetV3Small|NASNetMobile
13,histogram_kl,12,0.71875,MobileNetV3Large|MobileNetV3Small|NASNetMobile
13,histogram_kl,13,0.6875,MobileNetV3Large|MobileNetV3Small|NASNetMobile
13,histogram_kl,14,0.6875,MobileNetV3Large|MobileNetV3Small|NASNetMobile
13,histogram_kl,15,0.6875,MobileNetV3Large|MobileNetV3Small|NASNetMobile
13,histogram_kl,16,0.71875,MobileNetV3Large|MobileNetV3Small|NASNetMobile
13,histogram_kl,17,0.6875,MobileNetV3Large|MobileNetV3Small|NASNetMobile
13,histogram_kl,18,0.6875,MobileNetV3Large|MobileNetV3Small|NASNetMobile
13,histogram_kl,19,0.6875,MobileNetV3Large|MobileNetV3Small|NASNetMobile
13,histogram_kl,20,0.6875,MobileNetV3Large|MobileNetV3Small|NASNetMobile
13,histogram_kl,21,0.65625,MobileNetV3Large|MobileNetV3Small|NASNetMobile
13,histogram_kl,22,0.65625,MobileNetV3Large|MobileNetV3Small|NASNetMobile
13,histogram_kl,23,0.71875,MobileNetV3Large|MobileNetV3Small|NASNetMobile
13,weight_value_dist,1,0.5,MobileNetV3Large|MobileNetV3Small|NASNetMobile
13,weight_value_dist,2,0.5,MobileNetV3Large|MobileNetV3Small|NASNetMobile
13,weight_value_dist,3,0.5,MobileNetV3Large|MobileNetV3Small|NASNetMobile
13,weight_value_dist,4,0.5,MobileNetV3Large|MobileNetV3Small|NASNetMobile
13,weight_value_dist,5,0.5,MobileNetV3Large|MobileNetV3Small|NASNetMobile
13,weight_value_dist,6,0.5,MobileNetV3Large|MobileNetV3Small|NASNetMobile
13,weight_value_dist,7,0.5,MobileNetV3Large|MobileNetV3Small|NASNetMobile
13,weight_value_dist,8,0.5,MobileNetV3Large|MobileNetV3Small|NASNetMobile
13,weight_value_dist,9,0.5,MobileNetV3Large|MobileNetV3Small|NASNetMobile
13,weight_value_dist,10,0.5,MobileNetV3Large|MobileNetV3Small|NASNetMobile
13,weight_value_dist,11,0.5,MobileNetV3Large|MobileNetV3Small|NASNetMobile
13,weight_value_dist,12,0.5,MobileNetV3Large|MobileNetV3Small|NASNetMobile
13,weight_value_dist,13,0.5,MobileNetV3Large|MobileNetV3Small|NASNetMobile
13,weight_value_dist,14,0.5,MobileNetV3Large|MobileNetV3Small|NASNetMobile
13,weight_value_dist,15,0.5,MobileNetV3Large|MobileNetV3Small|NASNetMobile
13,weight_value_dist,16,0.5,MobileNetV3Large|MobileNetV3Small|NASNetMobile
13,weight_value_dist,17,0.5,MobileNetV3Large|MobileNetV3Small|NASNetMobile
13,weight_value_dist,18,0.5,MobileNetV3Large|MobileNetV3Small|NASNetMobile
13,weight_value_dist,19,0.5,MobileNetV3Large|MobileNetV3Small|NASNetMobile
13,weight_value_dist,20,0.5,MobileNetV3Large|MobileNetV3Small|NASNetMobile
13,weight_value_dist,21,0.5,MobileNetV3Large|MobileNetV3Small|NASNetMobile
13,weight_value_dist,22,0.5,MobileNetV3Large|MobileNetV3Small|NASNetMobile
13,weight_value_dist,23,0.5,MobileNetV3Large|MobileNetV3Small|NASNetMobile
13,byte_autocorr,1,0.5,MobileNetV3Large|MobileNetV3Small|NASNetMobile
13,byte_autocorr,2,0.5,MobileNetV3Large|MobileNetV3Small|NASNetMobile
13,byte_autocorr,3,0.5625,MobileNetV3Large|MobileNetV3Small|NASNetMobile
13,byte_autocorr,4,0.625,MobileNetV3Large|MobileNetV3Small|NASNetMobile
13,byte_autocorr,5,0.65625,MobileNetV3Large|MobileNetV3Small|NASNetMobile
13,byte_autocorr,6,0.71875,MobileNetV3Large|MobileNetV3Small|NASNetMobile
13,byte_autocorr,7,0.6875,MobileNetV3Large|MobileNetV3Small|NASNetMobile
13,byte_autocorr,8,0.90625,MobileNetV3Large|MobileNetV3Small|NASNetMobile
13,byte_autocorr,9,0.71875,MobileNetV3Large|MobileNetV3Small|NASNetMobile
13,byte_autocorr,10,0.75,MobileNetV3Large|MobileNetV3Small|NASNetMobile
13,byte_autocorr,11,0.75,MobileNetV3Large|MobileNetV3Small|NASNetMobile
13,byte_autocorr,12,0.75,MobileNetV3Large|MobileNetV3Small|NASNetMobile
13,byte_autocorr,13,0.75,MobileNetV3Large|MobileNetV3Small|NASNetMobile
13,byte_autocorr,14,0.75,MobileNetV3Large|MobileNetV3Small|NASNetMobile
13,byte_autocorr,15,0.75,MobileNetV3Large|MobileNetV3Small|NASNetMobile
13,byte_autocorr,16,0.84375,MobileNetV3Large|MobileNetV3Small|NASNetMobile
13,byte_autocorr,17,0.75,MobileNetV3Large|MobileNetV3Small|NASNetMobile
13,byte_autocorr,18,0.75,MobileNetV3Large|MobileNetV3Small|NASNetMobile
13,byte_autocorr,19,0.75,MobileNetV3Large|MobileNetV3Small|NASNetMobile
13,byte_autocorr,20,0.75,MobileNetV3Large|MobileNetV3Small|NASNetMobile
13,byte_autocorr,21,0.75,MobileNetV3Large|MobileNetV3Small|NASNetMobile
13,byte_autocorr,22,0.75,MobileNetV3Large|MobileNetV3Small|NASNetMobile
13,byte_autocorr,23,0.75,MobileNetV3Large|MobileNetV3Small|NASNetMobile
14,byte_entropy,1,0.5,DenseNet121|MobileNetV3Large|NASNetMobile
14,byte_entropy,2,0.5,DenseNet121|MobileNetV3Large|NASNetMobile
14,byte_entropy,3,0.5625,DenseNet121|MobileNetV3Large|NASNetMobile
14,byte_entropy,4,0.59375,DenseNet121|MobileNetV3Large|NASNetMobile
14,byte_entropy,5,0.625,DenseNet121|MobileNetV3Large|NASNetMobile
14,byte_entropy,6,0.625,DenseNet121|MobileNetV3Large|NASNetMobile
14,byte_entropy,7,0.625,DenseNet121|MobileNetV3Large|NASNetMobile
14,byte_entropy,8,0.625,DenseNet121|MobileNetV3Large|NASNetMobile
14,byte_entropy,9,0.625,DenseNet121|MobileNetV3Large|NASNetMobile
14,byte_entropy,10,0.625,DenseNet121|MobileNetV3Large|NASNetMobile
14,byte_entropy,11,0.625,DenseNet121|MobileNetV3Large|NASNetMobile
14,byte_entropy,12,0.625,DenseNet121|MobileNetV3Large|NASNetMobile
14,byte_entropy,13,0.625,DenseNet121|MobileNetV3Large|NASNetMobile
14,byte_entropy,14,0.625,DenseNet121|MobileNetV3Large|NASNetMobile
14,byte_entropy,15,0.625,DenseNet121|MobileNetV3Large|NASNetMobile
14,byte_entropy,16,0.625,DenseNet121|MobileNetV3Large|NASNetMobile
14,byte_entropy,17,0.78125,DenseNet121|MobileNetV3Large|NASNetMobile
14,byte_entropy,18,0.78125,DenseNet121|MobileNetV3Large|NASNetMobile
14,byte_entropy,19,0.78125,DenseNet121|MobileNetV3Large|NASNetMobile
14,byte_entropy,20,0.78125,DenseNet121|MobileNetV3Large|NASNetMobile
14,byte_entropy,21,0.78125,DenseNet121|MobileNetV3Large|NASNetMobile
14,byte_entropy,22,0.625,DenseNet121|MobileNetV3Large|NASNetMobile
14,byte_entropy,23,0.6875,DenseNet121|MobileNetV3Large|NASNetMobile
14,histogram_kl,1,0.46875,DenseNet121|MobileNetV3Large|NASNetMobile
14,histogram_kl,2,0.5,DenseNet121|MobileNetV3Large|NASNetMobile
14,histogram_kl,3,0.46875,DenseNet121|MobileNetV3Large|NASNetMobile
14,histogram_kl,4,0.46875,DenseNet121|MobileNetV3Large|NASNetMobile
14,histogram_kl,5,0.5625,DenseNet121|MobileNetV3Large|NASNetMobile
14,histogram_kl,6,0.65625,DenseNet121|MobileNetV3Large|NASNetMobile
14,histogram_kl,7,0.65625,DenseNet121|MobileNetV3Large|NASNetMobile
14,histogram_kl,8,0.65625,DenseNet121|MobileNetV3Large|NASNetMobile
14,histogram_kl,9,0.6875,DenseNet121|MobileNetV3Large|NASNetMobile
14,histogram_kl,10,0.6875,DenseNet121|MobileNetV3Large|NASNetMobile
14,histogram_kl,11,0.65625,DenseNet121|MobileNetV3Large|NASNetMobile
14,histogram_kl,12,0.65625,DenseNet121|MobileNetV3Large|NASNetMobile
14,histogram_kl,13,0.65625,DenseNet121|MobileNetV3Large|NASNetMobile
14,histogram_kl,14,0.65625,DenseNet121|MobileNetV3Large|NASNetMobile
14,histogram_kl,15,0.6875,DenseNet121|MobileNetV3Large|NASNetMobile
14,histogram_kl,16,0.6875,DenseNet121|MobileNetV3Large|NASNetMobile
14,histogram_kl,17,0.65625,DenseNet121|MobileNetV3Large|NASNetMobile
14,histogram_kl,18,0.65625,DenseNet121|MobileNetV3Large|NASNetMobile
14,histogram_kl,19,0.65625,DenseNet121|MobileNetV3Large|NASNetMobile
14,histogram_kl,20,0.65625,DenseNet121|MobileNetV3Large|NASNetMobile
14,histogram_kl,21,0.65625,DenseNet121|MobileNetV3Large|NASNetMobile
14,histogram_kl,22,0.65625,DenseNet121|MobileNetV3Large|NASNetMobile
14,histogram_kl,23,0.875,DenseNet121|MobileNetV3Large|NASNetMobile
14,weight_value_dist,1,0.5,DenseNet121|MobileNetV3Large|NASNetMobile
14,weight_value_dist,2,0.5,DenseNet121|MobileNetV3Large|NASNetMobile
14,weight_value_dist,3,0.5,DenseNet121|MobileNetV3Large|NASNetMobile
14,weight_value_dist,4,0.5,DenseNet121|MobileNetV3Large|NASNetMobile
14,weight_value_dist,5,0.5,DenseNet121|MobileNetV3Large|NASNetMobile
14,weight_value_dist,6,0.5,DenseNet121|MobileNetV3Large|NASNetMobile
14,weight_value_dist,7,0.5,DenseNet121|MobileNetV3Large|NASNetMobile
14,weight_value_dist,8,0.5,DenseNet121|MobileNetV3Large|NASNetMobile
14,weight_value_dist,9,0.5,DenseNet121|MobileNetV3Large|NASNetMobile
14,weight_value_dist,10,0.5,DenseNet121|MobileNetV3Large|NASNetMobile
14,weight_value_dist,11,0.5,DenseNet121|MobileNetV3Large|NASNetMobile
14,weight_value_dist,12,0.5,DenseNet121|MobileNetV3Large|NASNetMobile
14,weight_value_dist,13,0.5,DenseNet121|MobileNetV3Large|NASNetMobile
14,weight_value_dist,14,0.5,DenseNet121|MobileNetV3Large|NASNetMobile
14,weight_value_dist,15,0.5,DenseNet121|MobileNetV3Large|NASNetMobile
14,weight_value_dist,16,0.5,DenseNet121|MobileNetV3Large|NASNetMobile
14,weight_value_dist,17,0.53125,DenseNet121|MobileNetV3Large|NASNetMobile
14,weight_value_dist,18,0.53125,DenseNet121|MobileNetV3Large|NASNetMobile
14,weight_value_dist,19,0.53125,DenseNet121|MobileNetV3Large|NASNetMobile
14,weight_value_dist,20,0.53125,DenseNet121|MobileNetV3Large|NASNetMobile
14,weight_value_dist,21,0.53125,DenseNet121|MobileNetV3Large|NASNetMobile
14,weight_value_dist,22,0.53125,DenseNet121|MobileNetV3Large|NASNetMobile
14,weight_value_dist,23,0.625,DenseNet121|MobileNetV3Large|NASNetMobile
14,byte_autocorr,1,0.5,DenseNet121|MobileNetV3Large|NASNetMobile
14,byte_autocorr,2,0.5,DenseNet121|MobileNetV3Large|NASNetMobile
14,byte_autocorr,3,0.59375,DenseNet121|MobileNetV3Large|NASNetMobile
14,byte_autocorr,4,0.625,DenseNet121|MobileNetV3Large|NASNetMobile
14,byte_autocorr,5,0.65625,DenseNet121|MobileNetV3Large|NASNetMobile
14,byte_autocorr,6,0.71875,DenseNet121|MobileNetV3Large|NASNetMobile
14,byte_autocorr,7,0.6875,DenseNet121|MobileNetV3Large|NASNetMobile
14,byte_autocorr,8,0.75,DenseNet121|MobileNetV3Large|NASNetMobile
14,byte_autocorr,9,0.75,DenseNet121|MobileNetV3Large|NASNetMobile
14,byte_autocorr,10,0.75,DenseNet121|MobileNetV3Large|NASNetMobile
14,byte_autocorr,11,0.75,DenseNet121|MobileNetV3Large|NASNetMobile
14,byte_autocorr,12,0.75,DenseNet121|MobileNetV3Large|NASNetMobile
14,byte_autocorr,13,0.75,DenseNet121|MobileNetV3Large|NASNetMobile
14,byte_autocorr,14,0.75,DenseNet121|MobileNetV3Large|NASNetMobile
14,byte_autocorr,15,0.75,DenseNet121|MobileNetV3Large|NASNetMobile
14,byte_autocorr,16,0.875,DenseNet121|MobileNetV3Large|NASNetMobile
14,byte_autocorr,17,0.75,DenseNet121|MobileNetV3Large|NASNetMobile
14,byte_autocorr,18,0.75,DenseNet121|MobileNetV3Large|NASNetMobile
14,byte_autocorr,19,0.75,DenseNet121|MobileNetV3Large|NASNetMobile
14,byte_autocorr,20,0.75,DenseNet121|MobileNetV3Large|NASNetMobile
14,byte_autocorr,21,0.75,DenseNet121|MobileNetV3Large|NASNetMobile
14,byte_autocorr,22,0.75,DenseNet121|MobileNetV3Large|NASNetMobile
14,byte_autocorr,23,0.96875,DenseNet121|MobileNetV3Large|NASNetMobile
15,byte_entropy,1,0.5,MobileNetV2|MobileNetV3Large|NASNetMobile
15,byte_entropy,2,0.53125,MobileNetV2|MobileNetV3Large|NASNetMobile
15,byte_entropy,3,0.5625,MobileNetV2|MobileNetV3Large|NASNetMobile
15,byte_entropy,4,0.5625,MobileNetV2|MobileNetV3Large|NASNetMobile
15,byte_entropy,5,0.5625,MobileNetV2|MobileNetV3Large|NASNetMobile
15,byte_entropy,6,0.5625,MobileNetV2|MobileNetV3Large|NASNetMobile
15,byte_entropy,7,0.5625,MobileNetV2|MobileNetV3Large|NASNetMobile
15,byte_entropy,8,0.5625,MobileNetV2|MobileNetV3Large|NASNetMobile
15,byte_entropy,9,0.5625,MobileNetV2|MobileNetV3Large|NASNetMobile
15,byte_entropy,10,0.5625,MobileNetV2|MobileNetV3Large|NASNetMobile
15,byte_entropy,11,0.5625,MobileNetV2|MobileNetV3Large|NASNetMobile
15,byte_entropy,12,0.5625,MobileNetV2|MobileNetV3Large|NASNetMobile
15,byte_entropy,13,0.5625,MobileNetV2|MobileNetV3Large|NASNetMobile
15,byte_entropy,14,0.5625,MobileNetV2|MobileNetV3Large|NASNetMobile
15,byte_entropy,15,0.5625,MobileNetV2|MobileNetV3Large|NASNetMobile
15,byte_entropy,16,0.5625,MobileNetV2|MobileNetV3Large|NASNetMobile
15,byte_entropy,17,0.5625,MobileNetV2|MobileNetV3Large|NASNetMobile
15,byte_entropy,18,0.5625,MobileNetV2|MobileNetV3Large|NASNetMobile
15,byte_entropy,19,0.6875,MobileNetV2|MobileNetV3Large|NASNetMobile
15,byte_entropy,20,0.6875,MobileNetV2|MobileNetV3Large|NASNetMobile
15,byte_entropy,21,0.5625,MobileNetV2|MobileNetV3Large|NASNetMobile
15,byte_entropy,22,0.5625,MobileNetV2|MobileNetV3Large|NASNetMobile
15,byte_entropy,23,0.6875,MobileNetV2|MobileNetV3Large|NASNetMobile
15,histogram_kl,1,0.34375,MobileNetV2|MobileNetV3Large|NASNetMobile
15,histogram_kl,2,0.40625,MobileNetV2|MobileNetV3Large|NASNetMobile
15,histogram_kl,3,0.5,MobileNetV2|MobileNetV3Large|NASNetMobile
15,histogram_kl,4,0.53125,MobileNetV2|MobileNetV3Large|NASNetMobile
15,histogram_kl,5,0.59375,MobileNetV2|MobileNetV3Large|NASNetMobile
15,histogram_kl,6,0.6875,MobileNetV2|MobileNetV3Large|NASNetMobile
15,histogram_kl,7,0.625,MobileNetV2|MobileNetV3Large|NASNetMobile
15,histogram_kl,8,0.75,MobileNetV2|MobileNetV3Large|NASNetMobile
15,histogram_kl,9,0.6875,MobileNetV2|MobileNetV3Large|NASNetMobile
15,histogram_kl,10,0.6875,MobileNetV2|MobileNetV3Large|NASNetMobile
15,histogram_kl,11,0.6875,MobileNetV2|MobileNetV3Large|NASNetMobile
15,histogram_kl,12,0.6875,MobileNetV2|MobileNetV3Large|NASNetMobile
15,histogram_kl,13,0.6875,MobileNetV2|MobileNetV3Large|NASNetMobile
15,histogram_kl,14,0.6875,MobileNetV2|MobileNetV3Large|NASNetMobile
15,histogram_kl,15,0.6875,MobileNetV2|MobileNetV3Large|NASNetMobile
15,histogram_kl,16,0.6875,MobileNetV2|MobileNetV3Large|NASNetMobile
15,histogram_kl,17,0.65625,MobileNetV2|MobileNetV3Large|NASNetMobile
15,histogram_kl,18,0.6875,MobileNetV2|MobileNetV3Large|NASNetMobile
15,histogram_kl,19,0.65625,MobileNetV2|MobileNetV3Large|NASNetMobile
15,histogram_kl,20,0.6875,MobileNetV2|MobileNetV3Large|NASNetMobile
15,histogram_kl,21,0.65625,MobileNetV2|MobileNetV3Large|NASNetMobile
15,histogram_kl,22,0.65625,MobileNetV2|MobileNetV3Large|NASNetMobile
15,histogram_kl,23,0.6875,MobileNetV2|MobileNetV3Large|NASNetMobile
15,weight_value_dist,1,0.5,MobileNetV2|MobileNetV3Large|NASNetMobile
15,weight_value_dist,2,0.5,MobileNetV2|MobileNetV3Large|NASNetMobile
15,weight_value_dist,3,0.5,MobileNetV2|MobileNetV3Large|NASNetMobile
15,weight_value_dist,4,0.5,MobileNetV2|MobileNetV3Large|NASNetMobile
15,weight_value_dist,5,0.5,MobileNetV2|MobileNetV3Large|NASNetMobile
15,weight_value_dist,6,0.5,MobileNetV2|MobileNetV3Large|NASNetMobile
15,weight_value_dist,7,0.5,MobileNetV2|MobileNetV3Large|NASNetMobile
15,weight_value_dist,8,0.5,MobileNetV2|MobileNetV3Large|NASNetMobile
15,weight_value_dist,9,0.5,MobileNetV2|MobileNetV3Large|NASNetMobile
15,weight_value_dist,10,0.5,MobileNetV2|MobileNetV3Large|NASNetMobile
15,weight_value_dist,11,0.5,MobileNetV2|MobileNetV3Large|NASNetMobile
15,weight_value_dist,12,0.5,MobileNetV2|MobileNetV3Large|NASNetMobile
15,weight_value_dist,13,0.5,MobileNetV2|MobileNetV3Large|NASNetMobile
15,weight_value_dist,14,0.5,MobileNetV2|MobileNetV3Large|NASNetMobile
15,weight_value_dist,15,0.5,MobileNetV2|MobileNetV3Large|NASNetMobile
15,weight_value_dist,16,0.5,MobileNetV2|MobileNetV3Large|NASNetMobile
15,weight_value_dist,17,0.5,MobileNetV2|MobileNetV3Large|NASNetMobile
15,weight_value_dist,18,0.5,MobileNetV2|MobileNetV3Large|NASNetMobile
15,weight_value_dist,19,0.5,MobileNetV2|MobileNetV3Large|NASNetMobile
15,weight_value_dist,20,0.5,MobileNetV2|MobileNetV3Large|NASNetMobile
15,weight_value_dist,21,0.5,MobileNetV2|MobileNetV3Large|NASNetMobile
15,weight_value_dist,22,0.5,MobileNetV2|MobileNetV3Large|NASNetMobile
15,weight_value_dist,23,0.5,MobileNetV2|MobileNetV3Large|NASNetMobile
15,byte_autocorr,1,0.5,MobileNetV2|MobileNetV3Large|NASNetMobile
15,byte_autocorr,2,0.5,MobileNetV2|MobileNetV3Large|NASNetMobile
15,byte_autocorr,3,0.5,MobileNetV2|MobileNetV3Large|NASNetMobile
15,byte_autocorr,4,0.53125,MobileNetV2|MobileNetV3Large|NASNetMobile
15,byte_autocorr,5,0.65625,MobileNetV2|MobileNetV3Large|NASNetMobile
15,byte_autocorr,6,0.71875,MobileNetV2|MobileNetV3Large|NASNetMobile
15,byte_autocorr,7,0.6875,MobileNetV2|MobileNetV3Large|NASNetMobile
15,byte_autocorr,8,0.90625,MobileNetV2|MobileNetV3Large|NASNetMobile
15,byte_autocorr,9,0.71875,MobileNetV2|MobileNetV3Large|NASNetMobile
15,byte_autocorr,10,0.75,MobileNetV2|MobileNetV3Large|NASNetMobile
15,byte_autocorr,11,0.75,MobileNetV2|MobileNetV3Large|NASNetMobile
15,byte_autocorr,12,0.75,MobileNetV2|MobileNetV3Large|NASNetMobile
15,byte_autocorr,13,0.75,MobileNetV2|MobileNetV3Large|NASNetMobile
15,byte_autocorr,14,0.75,MobileNetV2|MobileNetV3Large|NASNetMobile
15,byte_autocorr,15,0.75,MobileNetV2|MobileNetV3Large|NASNetMobile
15,byte_autocorr,16,0.84375,MobileNetV2|MobileNetV3Large|NASNetMobile
15,byte_autocorr,17,0.75,MobileNetV2|MobileNetV3Large|NASNetMobile
15,byte_autocorr,18,0.75,MobileNetV2|MobileNetV3Large|NASNetMobile
15,byte_autocorr,19,0.75,MobileNetV2|MobileNetV3Large|NASNetMobile
15,byte_autocorr,20,0.75,MobileNetV2|MobileNetV3Large|NASNetMobile
15,byte_autocorr,21,0.75,MobileNetV2|MobileNetV3Large|NASNetMobile
15,byte_autocorr,22,0.75,MobileNetV2|MobileNetV3Large|NASNetMobile
15,byte_autocorr,23,0.75,MobileNetV2|MobileNetV3Large|NASNetMobile
16,byte_entropy,1,0.5,MobileNet|MobileNetV3Small|NASNetMobile
16,byte_entropy,2,0.53125,MobileNet|MobileNetV3Small|NASNetMobile
16,byte_entropy,3,0.5625,MobileNet|MobileNetV3Small|NASNetMobile
16,byte_entropy,4,0.5625,MobileNet|MobileNetV3Small|NASNetMobile
16,byte_entropy,5,0.5625,MobileNet|MobileNetV3Small|NASNetMobile
16,byte_entropy,6,0.5625,MobileNet|MobileNetV3Small|NASNetMobile
16,byte_entropy,7,0.5625,MobileNet|MobileNetV3Small|NASNetMobile
16,byte_entropy,8,0.5625,MobileNet|MobileNetV3Small|NASNetMobile
16,byte_entropy,9,0.5625,MobileNet|MobileNetV3Small|NASNetMobile
16,byte_entropy,10,0.5625,MobileNet|MobileNetV3Small|NASNetMobile
16,byte_entropy,11,0.5625,MobileNet|MobileNetV3Small|NASNetMobile
16,byte_entropy,12,0.5625,MobileNet|MobileNetV3Small|NASNetMobile
16,byte_entropy,13,0.5625,MobileNet|MobileNetV3Small|NASNetMobile
16,byte_entropy,14,0.5625,MobileNet|MobileNetV3Small|NASNetMobile
16,byte_entropy,15,0.5625,MobileNet|MobileNetV3Small|NASNetMobile
16,byte_entropy,16,0.5625,MobileNet|MobileNetV3Small|NASNetMobile
16,byte_entropy,17,0.5625,MobileNet|MobileNetV3Small|NASNetMobile
16,byte_entropy,18,0.5625,MobileNet|MobileNetV3Small|NASNetMobile
16,byte_entropy,19,0.5625,MobileNet|MobileNetV3Small|NASNetMobile
16,byte_entropy,20,0.6875,MobileNet|MobileNetV3Small|NASNetMobile
16,byte_entropy,21,0.5625,MobileNet|MobileNetV3Small|NASNetMobile
16,byte_entropy,22,0.5625,MobileNet|MobileNetV3Small|NASNetMobile
16,byte_entropy,23,0.5625,MobileNet|MobileNetV3Small|NASNetMobile
16,histogram_kl,1,0.34375,MobileNet|MobileNetV3Small|NASNetMobile
16,histogram_kl,2,0.4375,MobileNet|MobileNetV3Small|NASNetMobile
16,histogram_kl,3,0.53125,MobileNet|MobileNetV3Small|NASNetMobile
16,histogram_kl,4,0.53125,MobileNet|MobileNetV3Small|NASNetMobile
16,histogram_kl,5,0.59375,MobileNet|MobileNetV3Small|NASNetMobile
16,histogram_kl,6,0.6875,MobileNet|MobileNetV3Small|NASNetMobile
16,histogram_kl,7,0.625,MobileNet|MobileNetV3Small|NASNetMobile
16,histogram_kl,8,0.75,MobileNet|MobileNetV3Small|NASNetMobile
16,histogram_kl,9,0.6875,MobileNet|MobileNetV3Small|NASNetMobile
16,histogram_kl,10,0.6875,MobileNet|MobileNetV3Small|NASNetMobile
16,histogram_kl,11,0.6875,MobileNet|MobileNetV3Small|NASNetMobile
16,histogram_kl,12,0.71875,MobileNet|MobileNetV3Small|NASNetMobile
16,histogram_kl,13,0.6875,MobileNet|MobileNetV3Small|NASNetMobile
16,histogram_kl,14,0.6875,MobileNet|MobileNetV3Small|NASNetMobile
16,histogram_kl,15,0.6875,MobileNet|MobileNetV3Small|NASNetMobile
16,histogram_kl,16,0.71875,MobileNet|MobileNetV3Small|NASNetMobile
16,histogram_kl,17,0.6875,MobileNet|MobileNetV3Small|NASNetMobile
16,histogram_kl,18,0.6875,MobileNet|MobileNetV3Small|NASNetMobile
16,histogram_kl,19,0.6875,MobileNet|MobileNetV3Small|NASNetMobile
16,histogram_kl,20,0.6875,MobileNet|MobileNetV3Small|NASNetMobile
16,histogram_kl,21,0.625,MobileNet|MobileNetV3Small|NASNetMobile
16,histogram_kl,22,0.6875,MobileNet|MobileNetV3Small|NASNetMobile
16,histogram_kl,23,0.6875,MobileNet|MobileNetV3Small|NASNetMobile
16,weight_value_dist,1,0.5,MobileNet|MobileNetV3Small|NASNetMobile
16,weight_value_dist,2,0.5,MobileNet|MobileNetV3Small|NASNetMobile
16,weight_value_dist,3,0.5,MobileNet|MobileNetV3Small|NASNetMobile
16,weight_value_dist,4,0.5,MobileNet|MobileNetV3Small|NASNetMobile
16,weight_value_dist,5,0.5,MobileNet|MobileNetV3Small|NASNetMobile
16,weight_value_dist,6,0.5,MobileNet|MobileNetV3Small|NASNetMobile
16,weight_value_dist,7,0.5,MobileNet|MobileNetV3Small|NASNetMobile
16,weight_value_dist,8,0.5,MobileNet|MobileNetV3Small|NASNetMobile
16,weight_value_dist,9,0.5,MobileNet|MobileNetV3Small|NASNetMobile
16,weight_value_dist,10,0.5,MobileNet|MobileNetV3Small|NASNetMobile
16,weight_value_dist,11,0.5,MobileNet|MobileNetV3Small|NASNetMobile
16,weight_value_dist,12,0.5,MobileNet|MobileNetV3Small|NASNetMobile
16,weight_value_dist,13,0.5,MobileNet|MobileNetV3Small|NASNetMobile
16,weight_value_dist,14,0.5,MobileNet|MobileNetV3Small|NASNetMobile
16,weight_value_dist,15,0.5,MobileNet|MobileNetV3Small|NASNetMobile
16,weight_value_dist,16,0.5,MobileNet|MobileNetV3Small|NASNetMobile
16,weight_value_dist,17,0.5,MobileNet|MobileNetV3Small|NASNetMobile
16,weight_value_dist,18,0.5,MobileNet|MobileNetV3Small|NASNetMobile
16,weight_value_dist,19,0.5,MobileNet|MobileNetV3Small|NASNetMobile
16,weight_value_dist,20,0.5,MobileNet|MobileNetV3Small|NASNetMobile
16,weight_value_dist,21,0.5,MobileNet|MobileNetV3Small|NASNetMobile
16,weight_value_dist,22,0.5,MobileNet|MobileNetV3Small|NASNetMobile
16,weight_value_dist,23,0.53125,MobileNet|MobileNetV3Small|NASNetMobile
16,byte_autocorr,1,0.5,MobileNet|MobileNetV3Small|NASNetMobile
16,byte_autocorr,2,0.5,MobileNet|MobileNetV3Small|NASNetMobile
16,byte_autocorr,3,0.53125,MobileNet|MobileNetV3Small|NASNetMobile
16,byte_autocorr,4,0.625,MobileNet|MobileNetV3Small|NASNetMobile
16,byte_autocorr,5,0.5,MobileNet|MobileNetV3Small|NASNetMobile
16,byte_autocorr,6,0.71875,MobileNet|MobileNetV3Small|NASNetMobile
16,byte_autocorr,7,0.65625,MobileNet|MobileNetV3Small|NASNetMobile
16,byte_autocorr,8,0.875,MobileNet|MobileNetV3Small|NASNetMobile
16,byte_autocorr,9,0.8125,MobileNet|MobileNetV3Small|NASNetMobile
16,byte_autocorr,10,0.71875,MobileNet|MobileNetV3Small|NASNetMobile
16,byte_autocorr,11,0.71875,MobileNet|MobileNetV3Small|NASNetMobile
16,byte_autocorr,12,0.75,MobileNet|MobileNetV3Small|NASNetMobile
16,byte_autocorr,13,0.75,MobileNet|MobileNetV3Small|NASNetMobile
16,byte_autocorr,14,0.75,MobileNet|MobileNetV3Small|NASNetMobile
16,byte_autocorr,15,0.75,MobileNet|MobileNetV3Small|NASNetMobile
16,byte_autocorr,16,0.9375,MobileNet|MobileNetV3Small|NASNetMobile
16,byte_autocorr,17,0.75,MobileNet|MobileNetV3Small|NASNetMobile
16,byte_autocorr,18,0.75,MobileNet|MobileNetV3Small|NASNetMobile
16,byte_autocorr,19,0.75,MobileNet|MobileNetV3Small|NASNetMobile
16,byte_autocorr,20,0.75,MobileNet|MobileNetV3Small|NASNetMobile
16,byte_autocorr,21,0.75,MobileNet|MobileNetV3Small|NASNetMobile
16,byte_autocorr,22,0.75,MobileNet|MobileNetV3Small|NASNetMobile
16,byte_autocorr,23,0.75,MobileNet|MobileNetV3Small|NASNetMobile
17,byte_entropy,1,0.5,DenseNet121|MobileNetV2|MobileNetV3Large
17,byte_entropy,2,0.5,DenseNet121|MobileNetV2|MobileNetV3Large
17,byte_entropy,3,0.5625,DenseNet121|MobileNetV2|MobileNetV3Large
17,byte_entropy,4,0.59375,DenseNet121|MobileNetV2|MobileNetV3Large
17,byte_entropy,5,0.59375,DenseNet121|MobileNetV2|MobileNetV3Large
17,byte_entropy,6,0.625,DenseNet121|MobileNetV2|MobileNetV3Large
17,byte_entropy,7,0.625,DenseNet121|MobileNetV2|MobileNetV3Large
17,byte_entropy,8,0.625,DenseNet121|MobileNetV2|MobileNetV3Large
17,byte_entropy,9,0.625,DenseNet121|MobileNetV2|MobileNetV3Large
17,byte_entropy,10,0.625,DenseNet121|MobileNetV2|MobileNetV3Large
17,byte_entropy,11,0.625,DenseNet121|MobileNetV2|MobileNetV3Large
17,byte_entropy,12,0.625,DenseNet121|MobileNetV2|MobileNetV3Large
17,byte_entropy,13,0.625,DenseNet121|MobileNetV2|MobileNetV3Large
17,byte_entropy,14,0.625,DenseNet121|MobileNetV2|MobileNetV3Large
17,byte_entropy,15,0.625,DenseNet121|MobileNetV2|MobileNetV3Large
17,byte_entropy,16,0.625,DenseNet121|MobileNetV2|MobileNetV3Large
17,byte_entropy,17,0.625,DenseNet121|MobileNetV2|MobileNetV3Large
17,byte_entropy,18,0.625,DenseNet121|MobileNetV2|MobileNetV3Large
17,byte_entropy,19,1.0,DenseNet121|MobileNetV2|MobileNetV3Large
17,byte_entropy,20,1.0,DenseNet121|MobileNetV2|MobileNetV3Large
17,byte_entropy,21,0.625,DenseNet121|MobileNetV2|MobileNetV3Large
17,byte_entropy,22,0.625,DenseNet121|MobileNetV2|MobileNetV3Large
17,byte_entropy,23,0.625,DenseNet121|MobileNetV2|MobileNetV3Large
17,histogram_kl,1,0.46875,DenseNet121|MobileNetV2|MobileNetV3Large
17,histogram_kl,2,0.5,DenseNet121|MobileNetV2|MobileNetV3Large
17,histogram_kl,3,0.46875,DenseNet121|MobileNetV2|MobileNetV3Large
17,histogram_kl,4,0.46875,DenseNet121|MobileNetV2|MobileNetV3Large
17,histogram_kl,5,0.5625,DenseNet121|MobileNetV2|MobileNetV3Large
17,histogram_kl,6,0.65625,DenseNet121|MobileNetV2|MobileNetV3Large
17,histogram_kl,7,0.65625,DenseNet121|MobileNetV2|MobileNetV3Large
17,histogram_kl,8,0.65625,DenseNet121|MobileNetV2|MobileNetV3Large
17,histogram_kl,9,0.6875,DenseNet121|MobileNetV2|MobileNetV3Large
17,histogram_kl,10,0.6875,DenseNet121|MobileNetV2|MobileNetV3Large
17,histogram_kl,11,0.65625,DenseNet121|MobileNetV2|MobileNetV3Large
17,histogram_kl,12,0.65625,DenseNet121|MobileNetV2|MobileNetV3Large
17,histogram_kl,13,0.65625,DenseNet121|MobileNetV2|MobileNetV3Large
17,histogram_kl,14,0.65625,DenseNet121|MobileNetV2|MobileNetV3Large
17,histogram_kl,15,0.6875,DenseNet121|MobileNetV2|MobileNetV3Large
17,histogram_kl,16,0.6875,DenseNet121|MobileNetV2|MobileNetV3Large
17,histogram_kl,17,0.65625,DenseNet121|MobileNetV2|MobileNetV3Large
17,histogram_kl,18,0.65625,DenseNet121|MobileNetV2|MobileNetV3Large
17,histogram_kl,19,0.65625,DenseNet121|MobileNetV2|MobileNetV3Large
17,histogram_kl,20,0.65625,DenseNet121|MobileNetV2|MobileNetV3Large
17,histogram_kl,21,0.65625,DenseNet121|MobileNetV2|MobileNetV3Large
17,histogram_kl,22,0.6875,DenseNet121|MobileNetV2|MobileNetV3Large
17,histogram_kl,23,0.6875,DenseNet121|MobileNetV2|MobileNetV3Large
17,weight_value_dist,1,0.5,DenseNet121|MobileNetV2|MobileNetV3Large
17,weight_value_dist,2,0.5,DenseNet121|MobileNetV2|MobileNetV3Large
17,weight_value_dist,3,0.5,DenseNet121|MobileNetV2|MobileNetV3Large
17,weight_value_dist,4,0.5,DenseNet121|MobileNetV2|MobileNetV3Large
17,weight_value_dist,5,0.5,DenseNet121|MobileNetV2|MobileNetV3Large
17,weight_value_dist,6,0.5,DenseNet121|MobileNetV2|MobileNetV3Large
17,weight_value_dist,7,0.5,DenseNet121|MobileNetV2|MobileNetV3Large
17,weight_value_dist,8,0.5,DenseNet121|MobileNetV2|MobileNetV3Large
17,weight_value_dist,9,0.5,DenseNet121|MobileNetV2|MobileNetV3Large
17,weight_value_dist,10,0.5,DenseNet121|MobileNetV2|MobileNetV3Large
17,weight_value_dist,11,0.5,DenseNet121|MobileNetV2|MobileNetV3Large
17,weight_value_dist,12,0.5,DenseNet121|MobileNetV2|MobileNetV3Large
17,weight_value_dist,13,0.5,DenseNet121|MobileNetV2|MobileNetV3Large
17,weight_value_dist,14,0.5,DenseNet121|MobileNetV2|MobileNetV3Large
17,weight_value_dist,15,0.5,DenseNet121|MobileNetV2|MobileNetV3Large
17,weight_value_dist,16,0.5,DenseNet121|MobileNetV2|MobileNetV3Large
17,weight_value_dist,17,0.5,DenseNet121|MobileNetV2|MobileNetV3Large
17,weight_value_dist,18,0.5,DenseNet121|MobileNetV2|MobileNetV3Large
17,weight_value_dist,19,0.53125,DenseNet121|MobileNetV2|MobileNetV3Large
17,weight_value_dist,20,0.59375,DenseNet121|MobileNetV2|MobileNetV3Large
17,weight_value_dist,21,0.53125,DenseNet121|MobileNetV2|MobileNetV3Large
17,weight_value_dist,22,0.53125,DenseNet121|MobileNetV2|MobileNetV3Large
17,weight_value_dist,23,0.65625,DenseNet121|MobileNetV2|MobileNetV3Large
17,byte_autocorr,1,0.5,DenseNet121|MobileNetV2|MobileNetV3Large
17,byte_autocorr,2,0.5,DenseNet121|MobileNetV2|MobileNetV3Large
17,byte_autocorr,3,0.53125,DenseNet121|MobileNetV2|MobileNetV3Large
17,byte_autocorr,4,0.53125,DenseNet121|MobileNetV2|MobileNetV3Large
17,byte_autocorr,5,0.625,DenseNet121|MobileNetV2|MobileNetV3Large
17,byte_autocorr,6,0.6875,DenseNet121|MobileNetV2|MobileNetV3Large
17,byte_autocorr,7,0.6875,DenseNet121|MobileNetV2|MobileNetV3Large
17,byte_autocorr,8,0.6875,DenseNet121|MobileNetV2|MobileNetV3Large
17,byte_autocorr,9,0.75,DenseNet121|MobileNetV2|MobileNetV3Large
17,byte_autocorr,10,0.75,DenseNet121|MobileNetV2|MobileNetV3Large
17,byte_autocorr,11,0.75,DenseNet121|MobileNetV2|MobileNetV3Large
17,byte_autocorr,12,0.75,DenseNet121|MobileNetV2|MobileNetV3Large
17,byte_autocorr,13,0.75,DenseNet121|MobileNetV2|MobileNetV3Large
17,byte_autocorr,14,0.75,DenseNet121|MobileNetV2|MobileNetV3Large
17,byte_autocorr,15,0.75,DenseNet121|MobileNetV2|MobileNetV3Large
17,byte_autocorr,16,0.84375,DenseNet121|MobileNetV2|MobileNetV3Large
17,byte_autocorr,17,0.75,DenseNet121|MobileNetV2|MobileNetV3Large
17,byte_autocorr,18,0.75,DenseNet121|MobileNetV2|MobileNetV3Large
17,byte_autocorr,19,0.75,DenseNet121|MobileNetV2|MobileNetV3Large
17,byte_autocorr,20,0.75,DenseNet121|MobileNetV2|MobileNetV3Large
17,byte_autocorr,21,0.75,DenseNet121|MobileNetV2|MobileNetV3Large
17,byte_autocorr,22,0.75,DenseNet121|MobileNetV2|MobileNetV3Large
17,byte_autocorr,23,0.75,DenseNet121|MobileNetV2|MobileNetV3Large
18,byte_entropy,1,0.4375,EfficientNetV2B0|EfficientNetV2B1|MobileNetV3Large
18,byte_entropy,2,0.46875,EfficientNetV2B0|EfficientNetV2B1|MobileNetV3Large
18,byte_entropy,3,0.5,EfficientNetV2B0|EfficientNetV2B1|MobileNetV3Large
18,byte_entropy,4,0.53125,EfficientNetV2B0|EfficientNetV2B1|MobileNetV3Large
18,byte_entropy,5,0.46875,EfficientNetV2B0|EfficientNetV2B1|MobileNetV3Large
18,byte_entropy,6,0.46875,EfficientNetV2B0|EfficientNetV2B1|MobileNetV3Large
18,byte_entropy,7,0.53125,EfficientNetV2B0|EfficientNetV2B1|MobileNetV3Large
18,byte_entropy,8,0.53125,EfficientNetV2B0|EfficientNetV2B1|MobileNetV3Large
18,byte_entropy,9,0.5,EfficientNetV2B0|EfficientNetV2B1|MobileNetV3Large
18,byte_entropy,10,0.53125,EfficientNetV2B0|EfficientNetV2B1|MobileNetV3Large
18,byte_entropy,11,0.53125,EfficientNetV2B0|EfficientNetV2B1|MobileNetV3Large
18,byte_entropy,12,0.53125,EfficientNetV2B0|EfficientNetV2B1|MobileNetV3Large
18,byte_entropy,13,0.53125,EfficientNetV2B0|EfficientNetV2B1|MobileNetV3Large
18,byte_entropy,14,0.53125,EfficientNetV2B0|EfficientNetV2B1|MobileNetV3Large
18,byte_entropy,15,0.53125,EfficientNetV2B0|EfficientNetV2B1|MobileNetV3Large
18,byte_entropy,16,0.53125,EfficientNetV2B0|EfficientNetV2B1|MobileNetV3Large
18,byte_entropy,17,0.53125,EfficientNetV2B0|EfficientNetV2B1|MobileNetV3Large
18,byte_entropy,18,0.53125,EfficientNetV2B0|EfficientNetV2B1|MobileNetV3Large
18,byte_entropy,19,0.53125,EfficientNetV2B0|EfficientNetV2B1|MobileNetV3Large
18,byte_entropy,20,0.53125,EfficientNetV2B0|EfficientNetV2B1|MobileNetV3Large
18,byte_entropy,21,0.53125,EfficientNetV2B0|EfficientNetV2B1|MobileNetV3Large
18,byte_entropy,22,0.53125,EfficientNetV2B0|EfficientNetV2B1|MobileNetV3Large
18,byte_entropy,23,0.53125,EfficientNetV2B0|EfficientNetV2B1|MobileNetV3Large
18,histogram_kl,1,0.59375,EfficientNetV2B0|EfficientNetV2B1|MobileNetV3Large
18,histogram_kl,2,0.59375,EfficientNetV2B0|EfficientNetV2B1|MobileNetV3Large
18,histogram_kl,3,0.53125,EfficientNetV2B0|EfficientNetV2B1|MobileNetV3Large
18,histogram_kl,4,0.59375,EfficientNetV2B0|EfficientNetV2B1|MobileNetV3Large
18,histogram_kl,5,0.59375,EfficientNetV2B0|EfficientNetV2B1|MobileNetV3Large
18,histogram_kl,6,0.59375,EfficientNetV2B0|EfficientNetV2B1|MobileNetV3Large
18,histogram_kl,7,0.59375,EfficientNetV2B0|EfficientNetV2B1|MobileNetV3Large
18,histogram_kl,8,0.59375,EfficientNetV2B0|EfficientNetV2B1|MobileNetV3Large
18,histogram_kl,9,0.59375,EfficientNetV2B0|EfficientNetV2B1|MobileNetV3Large
18,histogram_kl,10,0.59375,EfficientNetV2B0|EfficientNetV2B1|MobileNetV3Large
18,histogram_kl,11,0.59375,EfficientNetV2B0|EfficientNetV2B1|MobileNetV3Large
18,histogram_kl,12,0.59375,EfficientNetV2B0|EfficientNetV2B1|MobileNetV3Large
18,histogram_kl,13,0.59375,EfficientNetV2B0|EfficientNetV2B1|MobileNetV3Large
18,histogram_kl,14,0.59375,EfficientNetV2B0|EfficientNetV2B1|MobileNetV3Large
18,histogram_kl,15,0.59375,EfficientNetV2B0|EfficientNetV2B1|MobileNetV3Large
18,histogram_kl,16,0.59375,EfficientNetV2B0|EfficientNetV2B1|MobileNetV3Large
18,histogram_kl,17,0.59375,EfficientNetV2B0|EfficientNetV2B1|MobileNetV3Large
18,histogram_kl,18,0.59375,EfficientNetV2B0|EfficientNetV2B1|MobileNetV3Large
18,histogram_kl,19,0.59375,EfficientNetV2B0|EfficientNetV2B1|MobileNetV3Large
18,histogram_kl,20,0.59375,EfficientNetV2B0|EfficientNetV2B1|MobileNetV3Large
18,histogram_kl,21,0.59375,EfficientNetV2B0|EfficientNetV2B1|MobileNetV3Large
18,histogram_kl,22,0.59375,EfficientNetV2B0|EfficientNetV2B1|MobileNetV3Large
18,histogram_kl,23,0.96875,EfficientNetV2B0|EfficientNetV2B1|MobileNetV3Large
18,weight_value_dist,1,0.5,EfficientNetV2B0|EfficientNetV2B1|MobileNetV3Large
18,weight_value_dist,2,0.5,EfficientNetV2B0|EfficientNetV2B1|MobileNetV3Large
18,weight_value_dist,3,0.5,EfficientNetV2B0|EfficientNetV2B1|MobileNetV3Large
18,weight_value_dist,4,0.5,EfficientNetV2B0|EfficientNetV2B1|MobileNetV3Large
18,weight_value_dist,5,0.5,EfficientNetV2B0|EfficientNetV2B1|MobileNetV3Large
18,weight_value_dist,6,0.5,EfficientNetV2B0|EfficientNetV2B1|MobileNetV3Large
18,weight_value_dist,7,0.5,EfficientNetV2B0|EfficientNetV2B1|MobileNetV3Large
18,weight_value_dist,8,0.5,EfficientNetV2B0|EfficientNetV2B1|MobileNetV3Large
18,weight_value_dist,9,0.5,EfficientNetV2B0|EfficientNetV2B1|MobileNetV3Large
18,weight_value_dist,10,0.5,EfficientNetV2B0|EfficientNetV2B1|MobileNetV3Large
18,weight_value_dist,11,0.5,EfficientNetV2B0|EfficientNetV2B1|MobileNetV3Large
18,weight_value_dist,12,0.5,EfficientNetV2B0|EfficientNetV2B1|MobileNetV3Large
18,weight_value_dist,13,0.5,EfficientNetV2B0|EfficientNetV2B1|MobileNetV3Large
18,weight_value_dist,14,0.5,EfficientNetV2B0|EfficientNetV2B1|MobileNetV3Large
18,weight_value_dist,15,0.5,EfficientNetV2B0|EfficientNetV2B1|MobileNetV3Large
18,weight_value_dist,16,0.5,EfficientNetV2B0|EfficientNetV2B1|MobileNetV3Large
18,weight_value_dist,17,0.5,EfficientNetV2B0|EfficientNetV2B1|MobileNetV3Large
18,weight_value_dist,18,0.5,EfficientNetV2B0|EfficientNetV2B1|MobileNetV3Large
18,weight_value_dist,19,0.5,EfficientNetV2B0|EfficientNetV2B1|MobileNetV3Large
18,weight_value_dist,20,0.5,EfficientNetV2B0|EfficientNetV2B1|MobileNetV3Large
18,weight_value_dist,21,0.5,EfficientNetV2B0|EfficientNetV2B1|MobileNetV3Large
18,weight_value_dist,22,0.53125,EfficientNetV2B0|EfficientNetV2B1|MobileNetV3Large
18,weight_value_dist,23,0.5625,EfficientNetV2B0|EfficientNetV2B1|MobileNetV3Large
18,byte_autocorr,1,0.5,EfficientNetV2B0|EfficientNetV2B1|MobileNetV3Large
18,byte_autocorr,2,0.5,EfficientNetV2B0|EfficientNetV2B1|MobileNetV3Large
18,byte_autocorr,3,0.5,EfficientNetV2B0|EfficientNetV2B1|MobileNetV3Large
18,byte_autocorr,4,0.4375,EfficientNetV2B0|EfficientNetV2B1|MobileNetV3Large
18,byte_autocorr,5,0.59375,EfficientNetV2B0|EfficientNetV2B1|MobileNetV3Large
18,byte_autocorr,6,0.5,EfficientNetV2B0|EfficientNetV2B1|MobileNetV3Large
18,byte_autocorr,7,0.5,EfficientNetV2B0|EfficientNetV2B1|MobileNetV3Large
18,byte_autocorr,8,0.625,EfficientNetV2B0|EfficientNetV2B1|MobileNetV3Large
18,byte_autocorr,9,0.5,EfficientNetV2B0|EfficientNetV2B1|MobileNetV3Large
18,byte_autocorr,10,0.5,EfficientNetV2B0|EfficientNetV2B1|MobileNetV3Large
18,byte_autocorr,11,0.5,EfficientNetV2B0|EfficientNetV2B1|MobileNetV3Large
18,byte_autocorr,12,0.5,EfficientNetV2B0|EfficientNetV2B1|MobileNetV3Large
18,byte_autocorr,13,0.71875,EfficientNetV2B0|EfficientNetV2B1|MobileNetV3Large
18,byte_autocorr,14,0.5,EfficientNetV2B0|EfficientNetV2B1|MobileNetV3Large
18,byte_autocorr,15,0.96875,EfficientNetV2B0|EfficientNetV2B1|MobileNetV3Large
18,byte_autocorr,16,0.96875,EfficientNetV2B0|EfficientNetV2B1|MobileNetV3Large
18,byte_autocorr,17,0.96875,EfficientNetV2B0|EfficientNetV2B1|MobileNetV3Large
18,byte_autocorr,18,0.96875,EfficientNetV2B0|EfficientNetV2B1|MobileNetV3Large
18,byte_autocorr,19,1.0,EfficientNetV2B0|EfficientNetV2B1|MobileNetV3Large
18,byte_autocorr,20,1.0,EfficientNetV2B0|EfficientNetV2B1|MobileNetV3Large
18,byte_autocorr,21,1.0,EfficientNetV2B0|EfficientNetV2B1|MobileNetV3Large
18,byte_autocorr,22,0.96875,EfficientNetV2B0|EfficientNetV2B1|MobileNetV3Large
18,byte_autocorr,23,0.96875,EfficientNetV2B0|EfficientNetV2B1|MobileNetV3Large
19,byte_entropy,1,0.5,EfficientNetV2B1|MobileNet|NASNetMobile
19,byte_entropy,2,0.5,EfficientNetV2B1|MobileNet|NASNetMobile
19,byte_entropy,3,0.5,EfficientNetV2B1|MobileNet|NASNetMobile
19,byte_entropy,4,0.5,EfficientNetV2B1|MobileNet|NASNetMobile
19,byte_entropy,5,0.5,EfficientNetV2B1|MobileNet|NASNetMobile
19,byte_entropy,6,0.5,EfficientNetV2B1|MobileNet|NASNetMobile
19,byte_entropy,7,0.5,EfficientNetV2B1|MobileNet|NASNetMobile
19,byte_entropy,8,0.5,EfficientNetV2B1|MobileNet|NASNetMobile
19,byte_entropy,9,0.5,EfficientNetV2B1|MobileNet|NASNetMobile
19,byte_entropy,10,0.5,EfficientNetV2B1|MobileNet|NASNetMobile
19,byte_entropy,11,0.5,EfficientNetV2B1|MobileNet|NASNetMobile
19,byte_entropy,12,0.5,EfficientNetV2B1|MobileNet|NASNetMobile
19,byte_entropy,13,0.5,EfficientNetV2B1|MobileNet|NASNetMobile
19,byte_entropy,14,0.5,EfficientNetV2B1|MobileNet|NASNetMobile
19,byte_entropy,15,0.5,EfficientNetV2B1|MobileNet|NASNetMobile
19,byte_entropy,16,0.8125,EfficientNetV2B1|MobileNet|NASNetMobile
19,byte_entropy,17,0.90625,EfficientNetV2B1|MobileNet|NASNetMobile
19,byte_entropy,18,0.90625,EfficientNetV2B1|MobileNet|NASNetMobile
19,byte_entropy,19,0.90625,EfficientNetV2B1|MobileNet|NASNetMobile
19,byte_entropy,20,1.0,EfficientNetV2B1|MobileNet|NASNetMobile
19,byte_entropy,21,1.0,EfficientNetV2B1|MobileNet|NASNetMobile
19,byte_entropy,22,0.65625,EfficientNetV2B1|MobileNet|NASNetMobile
19,byte_entropy,23,0.71875,EfficientNetV2B1|MobileNet|NASNetMobile
19,histogram_kl,1,0.5,EfficientNetV2B1|MobileNet|NASNetMobile
19,histogram_kl,2,0.5,EfficientNetV2B1|MobileNet|NASNetMobile
19,histogram_kl,3,0.5,EfficientNetV2B1|MobileNet|NASNetMobile
19,histogram_kl,4,0.5,EfficientNetV2B1|MobileNet|NASNetMobile
19,histogram_kl,5,0.5,EfficientNetV2B1|MobileNet|NASNetMobile
19,histogram_kl,6,0.5,EfficientNetV2B1|MobileNet|NASNetMobile
19,histogram_kl,7,0.5,EfficientNetV2B1|MobileNet|NASNetMobile
19,histogram_kl,8,0.5,EfficientNetV2B1|MobileNet|NASNetMobile
19,histogram_kl,9,0.5,EfficientNetV2B1|MobileNet|NASNetMobile
19,histogram_kl,10,0.5,EfficientNetV2B1|MobileNet|NASNetMobile
19,histogram_kl,11,0.5,EfficientNetV2B1|MobileNet|NASNetMobile
19,histogram_kl,12,0.5,EfficientNetV2B1|MobileNet|NASNetMobile
19,histogram_kl,13,0.5,EfficientNetV2B1|MobileNet|NASNetMobile
19,histogram_kl,14,0.5,EfficientNetV2B1|MobileNet|NASNetMobile
19,histogram_kl,15,0.5,EfficientNetV2B1|MobileNet|NASNetMobile
19,histogram_kl,16,0.9375,EfficientNetV2B1|MobileNet|NASNetMobile
19,histogram_kl,17,0.96875,EfficientNetV2B1|MobileNet|NASNetMobile
19,histogram_kl,18,0.96875,EfficientNetV2B1|MobileNet|NASNetMobile
19,histogram_kl,19,0.96875,EfficientNetV2B1|MobileNet|NASNetMobile
19,histogram_kl,20,1.0,EfficientNetV2B1|MobileNet|NASNetMobile
19,histogram_kl,21,1.0,EfficientNetV2B1|MobileNet|NASNetMobile
19,histogram_kl,22,1.0,EfficientNetV2B1|MobileNet|NASNetMobile
19,histogram_kl,23,0.875,EfficientNetV2B1|MobileNet|NASNetMobile
19,weight_value_dist,1,0.5,EfficientNetV2B1|MobileNet|NASNetMobile
19,weight_value_dist,2,0.5,EfficientNetV2B1|MobileNet|NASNetMobile
19,weight_value_dist,3,0.5,EfficientNetV2B1|MobileNet|NASNetMobile
19,weight_value_dist,4,0.5,EfficientNetV2B1|MobileNet|NASNetMobile
19,weight_value_dist,5,0.5,EfficientNetV2B1|MobileNet|NASNetMobile
19,weight_value_dist,6,0.5,EfficientNetV2B1|MobileNet|NASNetMobile
19,weight_value_dist,7,0.5,EfficientNetV2B1|MobileNet|NASNetMobile
19,weight_value_dist,8,0.5,EfficientNetV2B1|MobileNet|NASNetMobile
19,weight_value_dist,9,0.5,EfficientNetV2B1|MobileNet|NASNetMobile
19,weight_value_dist,10,0.5,EfficientNetV2B1|MobileNet|NASNetMobile
19,weight_value_dist,11,0.5,EfficientNetV2B1|MobileNet|NASNetMobile
19,weight_value_dist,12,0.5,EfficientNetV2B1|MobileNet|NASNetMobile
19,weight_value_dist,13,0.5,EfficientNetV2B1|MobileNet|NASNetMobile
19,weight_value_dist,14,0.5,EfficientNetV2B1|MobileNet|NASNetMobile
19,weight_value_dist,15,0.5,EfficientNetV2B1|MobileNet|NASNetMobile
19,weight_value_dist,16,0.5,EfficientNetV2B1|MobileNet|NASNetMobile
19,weight_value_dist,17,0.5,EfficientNetV2B1|MobileNet|NASNetMobile
19,weight_value_dist,18,0.5,EfficientNetV2B1|MobileNet|NASNetMobile
19,weight_value_dist,19,0.5,EfficientNetV2B1|MobileNet|NASNetMobile
19,weight_value_dist,20,0.5,EfficientNetV2B1|MobileNet|NASNetMobile
19,weight_value_dist,21,0.53125,EfficientNetV2B1|MobileNet|NASNetMobile
19,weight_value_dist,22,0.53125,EfficientNetV2B1|MobileNet|NASNetMobile
19,weight_value_dist,23,0.53125,EfficientNetV2B1|MobileNet|NASNetMobile
19,byte_autocorr,1,0.5,EfficientNetV2B1|MobileNet|NASNetMobile
19,byte_autocorr,2,0.5,EfficientNetV2B1|MobileNet|NASNetMobile
19,byte_autocorr,3,0.5,EfficientNetV2B1|MobileNet|NASNetMobile
19,byte_autocorr,4,0.5,EfficientNetV2B1|MobileNet|NASNetMobile
19,byte_autocorr,5,0.5,EfficientNetV2B1|MobileNet|NASNetMobile
19,byte_autocorr,6,0.5,EfficientNetV2B1|MobileNet|NASNetMobile
19,byte_autocorr,7,0.5,EfficientNetV2B1|MobileNet|NASNetMobile
19,byte_autocorr,8,0.875,EfficientNetV2B1|MobileNet|NASNetMobile
19,byte_autocorr,9,0.71875,EfficientNetV2B1|MobileNet|NASNetMobile
19,byte_autocorr,10,0.71875,EfficientNetV2B1|MobileNet|NASNetMobile
19,byte_autocorr,11,0.71875,EfficientNetV2B1|MobileNet|NASNetMobile
19,byte_autocorr,12,0.75,EfficientNetV2B1|MobileNet|NASNetMobile
19,byte_autocorr,13,0.75,EfficientNetV2B1|MobileNet|NASNetMobile
19,byte_autocorr,14,0.5,EfficientNetV2B1|MobileNet|NASNetMobile
19,byte_autocorr,15,0.75,EfficientNetV2B1|MobileNet|NASNetMobile
19,byte_autocorr,16,0.96875,EfficientNetV2B1|MobileNet|NASNetMobile
19,byte_autocorr,17,0.5,EfficientNetV2B1|MobileNet|NASNetMobile
19,byte_autocorr,18,0.75,EfficientNetV2B1|MobileNet|NASNetMobile
19,byte_autocorr,19,0.5,EfficientNetV2B1|MobileNet|NASNetMobile
19,byte_autocorr,20,1.0,EfficientNetV2B1|MobileNet|NASNetMobile
19,byte_autocorr,21,1.0,EfficientNetV2B1|MobileNet|NASNetMobile
19,byte_autocorr,22,1.0,EfficientNetV2B1|MobileNet|NASNetMobile
19,byte_autocorr,23,0.96875,EfficientNetV2B1|MobileNet|NASNetMobile
20,byte_entropy,1,0.4375,EfficientNetV2B0|EfficientNetV2B1|MobileNetV3Large
20,byte_entropy,2,0.46875,EfficientNetV2B0|EfficientNetV2B1|MobileNetV3Large
20,byte_entropy,3,0.5,EfficientNetV2B0|EfficientNetV2B1|MobileNetV3Large
20,byte_entropy,4,0.53125,EfficientNetV2B0|EfficientNetV2B1|MobileNetV3Large
20,byte_entropy,5,0.46875,EfficientNetV2B0|EfficientNetV2B1|MobileNetV3Large
20,byte_entropy,6,0.46875,EfficientNetV2B0|EfficientNetV2B1|MobileNetV3Large
20,byte_entropy,7,0.53125,EfficientNetV2B0|EfficientNetV2B1|MobileNetV3Large
20,byte_entropy,8,0.53125,EfficientNetV2B0|EfficientNetV2B1|MobileNetV3Large
20,byte_entropy,9,0.5,EfficientNetV2B0|EfficientNetV2B1|MobileNetV3Large
20,byte_entropy,10,0.53125,EfficientNetV2B0|EfficientNetV2B1|MobileNetV3Large
20,byte_entropy,11,0.53125,EfficientNetV2B0|EfficientNetV2B1|MobileNetV3Large
20,byte_entropy,12,0.53125,EfficientNetV2B0|EfficientNetV2B1|MobileNetV3Large
20,byte_entropy,13,0.53125,EfficientNetV2B0|EfficientNetV2B1|MobileNetV3Large
20,byte_entropy,14,0.53125,EfficientNetV2B0|EfficientNetV2B1|MobileNetV3Large
20,byte_entropy,15,0.53125,EfficientNetV2B0|EfficientNetV2B1|MobileNetV3Large
20,byte_entropy,16,0.53125,EfficientNetV2B0|EfficientNetV2B1|MobileNetV3Large
20,byte_entropy,17,0.53125,EfficientNetV2B0|EfficientNetV2B1|MobileNetV3Large
20,byte_entropy,18,0.53125,EfficientNetV2B0|EfficientNetV2B1|MobileNetV3Large
20,byte_entropy,19,0.53125,EfficientNetV2B0|EfficientNetV2B1|MobileNetV3Large
20,byte_entropy,20,0.53125,EfficientNetV2B0|EfficientNetV2B1|MobileNetV3Large
20,byte_entropy,21,0.53125,EfficientNetV2B0|EfficientNetV2B1|MobileNetV3Large
20,byte_entropy,22,0.53125,EfficientNetV2B0|EfficientNetV2B1|MobileNetV3Large
20,byte_entropy,23,0.53125,EfficientNetV2B0|EfficientNetV2B1|MobileNetV3Large
20,histogram_kl,1,0.59375,EfficientNetV2B0|EfficientNetV2B1|MobileNetV3Large
20,histogram_kl,2,0.59375,EfficientNetV2B0|EfficientNetV2B1|MobileNetV3Large
20,histogram_kl,3,0.53125,EfficientNetV2B0|EfficientNetV2B1|MobileNetV3Large
20,histogram_kl,4,0.59375,EfficientNetV2B0|EfficientNetV2B1|MobileNetV3Large
20,histogram_kl,5,0.59375,EfficientNetV2B0|EfficientNetV2B1|MobileNetV3Large
20,histogram_kl,6,0.59375,EfficientNetV2B0|EfficientNetV2B1|MobileNetV3Large
20,histogram_kl,7,0.59375,EfficientNetV2B0|EfficientNetV2B1|MobileNetV3Large
20,histogram_kl,8,0.59375,EfficientNetV2B0|EfficientNetV2B1|MobileNetV3Large
20,histogram_kl,9,0.59375,EfficientNetV2B0|EfficientNetV2B1|MobileNetV3Large
20,histogram_kl,10,0.59375,EfficientNetV2B0|EfficientNetV2B1|MobileNetV3Large
20,histogram_kl,11,0.59375,EfficientNetV2B0|EfficientNetV2B1|MobileNetV3Large
20,histogram_kl,12,0.59375,EfficientNetV2B0|EfficientNetV2B1|MobileNetV3Large
20,histogram_kl,13,0.59375,EfficientNetV2B0|EfficientNetV2B1|MobileNetV3Large
20,histogram_kl,14,0.59375,EfficientNetV2B0|EfficientNetV2B1|MobileNetV3Large
20,histogram_kl,15,0.59375,EfficientNetV2B0|EfficientNetV2B1|MobileNetV3Large
20,histogram_kl,16,0.59375,EfficientNetV2B0|EfficientNetV2B1|MobileNetV3Large
20,histogram_kl,17,0.59375,EfficientNetV2B0|EfficientNetV2B1|MobileNetV3Large
20,histogram_kl,18,0.59375,EfficientNetV2B0|EfficientNetV2B1|MobileNetV3Large
20,histogram_kl,19,0.59375,EfficientNetV2B0|EfficientNetV2B1|MobileNetV3Large
20,histogram_kl,20,0.59375,EfficientNetV2B0|EfficientNetV2B1|MobileNetV3Large
20,histogram_kl,21,0.59375,EfficientNetV2B0|EfficientNetV2B1|MobileNetV3Large
20,histogram_kl,22,0.59375,EfficientNetV2B0|EfficientNetV2B1|MobileNetV3Large
20,histogram_kl,23,0.96875,EfficientNetV2B0|EfficientNetV2B1|MobileNetV3Large
20,weight_value_dist,1,0.5,EfficientNetV2B0|EfficientNetV2B1|MobileNetV3Large
20,weight_value_dist,2,0.5,EfficientNetV2B0|EfficientNetV2B1|MobileNetV3Large
20,weight_value_dist,3,0.5,EfficientNetV2B0|EfficientNetV2B1|MobileNetV3Large
20,weight_value_dist,4,0.5,EfficientNetV2B0|EfficientNetV2B1|MobileNetV3Large
20,weight_value_dist,5,0.5,EfficientNetV2B0|EfficientNetV2B1|MobileNetV3Large
20,weight_value_dist,6,0.5,EfficientNetV2B0|EfficientNetV2B1|MobileNetV3Large
20,weight_value_dist,7,0.5,EfficientNetV2B0|EfficientNetV2B1|MobileNetV3Large
20,weight_value_dist,8,0.5,EfficientNetV2B0|EfficientNetV2B1|MobileNetV3Large
20,weight_value_dist,9,0.5,EfficientNetV2B0|EfficientNetV2B1|MobileNetV3Large
20,weight_value_dist,10,0.5,EfficientNetV2B0|EfficientNetV2B1|MobileNetV3Large
20,weight_value_dist,11,0.5,EfficientNetV2B0|EfficientNetV2B1|MobileNetV3Large
20,weight_value_dist,12,0.5,EfficientNetV2B0|EfficientNetV2B1|MobileNetV3Large
20,weight_value_dist,13,0.5,EfficientNetV2B0|EfficientNetV2B1|MobileNetV3Large
20,weight_value_dist,14,0.5,EfficientNetV2B0|EfficientNetV2B1|MobileNetV3Large
20,weight_value_dist,15,0.5,EfficientNetV2B0|EfficientNetV2B1|MobileNetV3Large
20,weight_value_dist,16,0.5,EfficientNetV2B0|EfficientNetV2B1|MobileNetV3Large
20,weight_value_dist,17,0.5,EfficientNetV2B0|EfficientNetV2B1|MobileNetV3Large
20,weight_value_dist,18,0.5,EfficientNetV2B0|EfficientNetV2B1|MobileNetV3Large
20,weight_value_dist,19,0.5,EfficientNetV2B0|EfficientNetV2B1|MobileNetV3Large
20,weight_value_dist,20,0.5,EfficientNetV2B0|EfficientNetV2B1|MobileNetV3Large
20,weight_value_dist,21,0.5,EfficientNetV2B0|EfficientNetV2B1|MobileNetV3Large
20,weight_value_dist,22,0.53125,EfficientNetV2B0|EfficientNetV2B1|MobileNetV3Large
20,weight_value_dist,23,0.5625,EfficientNetV2B0|EfficientNetV2B1|MobileNetV3Large
20,byte_autocorr,1,0.5,EfficientNetV2B0|EfficientNetV2B1|MobileNetV3Large
20,byte_autocorr,2,0.5,EfficientNetV2B0|EfficientNetV2B1|MobileNetV3Large
20,byte_autocorr,3,0.5,EfficientNetV2B0|EfficientNetV2B1|MobileNetV3Large
20,byte_autocorr,4,0.4375,EfficientNetV2B0|EfficientNetV2B1|MobileNetV3Large
20,byte_autocorr,5,0.59375,EfficientNetV2B0|EfficientNetV2B1|MobileNetV3Large
20,byte_autocorr,6,0.5,EfficientNetV2B0|EfficientNetV2B1|MobileNetV3Large
20,byte_autocorr,7,0.5,EfficientNetV2B0|EfficientNetV2B1|MobileNetV3Large
20,byte_autocorr,8,0.625,EfficientNetV2B0|EfficientNetV2B1|MobileNetV3Large
20,byte_autocorr,9,0.5,EfficientNetV2B0|EfficientNetV2B1|MobileNetV3Large
20,byte_autocorr,10,0.5,EfficientNetV2B0|EfficientNetV2B1|MobileNetV3Large
20,byte_autocorr,11,0.5,EfficientNetV2B0|EfficientNetV2B1|MobileNetV3Large
20,byte_autocorr,12,0.5,EfficientNetV2B0|EfficientNetV2B1|MobileNetV3Large
20,byte_autocorr,13,0.71875,EfficientNetV2B0|EfficientNetV2B1|MobileNetV3Large
20,byte_autocorr,14,0.5,EfficientNetV2B0|EfficientNetV2B1|MobileNetV3Large
20,byte_autocorr,15,0.96875,EfficientNetV2B0|EfficientNetV2B1|MobileNetV3Large
20,byte_autocorr,16,0.96875,EfficientNetV2B0|EfficientNetV2B1|MobileNetV3Large
20,byte_autocorr,17,0.96875,EfficientNetV2B0|EfficientNetV2B1|MobileNetV3Large
20,byte_autocorr,18,0.96875,EfficientNetV2B0|EfficientNetV2B1|MobileNetV3Large
20,byte_autocorr,19,1.0,EfficientNetV2B0|EfficientNetV2B1|MobileNetV3Large
20,byte_autocorr,20,1.0,EfficientNetV2B0|EfficientNetV2B1|MobileNetV3Large
20,byte_autocorr,21,1.0,EfficientNetV2B0|EfficientNetV2B1|MobileNetV3Large
20,byte_autocorr,22,0.96875,EfficientNetV2B0|EfficientNetV2B1|MobileNetV3Large
20,byte_autocorr,23,0.96875,EfficientNetV2B0|EfficientNetV2B1|MobileNetV3Large
21,byte_entropy,1,0.5,EfficientNetV2B0|MobileNet|MobileNetV3Large
21,byte_entropy,2,0.5,EfficientNetV2B0|MobileNet|MobileNetV3Large
21,byte_entropy,3,0.5,EfficientNetV2B0|MobileNet|MobileNetV3Large
21,byte_entropy,4,0.5,EfficientNetV2B0|MobileNet|MobileNetV3Large
21,byte_entropy,5,0.5,EfficientNetV2B0|MobileNet|MobileNetV3Large
21,byte_entropy,6,0.5,EfficientNetV2B0|MobileNet|MobileNetV3Large
21,byte_entropy,7,0.5,EfficientNetV2B0|MobileNet|MobileNetV3Large
21,byte_entropy,8,0.5,EfficientNetV2B0|MobileNet|MobileNetV3Large
21,byte_entropy,9,0.5,EfficientNetV2B0|MobileNet|MobileNetV3Large
21,byte_entropy,10,0.5,EfficientNetV2B0|MobileNet|MobileNetV3Large
21,byte_entropy,11,0.5,EfficientNetV2B0|MobileNet|MobileNetV3Large
21,byte_entropy,12,0.5,EfficientNetV2B0|MobileNet|MobileNetV3Large
21,byte_entropy,13,0.5,EfficientNetV2B0|MobileNet|MobileNetV3Large
21,byte_entropy,14,0.5,EfficientNetV2B0|MobileNet|MobileNetV3Large
21,byte_entropy,15,0.5,EfficientNetV2B0|MobileNet|MobileNetV3Large
21,byte_entropy,16,0.5,EfficientNetV2B0|MobileNet|MobileNetV3Large
21,byte_entropy,17,0.5,EfficientNetV2B0|MobileNet|MobileNetV3Large
21,byte_entropy,18,0.84375,EfficientNetV2B0|MobileNet|MobileNetV3Large
21,byte_entropy,19,0.90625,EfficientNetV2B0|MobileNet|MobileNetV3Large
21,byte_entropy,20,0.90625,EfficientNetV2B0|MobileNet|MobileNetV3Large
21,byte_entropy,21,0.90625,EfficientNetV2B0|MobileNet|MobileNetV3Large
21,byte_entropy,22,0.59375,EfficientNetV2B0|MobileNet|MobileNetV3Large
21,byte_entropy,23,0.59375,EfficientNetV2B0|MobileNet|MobileNetV3Large
21,histogram_kl,1,0.5,EfficientNetV2B0|MobileNet|MobileNetV3Large
21,histogram_kl,2,0.5,EfficientNetV2B0|MobileNet|MobileNetV3Large
21,histogram_kl,3,0.5,EfficientNetV2B0|MobileNet|MobileNetV3Large
21,histogram_kl,4,0.5,EfficientNetV2B0|MobileNet|MobileNetV3Large
21,histogram_kl,5,0.5,EfficientNetV2B0|MobileNet|MobileNetV3Large
21,histogram_kl,6,0.5,EfficientNetV2B0|MobileNet|MobileNetV3Large
21,histogram_kl,7,0.5,EfficientNetV2B0|MobileNet|MobileNetV3Large
21,histogram_kl,8,0.5,EfficientNetV2B0|MobileNet|MobileNetV3Large
21,histogram_kl,9,0.5,EfficientNetV2B0|MobileNet|MobileNetV3Large
21,histogram_kl,10,0.5,EfficientNetV2B0|MobileNet|MobileNetV3Large
21,histogram_kl,11,0.5,EfficientNetV2B0|MobileNet|MobileNetV3Large
21,histogram_kl,12,0.5,EfficientNetV2B0|MobileNet|MobileNetV3Large
21,histogram_kl,13,0.5,EfficientNetV2B0|MobileNet|MobileNetV3Large
21,histogram_kl,14,0.5,EfficientNetV2B0|MobileNet|MobileNetV3Large
21,histogram_kl,15,0.5,EfficientNetV2B0|MobileNet|MobileNetV3Large
21,histogram_kl,16,0.5,EfficientNetV2B0|MobileNet|MobileNetV3Large
21,histogram_kl,17,0.5,EfficientNetV2B0|MobileNet|MobileNetV3Large
21,histogram_kl,18,0.90625,EfficientNetV2B0|MobileNet|MobileNetV3Large
21,histogram_kl,19,0.96875,EfficientNetV2B0|MobileNet|MobileNetV3Large
21,histogram_kl,20,0.96875,EfficientNetV2B0|MobileNet|MobileNetV3Large
21,histogram_kl,21,0.96875,EfficientNetV2B0|MobileNet|MobileNetV3Large
21,histogram_kl,22,0.96875,EfficientNetV2B0|MobileNet|MobileNetV3Large
21,histogram_kl,23,0.875,EfficientNetV2B0|MobileNet|MobileNetV3Large
21,weight_value_dist,1,0.5,EfficientNetV2B0|MobileNet|MobileNetV3Large
21,weight_value_dist,2,0.5,EfficientNetV2B0|MobileNet|MobileNetV3Large
21,weight_value_dist,3,0.5,EfficientNetV2B0|MobileNet|MobileNetV3Large
21,weight_value_dist,4,0.5,EfficientNetV2B0|MobileNet|MobileNetV3Large
21,weight_value_dist,5,0.5,EfficientNetV2B0|MobileNet|MobileNetV3Large
21,weight_value_dist,6,0.5,EfficientNetV2B0|MobileNet|MobileNetV3Large
21,weight_value_dist,7,0.5,EfficientNetV2B0|MobileNet|MobileNetV3Large
21,weight_value_dist,8,0.5,EfficientNetV2B0|MobileNet|MobileNetV3Large
21,weight_value_dist,9,0.5,EfficientNetV2B0|MobileNet|MobileNetV3Large
21,weight_value_dist,10,0.5,EfficientNetV2B0|MobileNet|MobileNetV3Large
21,weight_value_dist,11,0.5,EfficientNetV2B0|MobileNet|MobileNetV3Large
21,weight_value_dist,12,0.5,EfficientNetV2B0|MobileNet|MobileNetV3Large
21,weight_value_dist,13,0.5,EfficientNetV2B0|MobileNet|MobileNetV3Large
21,weight_value_dist,14,0.5,EfficientNetV2B0|MobileNet|MobileNetV3Large
21,weight_value_dist,15,0.5,EfficientNetV2B0|MobileNet|MobileNetV3Large
21,weight_value_dist,16,0.5,EfficientNetV2B0|MobileNet|MobileNetV3Large
21,weight_value_dist,17,0.5,EfficientNetV2B0|MobileNet|MobileNetV3Large
21,weight_value_dist,18,0.5,EfficientNetV2B0|MobileNet|MobileNetV3Large
21,weight_value_dist,19,0.5,EfficientNetV2B0|MobileNet|MobileNetV3Large
21,weight_value_dist,20,0.5,EfficientNetV2B0|MobileNet|MobileNetV3Large
21,weight_value_dist,21,0.5,EfficientNetV2B0|MobileNet|MobileNetV3Large
21,weight_value_dist,22,0.5,EfficientNetV2B0|MobileNet|MobileNetV3Large
21,weight_value_dist,23,0.5625,EfficientNetV2B0|MobileNet|MobileNetV3Large
21,byte_autocorr,1,0.5,EfficientNetV2B0|MobileNet|MobileNetV3Large
21,byte_autocorr,2,0.5,EfficientNetV2B0|MobileNet|MobileNetV3Large
21,byte_autocorr,3,0.5,EfficientNetV2B0|MobileNet|MobileNetV3Large
21,byte_autocorr,4,0.5,EfficientNetV2B0|MobileNet|MobileNetV3Large
21,byte_autocorr,5,0.59375,EfficientNetV2B0|MobileNet|MobileNetV3Large
21,byte_autocorr,6,0.5,EfficientNetV2B0|MobileNet|MobileNetV3Large
21,byte_autocorr,7,0.5,EfficientNetV2B0|MobileNet|MobileNetV3Large
21,byte_autocorr,8,0.625,EfficientNetV2B0|MobileNet|MobileNetV3Large
21,byte_autocorr,9,0.5,EfficientNetV2B0|MobileNet|MobileNetV3Large
21,byte_autocorr,10,0.5,EfficientNetV2B0|MobileNet|MobileNetV3Large
21,byte_autocorr,11,0.5,EfficientNetV2B0|MobileNet|MobileNetV3Large
21,byte_autocorr,12,0.5,EfficientNetV2B0|MobileNet|MobileNetV3Large
21,byte_autocorr,13,0.5,EfficientNetV2B0|MobileNet|MobileNetV3Large
21,byte_autocorr,14,0.5,EfficientNetV2B0|MobileNet|MobileNetV3Large
21,byte_autocorr,15,0.5,EfficientNetV2B0|MobileNet|MobileNetV3Large
21,byte_autocorr,16,0.71875,EfficientNetV2B0|MobileNet|MobileNetV3Large
21,byte_autocorr,17,0.96875,EfficientNetV2B0|MobileNet|MobileNetV3Large
21,byte_autocorr,18,0.96875,EfficientNetV2B0|MobileNet|MobileNetV3Large
21,byte_autocorr,19,1.0,EfficientNetV2B0|MobileNet|MobileNetV3Large
21,byte_autocorr,20,1.0,EfficientNetV2B0|MobileNet|MobileNetV3Large
21,byte_autocorr,21,0.71875,EfficientNetV2B0|MobileNet|MobileNetV3Large
21,byte_autocorr,22,0.96875,EfficientNetV2B0|MobileNet|MobileNetV3Large
21,byte_autocorr,23,0.96875,EfficientNetV2B0|MobileNet|MobileNetV3Large
22,byte_entropy,1,0.5,EfficientNetV2B1|MobileNetV2|MobileNetV3Large
22,byte_entropy,2,0.5,EfficientNetV2B1|MobileNetV2|MobileNetV3Large
22,byte_entropy,3,0.5,EfficientNetV2B1|MobileNetV2|MobileNetV3Large
22,byte_entropy,4,0.5,EfficientNetV2B1|MobileNetV2|MobileNetV3Large
22,byte_entropy,5,0.5,EfficientNetV2B1|MobileNetV2|MobileNetV3Large
22,byte_entropy,6,0.5,EfficientNetV2B1|MobileNetV2|MobileNetV3Large
22,byte_entropy,7,0.5,EfficientNetV2B1|MobileNetV2|MobileNetV3Large
22,byte_entropy,8,0.5,EfficientNetV2B1|MobileNetV2|MobileNetV3Large
22,byte_entropy,9,0.5,EfficientNetV2B1|MobileNetV2|MobileNetV3Large
22,byte_entropy,10,0.5,EfficientNetV2B1|MobileNetV2|MobileNetV3Large
22,byte_entropy,11,0.5,EfficientNetV2B1|MobileNetV2|MobileNetV3Large
22,byte_entropy,12,0.5,EfficientNetV2B1|MobileNetV2|MobileNetV3Large
22,byte_entropy,13,0.5,EfficientNetV2B1|MobileNetV2|MobileNetV3Large
22,byte_entropy,14,0.5,EfficientNetV2B1|MobileNetV2|MobileNetV3Large
22,byte_entropy,15,0.5,EfficientNetV2B1|MobileNetV2|MobileNetV3Large
22,byte_entropy,16,0.875,EfficientNetV2B1|MobileNetV2|MobileNetV3Large
22,byte_entropy,17,0.90625,EfficientNetV2B1|MobileNetV2|MobileNetV3Large
22,byte_entropy,18,0.90625,EfficientNetV2B1|MobileNetV2|MobileNetV3Large
22,byte_entropy,19,0.90625,EfficientNetV2B1|MobileNetV2|MobileNetV3Large
22,byte_entropy,20,1.0,EfficientNetV2B1|MobileNetV2|MobileNetV3Large
22,byte_entropy,21,1.0,EfficientNetV2B1|MobileNetV2|MobileNetV3Large
22,byte_entropy,22,0.5625,EfficientNetV2B1|MobileNetV2|MobileNetV3Large
22,byte_entropy,23,0.5625,EfficientNetV2B1|MobileNetV2|MobileNetV3Large
22,histogram_kl,1,0.5,EfficientNetV2B1|MobileNetV2|MobileNetV3Large
22,histogram_kl,2,0.5,EfficientNetV2B1|MobileNetV2|MobileNetV3Large
22,histogram_kl,3,0.5,EfficientNetV2B1|MobileNetV2|MobileNetV3Large
22,histogram_kl,4,0.5,EfficientNetV2B1|MobileNetV2|MobileNetV3Large
22,histogram_kl,5,0.5,EfficientNetV2B1|MobileNetV2|MobileNetV3Large
22,histogram_kl,6,0.5,EfficientNetV2B1|MobileNetV2|MobileNetV3Large
22,histogram_kl,7,0.5,EfficientNetV2B1|MobileNetV2|MobileNetV3Large
22,histogram_kl,8,0.5,EfficientNetV2B1|MobileNetV2|MobileNetV3Large
22,histogram_kl,9,0.5,EfficientNetV2B1|MobileNetV2|MobileNetV3Large
22,histogram_kl,10,0.5,EfficientNetV2B1|MobileNetV2|MobileNetV3Large
22,histogram_kl,11,0.5,EfficientNetV2B1|MobileNetV2|MobileNetV3Large
22,histogram_kl,12,0.5,EfficientNetV2B1|MobileNetV2|MobileNetV3Large
22,histogram_kl,13,0.5,EfficientNetV2B1|MobileNetV2|MobileNetV3Large
22,histogram_kl,14,0.5,EfficientNetV2B1|MobileNetV2|MobileNetV3Large
22,histogram_kl,15,0.5,EfficientNetV2B1|MobileNetV2|MobileNetV3Large
22,histogram_kl,16,0.9375,EfficientNetV2B1|MobileNetV2|MobileNetV3Large
22,histogram_kl,17,0.96875,EfficientNetV2B1|MobileNetV2|MobileNetV3Large
22,histogram_kl,18,0.96875,EfficientNetV2B1|MobileNetV2|MobileNetV3Large
22,histogram_kl,19,0.96875,EfficientNetV2B1|MobileNetV2|MobileNetV3Large
22,histogram_kl,20,1.0,EfficientNetV2B1|MobileNetV2|MobileNetV3Large
22,histogram_kl,21,1.0,EfficientNetV2B1|MobileNetV2|MobileNetV3Large
22,histogram_kl,22,1.0,EfficientNetV2B1|MobileNetV2|MobileNetV3Large
22,histogram_kl,23,0.875,EfficientNetV2B1|MobileNetV2|MobileNetV3Large
22,weight_value_dist,1,0.5,EfficientNetV2B1|MobileNetV2|MobileNetV3Large
22,weight_value_dist,2,0.5,EfficientNetV2B1|MobileNetV2|MobileNetV3Large
22,weight_value_dist,3,0.5,EfficientNetV2B1|MobileNetV2|MobileNetV3Large
22,weight_value_dist,4,0.5,EfficientNetV2B1|MobileNetV2|MobileNetV3Large
22,weight_value_dist,5,0.5,EfficientNetV2B1|MobileNetV2|MobileNetV3Large
22,weight_value_dist,6,0.5,EfficientNetV2B1|MobileNetV2|MobileNetV3Large
22,weight_value_dist,7,0.5,EfficientNetV2B1|MobileNetV2|MobileNetV3Large
22,weight_value_dist,8,0.5,EfficientNetV2B1|MobileNetV2|MobileNetV3Large
22,weight_value_dist,9,0.5,EfficientNetV2B1|MobileNetV2|MobileNetV3Large
22,weight_value_dist,10,0.5,EfficientNetV2B1|MobileNetV2|MobileNetV3Large
22,weight_value_dist,11,0.5,EfficientNetV2B1|MobileNetV2|MobileNetV3Large
22,weight_value_dist,12,0.5,EfficientNetV2B1|MobileNetV2|MobileNetV3Large
22,weight_value_dist,13,0.5,EfficientNetV2B1|MobileNetV2|MobileNetV3Large
22,weight_value_dist,14,0.5,EfficientNetV2B1|MobileNetV2|MobileNetV3Large
22,weight_value_dist,15,0.5,EfficientNetV2B1|MobileNetV2|MobileNetV3Large
22,weight_value_dist,16,0.5,EfficientNetV2B1|MobileNetV2|MobileNetV3Large
22,weight_value_dist,17,0.5,EfficientNetV2B1|MobileNetV2|MobileNetV3Large
22,weight_value_dist,18,0.5,EfficientNetV2B1|MobileNetV2|MobileNetV3Large
22,weight_value_dist,19,0.5,EfficientNetV2B1|MobileNetV2|MobileNetV3Large
22,weight_value_dist,20,0.5,EfficientNetV2B1|MobileNetV2|MobileNetV3Large
22,weight_value_dist,21,0.53125,EfficientNetV2B1|MobileNetV2|MobileNetV3Large
22,weight_value_dist,22,0.5625,EfficientNetV2B1|MobileNetV2|MobileNetV3Large
22,weight_value_dist,23,0.53125,EfficientNetV2B1|MobileNetV2|MobileNetV3Large
22,byte_autocorr,1,0.5,EfficientNetV2B1|MobileNetV2|MobileNetV3Large
22,byte_autocorr,2,0.5,EfficientNetV2B1|MobileNetV2|MobileNetV3Large
22,byte_autocorr,3,0.5,EfficientNetV2B1|MobileNetV2|MobileNetV3Large
22,byte_autocorr,4,0.5,EfficientNetV2B1|MobileNetV2|MobileNetV3Large
22,byte_autocorr,5,0.5,EfficientNetV2B1|MobileNetV2|MobileNetV3Large
22,byte_autocorr,6,0.5,EfficientNetV2B1|MobileNetV2|MobileNetV3Large
22,byte_autocorr,7,0.59375,EfficientNetV2B1|MobileNetV2|MobileNetV3Large
22,byte_autocorr,8,0.875,EfficientNetV2B1|MobileNetV2|MobileNetV3Large
22,byte_autocorr,9,0.71875,EfficientNetV2B1|MobileNetV2|MobileNetV3Large
22,byte_autocorr,10,0.71875,EfficientNetV2B1|MobileNetV2|MobileNetV3Large
22,byte_autocorr,11,0.65625,EfficientNetV2B1|MobileNetV2|MobileNetV3Large
22,byte_autocorr,12,0.75,EfficientNetV2B1|MobileNetV2|MobileNetV3Large
22,byte_autocorr,13,0.71875,EfficientNetV2B1|MobileNetV2|MobileNetV3Large
22,byte_autocorr,14,0.75,EfficientNetV2B1|MobileNetV2|MobileNetV3Large
22,byte_autocorr,15,0.75,EfficientNetV2B1|MobileNetV2|MobileNetV3Large
22,byte_autocorr,16,0.9375,EfficientNetV2B1|MobileNetV2|MobileNetV3Large
22,byte_autocorr,17,0.75,EfficientNetV2B1|MobileNetV2|MobileNetV3Large
22,byte_autocorr,18,0.75,EfficientNetV2B1|MobileNetV2|MobileNetV3Large
22,byte_autocorr,19,0.75,EfficientNetV2B1|MobileNetV2|MobileNetV3Large
22,byte_autocorr,20,0.75,EfficientNetV2B1|MobileNetV2|MobileNetV3Large
22,byte_autocorr,21,0.5,EfficientNetV2B1|MobileNetV2|MobileNetV3Large
22,byte_autocorr,22,0.96875,EfficientNetV2B1|MobileNetV2|MobileNetV3Large
22,byte_autocorr,23,0.96875,EfficientNetV2B1|MobileNetV2|MobileNetV3Large
23,byte_entropy,1,0.5,DenseNet121|MobileNet|MobileNetV2
23,byte_entropy,2,0.5,DenseNet121|MobileNet|MobileNetV2
23,byte_entropy,3,0.5625,DenseNet121|MobileNet|MobileNetV2
23,byte_entropy,4,0.59375,DenseNet121|MobileNet|MobileNetV2
23,byte_entropy,5,0.59375,DenseNet121|MobileNet|MobileNetV2
23,byte_entropy,6,0.59375,DenseNet121|MobileNet|MobileNetV2
23,byte_entropy,7,0.59375,DenseNet121|MobileNet|MobileNetV2
23,byte_entropy,8,0.59375,DenseNet121|MobileNet|MobileNetV2
23,byte_entropy,9,0.59375,DenseNet121|MobileNet|MobileNetV2
23,byte_entropy,10,0.59375,DenseNet121|MobileNet|MobileNetV2
23,byte_entropy,11,0.59375,DenseNet121|MobileNet|MobileNetV2
23,byte_entropy,12,0.59375,DenseNet121|MobileNet|MobileNetV2
23,byte_entropy,13,0.59375,DenseNet121|MobileNet|MobileNetV2
23,byte_entropy,14,0.59375,DenseNet121|MobileNet|MobileNetV2
23,byte_entropy,15,0.59375,DenseNet121|MobileNet|MobileNetV2
23,byte_entropy,16,0.59375,DenseNet121|MobileNet|MobileNetV2
23,byte_entropy,17,0.59375,DenseNet121|MobileNet|MobileNetV2
23,byte_entropy,18,0.59375,DenseNet121|MobileNet|MobileNetV2
23,byte_entropy,19,0.59375,DenseNet121|MobileNet|MobileNetV2
23,byte_entropy,20,0.59375,DenseNet121|MobileNet|MobileNetV2
23,byte_entropy,21,0.59375,DenseNet121|MobileNet|MobileNetV2
23,byte_entropy,22,0.59375,DenseNet121|MobileNet|MobileNetV2
23,byte_entropy,23,0.59375,DenseNet121|MobileNet|MobileNetV2
23,histogram_kl,1,0.46875,DenseNet121|MobileNet|MobileNetV2
23,histogram_kl,2,0.5,DenseNet121|MobileNet|MobileNetV2
23,histogram_kl,3,0.46875,DenseNet121|MobileNet|MobileNetV2
23,histogram_kl,4,0.46875,DenseNet121|MobileNet|MobileNetV2
23,histogram_kl,5,0.5625,DenseNet121|MobileNet|MobileNetV2
23,histogram_kl,6,0.65625,DenseNet121|MobileNet|MobileNetV2
23,histogram_kl,7,0.65625,DenseNet121|MobileNet|MobileNetV2
23,histogram_kl,8,0.65625,DenseNet121|MobileNet|MobileNetV2
23,histogram_kl,9,0.6875,DenseNet121|MobileNet|MobileNetV2
23,histogram_kl,10,0.6875,DenseNet121|MobileNet|MobileNetV2
23,histogram_kl,11,0.65625,DenseNet121|MobileNet|MobileNetV2
23,histogram_kl,12,0.65625,DenseNet121|MobileNet|MobileNetV2
23,histogram_kl,13,0.65625,DenseNet121|MobileNet|MobileNetV2
23,histogram_kl,14,0.65625,DenseNet121|MobileNet|MobileNetV2
23,histogram_kl,15,0.71875,DenseNet121|MobileNet|MobileNetV2
23,histogram_kl,16,0.75,DenseNet121|MobileNet|MobileNetV2
23,histogram_kl,17,0.6875,DenseNet121|MobileNet|MobileNetV2
23,histogram_kl,18,0.6875,DenseNet121|MobileNet|MobileNetV2
23,histogram_kl,19,0.6875,DenseNet121|MobileNet|MobileNetV2
23,histogram_kl,20,0.6875,DenseNet121|MobileNet|MobileNetV2
23,histogram_kl,21,0.6875,DenseNet121|MobileNet|MobileNetV2
23,histogram_kl,22,0.6875,DenseNet121|MobileNet|MobileNetV2
23,histogram_kl,23,0.6875,DenseNet121|MobileNet|MobileNetV2
23,weight_value_dist,1,0.5,DenseNet121|MobileNet|MobileNetV2
23,weight_value_dist,2,0.5,DenseNet121|MobileNet|MobileNetV2
23,weight_value_dist,3,0.5,DenseNet121|MobileNet|MobileNetV2
23,weight_value_dist,4,0.5,DenseNet121|MobileNet|MobileNetV2
23,weight_value_dist,5,0.5,DenseNet121|MobileNet|MobileNetV2
23,weight_value_dist,6,0.5,DenseNet121|MobileNet|MobileNetV2
23,weight_value_dist,7,0.5,DenseNet121|MobileNet|MobileNetV2
23,weight_value_dist,8,0.5,DenseNet121|MobileNet|MobileNetV2
23,weight_value_dist,9,0.5,DenseNet121|MobileNet|MobileNetV2
23,weight_value_dist,10,0.5,DenseNet121|MobileNet|MobileNetV2
23,weight_value_dist,11,0.5,DenseNet121|MobileNet|MobileNetV2
23,weight_value_dist,12,0.5,DenseNet121|MobileNet|MobileNetV2
23,weight_value_dist,13,0.5,DenseNet121|MobileNet|MobileNetV2
23,weight_value_dist,14,0.5,DenseNet121|MobileNet|MobileNetV2
23,weight_value_dist,15,0.5,DenseNet121|MobileNet|MobileNetV2
23,weight_value_dist,16,0.5,DenseNet121|MobileNet|MobileNetV2
23,weight_value_dist,17,0.5,DenseNet121|MobileNet|MobileNetV2
23,weight_value_dist,18,0.5,DenseNet121|MobileNet|MobileNetV2
23,weight_value_dist,19,0.5,DenseNet121|MobileNet|MobileNetV2
23,weight_value_dist,20,0.5,DenseNet121|MobileNet|MobileNetV2
23,weight_value_dist,21,0.5,DenseNet121|MobileNet|MobileNetV2
23,weight_value_dist,22,0.5,DenseNet121|MobileNet|MobileNetV2
23,weight_value_dist,23,0.53125,DenseNet121|MobileNet|MobileNetV2
23,byte_autocorr,1,0.5,DenseNet121|MobileNet|MobileNetV2
23,byte_autocorr,2,0.5,DenseNet121|MobileNet|MobileNetV2
23,byte_autocorr,3,0.5,DenseNet121|MobileNet|MobileNetV2
23,byte_autocorr,4,0.625,DenseNet121|MobileNet|MobileNetV2
23,byte_autocorr,5,0.625,DenseNet121|MobileNet|MobileNetV2
23,byte_autocorr,6,0.6875,DenseNet121|MobileNet|MobileNetV2
23,byte_autocorr,7,0.65625,DenseNet121|MobileNet|MobileNetV2
23,byte_autocorr,8,0.8125,DenseNet121|MobileNet|MobileNetV2
23,byte_autocorr,9,0.75,DenseNet121|MobileNet|MobileNetV2
23,byte_autocorr,10,0.75,DenseNet121|MobileNet|MobileNetV2
23,byte_autocorr,11,0.71875,DenseNet121|MobileNet|MobileNetV2
23,byte_autocorr,12,0.75,DenseNet121|MobileNet|MobileNetV2
23,byte_autocorr,13,0.71875,DenseNet121|MobileNet|MobileNetV2
23,byte_autocorr,14,0.75,DenseNet121|MobileNet|MobileNetV2
23,byte_autocorr,15,0.75,DenseNet121|MobileNet|MobileNetV2
23,byte_autocorr,16,0.96875,DenseNet121|MobileNet|MobileNetV2
23,byte_autocorr,17,0.75,DenseNet121|MobileNet|MobileNetV2
23,byte_autocorr,18,0.75,DenseNet121|MobileNet|MobileNetV2
23,byte_autocorr,19,0.75,DenseNet121|MobileNet|MobileNetV2
23,byte_autocorr,20,0.75,DenseNet121|MobileNet|MobileNetV2
23,byte_autocorr,21,0.71875,DenseNet121|MobileNet|MobileNetV2
23,byte_autocorr,22,0.71875,DenseNet121|MobileNet|MobileNetV2
23,byte_autocorr,23,0.75,DenseNet121|MobileNet|MobileNetV2
24,byte_entropy,1,0.5,EfficientNetV2B1|MobileNetV3Small|NASNetMobile
24,byte_entropy,2,0.5,EfficientNetV2B1|MobileNetV3Small|NASNetMobile
24,byte_entropy,3,0.5,EfficientNetV2B1|MobileNetV3Small|NASNetMobile
24,byte_entropy,4,0.5,EfficientNetV2B1|MobileNetV3Small|NASNetMobile
24,byte_entropy,5,0.5,EfficientNetV2B1|MobileNetV3Small|NASNetMobile
24,byte_entropy,6,0.5,EfficientNetV2B1|MobileNetV3Small|NASNetMobile
24,byte_entropy,7,0.5,EfficientNetV2B1|MobileNetV3Small|NASNetMobile
24,byte_entropy,8,0.5,EfficientNetV2B1|MobileNetV3Small|NASNetMobile
24,byte_entropy,9,0.5,EfficientNetV2B1|MobileNetV3Small|NASNetMobile
24,byte_entropy,10,0.5,EfficientNetV2B1|MobileNetV3Small|NASNetMobile
24,byte_entropy,11,0.5,EfficientNetV2B1|MobileNetV3Small|NASNetMobile
24,byte_entropy,12,0.5,EfficientNetV2B1|MobileNetV3Small|NASNetMobile
24,byte_entropy,13,0.5,EfficientNetV2B1|MobileNetV3Small|NASNetMobile
24,byte_entropy,14,0.5,EfficientNetV2B1|MobileNetV3Small|NASNetMobile
24,byte_entropy,15,0.5,EfficientNetV2B1|MobileNetV3Small|NASNetMobile
24,byte_entropy,16,0.8125,EfficientNetV2B1|MobileNetV3Small|NASNetMobile
24,byte_entropy,17,0.90625,EfficientNetV2B1|MobileNetV3Small|NASNetMobile
24,byte_entropy,18,0.90625,EfficientNetV2B1|MobileNetV3Small|NASNetMobile
24,byte_entropy,19,0.90625,EfficientNetV2B1|MobileNetV3Small|NASNetMobile
24,byte_entropy,20,1.0,EfficientNetV2B1|MobileNetV3Small|NASNetMobile
24,byte_entropy,21,1.0,EfficientNetV2B1|MobileNetV3Small|NASNetMobile
24,byte_entropy,22,0.59375,EfficientNetV2B1|MobileNetV3Small|NASNetMobile
24,byte_entropy,23,0.6875,EfficientNetV2B1|MobileNetV3Small|NASNetMobile
24,histogram_kl,1,0.5,EfficientNetV2B1|MobileNetV3Small|NASNetMobile
24,histogram_kl,2,0.5,EfficientNetV2B1|MobileNetV3Small|NASNetMobile
24,histogram_kl,3,0.5,EfficientNetV2B1|MobileNetV3Small|NASNetMobile
24,histogram_kl,4,0.5,EfficientNetV2B1|MobileNetV3Small|NASNetMobile
24,histogram_kl,5,0.5,EfficientNetV2B1|MobileNetV3Small|NASNetMobile
24,histogram_kl,6,0.5,EfficientNetV2B1|MobileNetV3Small|NASNetMobile
24,histogram_kl,7,0.5,EfficientNetV2B1|MobileNetV3Small|NASNetMobile
24,histogram_kl,8,0.5,EfficientNetV2B1|MobileNetV3Small|NASNetMobile
24,histogram_kl,9,0.5,EfficientNetV2B1|MobileNetV3Small|NASNetMobile
24,histogram_kl,10,0.5,EfficientNetV2B1|MobileNetV3Small|NASNetMobile
24,histogram_kl,11,0.5,EfficientNetV2B1|MobileNetV3Small|NASNetMobile
24,histogram_kl,12,0.5,EfficientNetV2B1|MobileNetV3Small|NASNetMobile
24,histogram_kl,13,0.5,EfficientNetV2B1|MobileNetV3Small|NASNetMobile
24,histogram_kl,14,0.5,EfficientNetV2B1|MobileNetV3Small|NASNetMobile
24,histogram_kl,15,0.5,EfficientNetV2B1|MobileNetV3Small|NASNetMobile
24,histogram_kl,16,0.9375,EfficientNetV2B1|MobileNetV3Small|NASNetMobile
24,histogram_kl,17,0.96875,EfficientNetV2B1|MobileNetV3Small|NASNetMobile
24,histogram_kl,18,0.96875,EfficientNetV2B1|MobileNetV3Small|NASNetMobile
24,histogram_kl,19,0.96875,EfficientNetV2B1|MobileNetV3Small|NASNetMobile
24,histogram_kl,20,1.0,EfficientNetV2B1|MobileNetV3Small|NASNetMobile
24,histogram_kl,21,1.0,EfficientNetV2B1|MobileNetV3Small|NASNetMobile
24,histogram_kl,22,1.0,EfficientNetV2B1|MobileNetV3Small|NASNetMobile
24,histogram_kl,23,0.875,EfficientNetV2B1|MobileNetV3Small|NASNetMobile
24,weight_value_dist,1,0.5,EfficientNetV2B1|MobileNetV3Small|NASNetMobile
24,weight_value_dist,2,0.5,EfficientNetV2B1|MobileNetV3Small|NASNetMobile
24,weight_value_dist,3,0.5,EfficientNetV2B1|MobileNetV3Small|NASNetMobile
24,weight_value_dist,4,0.5,EfficientNetV2B1|MobileNetV3Small|NASNetMobile
24,weight_value_dist,5,0.5,EfficientNetV2B1|MobileNetV3Small|NASNetMobile
24,weight_value_dist,6,0.5,EfficientNetV2B1|MobileNetV3Small|NASNetMobile
24,weight_value_dist,7,0.5,EfficientNetV2B1|MobileNetV3Small|NASNetMobile
24,weight_value_dist,8,0.5,EfficientNetV2B1|MobileNetV3Small|NASNetMobile
24,weight_value_dist,9,0.5,EfficientNetV2B1|MobileNetV3Small|NASNetMobile
24,weight_value_dist,10,0.5,EfficientNetV2B1|MobileNetV3Small|NASNetMobile
24,weight_value_dist,11,0.5,EfficientNetV2B1|MobileNetV3Small|NASNetMobile
24,weight_value_dist,12,0.5,EfficientNetV2B1|MobileNetV3Small|NASNetMobile
24,weight_value_dist,13,0.5,EfficientNetV2B1|MobileNetV3Small|NASNetMobile
24,weight_value_dist,14,0.5,EfficientNetV2B1|MobileNetV3Small|NASNetMobile
24,weight_value_dist,15,0.5,EfficientNetV2B1|MobileNetV3Small|NASNetMobile
24,weight_value_dist,16,0.5,EfficientNetV2B1|MobileNetV3Small|NASNetMobile
24,weight_value_dist,17,0.5,EfficientNetV2B1|MobileNetV3Small|NASNetMobile
24,weight_value_dist,18,0.5,EfficientNetV2B1|MobileNetV3Small|NASNetMobile
24,weight_value_dist,19,0.5,EfficientNetV2B1|MobileNetV3Small|NASNetMobile
24,weight_value_dist,20,0.5625,EfficientNetV2B1|MobileNetV3Small|NASNetMobile
24,weight_value_dist,21,0.5625,EfficientNetV2B1|MobileNetV3Small|NASNetMobile
24,weight_value_dist,22,0.5625,EfficientNetV2B1|MobileNetV3Small|NASNetMobile
24,weight_value_dist,23,0.5625,EfficientNetV2B1|MobileNetV3Small|NASNetMobile
24,byte_autocorr,1,0.5,EfficientNetV2B1|MobileNetV3Small|NASNetMobile
24,byte_autocorr,2,0.5,EfficientNetV2B1|MobileNetV3Small|NASNetMobile
24,byte_autocorr,3,0.5,EfficientNetV2B1|MobileNetV3Small|NASNetMobile
24,byte_autocorr,4,0.5,EfficientNetV2B1|MobileNetV3Small|NASNetMobile
24,byte_autocorr,5,0.5,EfficientNetV2B1|MobileNetV3Small|NASNetMobile
24,byte_autocorr,6,0.5,EfficientNetV2B1|MobileNetV3Small|NASNetMobile
24,byte_autocorr,7,0.6875,EfficientNetV2B1|MobileNetV3Small|NASNetMobile
24,byte_autocorr,8,0.875,EfficientNetV2B1|MobileNetV3Small|NASNetMobile
24,byte_autocorr,9,0.71875,EfficientNetV2B1|MobileNetV3Small|NASNetMobile
24,byte_autocorr,10,0.71875,EfficientNetV2B1|MobileNetV3Small|NASNetMobile
24,byte_autocorr,11,0.71875,EfficientNetV2B1|MobileNetV3Small|NASNetMobile
24,byte_autocorr,12,0.75,EfficientNetV2B1|MobileNetV3Small|NASNetMobile
24,byte_autocorr,13,0.75,EfficientNetV2B1|MobileNetV3Small|NASNetMobile
24,byte_autocorr,14,0.75,EfficientNetV2B1|MobileNetV3Small|NASNetMobile
24,byte_autocorr,15,0.75,EfficientNetV2B1|MobileNetV3Small|NASNetMobile
24,byte_autocorr,16,0.96875,EfficientNetV2B1|MobileNetV3Small|NASNetMobile
24,byte_autocorr,17,0.75,EfficientNetV2B1|MobileNetV3Small|NASNetMobile
24,byte_autocorr,18,0.75,EfficientNetV2B1|MobileNetV3Small|NASNetMobile
24,byte_autocorr,19,0.75,EfficientNetV2B1|MobileNetV3Small|NASNetMobile
24,byte_autocorr,20,0.75,EfficientNetV2B1|MobileNetV3Small|NASNetMobile
24,byte_autocorr,21,0.75,EfficientNetV2B1|MobileNetV3Small|NASNetMobile
24,byte_autocorr,22,0.75,EfficientNetV2B1|MobileNetV3Small|NASNetMobile
24,byte_autocorr,23,0.75,EfficientNetV2B1|MobileNetV3Small|NASNetMobile
25,byte_entropy,1,0.5,EfficientNetV2B0|MobileNet|MobileNetV3Small
25,byte_entropy,2,0.5,EfficientNetV2B0|MobileNet|MobileNetV3Small
25,byte_entropy,3,0.5,EfficientNetV2B0|MobileNet|MobileNetV3Small
25,byte_entropy,4,0.5,EfficientNetV2B0|MobileNet|MobileNetV3Small
25,byte_entropy,5,0.5,EfficientNetV2B0|MobileNet|MobileNetV3Small
25,byte_entropy,6,0.5,EfficientNetV2B0|MobileNet|MobileNetV3Small
25,byte_entropy,7,0.5,EfficientNetV2B0|MobileNet|MobileNetV3Small
25,byte_entropy,8,0.5,EfficientNetV2B0|MobileNet|MobileNetV3Small
25,byte_entropy,9,0.5,EfficientNetV2B0|MobileNet|MobileNetV3Small
25,byte_entropy,10,0.5,EfficientNetV2B0|MobileNet|MobileNetV3Small
25,byte_entropy,11,0.5,EfficientNetV2B0|MobileNet|MobileNetV3Small
25,byte_entropy,12,0.5,EfficientNetV2B0|MobileNet|MobileNetV3Small
25,byte_entropy,13,0.5,EfficientNetV2B0|MobileNet|MobileNetV3Small
25,byte_entropy,14,0.5,EfficientNetV2B0|MobileNet|MobileNetV3Small
25,byte_entropy,15,0.5,EfficientNetV2B0|MobileNet|MobileNetV3Small
25,byte_entropy,16,0.5,EfficientNetV2B0|MobileNet|MobileNetV3Small
25,byte_entropy,17,0.5,EfficientNetV2B0|MobileNet|MobileNetV3Small
25,byte_entropy,18,0.78125,EfficientNetV2B0|MobileNet|MobileNetV3Small
25,byte_entropy,19,0.90625,EfficientNetV2B0|MobileNet|MobileNetV3Small
25,byte_entropy,20,0.90625,EfficientNetV2B0|MobileNet|MobileNetV3Small
25,byte_entropy,21,0.90625,EfficientNetV2B0|MobileNet|MobileNetV3Small
25,byte_entropy,22,0.5,EfficientNetV2B0|MobileNet|MobileNetV3Small
25,byte_entropy,23,0.5625,EfficientNetV2B0|MobileNet|MobileNetV3Small
25,histogram_kl,1,0.5,EfficientNetV2B0|MobileNet|MobileNetV3Small
25,histogram_kl,2,0.5,EfficientNetV2B0|MobileNet|MobileNetV3Small
25,histogram_kl,3,0.5,EfficientNetV2B0|MobileNet|MobileNetV3Small
25,histogram_kl,4,0.5,EfficientNetV2B0|MobileNet|MobileNetV3Small
25,histogram_kl,5,0.5,EfficientNetV2B0|MobileNet|MobileNetV3Small
25,histogram_kl,6,0.5,EfficientNetV2B0|MobileNet|MobileNetV3Small
25,histogram_kl,7,0.5,EfficientNetV2B0|MobileNet|MobileNetV3Small
25,histogram_kl,8,0.5,EfficientNetV2B0|MobileNet|MobileNetV3Small
25,histogram_kl,9,0.5,EfficientNetV2B0|MobileNet|MobileNetV3Small
25,histogram_kl,10,0.5,EfficientNetV2B0|MobileNet|MobileNetV3Small
25,histogram_kl,11,0.5,EfficientNetV2B0|MobileNet|MobileNetV3Small
25,histogram_kl,12,0.5,EfficientNetV2B0|MobileNet|MobileNetV3Small
25,histogram_kl,13,0.5,EfficientNetV2B0|MobileNet|MobileNetV3Small
25,histogram_kl,14,0.5,EfficientNetV2B0|MobileNet|MobileNetV3Small
25,histogram_kl,15,0.5,EfficientNetV2B0|MobileNet|MobileNetV3Small
25,histogram_kl,16,0.5,EfficientNetV2B0|MobileNet|MobileNetV3Small
25,histogram_kl,17,0.5,EfficientNetV2B0|MobileNet|MobileNetV3Small
25,histogram_kl,18,0.90625,EfficientNetV2B0|MobileNet|MobileNetV3Small
25,histogram_kl,19,0.96875,EfficientNetV2B0|MobileNet|MobileNetV3Small
25,histogram_kl,20,0.96875,EfficientNetV2B0|MobileNet|MobileNetV3Small
25,histogram_kl,21,0.96875,EfficientNetV2B0|MobileNet|MobileNetV3Small
25,histogram_kl,22,0.96875,EfficientNetV2B0|MobileNet|MobileNetV3Small
25,histogram_kl,23,1.0,EfficientNetV2B0|MobileNet|MobileNetV3Small
25,weight_value_dist,1,0.5,EfficientNetV2B0|MobileNet|MobileNetV3Small
25,weight_value_dist,2,0.5,EfficientNetV2B0|MobileNet|MobileNetV3Small
25,weight_value_dist,3,0.5,EfficientNetV2B0|MobileNet|MobileNetV3Small
25,weight_value_dist,4,0.5,EfficientNetV2B0|MobileNet|MobileNetV3Small
25,weight_value_dist,5,0.5,EfficientNetV2B0|MobileNet|MobileNetV3Small
25,weight_value_dist,6,0.5,EfficientNetV2B0|MobileNet|MobileNetV3Small
25,weight_value_dist,7,0.5,EfficientNetV2B0|MobileNet|MobileNetV3Small
25,weight_value_dist,8,0.5,EfficientNetV2B0|MobileNet|MobileNetV3Small
25,weight_value_dist,9,0.5,EfficientNetV2B0|MobileNet|MobileNetV3Small
25,weight_value_dist,10,0.5,EfficientNetV2B0|MobileNet|MobileNetV3Small
25,weight_value_dist,11,0.5,EfficientNetV2B0|MobileNet|MobileNetV3Small
25,weight_value_dist,12,0.5,EfficientNetV2B0|MobileNet|MobileNetV3Small
25,weight_value_dist,13,0.5,EfficientNetV2B0|MobileNet|MobileNetV3Small
25,weight_value_dist,14,0.5,EfficientNetV2B0|MobileNet|MobileNetV3Small
25,weight_value_dist,15,0.5,EfficientNetV2B0|MobileNet|MobileNetV3Small
25,weight_value_dist,16,0.5,EfficientNetV2B0|MobileNet|MobileNetV3Small
25,weight_value_dist,17,0.5,EfficientNetV2B0|MobileNet|MobileNetV3Small
25,weight_value_dist,18,0.5,EfficientNetV2B0|MobileNet|MobileNetV3Small
25,weight_value_dist,19,0.5,EfficientNetV2B0|MobileNet|MobileNetV3Small
25,weight_value_dist,20,0.5,EfficientNetV2B0|MobileNet|MobileNetV3Small
25,weight_value_dist,21,0.5,EfficientNetV2B0|MobileNet|MobileNetV3Small
25,weight_value_dist,22,0.53125,EfficientNetV2B0|MobileNet|MobileNetV3Small
25,weight_value_dist,23,0.5625,EfficientNetV2B0|MobileNet|MobileNetV3Small
25,byte_autocorr,1,0.5,EfficientNetV2B0|MobileNet|MobileNetV3Small
25,byte_autocorr,2,0.5,EfficientNetV2B0|MobileNet|MobileNetV3Small
25,byte_autocorr,3,0.5,EfficientNetV2B0|MobileNet|MobileNetV3Small
25,byte_autocorr,4,0.5,EfficientNetV2B0|MobileNet|MobileNetV3Small
25,byte_autocorr,5,0.59375,EfficientNetV2B0|MobileNet|MobileNetV3Small
25,byte_autocorr,6,0.5,EfficientNetV2B0|MobileNet|MobileNetV3Small
25,byte_autocorr,7,0.5,EfficientNetV2B0|MobileNet|MobileNetV3Small
25,byte_autocorr,8,0.875,EfficientNetV2B0|MobileNet|MobileNetV3Small
25,byte_autocorr,9,0.9375,EfficientNetV2B0|MobileNet|MobileNetV3Small
25,byte_autocorr,10,0.9375,EfficientNetV2B0|MobileNet|MobileNetV3Small
25,byte_autocorr,11,0.5,EfficientNetV2B0|MobileNet|MobileNetV3Small
25,byte_autocorr,12,0.5,EfficientNetV2B0|MobileNet|MobileNetV3Small
25,byte_autocorr,13,0.5,EfficientNetV2B0|MobileNet|MobileNetV3Small
25,byte_autocorr,14,0.5,EfficientNetV2B0|MobileNet|MobileNetV3Small
25,byte_autocorr,15,0.5,EfficientNetV2B0|MobileNet|MobileNetV3Small
25,byte_autocorr,16,0.71875,EfficientNetV2B0|MobileNet|MobileNetV3Small
25,byte_autocorr,17,0.96875,EfficientNetV2B0|MobileNet|MobileNetV3Small
25,byte_autocorr,18,0.96875,EfficientNetV2B0|MobileNet|MobileNetV3Small
25,byte_autocorr,19,1.0,EfficientNetV2B0|MobileNet|MobileNetV3Small
25,byte_autocorr,20,1.0,EfficientNetV2B0|MobileNet|MobileNetV3Small
25,byte_autocorr,21,1.0,EfficientNetV2B0|MobileNet|MobileNetV3Small
25,byte_autocorr,22,1.0,EfficientNetV2B0|MobileNet|MobileNetV3Small
25,byte_autocorr,23,1.0,EfficientNetV2B0|MobileNet|MobileNetV3Small
26,byte_entropy,1,0.5,MobileNet|MobileNetV2|MobileNetV3Large
26,byte_entropy,2,0.5,MobileNet|MobileNetV2|MobileNetV3Large
26,byte_entropy,3,0.5,MobileNet|MobileNetV2|MobileNetV3Large
26,byte_entropy,4,0.5,MobileNet|MobileNetV2|MobileNetV3Large
26,byte_entropy,5,0.5,MobileNet|MobileNetV2|MobileNetV3Large
26,byte_entropy,6,0.5,MobileNet|MobileNetV2|MobileNetV3Large
26,byte_entropy,7,0.5,MobileNet|MobileNetV2|MobileNetV3Large
26,byte_entropy,8,0.5,MobileNet|MobileNetV2|MobileNetV3Large
26,byte_entropy,9,0.5,MobileNet|MobileNetV2|MobileNetV3Large
26,byte_entropy,10,0.5,MobileNet|MobileNetV2|MobileNetV3Large
26,byte_entropy,11,0.5,MobileNet|MobileNetV2|MobileNetV3Large
26,byte_entropy,12,0.5,MobileNet|MobileNetV2|MobileNetV3Large
26,byte_entropy,13,0.5,MobileNet|MobileNetV2|MobileNetV3Large
26,byte_entropy,14,0.5,MobileNet|MobileNetV2|MobileNetV3Large
26,byte_entropy,15,0.5,MobileNet|MobileNetV2|MobileNetV3Large
26,byte_entropy,16,0.5,MobileNet|MobileNetV2|MobileNetV3Large
26,byte_entropy,17,0.53125,MobileNet|MobileNetV2|MobileNetV3Large
26,byte_entropy,18,0.53125,MobileNet|MobileNetV2|MobileNetV3Large
26,byte_entropy,19,0.53125,MobileNet|MobileNetV2|MobileNetV3Large
26,byte_entropy,20,0.53125,MobileNet|MobileNetV2|MobileNetV3Large
26,byte_entropy,21,0.5,MobileNet|MobileNetV2|MobileNetV3Large
26,byte_entropy,22,0.5,MobileNet|MobileNetV2|MobileNetV3Large
26,byte_entropy,23,0.53125,MobileNet|MobileNetV2|MobileNetV3Large
26,histogram_kl,1,0.34375,MobileNet|MobileNetV2|MobileNetV3Large
26,histogram_kl,2,0.40625,MobileNet|MobileNetV2|MobileNetV3Large
26,histogram_kl,3,0.5,MobileNet|MobileNetV2|MobileNetV3Large
26,histogram_kl,4,0.53125,MobileNet|MobileNetV2|MobileNetV3Large
26,histogram_kl,5,0.59375,MobileNet|MobileNetV2|MobileNetV3Large
26,histogram_kl,6,0.6875,MobileNet|MobileNetV2|MobileNetV3Large
26,histogram_kl,7,0.625,MobileNet|MobileNetV2|MobileNetV3Large
26,histogram_kl,8,0.75,MobileNet|MobileNetV2|MobileNetV3Large
26,histogram_kl,9,0.6875,MobileNet|MobileNetV2|MobileNetV3Large
26,histogram_kl,10,0.6875,MobileNet|MobileNetV2|MobileNetV3Large
26,histogram_kl,11,0.6875,MobileNet|MobileNetV2|MobileNetV3Large
26,histogram_kl,12,0.6875,MobileNet|MobileNetV2|MobileNetV3Large
26,histogram_kl,13,0.6875,MobileNet|MobileNetV2|MobileNetV3Large
26,histogram_kl,14,0.6875,MobileNet|MobileNetV2|MobileNetV3Large
26,histogram_kl,15,0.6875,MobileNet|MobileNetV2|MobileNetV3Large
26,histogram_kl,16,0.6875,MobileNet|MobileNetV2|MobileNetV3Large
26,histogram_kl,17,0.65625,MobileNet|MobileNetV2|MobileNetV3Large
26,histogram_kl,18,0.65625,MobileNet|MobileNetV2|MobileNetV3Large
26,histogram_kl,19,0.65625,MobileNet|MobileNetV2|MobileNetV3Large
26,histogram_kl,20,0.65625,MobileNet|MobileNetV2|MobileNetV3Large
26,histogram_kl,21,0.625,MobileNet|MobileNetV2|MobileNetV3Large
26,histogram_kl,22,0.6875,MobileNet|MobileNetV2|MobileNetV3Large
26,histogram_kl,23,0.6875,MobileNet|MobileNetV2|MobileNetV3Large
26,weight_value_dist,1,0.5,MobileNet|MobileNetV2|MobileNetV3Large
26,weight_value_dist,2,0.5,MobileNet|MobileNetV2|MobileNetV3Large
26,weight_value_dist,3,0.5,MobileNet|MobileNetV2|MobileNetV3Large
26,weight_value_dist,4,0.5,MobileNet|MobileNetV2|MobileNetV3Large
26,weight_value_dist,5,0.5,MobileNet|MobileNetV2|MobileNetV3Large
26,weight_value_dist,6,0.5,MobileNet|MobileNetV2|MobileNetV3Large
26,weight_value_dist,7,0.5,MobileNet|MobileNetV2|MobileNetV3Large
26,weight_value_dist,8,0.5,MobileNet|MobileNetV2|MobileNetV3Large
26,weight_value_dist,9,0.5,MobileNet|MobileNetV2|MobileNetV3Large
26,weight_value_dist,10,0.5,MobileNet|MobileNetV2|MobileNetV3Large
26,weight_value_dist,11,0.5,MobileNet|MobileNetV2|MobileNetV3Large
26,weight_value_dist,12,0.5,MobileNet|MobileNetV2|MobileNetV3Large
26,weight_value_dist,13,0.5,MobileNet|MobileNetV2|MobileNetV3Large
26,weight_value_dist,14,0.5,MobileNet|MobileNetV2|MobileNetV3Large
26,weight_value_dist,15,0.5,MobileNet|MobileNetV2|MobileNetV3Large
26,weight_value_dist,16,0.5,MobileNet|MobileNetV2|MobileNetV3Large
26,weight_value_dist,17,0.5,MobileNet|MobileNetV2|MobileNetV3Large
26,weight_value_dist,18,0.5,MobileNet|MobileNetV2|MobileNetV3Large
26,weight_value_dist,19,0.5,MobileNet|MobileNetV2|MobileNetV3Large
26,weight_value_dist,20,0.5,MobileNet|MobileNetV2|MobileNetV3Large
26,weight_value_dist,21,0.5,MobileNet|MobileNetV2|MobileNetV3Large
26,weight_value_dist,22,0.5,MobileNet|MobileNetV2|MobileNetV3Large
26,weight_value_dist,23,0.5,MobileNet|MobileNetV2|MobileNetV3Large
26,byte_autocorr,1,0.5,MobileNet|MobileNetV2|MobileNetV3Large
26,byte_autocorr,2,0.5,MobileNet|MobileNetV2|MobileNetV3Large
26,byte_autocorr,3,0.5,MobileNet|MobileNetV2|MobileNetV3Large
26,byte_autocorr,4,0.625,MobileNet|MobileNetV2|MobileNetV3Large
26,byte_autocorr,5,0.59375,MobileNet|MobileNetV2|MobileNetV3Large
26,byte_autocorr,6,0.65625,MobileNet|MobileNetV2|MobileNetV3Large
26,byte_autocorr,7,0.65625,MobileNet|MobileNetV2|MobileNetV3Large
26,byte_autocorr,8,0.875,MobileNet|MobileNetV2|MobileNetV3Large
26,byte_autocorr,9,0.78125,MobileNet|MobileNetV2|MobileNetV3Large
26,byte_autocorr,10,0.71875,MobileNet|MobileNetV2|MobileNetV3Large
26,byte_autocorr,11,0.71875,MobileNet|MobileNetV2|MobileNetV3Large
26,byte_autocorr,12,0.75,MobileNet|MobileNetV2|MobileNetV3Large
26,byte_autocorr,13,0.75,MobileNet|MobileNetV2|MobileNetV3Large
26,byte_autocorr,14,0.75,MobileNet|MobileNetV2|MobileNetV3Large
26,byte_autocorr,15,0.75,MobileNet|MobileNetV2|MobileNetV3Large
26,byte_autocorr,16,0.90625,MobileNet|MobileNetV2|MobileNetV3Large
26,byte_autocorr,17,0.75,MobileNet|MobileNetV2|MobileNetV3Large
26,byte_autocorr,18,0.75,MobileNet|MobileNetV2|MobileNetV3Large
26,byte_autocorr,19,0.75,MobileNet|MobileNetV2|MobileNetV3Large
26,byte_autocorr,20,0.75,MobileNet|MobileNetV2|MobileNetV3Large
26,byte_autocorr,21,0.5,MobileNet|MobileNetV2|MobileNetV3Large
26,byte_autocorr,22,0.75,MobileNet|MobileNetV2|MobileNetV3Large
26,byte_autocorr,23,0.6875,MobileNet|MobileNetV2|MobileNetV3Large
27,byte_entropy,1,0.5,DenseNet121|EfficientNetV2B0|MobileNetV2
27,byte_entropy,2,0.5,DenseNet121|EfficientNetV2B0|MobileNetV2
27,byte_entropy,3,0.5,DenseNet121|EfficientNetV2B0|MobileNetV2
27,byte_entropy,4,0.5,DenseNet121|EfficientNetV2B0|MobileNetV2
27,byte_entropy,5,0.5,DenseNet121|EfficientNetV2B0|MobileNetV2
27,byte_entropy,6,0.5,DenseNet121|EfficientNetV2B0|MobileNetV2
27,byte_entropy,7,0.5,DenseNet121|EfficientNetV2B0|MobileNetV2
27,byte_entropy,8,0.5,DenseNet121|EfficientNetV2B0|MobileNetV2
27,byte_entropy,9,0.5,DenseNet121|EfficientNetV2B0|MobileNetV2
27,byte_entropy,10,0.5,DenseNet121|EfficientNetV2B0|MobileNetV2
27,byte_entropy,11,0.5,DenseNet121|EfficientNetV2B0|MobileNetV2
27,byte_entropy,12,0.5,DenseNet121|EfficientNetV2B0|MobileNetV2
27,byte_entropy,13,0.5,DenseNet121|EfficientNetV2B0|MobileNetV2
27,byte_entropy,14,0.5,DenseNet121|EfficientNetV2B0|MobileNetV2
27,byte_entropy,15,0.5,DenseNet121|EfficientNetV2B0|MobileNetV2
27,byte_entropy,16,0.90625,DenseNet121|EfficientNetV2B0|MobileNetV2
27,byte_entropy,17,0.90625,DenseNet121|EfficientNetV2B0|MobileNetV2
27,byte_entropy,18,0.8125,DenseNet121|EfficientNetV2B0|MobileNetV2
27,byte_entropy,19,0.90625,DenseNet121|EfficientNetV2B0|MobileNetV2
27,byte_entropy,20,0.9375,DenseNet121|EfficientNetV2B0|MobileNetV2
27,byte_entropy,21,1.0,DenseNet121|EfficientNetV2B0|MobileNetV2
27,byte_entropy,22,1.0,DenseNet121|EfficientNetV2B0|MobileNetV2
27,byte_entropy,23,1.0,DenseNet121|EfficientNetV2B0|MobileNetV2
27,histogram_kl,1,0.5,DenseNet121|EfficientNetV2B0|MobileNetV2
27,histogram_kl,2,0.5,DenseNet121|EfficientNetV2B0|MobileNetV2
27,histogram_kl,3,0.5,DenseNet121|EfficientNetV2B0|MobileNetV2
27,histogram_kl,4,0.5,DenseNet121|EfficientNetV2B0|MobileNetV2
27,histogram_kl,5,0.5,DenseNet121|EfficientNetV2B0|MobileNetV2
27,histogram_kl,6,0.5,DenseNet121|EfficientNetV2B0|MobileNetV2
27,histogram_kl,7,0.5,DenseNet121|EfficientNetV2B0|MobileNetV2
27,histogram_kl,8,0.5,DenseNet121|EfficientNetV2B0|MobileNetV2
27,histogram_kl,9,0.5,DenseNet121|EfficientNetV2B0|MobileNetV2
27,histogram_kl,10,0.5,DenseNet121|EfficientNetV2B0|MobileNetV2
27,histogram_kl,11,0.5,DenseNet121|EfficientNetV2B0|MobileNetV2
27,histogram_kl,12,0.5,DenseNet121|EfficientNetV2B0|MobileNetV2
27,histogram_kl,13,0.5,DenseNet121|EfficientNetV2B0|MobileNetV2
27,histogram_kl,14,0.5,DenseNet121|EfficientNetV2B0|MobileNetV2
27,histogram_kl,15,0.5,DenseNet121|EfficientNetV2B0|MobileNetV2
27,histogram_kl,16,0.90625,DenseNet121|EfficientNetV2B0|MobileNetV2
27,histogram_kl,17,0.875,DenseNet121|EfficientNetV2B0|MobileNetV2
27,histogram_kl,18,0.90625,DenseNet121|EfficientNetV2B0|MobileNetV2
27,histogram_kl,19,0.96875,DenseNet121|EfficientNetV2B0|MobileNetV2
27,histogram_kl,20,0.96875,DenseNet121|EfficientNetV2B0|MobileNetV2
27,histogram_kl,21,0.96875,DenseNet121|EfficientNetV2B0|MobileNetV2
27,histogram_kl,22,0.96875,DenseNet121|EfficientNetV2B0|MobileNetV2
27,histogram_kl,23,1.0,DenseNet121|EfficientNetV2B0|MobileNetV2
27,weight_value_dist,1,0.5,DenseNet121|EfficientNetV2B0|MobileNetV2
27,weight_value_dist,2,0.5,DenseNet121|EfficientNetV2B0|MobileNetV2
27,weight_value_dist,3,0.5,DenseNet121|EfficientNetV2B0|MobileNetV2
27,weight_value_dist,4,0.5,DenseNet121|EfficientNetV2B0|MobileNetV2
27,weight_value_dist,5,0.5,DenseNet121|EfficientNetV2B0|MobileNetV2
27,weight_value_dist,6,0.5,DenseNet121|EfficientNetV2B0|MobileNetV2
27,weight_value_dist,7,0.5,DenseNet121|EfficientNetV2B0|MobileNetV2
27,weight_value_dist,8,0.5,DenseNet121|EfficientNetV2B0|MobileNetV2
27,weight_value_dist,9,0.5,DenseNet121|EfficientNetV2B0|MobileNetV2
27,weight_value_dist,10,0.5,DenseNet121|EfficientNetV2B0|MobileNetV2
27,weight_value_dist,11,0.5,DenseNet121|EfficientNetV2B0|MobileNetV2
27,weight_value_dist,12,0.5,DenseNet121|EfficientNetV2B0|MobileNetV2
27,weight_value_dist,13,0.5,DenseNet121|EfficientNetV2B0|MobileNetV2
27,weight_value_dist,14,0.5,DenseNet121|EfficientNetV2B0|MobileNetV2
27,weight_value_dist,15,0.5,DenseNet121|EfficientNetV2B0|MobileNetV2
27,weight_value_dist,16,0.5,DenseNet121|EfficientNetV2B0|MobileNetV2
27,weight_value_dist,17,0.5,DenseNet121|EfficientNetV2B0|MobileNetV2
27,weight_value_dist,18,0.5,DenseNet121|EfficientNetV2B0|MobileNetV2
27,weight_value_dist,19,0.5,DenseNet121|EfficientNetV2B0|MobileNetV2
27,weight_value_dist,20,0.5625,DenseNet121|EfficientNetV2B0|MobileNetV2
27,weight_value_dist,21,0.59375,DenseNet121|EfficientNetV2B0|MobileNetV2
27,weight_value_dist,22,0.59375,DenseNet121|EfficientNetV2B0|MobileNetV2
27,weight_value_dist,23,0.59375,DenseNet121|EfficientNetV2B0|MobileNetV2
27,byte_autocorr,1,0.5,DenseNet121|EfficientNetV2B0|MobileNetV2
27,byte_autocorr,2,0.5,DenseNet121|EfficientNetV2B0|MobileNetV2
27,byte_autocorr,3,0.5,DenseNet121|EfficientNetV2B0|MobileNetV2
27,byte_autocorr,4,0.5,DenseNet121|EfficientNetV2B0|MobileNetV2
27,byte_autocorr,5,0.65625,DenseNet121|EfficientNetV2B0|MobileNetV2
27,byte_autocorr,6,0.5,DenseNet121|EfficientNetV2B0|MobileNetV2
27,byte_autocorr,7,0.5,DenseNet121|EfficientNetV2B0|MobileNetV2
27,byte_autocorr,8,0.84375,DenseNet121|EfficientNetV2B0|MobileNetV2
27,byte_autocorr,9,0.5,DenseNet121|EfficientNetV2B0|MobileNetV2
27,byte_autocorr,10,0.5,DenseNet121|EfficientNetV2B0|MobileNetV2
27,byte_autocorr,11,0.5,DenseNet121|EfficientNetV2B0|MobileNetV2
27,byte_autocorr,12,0.5,DenseNet121|EfficientNetV2B0|MobileNetV2
27,byte_autocorr,13,0.5,DenseNet121|EfficientNetV2B0|MobileNetV2
27,byte_autocorr,14,0.5,DenseNet121|EfficientNetV2B0|MobileNetV2
27,byte_autocorr,15,0.96875,DenseNet121|EfficientNetV2B0|MobileNetV2
27,byte_autocorr,16,0.96875,DenseNet121|EfficientNetV2B0|MobileNetV2
27,byte_autocorr,17,0.96875,DenseNet121|EfficientNetV2B0|MobileNetV2
27,byte_autocorr,18,0.96875,DenseNet121|EfficientNetV2B0|MobileNetV2
27,byte_autocorr,19,1.0,DenseNet121|EfficientNetV2B0|MobileNetV2
27,byte_autocorr,20,1.0,DenseNet121|EfficientNetV2B0|MobileNetV2
27,byte_autocorr,21,1.0,DenseNet121|EfficientNetV2B0|MobileNetV2
27,byte_autocorr,22,1.0,DenseNet121|EfficientNetV2B0|MobileNetV2
27,byte_autocorr,23,1.0,DenseNet121|EfficientNetV2B0|MobileNetV2
28,byte_entropy,1,0.5,EfficientNetV2B0|MobileNet|MobileNetV3Large
28,byte_entropy,2,0.5,EfficientNetV2B0|MobileNet|MobileNetV3Large
28,byte_entropy,3,0.5,EfficientNetV2B0|MobileNet|MobileNetV3Large
28,byte_entropy,4,0.5,EfficientNetV2B0|MobileNet|MobileNetV3Large
28,byte_entropy,5,0.5,EfficientNetV2B0|MobileNet|MobileNetV3Large
28,byte_entropy,6,0.5,EfficientNetV2B0|MobileNet|MobileNetV3Large
28,byte_entropy,7,0.5,EfficientNetV2B0|MobileNet|MobileNetV3Large
28,byte_entropy,8,0.5,EfficientNetV2B0|MobileNet|MobileNetV3Large
28,byte_entropy,9,0.5,EfficientNetV2B0|MobileNet|MobileNetV3Large
28,byte_entropy,10,0.5,EfficientNetV2B0|MobileNet|MobileNetV3Large
28,byte_entropy,11,0.5,EfficientNetV2B0|MobileNet|MobileNetV3Large
28,byte_entropy,12,0.5,EfficientNetV2B0|MobileNet|MobileNetV3Large
28,byte_entropy,13,0.5,EfficientNetV2B0|MobileNet|MobileNetV3Large
28,byte_entropy,14,0.5,EfficientNetV2B0|MobileNet|MobileNetV3Large
28,byte_entropy,15,0.5,EfficientNetV2B0|MobileNet|MobileNetV3Large
28,byte_entropy,16,0.5,EfficientNetV2B0|MobileNet|MobileNetV3Large
28,byte_entropy,17,0.5,EfficientNetV2B0|MobileNet|MobileNetV3Large
28,byte_entropy,18,0.84375,EfficientNetV2B0|MobileNet|MobileNetV3Large
28,byte_entropy,19,0.90625,EfficientNetV2B0|MobileNet|MobileNetV3Large
28,byte_entropy,20,0.90625,EfficientNetV2B0|MobileNet|MobileNetV3Large
28,byte_entropy,21,0.90625,EfficientNetV2B0|MobileNet|MobileNetV3Large
28,byte_entropy,22,0.59375,EfficientNetV2B0|MobileNet|MobileNetV3Large
28,byte_entropy,23,0.59375,EfficientNetV2B0|MobileNet|MobileNetV3Large
28,histogram_kl,1,0.5,EfficientNetV2B0|MobileNet|MobileNetV3Large
28,histogram_kl,2,0.5,EfficientNetV2B0|MobileNet|MobileNetV3Large
28,histogram_kl,3,0.5,EfficientNetV2B0|MobileNet|MobileNetV3Large
28,histogram_kl,4,0.5,EfficientNetV2B0|MobileNet|MobileNetV3Large
28,histogram_kl,5,0.5,EfficientNetV2B0|MobileNet|MobileNetV3Large
28,histogram_kl,6,0.5,EfficientNetV2B0|MobileNet|MobileNetV3Large
28,histogram_kl,7,0.5,EfficientNetV2B0|MobileNet|MobileNetV3Large
28,histogram_kl,8,0.5,EfficientNetV2B0|MobileNet|MobileNetV3Large
28,histogram_kl,9,0.5,EfficientNetV2B0|MobileNet|MobileNetV3Large
28,histogram_kl,10,0.5,EfficientNetV2B0|MobileNet|MobileNetV3Large
28,histogram_kl,11,0.5,EfficientNetV2B0|MobileNet|MobileNetV3Large
28,histogram_kl,12,0.5,EfficientNetV2B0|MobileNet|MobileNetV3Large
28,histogram_kl,13,0.5,EfficientNetV2B0|MobileNet|MobileNetV3Large
28,histogram_kl,14,0.5,EfficientNetV2B0|MobileNet|MobileNetV3Large
28,histogram_kl,15,0.5,EfficientNetV2B0|MobileNet|MobileNetV3Large
28,histogram_kl,16,0.5,EfficientNetV2B0|MobileNet|MobileNetV3Large
28,histogram_kl,17,0.5,EfficientNetV2B0|MobileNet|MobileNetV3Large
28,histogram_kl,18,0.90625,EfficientNetV2B0|MobileNet|MobileNetV3Large
28,histogram_kl,19,0.96875,EfficientNetV2B0|MobileNet|MobileNetV3Large
28,histogram_kl,20,0.96875,EfficientNetV2B0|MobileNet|MobileNetV3Large
28,histogram_kl,21,0.96875,EfficientNetV2B0|MobileNet|MobileNetV3Large
28,histogram_kl,22,0.96875,EfficientNetV2B0|MobileNet|MobileNetV3Large
28,histogram_kl,23,0.875,EfficientNetV2B0|MobileNet|MobileNetV3Large
28,weight_value_dist,1,0.5,EfficientNetV2B0|MobileNet|MobileNetV3Large
28,weight_value_dist,2,0.5,EfficientNetV2B0|MobileNet|MobileNetV3Large
28,weight_value_dist,3,0.5,EfficientNetV2B0|MobileNet|MobileNetV3Large
28,weight_value_dist,4,0.5,EfficientNetV2B0|MobileNet|MobileNetV3Large
28,weight_value_dist,5,0.5,EfficientNetV2B0|MobileNet|MobileNetV3Large
28,weight_value_dist,6,0.5,EfficientNetV2B0|MobileNet|MobileNetV3Large
28,weight_value_dist,7,0.5,EfficientNetV2B0|MobileNet|MobileNetV3Large
28,weight_value_dist,8,0.5,EfficientNetV2B0|MobileNet|MobileNetV3Large
28,weight_value_dist,9,0.5,EfficientNetV2B0|MobileNet|MobileNetV3Large
28,weight_value_dist,10,0.5,EfficientNetV2B0|MobileNet|MobileNetV3Large
28,weight_value_dist,11,0.5,EfficientNetV2B0|MobileNet|MobileNetV3Large
28,weight_value_dist,12,0.5,EfficientNetV2B0|MobileNet|MobileNetV3Large
28,weight_value_dist,13,0.5,EfficientNetV2B0|MobileNet|MobileNetV3Large
28,weight_value_dist,14,0.5,EfficientNetV2B0|MobileNet|MobileNetV3Large
28,weight_value_dist,15,0.5,EfficientNetV2B0|MobileNet|MobileNetV3Large
28,weight_value_dist,16,0.5,EfficientNetV2B0|MobileNet|MobileNetV3Large
28,weight_value_dist,17,0.5,EfficientNetV2B0|MobileNet|MobileNetV3Large
28,weight_value_dist,18,0.5,EfficientNetV2B0|MobileNet|MobileNetV3Large
28,weight_value_dist,19,0.5,EfficientNetV2B0|MobileNet|MobileNetV3Large
28,weight_value_dist,20,0.5,EfficientNetV2B0|MobileNet|MobileNetV3Large
28,weight_value_dist,21,0.5,EfficientNetV2B0|MobileNet|MobileNetV3Large
28,weight_value_dist,22,0.5,EfficientNetV2B0|MobileNet|MobileNetV3Large
28,weight_value_dist,23,0.5625,EfficientNetV2B0|MobileNet|MobileNetV3Large
28,byte_autocorr,1,0.5,EfficientNetV2B0|MobileNet|MobileNetV3Large
28,byte_autocorr,2,0.5,EfficientNetV2B0|MobileNet|MobileNetV3Large
28,byte_autocorr,3,0.5,EfficientNetV2B0|MobileNet|MobileNetV3Large
28,byte_autocorr,4,0.5,EfficientNetV2B0|MobileNet|MobileNetV3Large
28,byte_autocorr,5,0.59375,EfficientNetV2B0|MobileNet|MobileNetV3Large
28,byte_autocorr,6,0.5,EfficientNetV2B0|MobileNet|MobileNetV3Large
28,byte_autocorr,7,0.5,EfficientNetV2B0|MobileNet|MobileNetV3Large
28,byte_autocorr,8,0.625,EfficientNetV2B0|MobileNet|MobileNetV3Large
28,byte_autocorr,9,0.5,EfficientNetV2B0|MobileNet|MobileNetV3Large
28,byte_autocorr,10,0.5,EfficientNetV2B0|MobileNet|MobileNetV3Large
28,byte_autocorr,11,0.5,EfficientNetV2B0|MobileNet|MobileNetV3Large
28,byte_autocorr,12,0.5,EfficientNetV2B0|MobileNet|MobileNetV3Large
28,byte_autocorr,13,0.5,EfficientNetV2B0|MobileNet|MobileNetV3Large
28,byte_autocorr,14,0.5,EfficientNetV2B0|MobileNet|MobileNetV3Large
28,byte_autocorr,15,0.5,EfficientNetV2B0|MobileNet|MobileNetV3Large
28,byte_autocorr,16,0.71875,EfficientNetV2B0|MobileNet|MobileNetV3Large
28,byte_autocorr,17,0.96875,EfficientNetV2B0|MobileNet|MobileNetV3Large
28,byte_autocorr,18,0.96875,EfficientNetV2B0|MobileNet|MobileNetV3Large
28,byte_autocorr,19,1.0,EfficientNetV2B0|MobileNet|MobileNetV3Large
28,byte_autocorr,20,1.0,EfficientNetV2B0|MobileNet|MobileNetV3Large
28,byte_autocorr,21,0.71875,EfficientNetV2B0|MobileNet|MobileNetV3Large
28,byte_autocorr,22,0.96875,EfficientNetV2B0|MobileNet|MobileNetV3Large
28,byte_autocorr,23,0.96875,EfficientNetV2B0|MobileNet|MobileNetV3Large
29,byte_entropy,1,0.5,DenseNet121|MobileNetV2|MobileNetV3Large
29,byte_entropy,2,0.5,DenseNet121|MobileNetV2|MobileNetV3Large
29,byte_entropy,3,0.5625,DenseNet121|MobileNetV2|MobileNetV3Large
29,byte_entropy,4,0.59375,DenseNet121|MobileNetV2|MobileNetV3Large
29,byte_entropy,5,0.59375,DenseNet121|MobileNetV2|MobileNetV3Large
29,byte_entropy,6,0.625,DenseNet121|MobileNetV2|MobileNetV3Large
29,byte_entropy,7,0.625,DenseNet121|MobileNetV2|MobileNetV3Large
29,byte_entropy,8,0.625,DenseNet121|MobileNetV2|MobileNetV3Large
29,byte_entropy,9,0.625,DenseNet121|MobileNetV2|MobileNetV3Large
29,byte_entropy,10,0.625,DenseNet121|MobileNetV2|MobileNetV3Large
29,byte_entropy,11,0.625,DenseNet121|MobileNetV2|MobileNetV3Large
29,byte_entropy,12,0.625,DenseNet121|MobileNetV2|MobileNetV3Large
29,byte_entropy,13,0.625,DenseNet121|MobileNetV2|MobileNetV3Large
29,byte_entropy,14,0.625,DenseNet121|MobileNetV2|MobileNetV3Large
29,byte_entropy,15,0.625,DenseNet121|MobileNetV2|MobileNetV3Large
29,byte_entropy,16,0.625,DenseNet121|MobileNetV2|MobileNetV3Large
29,byte_entropy,17,0.625,DenseNet121|MobileNetV2|MobileNetV3Large
29,byte_entropy,18,0.625,DenseNet121|MobileNetV2|MobileNetV3Large
29,byte_entropy,19,1.0,DenseNet121|MobileNetV2|MobileNetV3Large
29,byte_entropy,20,1.0,DenseNet121|MobileNetV2|MobileNetV3Large
29,byte_entropy,21,0.625,DenseNet121|MobileNetV2|MobileNetV3Large
29,byte_entropy,22,0.625,DenseNet121|MobileNetV2|MobileNetV3Large
29,byte_entropy,23,0.625,DenseNet121|MobileNetV2|MobileNetV3Large
29,histogram_kl,1,0.46875,DenseNet121|MobileNetV2|MobileNetV3Large
29,histogram_kl,2,0.5,DenseNet121|MobileNetV2|MobileNetV3Large
29,histogram_kl,3,0.46875,DenseNet121|MobileNetV2|MobileNetV3Large
29,histogram_kl,4,0.46875,DenseNet121|MobileNetV2|MobileNetV3Large
29,histogram_kl,5,0.5625,DenseNet121|MobileNetV2|MobileNetV3Large
29,histogram_kl,6,0.65625,DenseNet121|MobileNetV2|MobileNetV3Large
29,histogram_kl,7,0.65625,DenseNet121|MobileNetV2|MobileNetV3Large
29,histogram_kl,8,0.65625,DenseNet121|MobileNetV2|MobileNetV3Large
29,histogram_kl,9,0.6875,DenseNet121|MobileNetV2|MobileNetV3Large
29,histogram_kl,10,0.6875,DenseNet121|MobileNetV2|MobileNetV3Large
29,histogram_kl,11,0.65625,DenseNet121|MobileNetV2|MobileNetV3Large
29,histogram_kl,12,0.65625,DenseNet121|MobileNetV2|MobileNetV3Large
29,histogram_kl,13,0.65625,DenseNet121|MobileNetV2|MobileNetV3Large
29,histogram_kl,14,0.65625,DenseNet121|MobileNetV2|MobileNetV3Large
29,histogram_kl,15,0.6875,DenseNet121|MobileNetV2|MobileNetV3Large
29,histogram_kl,16,0.6875,DenseNet121|MobileNetV2|MobileNetV3Large
29,histogram_kl,17,0.65625,DenseNet121|MobileNetV2|MobileNetV3Large
29,histogram_kl,18,0.65625,DenseNet121|MobileNetV2|MobileNetV3Large
29,histogram_kl,19,0.65625,DenseNet121|MobileNetV2|MobileNetV3Large
29,histogram_kl,20,0.65625,DenseNet121|MobileNetV2|MobileNetV3Large
29,histogram_kl,21,0.65625,DenseNet121|MobileNetV2|MobileNetV3Large
29,histogram_kl,22,0.6875,DenseNet121|MobileNetV2|MobileNetV3Large
29,histogram_kl,23,0.6875,DenseNet121|MobileNetV2|MobileNetV3Large
29,weight_value_dist,1,0.5,DenseNet121|MobileNetV2|MobileNetV3Large
29,weight_value_dist,2,0.5,DenseNet121|MobileNetV2|MobileNetV3Large
29,weight_value_dist,3,0.5,DenseNet121|MobileNetV2|MobileNetV3Large
29,weight_value_dist,4,0.5,DenseNet121|MobileNetV2|MobileNetV3Large
29,weight_value_dist,5,0.5,DenseNet121|MobileNetV2|MobileNetV3Large
29,weight_value_dist,6,0.5,DenseNet121|MobileNetV2|MobileNetV3Large
29,weight_value_dist,7,0.5,DenseNet121|MobileNetV2|MobileNetV3Large
29,weight_value_dist,8,0.5,DenseNet121|MobileNetV2|MobileNetV3Large
29,weight_value_dist,9,0.5,DenseNet121|MobileNetV2|MobileNetV3Large
29,weight_value_dist,10,0.5,DenseNet121|MobileNetV2|MobileNetV3Large
29,weight_value_dist,11,0.5,DenseNet121|MobileNetV2|MobileNetV3Large
29,weight_value_dist,12,0.5,DenseNet121|MobileNetV2|MobileNetV3Large
29,weight_value_dist,13,0.5,DenseNet121|MobileNetV2|MobileNetV3Large
29,weight_value_dist,14,0.5,DenseNet121|MobileNetV2|MobileNetV3Large
29,weight_value_dist,15,0.5,DenseNet121|MobileNetV2|MobileNetV3Large
29,weight_value_dist,16,0.5,DenseNet121|MobileNetV2|MobileNetV3Large
29,weight_value_dist,17,0.5,DenseNet121|MobileNetV2|MobileNetV3Large
29,weight_value_dist,18,0.5,DenseNet121|MobileNetV2|MobileNetV3Large
29,weight_value_dist,19,0.53125,DenseNet121|MobileNetV2|MobileNetV3Large
29,weight_value_dist,20,0.59375,DenseNet121|MobileNetV2|MobileNetV3Large
29,weight_value_dist,21,0.53125,DenseNet121|MobileNetV2|MobileNetV3Large
29,weight_value_dist,22,0.53125,DenseNet121|MobileNetV2|MobileNetV3Large
29,weight_value_dist,23,0.65625,DenseNet121|MobileNetV2|MobileNetV3Large
29,byte_autocorr,1,0.5,DenseNet121|MobileNetV2|MobileNetV3Large
29,byte_autocorr,2,0.5,DenseNet121|MobileNetV2|MobileNetV3Large
29,byte_autocorr,3,0.53125,DenseNet121|MobileNetV2|MobileNetV3Large
29,byte_autocorr,4,0.53125,DenseNet121|MobileNetV2|MobileNetV3Large
29,byte_autocorr,5,0.625,DenseNet121|MobileNetV2|MobileNetV3Large
29,byte_autocorr,6,0.6875,DenseNet121|MobileNetV2|MobileNetV3Large
29,byte_autocorr,7,0.6875,DenseNet121|MobileNetV2|MobileNetV3Large
29,byte_autocorr,8,0.6875,DenseNet121|MobileNetV2|MobileNetV3Large
29,byte_autocorr,9,0.75,DenseNet121|MobileNetV2|MobileNetV3Large
29,byte_autocorr,10,0.75,DenseNet121|MobileNetV2|MobileNetV3Large
29,byte_autocorr,11,0.75,DenseNet121|MobileNetV2|MobileNetV3Large
29,byte_autocorr,12,0.75,DenseNet121|MobileNetV2|MobileNetV3Large
29,byte_autocorr,13,0.75,DenseNet121|MobileNetV2|MobileNetV3Large
29,byte_autocorr,14,0.75,DenseNet121|MobileNetV2|MobileNetV3Large
29,byte_autocorr,15,0.75,DenseNet121|MobileNetV2|MobileNetV3Large
29,byte_autocorr,16,0.84375,DenseNet121|MobileNetV2|MobileNetV3Large
29,byte_autocorr,17,0.75,DenseNet121|MobileNetV2|MobileNetV3Large
29,byte_autocorr,18,0.75,DenseNet121|MobileNetV2|MobileNetV3Large
29,byte_autocorr,19,0.75,DenseNet121|MobileNetV2|MobileNetV3Large
29,byte_autocorr,20,0.75,DenseNet121|MobileNetV2|MobileNetV3Large
29,byte_autocorr,21,0.75,DenseNet121|MobileNetV2|MobileNetV3Large
29,byte_autocorr,22,0.75,DenseNet121|MobileNetV2|MobileNetV3Large
29,byte_autocorr,23,0.75,DenseNet121|MobileNetV2|MobileNetV3Large
