seed,dataset,baseline,X,train_archs,n_benign_test,n_malicious_test,threshold,acc_benign_test,acc_malicious_test,acc_mean_test
0,famous_le_10m,byte_entropy,1,MobileNetV2|MobileNetV3Large|NASNetMobile,5,5,0.024122796680722328,0.2,0.8,0.5
0,famous_le_10m,byte_entropy,2,MobileNetV2|MobileNetV3Large|NASNetMobile,5,5,0.024119201283990133,0.2,0.8,0.5
0,famous_le_10m,byte_entropy,3,MobileNetV2|MobileNetV3Large|NASNetMobile,5,5,0.024118912657809348,0.2,0.8,0.5
0,famous_le_10m,byte_entropy,4,MobileNetV2|MobileNetV3Large|NASNetMobile,5,5,0.024119789440344756,0.2,0.8,0.5
0,famous_le_10m,byte_entropy,5,MobileNetV2|MobileNetV3Large|NASNetMobile,5,5,0.024119263441805965,0.2,0.8,0.5
0,famous_le_10m,byte_entropy,6,MobileNetV2|MobileNetV3Large|NASNetMobile,5,5,0.024120181558574372,0.2,0.8,0.5
0,famous_le_10m,byte_entropy,7,MobileNetV2|MobileNetV3Large|NASNetMobile,5,5,0.024120663009410598,0.2,0.8,0.5
0,famous_le_10m,byte_entropy,8,MobileNetV2|MobileNetV3Large|NASNetMobile,5,5,0.024129283255442495,0.2,0.8,0.5
0,famous_le_10m,byte_entropy,9,MobileNetV2|MobileNetV3Large|NASNetMobile,5,5,0.024120665698808396,0.2,0.8,0.5
0,famous_le_10m,byte_entropy,10,MobileNetV2|MobileNetV3Large|NASNetMobile,5,5,0.024119530203764544,0.2,0.8,0.5
0,famous_le_10m,byte_entropy,11,MobileNetV2|MobileNetV3Large|NASNetMobile,5,5,0.024118993206461853,0.2,0.8,0.5
0,famous_le_10m,byte_entropy,12,MobileNetV2|MobileNetV3Large|NASNetMobile,5,5,0.02411888150196533,0.2,0.8,0.5
0,famous_le_10m,byte_entropy,13,MobileNetV2|MobileNetV3Large|NASNetMobile,5,5,0.024118206343881995,0.2,0.8,0.5
0,famous_le_10m,byte_entropy,14,MobileNetV2|MobileNetV3Large|NASNetMobile,5,5,0.024117998404633925,0.2,0.8,0.5
0,famous_le_10m,byte_entropy,15,MobileNetV2|MobileNetV3Large|NASNetMobile,5,5,0.024118011129403552,0.2,0.8,0.5
0,famous_le_10m,byte_entropy,16,MobileNetV2|MobileNetV3Large|NASNetMobile,5,5,0.02411921936093521,0.2,0.8,0.5
0,famous_le_10m,byte_entropy,17,MobileNetV2|MobileNetV3Large|NASNetMobile,5,5,0.024117812374022204,0.2,0.8,0.5
0,famous_le_10m,byte_entropy,18,MobileNetV2|MobileNetV3Large|NASNetMobile,5,5,0.02411761299879719,0.2,0.8,0.5
0,famous_le_10m,byte_entropy,19,MobileNetV2|MobileNetV3Large|NASNetMobile,5,5,0.07988501292950392,0.4,0.6,0.5
0,famous_le_10m,byte_entropy,20,MobileNetV2|MobileNetV3Large|NASNetMobile,5,5,0.07988887225401431,0.4,0.6,0.5
0,famous_le_10m,byte_entropy,21,MobileNetV2|MobileNetV3Large|NASNetMobile,5,5,0.024146910429268763,0.2,0.8,0.5
0,famous_le_10m,byte_entropy,22,MobileNetV2|MobileNetV3Large|NASNetMobile,5,5,0.024741274700281698,0.2,0.8,0.5
0,famous_le_10m,byte_entropy,23,MobileNetV2|MobileNetV3Large|NASNetMobile,5,5,0.08740481333487521,0.4,0.6,0.5
0,famous_le_10m,histogram_kl,1,MobileNetV2|MobileNetV3Large|NASNetMobile,5,5,0.00011690201225590793,0.6,0.8,0.7
0,famous_le_10m,histogram_kl,2,MobileNetV2|MobileNetV3Large|NASNetMobile,5,5,8.025970524909134e-05,0.6,0.8,0.7
0,famous_le_10m,histogram_kl,3,MobileNetV2|MobileNetV3Large|NASNetMobile,5,5,7.881544851865455e-05,0.6,0.8,0.7
0,famous_le_10m,histogram_kl,4,MobileNetV2|MobileNetV3Large|NASNetMobile,5,5,9.178592495043221e-05,0.6,0.8,0.7
0,famous_le_10m,histogram_kl,5,MobileNetV2|MobileNetV3Large|NASNetMobile,5,5,9.016617517356893e-05,0.6,0.8,0.7
0,famous_le_10m,histogram_kl,6,MobileNetV2|MobileNetV3Large|NASNetMobile,5,5,0.0001030574833690608,0.6,0.8,0.7
0,famous_le_10m,histogram_kl,7,MobileNetV2|MobileNetV3Large|NASNetMobile,5,5,0.00010954076117279812,0.6,0.8,0.7
0,famous_le_10m,histogram_kl,8,MobileNetV2|MobileNetV3Large|NASNetMobile,5,5,0.00018663084344751243,0.6,0.6,0.6
0,famous_le_10m,histogram_kl,9,MobileNetV2|MobileNetV3Large|NASNetMobile,5,5,0.00011151929895502553,0.6,0.6,0.6
0,famous_le_10m,histogram_kl,10,MobileNetV2|MobileNetV3Large|NASNetMobile,5,5,9.059614728210998e-05,0.6,0.8,0.7
0,famous_le_10m,histogram_kl,11,MobileNetV2|MobileNetV3Large|NASNetMobile,5,5,8.715424149365714e-05,0.6,0.6,0.6
0,famous_le_10m,histogram_kl,12,MobileNetV2|MobileNetV3Large|NASNetMobile,5,5,8.34867963202996e-05,0.6,0.6,0.6
0,famous_le_10m,histogram_kl,13,MobileNetV2|MobileNetV3Large|NASNetMobile,5,5,6.799480669870386e-05,0.6,0.6,0.6
0,famous_le_10m,histogram_kl,14,MobileNetV2|MobileNetV3Large|NASNetMobile,5,5,5.926591478110175e-05,0.4,0.6,0.5
0,famous_le_10m,histogram_kl,15,MobileNetV2|MobileNetV3Large|NASNetMobile,5,5,5.9441137917657684e-05,0.4,1.0,0.7
0,famous_le_10m,histogram_kl,16,MobileNetV2|MobileNetV3Large|NASNetMobile,5,5,8.388287141031242e-05,0.6,1.0,0.8
0,famous_le_10m,histogram_kl,17,MobileNetV2|MobileNetV3Large|NASNetMobile,5,5,4.694743804408292e-05,0.4,1.0,0.7
0,famous_le_10m,histogram_kl,18,MobileNetV2|MobileNetV3Large|NASNetMobile,5,5,4.949334126213542e-05,0.4,1.0,0.7
0,famous_le_10m,histogram_kl,19,MobileNetV2|MobileNetV3Large|NASNetMobile,5,5,4.407753266047633e-05,0.4,1.0,0.7
0,famous_le_10m,histogram_kl,20,MobileNetV2|MobileNetV3Large|NASNetMobile,5,5,4.949720741430992e-05,0.4,1.0,0.7
0,famous_le_10m,histogram_kl,21,MobileNetV2|MobileNetV3Large|NASNetMobile,5,5,3.9537048523391384e-05,0.2,1.0,0.6
0,famous_le_10m,histogram_kl,22,MobileNetV2|MobileNetV3Large|NASNetMobile,5,5,4.270121656510143e-05,0.4,1.0,0.7
0,famous_le_10m,histogram_kl,23,MobileNetV2|MobileNetV3Large|NASNetMobile,5,5,6.623900090889292e-05,0.6,1.0,0.8
0,famous_le_10m,weight_value_dist,1,MobileNetV2|MobileNetV3Large|NASNetMobile,5,5,9.850094768807846,0.0,1.0,0.5
0,famous_le_10m,weight_value_dist,2,MobileNetV2|MobileNetV3Large|NASNetMobile,5,5,8.30211602988475,0.0,1.0,0.5
0,famous_le_10m,weight_value_dist,3,MobileNetV2|MobileNetV3Large|NASNetMobile,5,5,8.302115985992227,0.0,1.0,0.5
0,famous_le_10m,weight_value_dist,4,MobileNetV2|MobileNetV3Large|NASNetMobile,5,5,8.302115167671987,0.0,1.0,0.5
0,famous_le_10m,weight_value_dist,5,MobileNetV2|MobileNetV3Large|NASNetMobile,5,5,7.298914377839791,0.0,1.0,0.5
0,famous_le_10m,weight_value_dist,6,MobileNetV2|MobileNetV3Large|NASNetMobile,5,5,9.85012163958271,0.0,1.0,0.5
0,famous_le_10m,weight_value_dist,7,MobileNetV2|MobileNetV3Large|NASNetMobile,5,5,8.30207503706045,0.0,1.0,0.5
0,famous_le_10m,weight_value_dist,8,MobileNetV2|MobileNetV3Large|NASNetMobile,5,5,8.302199554422629,0.0,1.0,0.5
0,famous_le_10m,weight_value_dist,9,MobileNetV2|MobileNetV3Large|NASNetMobile,5,5,8.305918053239015,0.0,1.0,0.5
0,famous_le_10m,weight_value_dist,10,MobileNetV2|MobileNetV3Large|NASNetMobile,5,5,9.852131668621695,0.0,1.0,0.5
0,famous_le_10m,weight_value_dist,11,MobileNetV2|MobileNetV3Large|NASNetMobile,5,5,12.454158596258278,0.0,1.0,0.5
0,famous_le_10m,weight_value_dist,12,MobileNetV2|MobileNetV3Large|NASNetMobile,5,5,8.312022936259687,0.0,1.0,0.5
0,famous_le_10m,weight_value_dist,13,MobileNetV2|MobileNetV3Large|NASNetMobile,5,5,8.306253261277082,0.0,1.0,0.5
0,famous_le_10m,weight_value_dist,14,MobileNetV2|MobileNetV3Large|NASNetMobile,5,5,7.294979301226819,0.0,1.0,0.5
0,famous_le_10m,weight_value_dist,15,MobileNetV2|MobileNetV3Large|NASNetMobile,5,5,7.24431354808606,0.0,1.0,0.5
0,famous_le_10m,weight_value_dist,16,MobileNetV2|MobileNetV3Large|NASNetMobile,5,5,9.895845877226222,0.0,1.0,0.5
0,famous_le_10m,weight_value_dist,17,MobileNetV2|MobileNetV3Large|NASNetMobile,5,5,8.319838855320217,0.0,1.0,0.5
0,famous_le_10m,weight_value_dist,18,MobileNetV2|MobileNetV3Large|NASNetMobile,5,5,8.33706679806698,0.0,1.0,0.5
0,famous_le_10m,weight_value_dist,19,MobileNetV2|MobileNetV3Large|NASNetMobile,5,5,8.357458895044026,0.0,1.0,0.5
0,famous_le_10m,weight_value_dist,20,MobileNetV2|MobileNetV3Large|NASNetMobile,5,5,8.506359183505186,0.0,1.0,0.5
0,famous_le_10m,weight_value_dist,21,MobileNetV2|MobileNetV3Large|NASNetMobile,5,5,9.001600525844832,0.0,1.0,0.5
0,famous_le_10m,weight_value_dist,22,MobileNetV2|MobileNetV3Large|NASNetMobile,5,5,10.67626165295663,0.0,1.0,0.5
0,famous_le_10m,weight_value_dist,23,MobileNetV2|MobileNetV3Large|NASNetMobile,5,5,15.90864560759546,0.0,1.0,0.5
0,famous_le_10m,byte_autocorr,1,MobileNetV2|MobileNetV3Large|NASNetMobile,5,5,4.639642835202923e-05,0.0,1.0,0.5
0,famous_le_10m,byte_autocorr,2,MobileNetV2|MobileNetV3Large|NASNetMobile,5,5,5.272709359822809e-05,0.0,1.0,0.5
0,famous_le_10m,byte_autocorr,3,MobileNetV2|MobileNetV3Large|NASNetMobile,5,5,5.187862401853775e-05,0.0,1.0,0.5
0,famous_le_10m,byte_autocorr,4,MobileNetV2|MobileNetV3Large|NASNetMobile,5,5,7.432068249760962e-05,0.0,1.0,0.5
0,famous_le_10m,byte_autocorr,5,MobileNetV2|MobileNetV3Large|NASNetMobile,5,5,0.0007480882827274709,0.4,0.6,0.5
0,famous_le_10m,byte_autocorr,6,MobileNetV2|MobileNetV3Large|NASNetMobile,5,5,0.0007626931936607847,0.4,0.8,0.6000000000000001
0,famous_le_10m,byte_autocorr,7,MobileNetV2|MobileNetV3Large|NASNetMobile,5,5,0.0011177079642572631,0.4,1.0,0.7
0,famous_le_10m,byte_autocorr,8,MobileNetV2|MobileNetV3Large|NASNetMobile,5,5,0.004254458581405368,0.8,1.0,0.9
0,famous_le_10m,byte_autocorr,9,MobileNetV2|MobileNetV3Large|NASNetMobile,5,5,0.0027072061693123174,0.8,1.0,0.9
0,famous_le_10m,byte_autocorr,10,MobileNetV2|MobileNetV3Large|NASNetMobile,5,5,0.002447166096650652,0.8,1.0,0.9
0,famous_le_10m,byte_autocorr,11,MobileNetV2|MobileNetV3Large|NASNetMobile,5,5,0.0017276476965804159,0.6,1.0,0.8
0,famous_le_10m,byte_autocorr,12,MobileNetV2|MobileNetV3Large|NASNetMobile,5,5,0.002172044274775572,0.6,1.0,0.8
0,famous_le_10m,byte_autocorr,13,MobileNetV2|MobileNetV3Large|NASNetMobile,5,5,0.0014711698381088094,0.4,0.6,0.5
0,famous_le_10m,byte_autocorr,14,MobileNetV2|MobileNetV3Large|NASNetMobile,5,5,0.0015820727357453092,0.6,1.0,0.8
0,famous_le_10m,byte_autocorr,15,MobileNetV2|MobileNetV3Large|NASNetMobile,5,5,0.0018643104935805324,0.6,1.0,0.8
0,famous_le_10m,byte_autocorr,16,MobileNetV2|MobileNetV3Large|NASNetMobile,5,5,0.0032626650404720295,0.8,1.0,0.9
0,famous_le_10m,byte_autocorr,17,MobileNetV2|MobileNetV3Large|NASNetMobile,5,5,0.0011893128683535532,0.4,1.0,0.7
0,famous_le_10m,byte_autocorr,18,MobileNetV2|MobileNetV3Large|NASNetMobile,5,5,0.001514741284724419,0.4,1.0,0.7
0,famous_le_10m,byte_autocorr,19,MobileNetV2|MobileNetV3Large|NASNetMobile,5,5,0.0011928452830274406,0.4,1.0,0.7
0,famous_le_10m,byte_autocorr,20,MobileNetV2|MobileNetV3Large|NASNetMobile,5,5,0.0009867912906046136,0.4,1.0,0.7
0,famous_le_10m,byte_autocorr,21,MobileNetV2|MobileNetV3Large|NASNetMobile,5,5,0.0010298554081639303,0.4,1.0,0.7
0,famous_le_10m,byte_autocorr,22,MobileNetV2|MobileNetV3Large|NASNetMobile,5,5,0.0009188481060461313,0.4,1.0,0.7
0,famous_le_10m,byte_autocorr,23,MobileNetV2|MobileNetV3Large|NASNetMobile,5,5,0.0012853340438881869,0.4,1.0,0.7
1,famous_le_10m,byte_entropy,1,EfficientNetV2B1|MobileNet|MobileNetV3Small,5,5,-0.9363733110937483,0.0,1.0,0.5
1,famous_le_10m,byte_entropy,2,EfficientNetV2B1|MobileNet|MobileNetV3Small,5,5,-0.9133517496980336,0.0,1.0,0.5
1,famous_le_10m,byte_entropy,3,EfficientNetV2B1|MobileNet|MobileNetV3Small,5,5,-0.912633103268274,0.0,1.0,0.5
1,famous_le_10m,byte_entropy,4,EfficientNetV2B1|MobileNet|MobileNetV3Small,5,5,-0.9127942485883086,0.0,1.0,0.5
1,famous_le_10m,byte_entropy,5,EfficientNetV2B1|MobileNet|MobileNetV3Small,5,5,-0.9126993824946601,0.0,1.0,0.5
1,famous_le_10m,byte_entropy,6,EfficientNetV2B1|MobileNet|MobileNetV3Small,5,5,-0.9128604981245432,0.0,1.0,0.5
1,famous_le_10m,byte_entropy,7,EfficientNetV2B1|MobileNet|MobileNetV3Small,5,5,-0.9129289005139891,0.0,1.0,0.5
1,famous_le_10m,byte_entropy,8,EfficientNetV2B1|MobileNet|MobileNetV3Small,5,5,-0.9138244073463566,0.0,1.0,0.5
1,famous_le_10m,byte_entropy,9,EfficientNetV2B1|MobileNet|MobileNetV3Small,5,5,-0.9128946613009971,0.0,1.0,0.5
1,famous_le_10m,byte_entropy,10,EfficientNetV2B1|MobileNet|MobileNetV3Small,5,5,-0.9127255090397725,0.0,1.0,0.5
1,famous_le_10m,byte_entropy,11,EfficientNetV2B1|MobileNet|MobileNetV3Small,5,5,-0.9126007373194727,0.0,1.0,0.5
1,famous_le_10m,byte_entropy,12,EfficientNetV2B1|MobileNet|MobileNetV3Small,5,5,-0.9125928261668623,0.0,1.0,0.5
1,famous_le_10m,byte_entropy,13,EfficientNetV2B1|MobileNet|MobileNetV3Small,5,5,-0.912395353951852,0.0,1.0,0.5
1,famous_le_10m,byte_entropy,14,EfficientNetV2B1|MobileNet|MobileNetV3Small,5,5,-0.9123448156244145,0.0,1.0,0.5
1,famous_le_10m,byte_entropy,15,EfficientNetV2B1|MobileNet|MobileNetV3Small,5,5,-0.9187315599976369,0.0,1.0,0.5
1,famous_le_10m,byte_entropy,16,EfficientNetV2B1|MobileNet|MobileNetV3Small,5,5,0.2750284851915247,0.8,0.2,0.5
1,famous_le_10m,byte_entropy,17,EfficientNetV2B1|MobileNet|MobileNetV3Small,5,5,0.46319545395516526,0.8,0.2,0.5
1,famous_le_10m,byte_entropy,18,EfficientNetV2B1|MobileNet|MobileNetV3Small,5,5,0.6543494401227768,1.0,0.2,0.6
1,famous_le_10m,byte_entropy,19,EfficientNetV2B1|MobileNet|MobileNetV3Small,5,5,0.8430270268411069,1.0,0.2,0.6
1,famous_le_10m,byte_entropy,20,EfficientNetV2B1|MobileNet|MobileNetV3Small,5,5,1.0351198407574866,1.0,0.2,0.6
1,famous_le_10m,byte_entropy,21,EfficientNetV2B1|MobileNet|MobileNetV3Small,5,5,1.2373572222008828,1.0,0.4,0.7
1,famous_le_10m,byte_entropy,22,EfficientNetV2B1|MobileNet|MobileNetV3Small,5,5,0.08818284010708305,0.0,1.0,0.5
1,famous_le_10m,byte_entropy,23,EfficientNetV2B1|MobileNet|MobileNetV3Small,5,5,0.09027267263954955,0.2,1.0,0.6
1,famous_le_10m,histogram_kl,1,EfficientNetV2B1|MobileNet|MobileNetV3Small,5,5,-0.9840042304539444,0.0,1.0,0.5
1,famous_le_10m,histogram_kl,2,EfficientNetV2B1|MobileNet|MobileNetV3Small,5,5,-0.983739049847425,0.0,1.0,0.5
1,famous_le_10m,histogram_kl,3,EfficientNetV2B1|MobileNet|MobileNetV3Small,5,5,-0.9836361781616451,0.0,1.0,0.5
1,famous_le_10m,histogram_kl,4,EfficientNetV2B1|MobileNet|MobileNetV3Small,5,5,-0.9831149581038846,0.0,1.0,0.5
1,famous_le_10m,histogram_kl,5,EfficientNetV2B1|MobileNet|MobileNetV3Small,5,5,-0.9829787710928471,0.0,1.0,0.5
1,famous_le_10m,histogram_kl,6,EfficientNetV2B1|MobileNet|MobileNetV3Small,5,5,-0.9824591115276391,0.0,1.0,0.5
1,famous_le_10m,histogram_kl,7,EfficientNetV2B1|MobileNet|MobileNetV3Small,5,5,-0.9822070203183298,0.0,1.0,0.5
1,famous_le_10m,histogram_kl,8,EfficientNetV2B1|MobileNet|MobileNetV3Small,5,5,-0.9810385176915141,0.0,1.0,0.5
1,famous_le_10m,histogram_kl,9,EfficientNetV2B1|MobileNet|MobileNetV3Small,5,5,-0.9815295635148796,0.0,1.0,0.5
1,famous_le_10m,histogram_kl,10,EfficientNetV2B1|MobileNet|MobileNetV3Small,5,5,-0.9813155150304419,0.0,1.0,0.5
1,famous_le_10m,histogram_kl,11,EfficientNetV2B1|MobileNet|MobileNetV3Small,5,5,-0.9812003095142169,0.0,1.0,0.5
1,famous_le_10m,histogram_kl,12,EfficientNetV2B1|MobileNet|MobileNetV3Small,5,5,-0.9808411174415813,0.0,1.0,0.5
1,famous_le_10m,histogram_kl,13,EfficientNetV2B1|MobileNet|MobileNetV3Small,5,5,-0.9809427363249013,0.0,1.0,0.5
1,famous_le_10m,histogram_kl,14,EfficientNetV2B1|MobileNet|MobileNetV3Small,5,5,-0.9807958169292208,0.0,1.0,0.5
1,famous_le_10m,histogram_kl,15,EfficientNetV2B1|MobileNet|MobileNetV3Small,5,5,-0.9806113957598105,0.0,1.0,0.5
1,famous_le_10m,histogram_kl,16,EfficientNetV2B1|MobileNet|MobileNetV3Small,5,5,0.1036328935714089,1.0,0.0,0.5
1,famous_le_10m,histogram_kl,17,EfficientNetV2B1|MobileNet|MobileNetV3Small,5,5,0.17061570730292128,1.0,0.2,0.6
1,famous_le_10m,histogram_kl,18,EfficientNetV2B1|MobileNet|MobileNetV3Small,5,5,0.24058994078047094,1.0,0.2,0.6
1,famous_le_10m,histogram_kl,19,EfficientNetV2B1|MobileNet|MobileNetV3Small,5,5,0.3091905172452485,1.0,0.2,0.6
1,famous_le_10m,histogram_kl,20,EfficientNetV2B1|MobileNet|MobileNetV3Small,5,5,0.3756855576397514,1.0,0.2,0.6
1,famous_le_10m,histogram_kl,21,EfficientNetV2B1|MobileNet|MobileNetV3Small,5,5,0.4385988639398648,1.0,0.4,0.7
1,famous_le_10m,histogram_kl,22,EfficientNetV2B1|MobileNet|MobileNetV3Small,5,5,0.49853958393082287,1.0,0.4,0.7
1,famous_le_10m,histogram_kl,23,EfficientNetV2B1|MobileNet|MobileNetV3Small,5,5,0.5550860325089996,1.0,0.4,0.7
1,famous_le_10m,weight_value_dist,1,EfficientNetV2B1|MobileNet|MobileNetV3Small,5,5,10.656046588692295,0.2,0.8,0.5
1,famous_le_10m,weight_value_dist,2,EfficientNetV2B1|MobileNet|MobileNetV3Small,5,5,10.656046593280465,0.2,0.8,0.5
1,famous_le_10m,weight_value_dist,3,EfficientNetV2B1|MobileNet|MobileNetV3Small,5,5,10.656046593756953,0.2,0.8,0.5
1,famous_le_10m,weight_value_dist,4,EfficientNetV2B1|MobileNet|MobileNetV3Small,5,5,9.398587855540068,0.0,1.0,0.5
1,famous_le_10m,weight_value_dist,5,EfficientNetV2B1|MobileNet|MobileNetV3Small,5,5,10.656158177083672,0.2,0.8,0.5
1,famous_le_10m,weight_value_dist,6,EfficientNetV2B1|MobileNet|MobileNetV3Small,5,5,9.399390700940728,0.0,1.0,0.5
1,famous_le_10m,weight_value_dist,7,EfficientNetV2B1|MobileNet|MobileNetV3Small,5,5,10.656078919718087,0.2,0.8,0.5
1,famous_le_10m,weight_value_dist,8,EfficientNetV2B1|MobileNet|MobileNetV3Small,5,5,9.39882940796127,0.0,1.0,0.5
1,famous_le_10m,weight_value_dist,9,EfficientNetV2B1|MobileNet|MobileNetV3Small,5,5,9.400645037168356,0.0,1.0,0.5
1,famous_le_10m,weight_value_dist,10,EfficientNetV2B1|MobileNet|MobileNetV3Small,5,5,9.399211495333368,0.0,1.0,0.5
1,famous_le_10m,weight_value_dist,11,EfficientNetV2B1|MobileNet|MobileNetV3Small,5,5,9.410018542739666,0.0,1.0,0.5
1,famous_le_10m,weight_value_dist,12,EfficientNetV2B1|MobileNet|MobileNetV3Small,5,5,9.412721696381748,0.0,1.0,0.5
1,famous_le_10m,weight_value_dist,13,EfficientNetV2B1|MobileNet|MobileNetV3Small,5,5,9.407825404238936,0.0,1.0,0.5
1,famous_le_10m,weight_value_dist,14,EfficientNetV2B1|MobileNet|MobileNetV3Small,5,5,9.423130367535801,0.0,1.0,0.5
1,famous_le_10m,weight_value_dist,15,EfficientNetV2B1|MobileNet|MobileNetV3Small,5,5,10.685641555421364,0.2,0.8,0.5
1,famous_le_10m,weight_value_dist,16,EfficientNetV2B1|MobileNet|MobileNetV3Small,5,5,10.984666370552688,0.2,0.8,0.5
1,famous_le_10m,weight_value_dist,17,EfficientNetV2B1|MobileNet|MobileNetV3Small,5,5,9.49621279087932,0.0,1.0,0.5
1,famous_le_10m,weight_value_dist,18,EfficientNetV2B1|MobileNet|MobileNetV3Small,5,5,10.979950779500562,0.2,0.8,0.5
1,famous_le_10m,weight_value_dist,19,EfficientNetV2B1|MobileNet|MobileNetV3Small,5,5,11.041550039101793,0.2,0.8,0.5
1,famous_le_10m,weight_value_dist,20,EfficientNetV2B1|MobileNet|MobileNetV3Small,5,5,11.97630696901995,0.2,0.8,0.5
1,famous_le_10m,weight_value_dist,21,EfficientNetV2B1|MobileNet|MobileNetV3Small,5,5,12.52156543033026,0.2,0.8,0.5
1,famous_le_10m,weight_value_dist,22,EfficientNetV2B1|MobileNet|MobileNetV3Small,5,5,13.712631516794922,0.2,1.0,0.6
1,famous_le_10m,weight_value_dist,23,EfficientNetV2B1|MobileNet|MobileNetV3Small,5,5,21.517374504355644,0.2,1.0,0.6
1,famous_le_10m,byte_autocorr,1,EfficientNetV2B1|MobileNet|MobileNetV3Small,5,5,0.001472289761313562,0.6,0.4,0.5
1,famous_le_10m,byte_autocorr,2,EfficientNetV2B1|MobileNet|MobileNetV3Small,5,5,-0.9996544170862242,0.0,1.0,0.5
1,famous_le_10m,byte_autocorr,3,EfficientNetV2B1|MobileNet|MobileNetV3Small,5,5,0.001467217859930065,0.6,0.4,0.5
1,famous_le_10m,byte_autocorr,4,EfficientNetV2B1|MobileNet|MobileNetV3Small,5,5,0.0003473630584582766,0.0,1.0,0.5
1,famous_le_10m,byte_autocorr,5,EfficientNetV2B1|MobileNet|MobileNetV3Small,5,5,-0.9999020143541131,0.0,1.0,0.5
1,famous_le_10m,byte_autocorr,6,EfficientNetV2B1|MobileNet|MobileNetV3Small,5,5,-0.9999570273162935,0.0,1.0,0.5
1,famous_le_10m,byte_autocorr,7,EfficientNetV2B1|MobileNet|MobileNetV3Small,5,5,0.0016637764724821893,0.6,0.2,0.4
1,famous_le_10m,byte_autocorr,8,EfficientNetV2B1|MobileNet|MobileNetV3Small,5,5,0.0027402942358404204,0.8,1.0,0.9
1,famous_le_10m,byte_autocorr,9,EfficientNetV2B1|MobileNet|MobileNetV3Small,5,5,0.001748082615508633,0.6,1.0,0.8
1,famous_le_10m,byte_autocorr,10,EfficientNetV2B1|MobileNet|MobileNetV3Small,5,5,0.0015026112632449261,0.6,1.0,0.8
1,famous_le_10m,byte_autocorr,11,EfficientNetV2B1|MobileNet|MobileNetV3Small,5,5,0.001966851482597423,0.8,0.2,0.5
1,famous_le_10m,byte_autocorr,12,EfficientNetV2B1|MobileNet|MobileNetV3Small,5,5,0.0011821711197084542,0.6,1.0,0.8
1,famous_le_10m,byte_autocorr,13,EfficientNetV2B1|MobileNet|MobileNetV3Small,5,5,0.0016517659801162517,0.6,0.2,0.4
1,famous_le_10m,byte_autocorr,14,EfficientNetV2B1|MobileNet|MobileNetV3Small,5,5,0.0017467913574108801,0.6,0.2,0.4
1,famous_le_10m,byte_autocorr,15,EfficientNetV2B1|MobileNet|MobileNetV3Small,5,5,0.00205217764726208,0.8,0.4,0.6000000000000001
1,famous_le_10m,byte_autocorr,16,EfficientNetV2B1|MobileNet|MobileNetV3Small,5,5,0.0036713118073461244,0.8,0.8,0.8
1,famous_le_10m,byte_autocorr,17,EfficientNetV2B1|MobileNet|MobileNetV3Small,5,5,0.0011870098344101314,0.6,0.6,0.6
1,famous_le_10m,byte_autocorr,18,EfficientNetV2B1|MobileNet|MobileNetV3Small,5,5,0.0016643615254246901,0.6,0.6,0.6
1,famous_le_10m,byte_autocorr,19,EfficientNetV2B1|MobileNet|MobileNetV3Small,5,5,0.0018230449515007955,0.6,0.4,0.5
1,famous_le_10m,byte_autocorr,20,EfficientNetV2B1|MobileNet|MobileNetV3Small,5,5,0.0019544804460901394,0.8,0.4,0.6000000000000001
1,famous_le_10m,byte_autocorr,21,EfficientNetV2B1|MobileNet|MobileNetV3Small,5,5,0.0017295550586577235,0.6,0.4,0.5
1,famous_le_10m,byte_autocorr,22,EfficientNetV2B1|MobileNet|MobileNetV3Small,5,5,0.0011741479782346916,0.6,0.6,0.6
1,famous_le_10m,byte_autocorr,23,EfficientNetV2B1|MobileNet|MobileNetV3Small,5,5,0.2606256423173042,1.0,0.4,0.7
2,famous_le_10m,byte_entropy,1,DenseNet121|EfficientNetV2B0|MobileNetV3Large,5,5,-0.8265351548613706,0.0,1.0,0.5
2,famous_le_10m,byte_entropy,2,DenseNet121|EfficientNetV2B0|MobileNetV3Large,5,5,-0.8264829326317158,0.0,1.0,0.5
2,famous_le_10m,byte_entropy,3,DenseNet121|EfficientNetV2B0|MobileNetV3Large,5,5,-0.8264754926572175,0.0,1.0,0.5
2,famous_le_10m,byte_entropy,4,DenseNet121|EfficientNetV2B0|MobileNetV3Large,5,5,-0.8264952828612204,0.0,1.0,0.5
2,famous_le_10m,byte_entropy,5,DenseNet121|EfficientNetV2B0|MobileNetV3Large,5,5,-0.8264888889505727,0.0,1.0,0.5
2,famous_le_10m,byte_entropy,6,DenseNet121|EfficientNetV2B0|MobileNetV3Large,5,5,-0.8265062829635444,0.0,1.0,0.5
2,famous_le_10m,byte_entropy,7,DenseNet121|EfficientNetV2B0|MobileNetV3Large,5,5,-0.8265152609803383,0.0,1.0,0.5
2,famous_le_10m,byte_entropy,8,DenseNet121|EfficientNetV2B0|MobileNetV3Large,5,5,-0.8266173663386048,0.0,1.0,0.5
2,famous_le_10m,byte_entropy,9,DenseNet121|EfficientNetV2B0|MobileNetV3Large,5,5,-0.8265155015876673,0.0,1.0,0.5
2,famous_le_10m,byte_entropy,10,DenseNet121|EfficientNetV2B0|MobileNetV3Large,5,5,-0.826487921243212,0.0,1.0,0.5
2,famous_le_10m,byte_entropy,11,DenseNet121|EfficientNetV2B0|MobileNetV3Large,5,5,-0.8264827089083069,0.0,1.0,0.5
2,famous_le_10m,byte_entropy,12,DenseNet121|EfficientNetV2B0|MobileNetV3Large,5,5,-0.8264748040891966,0.0,1.0,0.5
2,famous_le_10m,byte_entropy,13,DenseNet121|EfficientNetV2B0|MobileNetV3Large,5,5,-0.8264562638023744,0.0,1.0,0.5
2,famous_le_10m,byte_entropy,14,DenseNet121|EfficientNetV2B0|MobileNetV3Large,5,5,-0.8264448233816138,0.0,1.0,0.5
2,famous_le_10m,byte_entropy,15,DenseNet121|EfficientNetV2B0|MobileNetV3Large,5,5,-0.8264440533728589,0.0,1.0,0.5
2,famous_le_10m,byte_entropy,16,DenseNet121|EfficientNetV2B0|MobileNetV3Large,5,5,0.43485355300576356,1.0,0.2,0.6
2,famous_le_10m,byte_entropy,17,DenseNet121|EfficientNetV2B0|MobileNetV3Large,5,5,0.5680864963375786,1.0,0.2,0.6
2,famous_le_10m,byte_entropy,18,DenseNet121|EfficientNetV2B0|MobileNetV3Large,5,5,0.32958658179042144,1.0,0.2,0.6
2,famous_le_10m,byte_entropy,19,DenseNet121|EfficientNetV2B0|MobileNetV3Large,5,5,0.5293495645678149,1.0,0.2,0.6
2,famous_le_10m,byte_entropy,20,DenseNet121|EfficientNetV2B0|MobileNetV3Large,5,5,0.6979905451069701,1.0,0.2,0.6
2,famous_le_10m,byte_entropy,21,DenseNet121|EfficientNetV2B0|MobileNetV3Large,5,5,0.8808548722349149,1.0,0.2,0.6
2,famous_le_10m,byte_entropy,22,DenseNet121|EfficientNetV2B0|MobileNetV3Large,5,5,1.0818334341490252,1.0,0.2,0.6
2,famous_le_10m,byte_entropy,23,DenseNet121|EfficientNetV2B0|MobileNetV3Large,5,5,1.2994613114949156,1.0,0.2,0.6
2,famous_le_10m,histogram_kl,1,DenseNet121|EfficientNetV2B0|MobileNetV3Large,5,5,-0.9828809211958848,0.0,1.0,0.5
2,famous_le_10m,histogram_kl,2,DenseNet121|EfficientNetV2B0|MobileNetV3Large,5,5,-0.982698072799181,0.0,1.0,0.5
2,famous_le_10m,histogram_kl,3,DenseNet121|EfficientNetV2B0|MobileNetV3Large,5,5,-0.9826344285544387,0.0,1.0,0.5
2,famous_le_10m,histogram_kl,4,DenseNet121|EfficientNetV2B0|MobileNetV3Large,5,5,-0.9824422708113469,0.0,1.0,0.5
2,famous_le_10m,histogram_kl,5,DenseNet121|EfficientNetV2B0|MobileNetV3Large,5,5,-0.9823881652718919,0.0,1.0,0.5
2,famous_le_10m,histogram_kl,6,DenseNet121|EfficientNetV2B0|MobileNetV3Large,5,5,-0.9821810378700387,0.0,1.0,0.5
2,famous_le_10m,histogram_kl,7,DenseNet121|EfficientNetV2B0|MobileNetV3Large,5,5,-0.9822092034870287,0.0,1.0,0.5
2,famous_le_10m,histogram_kl,8,DenseNet121|EfficientNetV2B0|MobileNetV3Large,5,5,-0.9818264565608276,0.0,1.0,0.5
2,famous_le_10m,histogram_kl,9,DenseNet121|EfficientNetV2B0|MobileNetV3Large,5,5,-0.9818866683242521,0.0,1.0,0.5
2,famous_le_10m,histogram_kl,10,DenseNet121|EfficientNetV2B0|MobileNetV3Large,5,5,-0.9817572688795436,0.0,1.0,0.5
2,famous_le_10m,histogram_kl,11,DenseNet121|EfficientNetV2B0|MobileNetV3Large,5,5,-0.981560690708497,0.0,1.0,0.5
2,famous_le_10m,histogram_kl,12,DenseNet121|EfficientNetV2B0|MobileNetV3Large,5,5,-0.981410439459226,0.0,1.0,0.5
2,famous_le_10m,histogram_kl,13,DenseNet121|EfficientNetV2B0|MobileNetV3Large,5,5,-0.9814874624352535,0.0,1.0,0.5
2,famous_le_10m,histogram_kl,14,DenseNet121|EfficientNetV2B0|MobileNetV3Large,5,5,-0.9814238576608949,0.0,1.0,0.5
2,famous_le_10m,histogram_kl,15,DenseNet121|EfficientNetV2B0|MobileNetV3Large,5,5,-0.98313497501827,0.0,1.0,0.5
2,famous_le_10m,histogram_kl,16,DenseNet121|EfficientNetV2B0|MobileNetV3Large,5,5,0.08165482869248432,1.0,0.2,0.6
2,famous_le_10m,histogram_kl,17,DenseNet121|EfficientNetV2B0|MobileNetV3Large,5,5,0.021103107051592386,0.8,0.2,0.5
2,famous_le_10m,histogram_kl,18,DenseNet121|EfficientNetV2B0|MobileNetV3Large,5,5,0.08587076472572035,1.0,0.2,0.6
2,famous_le_10m,histogram_kl,19,DenseNet121|EfficientNetV2B0|MobileNetV3Large,5,5,0.14238749384405552,1.0,0.2,0.6
2,famous_le_10m,histogram_kl,20,DenseNet121|EfficientNetV2B0|MobileNetV3Large,5,5,0.20304345046093564,1.0,0.2,0.6
2,famous_le_10m,histogram_kl,21,DenseNet121|EfficientNetV2B0|MobileNetV3Large,5,5,0.26338836819328465,1.0,0.2,0.6
2,famous_le_10m,histogram_kl,22,DenseNet121|EfficientNetV2B0|MobileNetV3Large,5,5,0.3226549803938213,1.0,0.2,0.6
2,famous_le_10m,histogram_kl,23,DenseNet121|EfficientNetV2B0|MobileNetV3Large,5,5,0.06563070872749938,0.8,0.2,0.5
2,famous_le_10m,weight_value_dist,1,DenseNet121|EfficientNetV2B0|MobileNetV3Large,5,5,8.074843925383245,0.4,0.6,0.5
2,famous_le_10m,weight_value_dist,2,DenseNet121|EfficientNetV2B0|MobileNetV3Large,5,5,8.07485265424327,0.4,0.6,0.5
2,famous_le_10m,weight_value_dist,3,DenseNet121|EfficientNetV2B0|MobileNetV3Large,5,5,8.074852611174729,0.4,0.6,0.5
2,famous_le_10m,weight_value_dist,4,DenseNet121|EfficientNetV2B0|MobileNetV3Large,5,5,8.074851603696901,0.4,0.6,0.5
2,famous_le_10m,weight_value_dist,5,DenseNet121|EfficientNetV2B0|MobileNetV3Large,5,5,8.074845530961934,0.4,0.6,0.5
2,famous_le_10m,weight_value_dist,6,DenseNet121|EfficientNetV2B0|MobileNetV3Large,5,5,8.07485701394708,0.4,0.6,0.5
2,famous_le_10m,weight_value_dist,7,DenseNet121|EfficientNetV2B0|MobileNetV3Large,5,5,13.79570954501623,0.6,0.4,0.5
2,famous_le_10m,weight_value_dist,8,DenseNet121|EfficientNetV2B0|MobileNetV3Large,5,5,8.074857426483696,0.4,0.6,0.5
2,famous_le_10m,weight_value_dist,9,DenseNet121|EfficientNetV2B0|MobileNetV3Large,5,5,13.79570877379909,0.6,0.4,0.5
2,famous_le_10m,weight_value_dist,10,DenseNet121|EfficientNetV2B0|MobileNetV3Large,5,5,8.075140532120932,0.4,0.6,0.5
2,famous_le_10m,weight_value_dist,11,DenseNet121|EfficientNetV2B0|MobileNetV3Large,5,5,8.07513434206179,0.4,0.6,0.5
2,famous_le_10m,weight_value_dist,12,DenseNet121|EfficientNetV2B0|MobileNetV3Large,5,5,8.075512703742096,0.4,0.6,0.5
2,famous_le_10m,weight_value_dist,13,DenseNet121|EfficientNetV2B0|MobileNetV3Large,5,5,8.091075159719294,0.4,0.6,0.5
2,famous_le_10m,weight_value_dist,14,DenseNet121|EfficientNetV2B0|MobileNetV3Large,5,5,8.076230622180443,0.4,0.6,0.5
2,famous_le_10m,weight_value_dist,15,DenseNet121|EfficientNetV2B0|MobileNetV3Large,5,5,8.077328244787966,0.4,0.6,0.5
2,famous_le_10m,weight_value_dist,16,DenseNet121|EfficientNetV2B0|MobileNetV3Large,5,5,8.076902530416692,0.4,0.6,0.5
2,famous_le_10m,weight_value_dist,17,DenseNet121|EfficientNetV2B0|MobileNetV3Large,5,5,8.078289102720944,0.4,0.6,0.5
2,famous_le_10m,weight_value_dist,18,DenseNet121|EfficientNetV2B0|MobileNetV3Large,5,5,13.799861536231706,0.6,0.4,0.5
2,famous_le_10m,weight_value_dist,19,DenseNet121|EfficientNetV2B0|MobileNetV3Large,5,5,8.076740402885008,0.4,0.6,0.5
2,famous_le_10m,weight_value_dist,20,DenseNet121|EfficientNetV2B0|MobileNetV3Large,5,5,13.825507522962436,0.6,0.4,0.5
2,famous_le_10m,weight_value_dist,21,DenseNet121|EfficientNetV2B0|MobileNetV3Large,5,5,8.12256171395374,0.4,0.8,0.6000000000000001
2,famous_le_10m,weight_value_dist,22,DenseNet121|EfficientNetV2B0|MobileNetV3Large,5,5,8.38661647764107,0.4,0.8,0.6000000000000001
2,famous_le_10m,weight_value_dist,23,DenseNet121|EfficientNetV2B0|MobileNetV3Large,5,5,9.404772379685514,0.4,0.8,0.6000000000000001
2,famous_le_10m,byte_autocorr,1,DenseNet121|EfficientNetV2B0|MobileNetV3Large,5,5,0.0021213311129332766,0.4,0.6,0.5
2,famous_le_10m,byte_autocorr,2,DenseNet121|EfficientNetV2B0|MobileNetV3Large,5,5,-0.9978983512272542,0.0,1.0,0.5
2,famous_le_10m,byte_autocorr,3,DenseNet121|EfficientNetV2B0|MobileNetV3Large,5,5,-0.9979088470281992,0.0,1.0,0.5
2,famous_le_10m,byte_autocorr,4,DenseNet121|EfficientNetV2B0|MobileNetV3Large,5,5,-0.9979782259413754,0.0,1.0,0.5
2,famous_le_10m,byte_autocorr,5,DenseNet121|EfficientNetV2B0|MobileNetV3Large,5,5,-0.9979799777136024,0.0,1.0,0.5
2,famous_le_10m,byte_autocorr,6,DenseNet121|EfficientNetV2B0|MobileNetV3Large,5,5,-0.9990631224362035,0.0,1.0,0.5
2,famous_le_10m,byte_autocorr,7,DenseNet121|EfficientNetV2B0|MobileNetV3Large,5,5,-0.9998704109994535,0.0,1.0,0.5
2,famous_le_10m,byte_autocorr,8,DenseNet121|EfficientNetV2B0|MobileNetV3Large,5,5,0.002503053750123993,0.4,0.8,0.6000000000000001
2,famous_le_10m,byte_autocorr,9,DenseNet121|EfficientNetV2B0|MobileNetV3Large,5,5,-0.9995763364562201,0.0,1.0,0.5
2,famous_le_10m,byte_autocorr,10,DenseNet121|EfficientNetV2B0|MobileNetV3Large,5,5,-0.9999683335677664,0.0,1.0,0.5
2,famous_le_10m,byte_autocorr,11,DenseNet121|EfficientNetV2B0|MobileNetV3Large,5,5,-0.9999390965413083,0.0,1.0,0.5
2,famous_le_10m,byte_autocorr,12,DenseNet121|EfficientNetV2B0|MobileNetV3Large,5,5,-0.9999076754413405,0.0,1.0,0.5
2,famous_le_10m,byte_autocorr,13,DenseNet121|EfficientNetV2B0|MobileNetV3Large,5,5,-0.9994261408243651,0.0,1.0,0.5
2,famous_le_10m,byte_autocorr,14,DenseNet121|EfficientNetV2B0|MobileNetV3Large,5,5,-0.9996479726283454,0.0,1.0,0.5
2,famous_le_10m,byte_autocorr,15,DenseNet121|EfficientNetV2B0|MobileNetV3Large,5,5,0.013336250594316411,1.0,0.2,0.6
2,famous_le_10m,byte_autocorr,16,DenseNet121|EfficientNetV2B0|MobileNetV3Large,5,5,0.002734056934956869,0.4,1.0,0.7
2,famous_le_10m,byte_autocorr,17,DenseNet121|EfficientNetV2B0|MobileNetV3Large,5,5,0.029084558398621604,1.0,0.2,0.6
2,famous_le_10m,byte_autocorr,18,DenseNet121|EfficientNetV2B0|MobileNetV3Large,5,5,0.09212663775315609,1.0,0.2,0.6
2,famous_le_10m,byte_autocorr,19,DenseNet121|EfficientNetV2B0|MobileNetV3Large,5,5,0.13537530811252765,1.0,0.2,0.6
2,famous_le_10m,byte_autocorr,20,DenseNet121|EfficientNetV2B0|MobileNetV3Large,5,5,0.16753900439258218,1.0,0.2,0.6
2,famous_le_10m,byte_autocorr,21,DenseNet121|EfficientNetV2B0|MobileNetV3Large,5,5,0.1914138315636038,1.0,0.2,0.6
2,famous_le_10m,byte_autocorr,22,DenseNet121|EfficientNetV2B0|MobileNetV3Large,5,5,0.015505181521302628,1.0,0.2,0.6
2,famous_le_10m,byte_autocorr,23,DenseNet121|EfficientNetV2B0|MobileNetV3Large,5,5,0.06920097268740186,1.0,0.2,0.6
3,famous_le_10m,byte_entropy,1,DenseNet121|EfficientNetV2B0|MobileNetV2,5,5,-0.8078605619780608,0.0,1.0,0.5
3,famous_le_10m,byte_entropy,2,DenseNet121|EfficientNetV2B0|MobileNetV2,5,5,-0.8077344023910952,0.0,1.0,0.5
3,famous_le_10m,byte_entropy,3,DenseNet121|EfficientNetV2B0|MobileNetV2,5,5,-0.8077202271117968,0.0,1.0,0.5
3,famous_le_10m,byte_entropy,4,DenseNet121|EfficientNetV2B0|MobileNetV2,5,5,-0.8077603331598378,0.0,1.0,0.5
3,famous_le_10m,byte_entropy,5,DenseNet121|EfficientNetV2B0|MobileNetV2,5,5,-0.8077373138483088,0.0,1.0,0.5
3,famous_le_10m,byte_entropy,6,DenseNet121|EfficientNetV2B0|MobileNetV2,5,5,-0.8077759620051205,0.0,1.0,0.5
3,famous_le_10m,byte_entropy,7,DenseNet121|EfficientNetV2B0|MobileNetV2,5,5,-0.8077937742689764,0.0,1.0,0.5
3,famous_le_10m,byte_entropy,8,DenseNet121|EfficientNetV2B0|MobileNetV2,5,5,-0.8080067049705456,0.0,1.0,0.5
3,famous_le_10m,byte_entropy,9,DenseNet121|EfficientNetV2B0|MobileNetV2,5,5,-0.8077937058462032,0.0,1.0,0.5
3,famous_le_10m,byte_entropy,10,DenseNet121|EfficientNetV2B0|MobileNetV2,5,5,-0.8077486049209444,0.0,1.0,0.5
3,famous_le_10m,byte_entropy,11,DenseNet121|EfficientNetV2B0|MobileNetV2,5,5,-0.8077239554679723,0.0,1.0,0.5
3,famous_le_10m,byte_entropy,12,DenseNet121|EfficientNetV2B0|MobileNetV2,5,5,-0.8077154820561688,0.0,1.0,0.5
3,famous_le_10m,byte_entropy,13,DenseNet121|EfficientNetV2B0|MobileNetV2,5,5,-0.8076732441914662,0.0,1.0,0.5
3,famous_le_10m,byte_entropy,14,DenseNet121|EfficientNetV2B0|MobileNetV2,5,5,-0.8076555990107426,0.0,1.0,0.5
3,famous_le_10m,byte_entropy,15,DenseNet121|EfficientNetV2B0|MobileNetV2,5,5,-0.8076448593264925,0.0,1.0,0.5
3,famous_le_10m,byte_entropy,16,DenseNet121|EfficientNetV2B0|MobileNetV2,5,5,0.4444591059977942,1.0,0.0,0.5
3,famous_le_10m,byte_entropy,17,DenseNet121|EfficientNetV2B0|MobileNetV2,5,5,0.5760971314028417,1.0,0.2,0.6
3,famous_le_10m,byte_entropy,18,DenseNet121|EfficientNetV2B0|MobileNetV2,5,5,0.32187381035364215,1.0,0.2,0.6
3,famous_le_10m,byte_entropy,19,DenseNet121|EfficientNetV2B0|MobileNetV2,5,5,0.5326311657006073,1.0,0.2,0.6
3,famous_le_10m,byte_entropy,20,DenseNet121|EfficientNetV2B0|MobileNetV2,5,5,0.701921157492498,1.0,0.2,0.6
3,famous_le_10m,byte_entropy,21,DenseNet121|EfficientNetV2B0|MobileNetV2,5,5,0.8851289158172613,1.0,0.2,0.6
3,famous_le_10m,byte_entropy,22,DenseNet121|EfficientNetV2B0|MobileNetV2,5,5,1.0863230822961623,1.0,0.2,0.6
3,famous_le_10m,byte_entropy,23,DenseNet121|EfficientNetV2B0|MobileNetV2,5,5,1.3040967542460913,1.0,0.2,0.6
3,famous_le_10m,histogram_kl,1,DenseNet121|EfficientNetV2B0|MobileNetV2,5,5,-0.9842827134968275,0.0,1.0,0.5
3,famous_le_10m,histogram_kl,2,DenseNet121|EfficientNetV2B0|MobileNetV2,5,5,-0.9838975994925525,0.0,1.0,0.5
3,famous_le_10m,histogram_kl,3,DenseNet121|EfficientNetV2B0|MobileNetV2,5,5,-0.9837672544454072,0.0,1.0,0.5
3,famous_le_10m,histogram_kl,4,DenseNet121|EfficientNetV2B0|MobileNetV2,5,5,-0.9835130572599096,0.0,1.0,0.5
3,famous_le_10m,histogram_kl,5,DenseNet121|EfficientNetV2B0|MobileNetV2,5,5,-0.9832963380644619,0.0,1.0,0.5
3,famous_le_10m,histogram_kl,6,DenseNet121|EfficientNetV2B0|MobileNetV2,5,5,-0.9830044515007905,0.0,1.0,0.5
3,famous_le_10m,histogram_kl,7,DenseNet121|EfficientNetV2B0|MobileNetV2,5,5,-0.9828329463835122,0.0,1.0,0.5
3,famous_le_10m,histogram_kl,8,DenseNet121|EfficientNetV2B0|MobileNetV2,5,5,-0.9823089861518673,0.0,1.0,0.5
3,famous_le_10m,histogram_kl,9,DenseNet121|EfficientNetV2B0|MobileNetV2,5,5,-0.9825214678929373,0.0,1.0,0.5
3,famous_le_10m,histogram_kl,10,DenseNet121|EfficientNetV2B0|MobileNetV2,5,5,-0.9823440062219331,0.0,1.0,0.5
3,famous_le_10m,histogram_kl,11,DenseNet121|EfficientNetV2B0|MobileNetV2,5,5,-0.9822243713275202,0.0,1.0,0.5
3,famous_le_10m,histogram_kl,12,DenseNet121|EfficientNetV2B0|MobileNetV2,5,5,-0.981940837974305,0.0,1.0,0.5
3,famous_le_10m,histogram_kl,13,DenseNet121|EfficientNetV2B0|MobileNetV2,5,5,-0.9820161719937812,0.0,1.0,0.5
3,famous_le_10m,histogram_kl,14,DenseNet121|EfficientNetV2B0|MobileNetV2,5,5,-0.9818474390449655,0.0,1.0,0.5
3,famous_le_10m,histogram_kl,15,DenseNet121|EfficientNetV2B0|MobileNetV2,5,5,-0.9831310129017736,0.0,1.0,0.5
3,famous_le_10m,histogram_kl,16,DenseNet121|EfficientNetV2B0|MobileNetV2,5,5,0.08165082946465274,1.0,0.2,0.6
3,famous_le_10m,histogram_kl,17,DenseNet121|EfficientNetV2B0|MobileNetV2,5,5,0.02110974001099896,0.8,0.2,0.5
3,famous_le_10m,histogram_kl,18,DenseNet121|EfficientNetV2B0|MobileNetV2,5,5,0.08586609247996066,1.0,0.2,0.6
3,famous_le_10m,histogram_kl,19,DenseNet121|EfficientNetV2B0|MobileNetV2,5,5,0.1423835730890508,1.0,0.2,0.6
3,famous_le_10m,histogram_kl,20,DenseNet121|EfficientNetV2B0|MobileNetV2,5,5,0.2030407299099772,1.0,0.2,0.6
3,famous_le_10m,histogram_kl,21,DenseNet121|EfficientNetV2B0|MobileNetV2,5,5,0.26338459794841595,1.0,0.2,0.6
3,famous_le_10m,histogram_kl,22,DenseNet121|EfficientNetV2B0|MobileNetV2,5,5,0.3226524684066588,1.0,0.2,0.6
3,famous_le_10m,histogram_kl,23,DenseNet121|EfficientNetV2B0|MobileNetV2,5,5,0.3797012156551628,1.0,0.2,0.6
3,famous_le_10m,weight_value_dist,1,DenseNet121|EfficientNetV2B0|MobileNetV2,5,5,7.096070637688742,0.4,0.6,0.5
3,famous_le_10m,weight_value_dist,2,DenseNet121|EfficientNetV2B0|MobileNetV2,5,5,7.096070593608264,0.4,0.6,0.5
3,famous_le_10m,weight_value_dist,3,DenseNet121|EfficientNetV2B0|MobileNetV2,5,5,9.7351880397893,0.6,0.4,0.5
3,famous_le_10m,weight_value_dist,4,DenseNet121|EfficientNetV2B0|MobileNetV2,5,5,9.735188208769966,0.6,0.4,0.5
3,famous_le_10m,weight_value_dist,5,DenseNet121|EfficientNetV2B0|MobileNetV2,5,5,7.0960665396961,0.4,0.6,0.5
3,famous_le_10m,weight_value_dist,6,DenseNet121|EfficientNetV2B0|MobileNetV2,5,5,8.096106987133947,0.6,0.4,0.5
3,famous_le_10m,weight_value_dist,7,DenseNet121|EfficientNetV2B0|MobileNetV2,5,5,8.096153055691797,0.6,0.4,0.5
3,famous_le_10m,weight_value_dist,8,DenseNet121|EfficientNetV2B0|MobileNetV2,5,5,7.096006989542005,0.4,0.6,0.5
3,famous_le_10m,weight_value_dist,9,DenseNet121|EfficientNetV2B0|MobileNetV2,5,5,9.735229952809014,0.6,0.4,0.5
3,famous_le_10m,weight_value_dist,10,DenseNet121|EfficientNetV2B0|MobileNetV2,5,5,9.735721227302639,0.6,0.4,0.5
3,famous_le_10m,weight_value_dist,11,DenseNet121|EfficientNetV2B0|MobileNetV2,5,5,9.735971665234375,0.6,0.4,0.5
3,famous_le_10m,weight_value_dist,12,DenseNet121|EfficientNetV2B0|MobileNetV2,5,5,8.096084016459264,0.6,0.4,0.5
3,famous_le_10m,weight_value_dist,13,DenseNet121|EfficientNetV2B0|MobileNetV2,5,5,8.097020248847071,0.6,0.4,0.5
3,famous_le_10m,weight_value_dist,14,DenseNet121|EfficientNetV2B0|MobileNetV2,5,5,7.094683661294859,0.4,0.6,0.5
3,famous_le_10m,weight_value_dist,15,DenseNet121|EfficientNetV2B0|MobileNetV2,5,5,7.093976761547397,0.4,0.6,0.5
3,famous_le_10m,weight_value_dist,16,DenseNet121|EfficientNetV2B0|MobileNetV2,5,5,8.09890317700335,0.6,0.4,0.5
3,famous_le_10m,weight_value_dist,17,DenseNet121|EfficientNetV2B0|MobileNetV2,5,5,9.735613587810603,0.6,0.4,0.5
3,famous_le_10m,weight_value_dist,18,DenseNet121|EfficientNetV2B0|MobileNetV2,5,5,8.099848895986982,0.6,0.4,0.5
3,famous_le_10m,weight_value_dist,19,DenseNet121|EfficientNetV2B0|MobileNetV2,5,5,8.122273320791013,0.6,0.4,0.5
3,famous_le_10m,weight_value_dist,20,DenseNet121|EfficientNetV2B0|MobileNetV2,5,5,9.757836289784027,0.6,0.4,0.5
3,famous_le_10m,weight_value_dist,21,DenseNet121|EfficientNetV2B0|MobileNetV2,5,5,9.97402290775955,0.6,0.4,0.5
3,famous_le_10m,weight_value_dist,22,DenseNet121|EfficientNetV2B0|MobileNetV2,5,5,8.458934180288766,0.6,0.6,0.6
3,famous_le_10m,weight_value_dist,23,DenseNet121|EfficientNetV2B0|MobileNetV2,5,5,11.192680898773462,0.6,0.6,0.6
3,famous_le_10m,byte_autocorr,1,DenseNet121|EfficientNetV2B0|MobileNetV2,5,5,-0.9977528888162702,0.0,1.0,0.5
3,famous_le_10m,byte_autocorr,2,DenseNet121|EfficientNetV2B0|MobileNetV2,5,5,-0.9977584292150301,0.0,1.0,0.5
3,famous_le_10m,byte_autocorr,3,DenseNet121|EfficientNetV2B0|MobileNetV2,5,5,-0.9977606133397166,0.0,1.0,0.5
3,famous_le_10m,byte_autocorr,4,DenseNet121|EfficientNetV2B0|MobileNetV2,5,5,-0.9978703314866978,0.0,1.0,0.5
3,famous_le_10m,byte_autocorr,5,DenseNet121|EfficientNetV2B0|MobileNetV2,5,5,0.0025483651799694997,0.6,0.4,0.5
3,famous_le_10m,byte_autocorr,6,DenseNet121|EfficientNetV2B0|MobileNetV2,5,5,-0.9988530806964356,0.0,1.0,0.5
3,famous_le_10m,byte_autocorr,7,DenseNet121|EfficientNetV2B0|MobileNetV2,5,5,-0.9999791435824864,0.0,1.0,0.5
3,famous_le_10m,byte_autocorr,8,DenseNet121|EfficientNetV2B0|MobileNetV2,5,5,0.0026487019272555135,0.6,0.8,0.7
3,famous_le_10m,byte_autocorr,9,DenseNet121|EfficientNetV2B0|MobileNetV2,5,5,-0.9993662947164522,0.0,1.0,0.5
3,famous_le_10m,byte_autocorr,10,DenseNet121|EfficientNetV2B0|MobileNetV2,5,5,-0.9998216246924657,0.0,1.0,0.5
3,famous_le_10m,byte_autocorr,11,DenseNet121|EfficientNetV2B0|MobileNetV2,5,5,-0.9997687801083432,0.0,1.0,0.5
3,famous_le_10m,byte_autocorr,12,DenseNet121|EfficientNetV2B0|MobileNetV2,5,5,-0.9998822828188916,0.0,1.0,0.5
3,famous_le_10m,byte_autocorr,13,DenseNet121|EfficientNetV2B0|MobileNetV2,5,5,-0.9991281689101745,0.0,1.0,0.5
3,famous_le_10m,byte_autocorr,14,DenseNet121|EfficientNetV2B0|MobileNetV2,5,5,-0.9994098317080844,0.0,1.0,0.5
3,famous_le_10m,byte_autocorr,15,DenseNet121|EfficientNetV2B0|MobileNetV2,5,5,0.013546292334084322,1.0,0.2,0.6
3,famous_le_10m,byte_autocorr,16,DenseNet121|EfficientNetV2B0|MobileNetV2,5,5,0.005345048788994426,1.0,0.4,0.7
3,famous_le_10m,byte_autocorr,17,DenseNet121|EfficientNetV2B0|MobileNetV2,5,5,0.029294600138389512,1.0,0.2,0.6
3,famous_le_10m,byte_autocorr,18,DenseNet121|EfficientNetV2B0|MobileNetV2,5,5,0.092336679492924,1.0,0.2,0.6
3,famous_le_10m,byte_autocorr,19,DenseNet121|EfficientNetV2B0|MobileNetV2,5,5,0.1355853498522956,1.0,0.2,0.6
3,famous_le_10m,byte_autocorr,20,DenseNet121|EfficientNetV2B0|MobileNetV2,5,5,0.16774904613235012,1.0,0.2,0.6
3,famous_le_10m,byte_autocorr,21,DenseNet121|EfficientNetV2B0|MobileNetV2,5,5,0.19162387330337174,1.0,0.2,0.6
3,famous_le_10m,byte_autocorr,22,DenseNet121|EfficientNetV2B0|MobileNetV2,5,5,0.21097612668450907,1.0,0.2,0.6
3,famous_le_10m,byte_autocorr,23,DenseNet121|EfficientNetV2B0|MobileNetV2,5,5,0.22662309788638516,1.0,0.2,0.6
4,famous_le_10m,byte_entropy,1,MobileNetV2|MobileNetV3Small|NASNetMobile,5,5,0.02639587170083552,0.0,1.0,0.5
4,famous_le_10m,byte_entropy,2,MobileNetV2|MobileNetV3Small|NASNetMobile,5,5,0.02638471177455182,0.0,1.0,0.5
4,famous_le_10m,byte_entropy,3,MobileNetV2|MobileNetV3Small|NASNetMobile,5,5,0.02638305904189997,0.0,0.8,0.4
4,famous_le_10m,byte_entropy,4,MobileNetV2|MobileNetV3Small|NASNetMobile,5,5,0.02638566023337659,0.0,0.8,0.4
4,famous_le_10m,byte_entropy,5,MobileNetV2|MobileNetV3Small|NASNetMobile,5,5,0.02638406940367412,0.0,0.8,0.4
4,famous_le_10m,byte_entropy,6,MobileNetV2|MobileNetV3Small|NASNetMobile,5,5,0.02638687218156776,0.0,0.8,0.4
4,famous_le_10m,byte_entropy,7,MobileNetV2|MobileNetV3Small|NASNetMobile,5,5,0.026388210635584365,0.0,0.8,0.4
4,famous_le_10m,byte_entropy,8,MobileNetV2|MobileNetV3Small|NASNetMobile,5,5,0.026413883300026406,0.0,0.8,0.4
4,famous_le_10m,byte_entropy,9,MobileNetV2|MobileNetV3Small|NASNetMobile,5,5,0.02638754269736015,0.0,0.8,0.4
4,famous_le_10m,byte_entropy,10,MobileNetV2|MobileNetV3Small|NASNetMobile,5,5,0.026384527951487817,0.0,0.8,0.4
4,famous_le_10m,byte_entropy,11,MobileNetV2|MobileNetV3Small|NASNetMobile,5,5,0.026382624593596374,0.0,0.8,0.4
4,famous_le_10m,byte_entropy,12,MobileNetV2|MobileNetV3Small|NASNetMobile,5,5,0.026382649617431676,0.0,0.8,0.4
4,famous_le_10m,byte_entropy,13,MobileNetV2|MobileNetV3Small|NASNetMobile,5,5,0.026380344024355476,0.0,0.8,0.4
4,famous_le_10m,byte_entropy,14,MobileNetV2|MobileNetV3Small|NASNetMobile,5,5,0.026380003645415137,0.0,0.8,0.4
4,famous_le_10m,byte_entropy,15,MobileNetV2|MobileNetV3Small|NASNetMobile,5,5,0.026379708064278765,0.0,0.8,0.4
4,famous_le_10m,byte_entropy,16,MobileNetV2|MobileNetV3Small|NASNetMobile,5,5,0.026384268969731353,0.0,0.8,0.4
4,famous_le_10m,byte_entropy,17,MobileNetV2|MobileNetV3Small|NASNetMobile,5,5,0.026379300029609355,0.0,1.0,0.5
4,famous_le_10m,byte_entropy,18,MobileNetV2|MobileNetV3Small|NASNetMobile,5,5,0.026379037071050167,0.0,1.0,0.5
4,famous_le_10m,byte_entropy,19,MobileNetV2|MobileNetV3Small|NASNetMobile,5,5,0.026378849775378462,0.0,1.0,0.5
4,famous_le_10m,byte_entropy,20,MobileNetV2|MobileNetV3Small|NASNetMobile,5,5,0.026380963924819728,0.0,1.0,0.5
4,famous_le_10m,byte_entropy,21,MobileNetV2|MobileNetV3Small|NASNetMobile,5,5,0.026418172637138554,0.0,1.0,0.5
4,famous_le_10m,byte_entropy,22,MobileNetV2|MobileNetV3Small|NASNetMobile,5,5,0.02699423444781962,0.0,1.0,0.5
4,famous_le_10m,byte_entropy,23,MobileNetV2|MobileNetV3Small|NASNetMobile,5,5,0.038974804381257305,0.0,1.0,0.5
4,famous_le_10m,histogram_kl,1,MobileNetV2|MobileNetV3Small|NASNetMobile,5,5,0.0001282020312966092,0.6,0.8,0.7
4,famous_le_10m,histogram_kl,2,MobileNetV2|MobileNetV3Small|NASNetMobile,5,5,9.001788020859314e-05,0.6,0.8,0.7
4,famous_le_10m,histogram_kl,3,MobileNetV2|MobileNetV3Small|NASNetMobile,5,5,9.177031877441952e-05,0.6,0.8,0.7
4,famous_le_10m,histogram_kl,4,MobileNetV2|MobileNetV3Small|NASNetMobile,5,5,0.00010469611421606459,0.6,0.8,0.7
4,famous_le_10m,histogram_kl,5,MobileNetV2|MobileNetV3Small|NASNetMobile,5,5,0.000100310116008797,0.6,0.8,0.7
4,famous_le_10m,histogram_kl,6,MobileNetV2|MobileNetV3Small|NASNetMobile,5,5,0.00011872709954029559,0.6,0.8,0.7
4,famous_le_10m,histogram_kl,7,MobileNetV2|MobileNetV3Small|NASNetMobile,5,5,0.00012717502408963457,0.6,0.6,0.6
4,famous_le_10m,histogram_kl,8,MobileNetV2|MobileNetV3Small|NASNetMobile,5,5,0.00020576902104103032,0.6,0.6,0.6
4,famous_le_10m,histogram_kl,9,MobileNetV2|MobileNetV3Small|NASNetMobile,5,5,0.00012682901045406108,0.6,0.6,0.6
4,famous_le_10m,histogram_kl,10,MobileNetV2|MobileNetV3Small|NASNetMobile,5,5,0.00010315457681130248,0.6,0.6,0.6
4,famous_le_10m,histogram_kl,11,MobileNetV2|MobileNetV3Small|NASNetMobile,5,5,9.981249094356098e-05,0.6,0.6,0.6
4,famous_le_10m,histogram_kl,12,MobileNetV2|MobileNetV3Small|NASNetMobile,5,5,9.316470024872874e-05,0.6,0.6,0.6
4,famous_le_10m,histogram_kl,13,MobileNetV2|MobileNetV3Small|NASNetMobile,5,5,7.865415705133627e-05,0.6,0.4,0.5
4,famous_le_10m,histogram_kl,14,MobileNetV2|MobileNetV3Small|NASNetMobile,5,5,6.918931311221175e-05,0.6,0.6,0.6
4,famous_le_10m,histogram_kl,15,MobileNetV2|MobileNetV3Small|NASNetMobile,5,5,6.846988464037059e-05,0.6,0.8,0.7
4,famous_le_10m,histogram_kl,16,MobileNetV2|MobileNetV3Small|NASNetMobile,5,5,9.672357248682557e-05,0.6,1.0,0.8
4,famous_le_10m,histogram_kl,17,MobileNetV2|MobileNetV3Small|NASNetMobile,5,5,5.305437682303389e-05,0.6,1.0,0.8
4,famous_le_10m,histogram_kl,18,MobileNetV2|MobileNetV3Small|NASNetMobile,5,5,5.9916129987836155e-05,0.6,1.0,0.8
4,famous_le_10m,histogram_kl,19,MobileNetV2|MobileNetV3Small|NASNetMobile,5,5,5.221699630219308e-05,0.6,1.0,0.8
4,famous_le_10m,histogram_kl,20,MobileNetV2|MobileNetV3Small|NASNetMobile,5,5,5.774358074860058e-05,0.6,1.0,0.8
4,famous_le_10m,histogram_kl,21,MobileNetV2|MobileNetV3Small|NASNetMobile,5,5,4.734432935896381e-05,0.6,1.0,0.8
4,famous_le_10m,histogram_kl,22,MobileNetV2|MobileNetV3Small|NASNetMobile,5,5,4.9422387268808726e-05,0.6,1.0,0.8
4,famous_le_10m,histogram_kl,23,MobileNetV2|MobileNetV3Small|NASNetMobile,5,5,7.556391530197456e-05,0.6,1.0,0.8
4,famous_le_10m,weight_value_dist,1,MobileNetV2|MobileNetV3Small|NASNetMobile,5,5,10.000390282443968,0.0,1.0,0.5
4,famous_le_10m,weight_value_dist,2,MobileNetV2|MobileNetV3Small|NASNetMobile,5,5,10.380373569793164,0.2,0.8,0.5
4,famous_le_10m,weight_value_dist,3,MobileNetV2|MobileNetV3Small|NASNetMobile,5,5,10.640197790247052,0.2,0.8,0.5
4,famous_le_10m,weight_value_dist,4,MobileNetV2|MobileNetV3Small|NASNetMobile,5,5,10.38037459143346,0.2,0.8,0.5
4,famous_le_10m,weight_value_dist,5,MobileNetV2|MobileNetV3Small|NASNetMobile,5,5,9.000387800297865,0.0,1.0,0.5
4,famous_le_10m,weight_value_dist,6,MobileNetV2|MobileNetV3Small|NASNetMobile,5,5,10.00042537289185,0.0,1.0,0.5
4,famous_le_10m,weight_value_dist,7,MobileNetV2|MobileNetV3Small|NASNetMobile,5,5,8.998948368899917,0.0,1.0,0.5
4,famous_le_10m,weight_value_dist,8,MobileNetV2|MobileNetV3Small|NASNetMobile,5,5,10.38037588949221,0.2,0.8,0.5
4,famous_le_10m,weight_value_dist,9,MobileNetV2|MobileNetV3Small|NASNetMobile,5,5,10.64020899957735,0.2,0.8,0.5
4,famous_le_10m,weight_value_dist,10,MobileNetV2|MobileNetV3Small|NASNetMobile,5,5,10.002303680777665,0.0,1.0,0.5
4,famous_le_10m,weight_value_dist,11,MobileNetV2|MobileNetV3Small|NASNetMobile,5,5,10.001890934503166,0.0,1.0,0.5
4,famous_le_10m,weight_value_dist,12,MobileNetV2|MobileNetV3Small|NASNetMobile,5,5,10.388942729541416,0.2,0.8,0.5
4,famous_le_10m,weight_value_dist,13,MobileNetV2|MobileNetV3Small|NASNetMobile,5,5,10.003273876262504,0.0,1.0,0.5
4,famous_le_10m,weight_value_dist,14,MobileNetV2|MobileNetV3Small|NASNetMobile,5,5,10.380411811107905,0.2,0.8,0.5
4,famous_le_10m,weight_value_dist,15,MobileNetV2|MobileNetV3Small|NASNetMobile,5,5,10.679517220068819,0.2,0.8,0.5
4,famous_le_10m,weight_value_dist,16,MobileNetV2|MobileNetV3Small|NASNetMobile,5,5,10.013902142600084,0.0,1.0,0.5
4,famous_le_10m,weight_value_dist,17,MobileNetV2|MobileNetV3Small|NASNetMobile,5,5,10.059372028833817,0.0,0.8,0.4
4,famous_le_10m,weight_value_dist,18,MobileNetV2|MobileNetV3Small|NASNetMobile,5,5,10.820522649024763,0.2,0.8,0.5
4,famous_le_10m,weight_value_dist,19,MobileNetV2|MobileNetV3Small|NASNetMobile,5,5,10.889659159429003,0.2,0.8,0.5
4,famous_le_10m,weight_value_dist,20,MobileNetV2|MobileNetV3Small|NASNetMobile,5,5,10.384731119709894,0.2,1.0,0.6
4,famous_le_10m,weight_value_dist,21,MobileNetV2|MobileNetV3Small|NASNetMobile,5,5,10.462528013775355,0.2,1.0,0.6
4,famous_le_10m,weight_value_dist,22,MobileNetV2|MobileNetV3Small|NASNetMobile,5,5,10.874701709431587,0.2,0.8,0.5
4,famous_le_10m,weight_value_dist,23,MobileNetV2|MobileNetV3Small|NASNetMobile,5,5,12.375270916411955,0.2,1.0,0.6
4,famous_le_10m,byte_autocorr,1,MobileNetV2|MobileNetV3Small|NASNetMobile,5,5,0.00036419667781267497,0.0,1.0,0.5
4,famous_le_10m,byte_autocorr,2,MobileNetV2|MobileNetV3Small|NASNetMobile,5,5,6.348802932717277e-05,0.0,1.0,0.5
4,famous_le_10m,byte_autocorr,3,MobileNetV2|MobileNetV3Small|NASNetMobile,5,5,0.0003696788734791835,0.0,1.0,0.5
4,famous_le_10m,byte_autocorr,4,MobileNetV2|MobileNetV3Small|NASNetMobile,5,5,9.142511360089688e-05,0.0,1.0,0.5
4,famous_le_10m,byte_autocorr,5,MobileNetV2|MobileNetV3Small|NASNetMobile,5,5,0.00014465130979920976,0.0,1.0,0.5
4,famous_le_10m,byte_autocorr,6,MobileNetV2|MobileNetV3Small|NASNetMobile,5,5,0.0007626931936607846,0.2,1.0,0.6
4,famous_le_10m,byte_autocorr,7,MobileNetV2|MobileNetV3Small|NASNetMobile,5,5,0.0011177079642572631,0.4,1.0,0.7
4,famous_le_10m,byte_autocorr,8,MobileNetV2|MobileNetV3Small|NASNetMobile,5,5,0.004402494359286179,0.8,1.0,0.9
4,famous_le_10m,byte_autocorr,9,MobileNetV2|MobileNetV3Small|NASNetMobile,5,5,0.0027765249865671186,0.8,1.0,0.9
4,famous_le_10m,byte_autocorr,10,MobileNetV2|MobileNetV3Small|NASNetMobile,5,5,0.0024866639076376964,0.6,1.0,0.8
4,famous_le_10m,byte_autocorr,11,MobileNetV2|MobileNetV3Small|NASNetMobile,5,5,0.0018158559901608608,0.4,1.0,0.7
4,famous_le_10m,byte_autocorr,12,MobileNetV2|MobileNetV3Small|NASNetMobile,5,5,0.002172044274775572,0.6,1.0,0.8
4,famous_le_10m,byte_autocorr,13,MobileNetV2|MobileNetV3Small|NASNetMobile,5,5,0.001562135624455782,0.4,1.0,0.7
4,famous_le_10m,byte_autocorr,14,MobileNetV2|MobileNetV3Small|NASNetMobile,5,5,0.0015820727357453094,0.4,1.0,0.7
4,famous_le_10m,byte_autocorr,15,MobileNetV2|MobileNetV3Small|NASNetMobile,5,5,0.0019249904484737283,0.6,1.0,0.8
4,famous_le_10m,byte_autocorr,16,MobileNetV2|MobileNetV3Small|NASNetMobile,5,5,0.0033491660452210355,0.8,1.0,0.9
4,famous_le_10m,byte_autocorr,17,MobileNetV2|MobileNetV3Small|NASNetMobile,5,5,0.0012232416756151755,0.4,1.0,0.7
4,famous_le_10m,byte_autocorr,18,MobileNetV2|MobileNetV3Small|NASNetMobile,5,5,0.0015515457031677394,0.4,1.0,0.7
4,famous_le_10m,byte_autocorr,19,MobileNetV2|MobileNetV3Small|NASNetMobile,5,5,0.0012196984149367546,0.4,1.0,0.7
4,famous_le_10m,byte_autocorr,20,MobileNetV2|MobileNetV3Small|NASNetMobile,5,5,0.0009867912906046136,0.2,1.0,0.6
4,famous_le_10m,byte_autocorr,21,MobileNetV2|MobileNetV3Small|NASNetMobile,5,5,0.0010298554081639303,0.4,1.0,0.7
4,famous_le_10m,byte_autocorr,22,MobileNetV2|MobileNetV3Small|NASNetMobile,5,5,0.0009188481060461313,0.2,1.0,0.6
4,famous_le_10m,byte_autocorr,23,MobileNetV2|MobileNetV3Small|NASNetMobile,5,5,0.001285334043888187,0.4,1.0,0.7
5,famous_le_10m,byte_entropy,1,DenseNet121|MobileNetV2|MobileNetV3Large,5,5,0.17141964421198477,0.2,0.8,0.5
5,famous_le_10m,byte_entropy,2,DenseNet121|MobileNetV2|MobileNetV3Large,5,5,0.1714195726574015,0.2,0.8,0.5
5,famous_le_10m,byte_entropy,3,DenseNet121|MobileNetV2|MobileNetV3Large,5,5,0.17141956538245895,0.2,0.8,0.5
5,famous_le_10m,byte_entropy,4,DenseNet121|MobileNetV2|MobileNetV3Large,5,5,0.17141958633980336,0.2,0.8,0.5
5,famous_le_10m,byte_entropy,5,DenseNet121|MobileNetV2|MobileNetV3Large,5,5,0.17141957900587457,0.2,0.8,0.5
5,famous_le_10m,byte_entropy,6,DenseNet121|MobileNetV2|MobileNetV3Large,5,5,0.1714196002153796,0.2,0.8,0.5
5,famous_le_10m,byte_entropy,7,DenseNet121|MobileNetV2|MobileNetV3Large,5,5,0.17141961272044975,0.2,0.8,0.5
5,famous_le_10m,byte_entropy,8,DenseNet121|MobileNetV2|MobileNetV3Large,5,5,0.17141982975120584,0.2,0.8,0.5
5,famous_le_10m,byte_entropy,9,DenseNet121|MobileNetV2|MobileNetV3Large,5,5,0.17141961301137293,0.2,0.8,0.5
5,famous_le_10m,byte_entropy,10,DenseNet121|MobileNetV2|MobileNetV3Large,5,5,0.17141957796315588,0.2,0.8,0.5
5,famous_le_10m,byte_entropy,11,DenseNet121|MobileNetV2|MobileNetV3Large,5,5,0.1714195724532359,0.2,0.8,0.5
5,famous_le_10m,byte_entropy,12,DenseNet121|MobileNetV2|MobileNetV3Large,5,5,0.171419565479212,0.2,0.8,0.5
5,famous_le_10m,byte_entropy,13,DenseNet121|MobileNetV2|MobileNetV3Large,5,5,0.17141955080902788,0.2,0.8,0.5
5,famous_le_10m,byte_entropy,14,DenseNet121|MobileNetV2|MobileNetV3Large,5,5,0.17141954461501793,0.2,0.8,0.5
5,famous_le_10m,byte_entropy,15,DenseNet121|MobileNetV2|MobileNetV3Large,5,5,0.1714195475967248,0.2,0.8,0.5
5,famous_le_10m,byte_entropy,16,DenseNet121|MobileNetV2|MobileNetV3Large,5,5,0.1714195753121611,0.2,0.8,0.5
5,famous_le_10m,byte_entropy,17,DenseNet121|MobileNetV2|MobileNetV3Large,5,5,0.20306448758671206,0.2,0.8,0.5
5,famous_le_10m,byte_entropy,18,DenseNet121|MobileNetV2|MobileNetV3Large,5,5,0.20306446038770734,0.2,0.8,0.5
5,famous_le_10m,byte_entropy,19,DenseNet121|MobileNetV2|MobileNetV3Large,5,5,0.9267373748089207,1.0,0.2,0.6
5,famous_le_10m,byte_entropy,20,DenseNet121|MobileNetV2|MobileNetV3Large,5,5,1.1123847243279341,1.0,0.2,0.6
5,famous_le_10m,byte_entropy,21,DenseNet121|MobileNetV2|MobileNetV3Large,5,5,0.17142204788420748,0.2,0.8,0.5
5,famous_le_10m,byte_entropy,22,DenseNet121|MobileNetV2|MobileNetV3Large,5,5,0.17180009851801148,0.2,0.8,0.5
5,famous_le_10m,byte_entropy,23,DenseNet121|MobileNetV2|MobileNetV3Large,5,5,0.20414158465382648,0.2,0.8,0.5
5,famous_le_10m,histogram_kl,1,DenseNet121|MobileNetV2|MobileNetV3Large,5,5,6.220474439883958e-05,0.6,1.0,0.8
5,famous_le_10m,histogram_kl,2,DenseNet121|MobileNetV2|MobileNetV3Large,5,5,4.899613301681747e-05,0.4,1.0,0.7
5,famous_le_10m,histogram_kl,3,DenseNet121|MobileNetV2|MobileNetV3Large,5,5,4.916733936302119e-05,0.4,1.0,0.7
5,famous_le_10m,histogram_kl,4,DenseNet121|MobileNetV2|MobileNetV3Large,5,5,5.3458441476129324e-05,0.4,1.0,0.7
5,famous_le_10m,histogram_kl,5,DenseNet121|MobileNetV2|MobileNetV3Large,5,5,5.670321301896747e-05,0.4,1.0,0.7
5,famous_le_10m,histogram_kl,6,DenseNet121|MobileNetV2|MobileNetV3Large,5,5,6.28817194279541e-05,0.6,1.0,0.8
5,famous_le_10m,histogram_kl,7,DenseNet121|MobileNetV2|MobileNetV3Large,5,5,6.26478146515615e-05,0.6,1.0,0.8
5,famous_le_10m,histogram_kl,8,DenseNet121|MobileNetV2|MobileNetV3Large,5,5,0.00010033828552430838,0.6,1.0,0.8
5,famous_le_10m,histogram_kl,9,DenseNet121|MobileNetV2|MobileNetV3Large,5,5,6.684512853129116e-05,0.6,1.0,0.8
5,famous_le_10m,histogram_kl,10,DenseNet121|MobileNetV2|MobileNetV3Large,5,5,5.704834482600174e-05,0.4,1.0,0.7
5,famous_le_10m,histogram_kl,11,DenseNet121|MobileNetV2|MobileNetV3Large,5,5,5.270770258406971e-05,0.4,1.0,0.7
5,famous_le_10m,histogram_kl,12,DenseNet121|MobileNetV2|MobileNetV3Large,5,5,5.0630139450927634e-05,0.4,1.0,0.7
5,famous_le_10m,histogram_kl,13,DenseNet121|MobileNetV2|MobileNetV3Large,5,5,4.285785239819772e-05,0.4,1.0,0.7
5,famous_le_10m,histogram_kl,14,DenseNet121|MobileNetV2|MobileNetV3Large,5,5,3.9940979345099646e-05,0.2,1.0,0.6
5,famous_le_10m,histogram_kl,15,DenseNet121|MobileNetV2|MobileNetV3Large,5,5,6.142211510211281e-05,0.6,1.0,0.8
5,famous_le_10m,histogram_kl,16,DenseNet121|MobileNetV2|MobileNetV3Large,5,5,8.477898010565598e-05,0.6,1.0,0.8
5,famous_le_10m,histogram_kl,17,DenseNet121|MobileNetV2|MobileNetV3Large,5,5,4.7641995221532884e-05,0.4,1.0,0.7
5,famous_le_10m,histogram_kl,18,DenseNet121|MobileNetV2|MobileNetV3Large,5,5,5.1040707693265534e-05,0.4,1.0,0.7
5,famous_le_10m,histogram_kl,19,DenseNet121|MobileNetV2|MobileNetV3Large,5,5,4.4923566638611375e-05,0.4,1.0,0.7
5,famous_le_10m,histogram_kl,20,DenseNet121|MobileNetV2|MobileNetV3Large,5,5,4.97879241834218e-05,0.4,1.0,0.7
5,famous_le_10m,histogram_kl,21,DenseNet121|MobileNetV2|MobileNetV3Large,5,5,4.120873763467227e-05,0.2,1.0,0.6
5,famous_le_10m,histogram_kl,22,DenseNet121|MobileNetV2|MobileNetV3Large,5,5,7.263451377007748e-05,0.6,0.8,0.7
5,famous_le_10m,histogram_kl,23,DenseNet121|MobileNetV2|MobileNetV3Large,5,5,6.797259193995527e-05,0.6,1.0,0.8
5,famous_le_10m,weight_value_dist,1,DenseNet121|MobileNetV2|MobileNetV3Large,5,5,9.65179837276701,0.0,1.0,0.5
5,famous_le_10m,weight_value_dist,2,DenseNet121|MobileNetV2|MobileNetV3Large,5,5,7.442918996746366,0.0,1.0,0.5
5,famous_le_10m,weight_value_dist,3,DenseNet121|MobileNetV2|MobileNetV3Large,5,5,7.442918951147448,0.0,1.0,0.5
5,famous_le_10m,weight_value_dist,4,DenseNet121|MobileNetV2|MobileNetV3Large,5,5,7.442928549936296,0.0,1.0,0.5
5,famous_le_10m,weight_value_dist,5,DenseNet121|MobileNetV2|MobileNetV3Large,5,5,13.13150682553401,0.4,0.6,0.5
5,famous_le_10m,weight_value_dist,6,DenseNet121|MobileNetV2|MobileNetV3Large,5,5,13.131517596508761,0.4,0.6,0.5
5,famous_le_10m,weight_value_dist,7,DenseNet121|MobileNetV2|MobileNetV3Large,5,5,7.442953522062274,0.0,1.0,0.5
5,famous_le_10m,weight_value_dist,8,DenseNet121|MobileNetV2|MobileNetV3Large,5,5,7.442977950152617,0.0,1.0,0.5
5,famous_le_10m,weight_value_dist,9,DenseNet121|MobileNetV2|MobileNetV3Large,5,5,13.131524754355022,0.4,0.6,0.5
5,famous_le_10m,weight_value_dist,10,DenseNet121|MobileNetV2|MobileNetV3Large,5,5,9.65215967575283,0.0,1.0,0.5
5,famous_le_10m,weight_value_dist,11,DenseNet121|MobileNetV2|MobileNetV3Large,5,5,9.652470199084064,0.0,1.0,0.5
5,famous_le_10m,weight_value_dist,12,DenseNet121|MobileNetV2|MobileNetV3Large,5,5,7.44428032764478,0.0,1.0,0.5
5,famous_le_10m,weight_value_dist,13,DenseNet121|MobileNetV2|MobileNetV3Large,5,5,7.443400824866554,0.0,1.0,0.5
5,famous_le_10m,weight_value_dist,14,DenseNet121|MobileNetV2|MobileNetV3Large,5,5,7.446249257916675,0.0,1.0,0.5
5,famous_le_10m,weight_value_dist,15,DenseNet121|MobileNetV2|MobileNetV3Large,5,5,7.446790495920075,0.0,1.0,0.5
5,famous_le_10m,weight_value_dist,16,DenseNet121|MobileNetV2|MobileNetV3Large,5,5,7.44483822856656,0.0,1.0,0.5
5,famous_le_10m,weight_value_dist,17,DenseNet121|MobileNetV2|MobileNetV3Large,5,5,7.447513080888724,0.0,1.0,0.5
5,famous_le_10m,weight_value_dist,18,DenseNet121|MobileNetV2|MobileNetV3Large,5,5,9.66074773237822,0.0,1.0,0.5
5,famous_le_10m,weight_value_dist,19,DenseNet121|MobileNetV2|MobileNetV3Large,5,5,7.457993060439469,0.0,1.0,0.5
5,famous_le_10m,weight_value_dist,20,DenseNet121|MobileNetV2|MobileNetV3Large,5,5,9.703639996843517,0.0,1.0,0.5
5,famous_le_10m,weight_value_dist,21,DenseNet121|MobileNetV2|MobileNetV3Large,5,5,7.561073225415811,0.0,1.0,0.5
5,famous_le_10m,weight_value_dist,22,DenseNet121|MobileNetV2|MobileNetV3Large,5,5,8.336983446513061,0.0,1.0,0.5
5,famous_le_10m,weight_value_dist,23,DenseNet121|MobileNetV2|MobileNetV3Large,5,5,13.300412283000744,0.4,1.0,0.7
5,famous_le_10m,byte_autocorr,1,DenseNet121|MobileNetV2|MobileNetV3Large,5,5,-0.9999859855470653,0.0,1.0,0.5
5,famous_le_10m,byte_autocorr,2,DenseNet121|MobileNetV2|MobileNetV3Large,5,5,0.000332237196299348,0.0,1.0,0.5
5,famous_le_10m,byte_autocorr,3,DenseNet121|MobileNetV2|MobileNetV3Large,5,5,0.0003374850967718179,0.0,1.0,0.5
5,famous_le_10m,byte_autocorr,4,DenseNet121|MobileNetV2|MobileNetV3Large,5,5,5.963619387602576e-05,0.0,1.0,0.5
5,famous_le_10m,byte_autocorr,5,DenseNet121|MobileNetV2|MobileNetV3Large,5,5,0.0003231905343040152,0.0,1.0,0.5
5,famous_le_10m,byte_autocorr,6,DenseNet121|MobileNetV2|MobileNetV3Large,5,5,0.0003876553504067535,0.0,1.0,0.5
5,famous_le_10m,byte_autocorr,7,DenseNet121|MobileNetV2|MobileNetV3Large,5,5,0.0008638004969508321,0.2,0.8,0.5
5,famous_le_10m,byte_autocorr,8,DenseNet121|MobileNetV2|MobileNetV3Large,5,5,0.0026566240123851222,0.8,1.0,0.9
5,famous_le_10m,byte_autocorr,9,DenseNet121|MobileNetV2|MobileNetV3Large,5,5,0.0015948933545621938,0.6,1.0,0.8
5,famous_le_10m,byte_autocorr,10,DenseNet121|MobileNetV2|MobileNetV3Large,5,5,0.001367228366555453,0.6,1.0,0.8
5,famous_le_10m,byte_autocorr,11,DenseNet121|MobileNetV2|MobileNetV3Large,5,5,0.0010235293026831837,0.2,1.0,0.6
5,famous_le_10m,byte_autocorr,12,DenseNet121|MobileNetV2|MobileNetV3Large,5,5,0.0011868880967302634,0.6,1.0,0.8
5,famous_le_10m,byte_autocorr,13,DenseNet121|MobileNetV2|MobileNetV3Large,5,5,0.0007039008133613498,0.2,1.0,0.6
5,famous_le_10m,byte_autocorr,14,DenseNet121|MobileNetV2|MobileNetV3Large,5,5,0.0008262113440389828,0.2,1.0,0.6
5,famous_le_10m,byte_autocorr,15,DenseNet121|MobileNetV2|MobileNetV3Large,5,5,0.0014892726503265012,0.6,1.0,0.8
5,famous_le_10m,byte_autocorr,16,DenseNet121|MobileNetV2|MobileNetV3Large,5,5,0.0028876271972179983,0.8,1.0,0.9
5,famous_le_10m,byte_autocorr,17,DenseNet121|MobileNetV2|MobileNetV3Large,5,5,0.000814275025099522,0.2,1.0,0.6
5,famous_le_10m,byte_autocorr,18,DenseNet121|MobileNetV2|MobileNetV3Large,5,5,0.0011397034414703877,0.4,1.0,0.7
5,famous_le_10m,byte_autocorr,19,DenseNet121|MobileNetV2|MobileNetV3Large,5,5,0.0008178074397734095,0.2,1.0,0.6
5,famous_le_10m,byte_autocorr,20,DenseNet121|MobileNetV2|MobileNetV3Large,5,5,0.0006336885800436673,0.2,1.0,0.6
5,famous_le_10m,byte_autocorr,21,DenseNet121|MobileNetV2|MobileNetV3Large,5,5,0.0006989891259930767,0.2,1.0,0.6
5,famous_le_10m,byte_autocorr,22,DenseNet121|MobileNetV2|MobileNetV3Large,5,5,0.000947425270854351,0.2,0.8,0.5
5,famous_le_10m,byte_autocorr,23,DenseNet121|MobileNetV2|MobileNetV3Large,5,5,0.0009102962006341558,0.2,1.0,0.6
6,famous_le_10m,byte_entropy,1,EfficientNetV2B1|MobileNet|MobileNetV2,5,5,-0.9322342958663771,0.0,1.0,0.5
6,famous_le_10m,byte_entropy,2,EfficientNetV2B1|MobileNet|MobileNetV2,5,5,-0.9118034997294732,0.0,1.0,0.5
6,famous_le_10m,byte_entropy,3,EfficientNetV2B1|MobileNet|MobileNetV2,5,5,-0.91177027172114,0.0,1.0,0.5
6,famous_le_10m,byte_entropy,4,EfficientNetV2B1|MobileNet|MobileNetV2,5,5,-0.9118643121103941,0.0,1.0,0.5
6,famous_le_10m,byte_entropy,5,EfficientNetV2B1|MobileNet|MobileNetV2,5,5,-0.9118103257868492,0.0,1.0,0.5
6,famous_le_10m,byte_entropy,6,EfficientNetV2B1|MobileNet|MobileNetV2,5,5,-0.9119009824611255,0.0,1.0,0.5
6,famous_le_10m,byte_entropy,7,EfficientNetV2B1|MobileNet|MobileNetV2,5,5,-0.9119427922271081,0.0,1.0,0.5
6,famous_le_10m,byte_entropy,8,EfficientNetV2B1|MobileNet|MobileNetV2,5,5,-0.9124439558133308,0.0,1.0,0.5
6,famous_le_10m,byte_entropy,9,EfficientNetV2B1|MobileNet|MobileNetV2,5,5,-0.9119426277690553,0.0,1.0,0.5
6,famous_le_10m,byte_entropy,10,EfficientNetV2B1|MobileNet|MobileNetV2,5,5,-0.9118367934486526,0.0,1.0,0.5
6,famous_le_10m,byte_entropy,11,EfficientNetV2B1|MobileNet|MobileNetV2,5,5,-0.9117790051010106,0.0,1.0,0.5
6,famous_le_10m,byte_entropy,12,EfficientNetV2B1|MobileNet|MobileNetV2,5,5,-0.9117591316789475,0.0,1.0,0.5
6,famous_le_10m,byte_entropy,13,EfficientNetV2B1|MobileNet|MobileNetV2,5,5,-0.9116601951282822,0.0,1.0,0.5
6,famous_le_10m,byte_entropy,14,EfficientNetV2B1|MobileNet|MobileNetV2,5,5,-0.9116188910421488,0.0,1.0,0.5
6,famous_le_10m,byte_entropy,15,EfficientNetV2B1|MobileNet|MobileNetV2,5,5,-0.9154530740801244,0.0,1.0,0.5
6,famous_le_10m,byte_entropy,16,EfficientNetV2B1|MobileNet|MobileNetV2,5,5,0.27613435380343837,0.8,0.2,0.5
6,famous_le_10m,byte_entropy,17,EfficientNetV2B1|MobileNet|MobileNetV2,5,5,0.4641088525928181,0.8,0.2,0.5
6,famous_le_10m,byte_entropy,18,EfficientNetV2B1|MobileNet|MobileNetV2,5,5,0.6551954658758302,1.0,0.2,0.6
6,famous_le_10m,byte_entropy,19,EfficientNetV2B1|MobileNet|MobileNetV2,5,5,0.8438346613549547,1.0,0.2,0.6
6,famous_le_10m,byte_entropy,20,EfficientNetV2B1|MobileNet|MobileNetV2,5,5,1.0358985432138843,1.0,0.2,0.6
6,famous_le_10m,byte_entropy,21,EfficientNetV2B1|MobileNet|MobileNetV2,5,5,1.2381117793127565,1.0,0.4,0.7
6,famous_le_10m,byte_entropy,22,EfficientNetV2B1|MobileNet|MobileNetV2,5,5,0.08871092220901663,0.2,0.6,0.4
6,famous_le_10m,byte_entropy,23,EfficientNetV2B1|MobileNet|MobileNetV2,5,5,0.09089735416990787,0.2,1.0,0.6
6,famous_le_10m,histogram_kl,1,EfficientNetV2B1|MobileNet|MobileNetV2,5,5,-0.9828949509264834,0.0,1.0,0.5
6,famous_le_10m,histogram_kl,2,EfficientNetV2B1|MobileNet|MobileNetV2,5,5,-0.9825422705279934,0.0,1.0,0.5
6,famous_le_10m,histogram_kl,3,EfficientNetV2B1|MobileNet|MobileNetV2,5,5,-0.9824313739648322,0.0,1.0,0.5
6,famous_le_10m,histogram_kl,4,EfficientNetV2B1|MobileNet|MobileNetV2,5,5,-0.9821601164711611,0.0,1.0,0.5
6,famous_le_10m,histogram_kl,5,EfficientNetV2B1|MobileNet|MobileNetV2,5,5,-0.9819202601589386,0.0,1.0,0.5
6,famous_le_10m,histogram_kl,6,EfficientNetV2B1|MobileNet|MobileNetV2,5,5,-0.981586271996238,0.0,1.0,0.5
6,famous_le_10m,histogram_kl,7,EfficientNetV2B1|MobileNet|MobileNetV2,5,5,-0.981385214444958,0.0,1.0,0.5
6,famous_le_10m,histogram_kl,8,EfficientNetV2B1|MobileNet|MobileNetV2,5,5,-0.9807350690354284,0.0,1.0,0.5
6,famous_le_10m,histogram_kl,9,EfficientNetV2B1|MobileNet|MobileNetV2,5,5,-0.9810034781401004,0.0,1.0,0.5
6,famous_le_10m,histogram_kl,10,EfficientNetV2B1|MobileNet|MobileNetV2,5,5,-0.9808214850193484,0.0,1.0,0.5
6,famous_le_10m,histogram_kl,11,EfficientNetV2B1|MobileNet|MobileNetV2,5,5,-0.980709744230247,0.0,1.0,0.5
6,famous_le_10m,histogram_kl,12,EfficientNetV2B1|MobileNet|MobileNetV2,5,5,-0.9804116844753407,0.0,1.0,0.5
6,famous_le_10m,histogram_kl,13,EfficientNetV2B1|MobileNet|MobileNetV2,5,5,-0.9805015983338871,0.0,1.0,0.5
6,famous_le_10m,histogram_kl,14,EfficientNetV2B1|MobileNet|MobileNetV2,5,5,-0.9803359659057073,0.0,1.0,0.5
6,famous_le_10m,histogram_kl,15,EfficientNetV2B1|MobileNet|MobileNetV2,5,5,-0.9801874421659291,0.0,1.0,0.5
6,famous_le_10m,histogram_kl,16,EfficientNetV2B1|MobileNet|MobileNetV2,5,5,0.10360129990790065,1.0,0.0,0.5
6,famous_le_10m,histogram_kl,17,EfficientNetV2B1|MobileNet|MobileNetV2,5,5,0.17057477943459146,1.0,0.2,0.6
6,famous_le_10m,histogram_kl,18,EfficientNetV2B1|MobileNet|MobileNetV2,5,5,0.24053323676967728,1.0,0.2,0.6
6,famous_le_10m,histogram_kl,19,EfficientNetV2B1|MobileNet|MobileNetV2,5,5,0.30912542746465466,1.0,0.2,0.6
6,famous_le_10m,histogram_kl,20,EfficientNetV2B1|MobileNet|MobileNetV2,5,5,0.3756115730679134,1.0,0.2,0.6
6,famous_le_10m,histogram_kl,21,EfficientNetV2B1|MobileNet|MobileNetV2,5,5,0.4385147530222442,1.0,0.4,0.7
6,famous_le_10m,histogram_kl,22,EfficientNetV2B1|MobileNet|MobileNetV2,5,5,0.49844812779486614,1.0,0.4,0.7
6,famous_le_10m,histogram_kl,23,EfficientNetV2B1|MobileNet|MobileNetV2,5,5,0.5549871397393705,1.0,0.4,0.7
6,famous_le_10m,weight_value_dist,1,EfficientNetV2B1|MobileNet|MobileNetV2,5,5,6.048342999708481,0.0,1.0,0.5
6,famous_le_10m,weight_value_dist,2,EfficientNetV2B1|MobileNet|MobileNetV2,5,5,11.050506592819087,0.0,1.0,0.5
6,famous_le_10m,weight_value_dist,3,EfficientNetV2B1|MobileNet|MobileNetV2,5,5,12.213866775856097,0.0,1.0,0.5
6,famous_le_10m,weight_value_dist,4,EfficientNetV2B1|MobileNet|MobileNetV2,5,5,11.050508662585681,0.0,1.0,0.5
6,famous_le_10m,weight_value_dist,5,EfficientNetV2B1|MobileNet|MobileNetV2,5,5,7.0483512718528125,0.0,1.0,0.5
6,famous_le_10m,weight_value_dist,6,EfficientNetV2B1|MobileNet|MobileNetV2,5,5,12.214133987703477,0.0,1.0,0.5
6,famous_le_10m,weight_value_dist,7,EfficientNetV2B1|MobileNet|MobileNetV2,5,5,6.047404009446888,0.0,1.0,0.5
6,famous_le_10m,weight_value_dist,8,EfficientNetV2B1|MobileNet|MobileNetV2,5,5,7.048810860456282,0.0,1.0,0.5
6,famous_le_10m,weight_value_dist,9,EfficientNetV2B1|MobileNet|MobileNetV2,5,5,7.053317746820671,0.0,1.0,0.5
6,famous_le_10m,weight_value_dist,10,EfficientNetV2B1|MobileNet|MobileNetV2,5,5,7.0575015059066715,0.0,1.0,0.5
6,famous_le_10m,weight_value_dist,11,EfficientNetV2B1|MobileNet|MobileNetV2,5,5,7.049526235097405,0.0,1.0,0.5
6,famous_le_10m,weight_value_dist,12,EfficientNetV2B1|MobileNet|MobileNetV2,5,5,7.059592347440082,0.0,1.0,0.5
6,famous_le_10m,weight_value_dist,13,EfficientNetV2B1|MobileNet|MobileNetV2,5,5,7.075108716514469,0.0,1.0,0.5
6,famous_le_10m,weight_value_dist,14,EfficientNetV2B1|MobileNet|MobileNetV2,5,5,7.062066153723251,0.0,1.0,0.5
6,famous_le_10m,weight_value_dist,15,EfficientNetV2B1|MobileNet|MobileNetV2,5,5,7.1407480021993575,0.0,1.0,0.5
6,famous_le_10m,weight_value_dist,16,EfficientNetV2B1|MobileNet|MobileNetV2,5,5,7.077271490883573,0.0,1.0,0.5
6,famous_le_10m,weight_value_dist,17,EfficientNetV2B1|MobileNet|MobileNetV2,5,5,7.096514827782208,0.0,1.0,0.5
6,famous_le_10m,weight_value_dist,18,EfficientNetV2B1|MobileNet|MobileNetV2,5,5,7.16318890409618,0.0,1.0,0.5
6,famous_le_10m,weight_value_dist,19,EfficientNetV2B1|MobileNet|MobileNetV2,5,5,12.35636241751164,0.0,1.0,0.5
6,famous_le_10m,weight_value_dist,20,EfficientNetV2B1|MobileNet|MobileNetV2,5,5,12.592920830193503,0.0,1.0,0.5
6,famous_le_10m,weight_value_dist,21,EfficientNetV2B1|MobileNet|MobileNetV2,5,5,14.658212187256892,0.2,0.8,0.5
6,famous_le_10m,weight_value_dist,22,EfficientNetV2B1|MobileNet|MobileNetV2,5,5,12.445588703710904,0.0,1.0,0.5
6,famous_le_10m,weight_value_dist,23,EfficientNetV2B1|MobileNet|MobileNetV2,5,5,19.082931973976812,0.2,1.0,0.6
6,famous_le_10m,byte_autocorr,1,EfficientNetV2B1|MobileNet|MobileNetV2,5,5,-0.9997723987848723,0.0,1.0,0.5
6,famous_le_10m,byte_autocorr,2,EfficientNetV2B1|MobileNet|MobileNetV2,5,5,-0.9997621755959168,0.0,1.0,0.5
6,famous_le_10m,byte_autocorr,3,EfficientNetV2B1|MobileNet|MobileNetV2,5,5,-0.9997668943688671,0.0,1.0,0.5
6,famous_le_10m,byte_autocorr,4,EfficientNetV2B1|MobileNet|MobileNetV2,5,5,0.00023960454876554248,0.0,1.0,0.5
6,famous_le_10m,byte_autocorr,5,EfficientNetV2B1|MobileNet|MobileNetV2,5,5,0.0012589339404703807,0.4,0.6,0.5
6,famous_le_10m,byte_autocorr,6,EfficientNetV2B1|MobileNet|MobileNetV2,5,5,0.0002535348111424239,0.0,0.6,0.3
6,famous_le_10m,byte_autocorr,7,EfficientNetV2B1|MobileNet|MobileNetV2,5,5,0.0012596904189018931,0.4,0.4,0.4
6,famous_le_10m,byte_autocorr,8,EfficientNetV2B1|MobileNet|MobileNetV2,5,5,0.0025786564713013195,0.8,1.0,0.9
6,famous_le_10m,byte_autocorr,9,EfficientNetV2B1|MobileNet|MobileNetV2,5,5,0.0015864448509695316,0.6,1.0,0.8
6,famous_le_10m,byte_autocorr,10,EfficientNetV2B1|MobileNet|MobileNetV2,5,5,0.001340973498705825,0.4,1.0,0.7
6,famous_le_10m,byte_autocorr,11,EfficientNetV2B1|MobileNet|MobileNetV2,5,5,0.0018052137180583215,0.6,0.2,0.4
6,famous_le_10m,byte_autocorr,12,EfficientNetV2B1|MobileNet|MobileNetV2,5,5,0.00107441261001572,0.4,1.0,0.7
6,famous_le_10m,byte_autocorr,13,EfficientNetV2B1|MobileNet|MobileNetV2,5,5,0.0014901282155771506,0.4,0.2,0.30000000000000004
6,famous_le_10m,byte_autocorr,14,EfficientNetV2B1|MobileNet|MobileNetV2,5,5,0.001585153592871779,0.6,0.2,0.4
6,famous_le_10m,byte_autocorr,15,EfficientNetV2B1|MobileNet|MobileNetV2,5,5,0.001890539882722979,0.6,0.4,0.5
6,famous_le_10m,byte_autocorr,16,EfficientNetV2B1|MobileNet|MobileNetV2,5,5,0.0035096740428070235,0.8,0.8,0.8
6,famous_le_10m,byte_autocorr,17,EfficientNetV2B1|MobileNet|MobileNetV2,5,5,0.0010792513247173973,0.4,0.6,0.5
6,famous_le_10m,byte_autocorr,18,EfficientNetV2B1|MobileNet|MobileNetV2,5,5,0.001502723760885589,0.4,0.6,0.5
6,famous_le_10m,byte_autocorr,19,EfficientNetV2B1|MobileNet|MobileNetV2,5,5,0.001331525336225589,0.4,0.6,0.5
6,famous_le_10m,byte_autocorr,20,EfficientNetV2B1|MobileNet|MobileNetV2,5,5,0.00043400468500425155,0.0,0.6,0.3
6,famous_le_10m,byte_autocorr,21,EfficientNetV2B1|MobileNet|MobileNetV2,5,5,0.2377400651536461,1.0,0.4,0.7
6,famous_le_10m,byte_autocorr,22,EfficientNetV2B1|MobileNet|MobileNetV2,5,5,0.2501401683211905,1.0,0.4,0.7
6,famous_le_10m,byte_autocorr,23,EfficientNetV2B1|MobileNet|MobileNetV2,5,5,0.2604640045527651,1.0,0.4,0.7
7,famous_le_10m,byte_entropy,1,MobileNetV2|MobileNetV3Large|NASNetMobile,5,5,0.024122796680722328,0.2,0.8,0.5
7,famous_le_10m,byte_entropy,2,MobileNetV2|MobileNetV3Large|NASNetMobile,5,5,0.024119201283990133,0.2,0.8,0.5
7,famous_le_10m,byte_entropy,3,MobileNetV2|MobileNetV3Large|NASNetMobile,5,5,0.024118912657809348,0.2,0.8,0.5
7,famous_le_10m,byte_entropy,4,MobileNetV2|MobileNetV3Large|NASNetMobile,5,5,0.024119789440344756,0.2,0.8,0.5
7,famous_le_10m,byte_entropy,5,MobileNetV2|MobileNetV3Large|NASNetMobile,5,5,0.024119263441805965,0.2,0.8,0.5
7,famous_le_10m,byte_entropy,6,MobileNetV2|MobileNetV3Large|NASNetMobile,5,5,0.024120181558574372,0.2,0.8,0.5
7,famous_le_10m,byte_entropy,7,MobileNetV2|MobileNetV3Large|NASNetMobile,5,5,0.024120663009410598,0.2,0.8,0.5
7,famous_le_10m,byte_entropy,8,MobileNetV2|MobileNetV3Large|NASNetMobile,5,5,0.024129283255442495,0.2,0.8,0.5
7,famous_le_10m,byte_entropy,9,MobileNetV2|MobileNetV3Large|NASNetMobile,5,5,0.024120665698808396,0.2,0.8,0.5
7,famous_le_10m,byte_entropy,10,MobileNetV2|MobileNetV3Large|NASNetMobile,5,5,0.024119530203764544,0.2,0.8,0.5
7,famous_le_10m,byte_entropy,11,MobileNetV2|MobileNetV3Large|NASNetMobile,5,5,0.024118993206461853,0.2,0.8,0.5
7,famous_le_10m,byte_entropy,12,MobileNetV2|MobileNetV3Large|NASNetMobile,5,5,0.02411888150196533,0.2,0.8,0.5
7,famous_le_10m,byte_entropy,13,MobileNetV2|MobileNetV3Large|NASNetMobile,5,5,0.024118206343881995,0.2,0.8,0.5
7,famous_le_10m,byte_entropy,14,MobileNetV2|MobileNetV3Large|NASNetMobile,5,5,0.024117998404633925,0.2,0.8,0.5
7,famous_le_10m,byte_entropy,15,MobileNetV2|MobileNetV3Large|NASNetMobile,5,5,0.024118011129403552,0.2,0.8,0.5
7,famous_le_10m,byte_entropy,16,MobileNetV2|MobileNetV3Large|NASNetMobile,5,5,0.02411921936093521,0.2,0.8,0.5
7,famous_le_10m,byte_entropy,17,MobileNetV2|MobileNetV3Large|NASNetMobile,5,5,0.024117812374022204,0.2,0.8,0.5
7,famous_le_10m,byte_entropy,18,MobileNetV2|MobileNetV3Large|NASNetMobile,5,5,0.02411761299879719,0.2,0.8,0.5
7,famous_le_10m,byte_entropy,19,MobileNetV2|MobileNetV3Large|NASNetMobile,5,5,0.07988501292950392,0.4,0.6,0.5
7,famous_le_10m,byte_entropy,20,MobileNetV2|MobileNetV3Large|NASNetMobile,5,5,0.07988887225401431,0.4,0.6,0.5
7,famous_le_10m,byte_entropy,21,MobileNetV2|MobileNetV3Large|NASNetMobile,5,5,0.024146910429268763,0.2,0.8,0.5
7,famous_le_10m,byte_entropy,22,MobileNetV2|MobileNetV3Large|NASNetMobile,5,5,0.024741274700281698,0.2,0.8,0.5
7,famous_le_10m,byte_entropy,23,MobileNetV2|MobileNetV3Large|NASNetMobile,5,5,0.08740481333487521,0.4,0.6,0.5
7,famous_le_10m,histogram_kl,1,MobileNetV2|MobileNetV3Large|NASNetMobile,5,5,0.00011690201225590793,0.6,0.8,0.7
7,famous_le_10m,histogram_kl,2,MobileNetV2|MobileNetV3Large|NASNetMobile,5,5,8.025970524909134e-05,0.6,0.8,0.7
7,famous_le_10m,histogram_kl,3,MobileNetV2|MobileNetV3Large|NASNetMobile,5,5,7.881544851865455e-05,0.6,0.8,0.7
7,famous_le_10m,histogram_kl,4,MobileNetV2|MobileNetV3Large|NASNetMobile,5,5,9.178592495043221e-05,0.6,0.8,0.7
7,famous_le_10m,histogram_kl,5,MobileNetV2|MobileNetV3Large|NASNetMobile,5,5,9.016617517356893e-05,0.6,0.8,0.7
7,famous_le_10m,histogram_kl,6,MobileNetV2|MobileNetV3Large|NASNetMobile,5,5,0.0001030574833690608,0.6,0.8,0.7
7,famous_le_10m,histogram_kl,7,MobileNetV2|MobileNetV3Large|NASNetMobile,5,5,0.00010954076117279812,0.6,0.8,0.7
7,famous_le_10m,histogram_kl,8,MobileNetV2|MobileNetV3Large|NASNetMobile,5,5,0.00018663084344751243,0.6,0.6,0.6
7,famous_le_10m,histogram_kl,9,MobileNetV2|MobileNetV3Large|NASNetMobile,5,5,0.00011151929895502553,0.6,0.6,0.6
7,famous_le_10m,histogram_kl,10,MobileNetV2|MobileNetV3Large|NASNetMobile,5,5,9.059614728210998e-05,0.6,0.8,0.7
7,famous_le_10m,histogram_kl,11,MobileNetV2|MobileNetV3Large|NASNetMobile,5,5,8.715424149365714e-05,0.6,0.6,0.6
7,famous_le_10m,histogram_kl,12,MobileNetV2|MobileNetV3Large|NASNetMobile,5,5,8.34867963202996e-05,0.6,0.6,0.6
7,famous_le_10m,histogram_kl,13,MobileNetV2|MobileNetV3Large|NASNetMobile,5,5,6.799480669870386e-05,0.6,0.6,0.6
7,famous_le_10m,histogram_kl,14,MobileNetV2|MobileNetV3Large|NASNetMobile,5,5,5.926591478110175e-05,0.4,0.6,0.5
7,famous_le_10m,histogram_kl,15,MobileNetV2|MobileNetV3Large|NASNetMobile,5,5,5.9441137917657684e-05,0.4,1.0,0.7
7,famous_le_10m,histogram_kl,16,MobileNetV2|MobileNetV3Large|NASNetMobile,5,5,8.388287141031242e-05,0.6,1.0,0.8
7,famous_le_10m,histogram_kl,17,MobileNetV2|MobileNetV3Large|NASNetMobile,5,5,4.694743804408292e-05,0.4,1.0,0.7
7,famous_le_10m,histogram_kl,18,MobileNetV2|MobileNetV3Large|NASNetMobile,5,5,4.949334126213542e-05,0.4,1.0,0.7
7,famous_le_10m,histogram_kl,19,MobileNetV2|MobileNetV3Large|NASNetMobile,5,5,4.407753266047633e-05,0.4,1.0,0.7
7,famous_le_10m,histogram_kl,20,MobileNetV2|MobileNetV3Large|NASNetMobile,5,5,4.949720741430992e-05,0.4,1.0,0.7
7,famous_le_10m,histogram_kl,21,MobileNetV2|MobileNetV3Large|NASNetMobile,5,5,3.9537048523391384e-05,0.2,1.0,0.6
7,famous_le_10m,histogram_kl,22,MobileNetV2|MobileNetV3Large|NASNetMobile,5,5,4.270121656510143e-05,0.4,1.0,0.7
7,famous_le_10m,histogram_kl,23,MobileNetV2|MobileNetV3Large|NASNetMobile,5,5,6.623900090889292e-05,0.6,1.0,0.8
7,famous_le_10m,weight_value_dist,1,MobileNetV2|MobileNetV3Large|NASNetMobile,5,5,9.850094768807846,0.0,1.0,0.5
7,famous_le_10m,weight_value_dist,2,MobileNetV2|MobileNetV3Large|NASNetMobile,5,5,8.30211602988475,0.0,1.0,0.5
7,famous_le_10m,weight_value_dist,3,MobileNetV2|MobileNetV3Large|NASNetMobile,5,5,8.302115985992227,0.0,1.0,0.5
7,famous_le_10m,weight_value_dist,4,MobileNetV2|MobileNetV3Large|NASNetMobile,5,5,8.302115167671987,0.0,1.0,0.5
7,famous_le_10m,weight_value_dist,5,MobileNetV2|MobileNetV3Large|NASNetMobile,5,5,7.298914377839791,0.0,1.0,0.5
7,famous_le_10m,weight_value_dist,6,MobileNetV2|MobileNetV3Large|NASNetMobile,5,5,9.85012163958271,0.0,1.0,0.5
7,famous_le_10m,weight_value_dist,7,MobileNetV2|MobileNetV3Large|NASNetMobile,5,5,8.30207503706045,0.0,1.0,0.5
7,famous_le_10m,weight_value_dist,8,MobileNetV2|MobileNetV3Large|NASNetMobile,5,5,8.302199554422629,0.0,1.0,0.5
7,famous_le_10m,weight_value_dist,9,MobileNetV2|MobileNetV3Large|NASNetMobile,5,5,8.305918053239015,0.0,1.0,0.5
7,famous_le_10m,weight_value_dist,10,MobileNetV2|MobileNetV3Large|NASNetMobile,5,5,9.852131668621695,0.0,1.0,0.5
7,famous_le_10m,weight_value_dist,11,MobileNetV2|MobileNetV3Large|NASNetMobile,5,5,12.454158596258278,0.0,1.0,0.5
7,famous_le_10m,weight_value_dist,12,MobileNetV2|MobileNetV3Large|NASNetMobile,5,5,8.312022936259687,0.0,1.0,0.5
7,famous_le_10m,weight_value_dist,13,MobileNetV2|MobileNetV3Large|NASNetMobile,5,5,8.306253261277082,0.0,1.0,0.5
7,famous_le_10m,weight_value_dist,14,MobileNetV2|MobileNetV3Large|NASNetMobile,5,5,7.294979301226819,0.0,1.0,0.5
7,famous_le_10m,weight_value_dist,15,MobileNetV2|MobileNetV3Large|NASNetMobile,5,5,7.24431354808606,0.0,1.0,0.5
7,famous_le_10m,weight_value_dist,16,MobileNetV2|MobileNetV3Large|NASNetMobile,5,5,9.895845877226222,0.0,1.0,0.5
7,famous_le_10m,weight_value_dist,17,MobileNetV2|MobileNetV3Large|NASNetMobile,5,5,8.319838855320217,0.0,1.0,0.5
7,famous_le_10m,weight_value_dist,18,MobileNetV2|MobileNetV3Large|NASNetMobile,5,5,8.33706679806698,0.0,1.0,0.5
7,famous_le_10m,weight_value_dist,19,MobileNetV2|MobileNetV3Large|NASNetMobile,5,5,8.357458895044026,0.0,1.0,0.5
7,famous_le_10m,weight_value_dist,20,MobileNetV2|MobileNetV3Large|NASNetMobile,5,5,8.506359183505186,0.0,1.0,0.5
7,famous_le_10m,weight_value_dist,21,MobileNetV2|MobileNetV3Large|NASNetMobile,5,5,9.001600525844832,0.0,1.0,0.5
7,famous_le_10m,weight_value_dist,22,MobileNetV2|MobileNetV3Large|NASNetMobile,5,5,10.67626165295663,0.0,1.0,0.5
7,famous_le_10m,weight_value_dist,23,MobileNetV2|MobileNetV3Large|NASNetMobile,5,5,15.90864560759546,0.0,1.0,0.5
7,famous_le_10m,byte_autocorr,1,MobileNetV2|MobileNetV3Large|NASNetMobile,5,5,4.639642835202923e-05,0.0,1.0,0.5
7,famous_le_10m,byte_autocorr,2,MobileNetV2|MobileNetV3Large|NASNetMobile,5,5,5.272709359822809e-05,0.0,1.0,0.5
7,famous_le_10m,byte_autocorr,3,MobileNetV2|MobileNetV3Large|NASNetMobile,5,5,5.187862401853775e-05,0.0,1.0,0.5
7,famous_le_10m,byte_autocorr,4,MobileNetV2|MobileNetV3Large|NASNetMobile,5,5,7.432068249760962e-05,0.0,1.0,0.5
7,famous_le_10m,byte_autocorr,5,MobileNetV2|MobileNetV3Large|NASNetMobile,5,5,0.0007480882827274709,0.4,0.6,0.5
7,famous_le_10m,byte_autocorr,6,MobileNetV2|MobileNetV3Large|NASNetMobile,5,5,0.0007626931936607847,0.4,0.8,0.6000000000000001
7,famous_le_10m,byte_autocorr,7,MobileNetV2|MobileNetV3Large|NASNetMobile,5,5,0.0011177079642572631,0.4,1.0,0.7
7,famous_le_10m,byte_autocorr,8,MobileNetV2|MobileNetV3Large|NASNetMobile,5,5,0.004254458581405368,0.8,1.0,0.9
7,famous_le_10m,byte_autocorr,9,MobileNetV2|MobileNetV3Large|NASNetMobile,5,5,0.0027072061693123174,0.8,1.0,0.9
7,famous_le_10m,byte_autocorr,10,MobileNetV2|MobileNetV3Large|NASNetMobile,5,5,0.002447166096650652,0.8,1.0,0.9
7,famous_le_10m,byte_autocorr,11,MobileNetV2|MobileNetV3Large|NASNetMobile,5,5,0.0017276476965804159,0.6,1.0,0.8
7,famous_le_10m,byte_autocorr,12,MobileNetV2|MobileNetV3Large|NASNetMobile,5,5,0.002172044274775572,0.6,1.0,0.8
7,famous_le_10m,byte_autocorr,13,MobileNetV2|MobileNetV3Large|NASNetMobile,5,5,0.0014711698381088094,0.4,0.6,0.5
7,famous_le_10m,byte_autocorr,14,MobileNetV2|MobileNetV3Large|NASNetMobile,5,5,0.0015820727357453092,0.6,1.0,0.8
7,famous_le_10m,byte_autocorr,15,MobileNetV2|MobileNetV3Large|NASNetMobile,5,5,0.0018643104935805324,0.6,1.0,0.8
7,famous_le_10m,byte_autocorr,16,MobileNetV2|MobileNetV3Large|NASNetMobile,5,5,0.0032626650404720295,0.8,1.0,0.9
7,famous_le_10m,byte_autocorr,17,MobileNetV2|MobileNetV3Large|NASNetMobile,5,5,0.0011893128683535532,0.4,1.0,0.7
7,famous_le_10m,byte_autocorr,18,MobileNetV2|MobileNetV3Large|NASNetMobile,5,5,0.001514741284724419,0.4,1.0,0.7
7,famous_le_10m,byte_autocorr,19,MobileNetV2|MobileNetV3Large|NASNetMobile,5,5,0.0011928452830274406,0.4,1.0,0.7
7,famous_le_10m,byte_autocorr,20,MobileNetV2|MobileNetV3Large|NASNetMobile,5,5,0.0009867912906046136,0.4,1.0,0.7
7,famous_le_10m,byte_autocorr,21,MobileNetV2|MobileNetV3Large|NASNetMobile,5,5,0.0010298554081639303,0.4,1.0,0.7
7,famous_le_10m,byte_autocorr,22,MobileNetV2|MobileNetV3Large|NASNetMobile,5,5,0.0009188481060461313,0.4,1.0,0.7
7,famous_le_10m,byte_autocorr,23,MobileNetV2|MobileNetV3Large|NASNetMobile,5,5,0.0012853340438881869,0.4,1.0,0.7
8,famous_le_10m,byte_entropy,1,EfficientNetV2B0|EfficientNetV2B1|MobileNetV2,5,5,0.08118368892825785,0.0,1.0,0.5
8,famous_le_10m,byte_entropy,2,EfficientNetV2B0|EfficientNetV2B1|MobileNetV2,5,5,0.12155842462977107,0.0,1.0,0.5
8,famous_le_10m,byte_entropy,3,EfficientNetV2B0|EfficientNetV2B1|MobileNetV2,5,5,0.13091896827095734,0.0,1.0,0.5
8,famous_le_10m,byte_entropy,4,EfficientNetV2B0|EfficientNetV2B1|MobileNetV2,5,5,0.1338569669072739,0.0,1.0,0.5
8,famous_le_10m,byte_entropy,5,EfficientNetV2B0|EfficientNetV2B1|MobileNetV2,5,5,0.1347514217592043,0.0,1.0,0.5
8,famous_le_10m,byte_entropy,6,EfficientNetV2B0|EfficientNetV2B1|MobileNetV2,5,5,0.13500393166127,0.0,1.0,0.5
8,famous_le_10m,byte_entropy,7,EfficientNetV2B0|EfficientNetV2B1|MobileNetV2,5,5,0.13508604924430018,0.0,1.0,0.5
8,famous_le_10m,byte_entropy,8,EfficientNetV2B0|EfficientNetV2B1|MobileNetV2,5,5,0.13504508546935265,0.0,1.0,0.5
8,famous_le_10m,byte_entropy,9,EfficientNetV2B0|EfficientNetV2B1|MobileNetV2,5,5,0.135104796845619,0.0,1.0,0.5
8,famous_le_10m,byte_entropy,10,EfficientNetV2B0|EfficientNetV2B1|MobileNetV2,5,5,0.1351235915740303,0.0,1.0,0.5
8,famous_le_10m,byte_entropy,11,EfficientNetV2B0|EfficientNetV2B1|MobileNetV2,5,5,0.13512888314497068,0.0,1.0,0.5
8,famous_le_10m,byte_entropy,12,EfficientNetV2B0|EfficientNetV2B1|MobileNetV2,5,5,0.1351318839937522,0.0,1.0,0.5
8,famous_le_10m,byte_entropy,13,EfficientNetV2B0|EfficientNetV2B1|MobileNetV2,5,5,0.13514399001823266,0.0,1.0,0.5
8,famous_le_10m,byte_entropy,14,EfficientNetV2B0|EfficientNetV2B1|MobileNetV2,5,5,0.13515006295708415,0.0,1.0,0.5
8,famous_le_10m,byte_entropy,15,EfficientNetV2B0|EfficientNetV2B1|MobileNetV2,5,5,0.11401601172906246,0.0,1.0,0.5
8,famous_le_10m,byte_entropy,16,EfficientNetV2B0|EfficientNetV2B1|MobileNetV2,5,5,0.13512951659317135,0.0,1.0,0.5
8,famous_le_10m,byte_entropy,17,EfficientNetV2B0|EfficientNetV2B1|MobileNetV2,5,5,0.12042648135717254,0.0,1.0,0.5
8,famous_le_10m,byte_entropy,18,EfficientNetV2B0|EfficientNetV2B1|MobileNetV2,5,5,0.13771579585605387,0.0,1.0,0.5
8,famous_le_10m,byte_entropy,19,EfficientNetV2B0|EfficientNetV2B1|MobileNetV2,5,5,0.13773193388559607,0.0,1.0,0.5
8,famous_le_10m,byte_entropy,20,EfficientNetV2B0|EfficientNetV2B1|MobileNetV2,5,5,0.1377227893919152,0.0,1.0,0.5
8,famous_le_10m,byte_entropy,21,EfficientNetV2B0|EfficientNetV2B1|MobileNetV2,5,5,0.13774399604912335,0.0,1.0,0.5
8,famous_le_10m,byte_entropy,22,EfficientNetV2B0|EfficientNetV2B1|MobileNetV2,5,5,0.17575226904179392,0.2,0.8,0.5
8,famous_le_10m,byte_entropy,23,EfficientNetV2B0|EfficientNetV2B1|MobileNetV2,5,5,0.17690420778426094,0.2,0.6,0.4
8,famous_le_10m,histogram_kl,1,EfficientNetV2B0|EfficientNetV2B1|MobileNetV2,5,5,0.04056542873066708,0.0,1.0,0.5
8,famous_le_10m,histogram_kl,2,EfficientNetV2B0|EfficientNetV2B1|MobileNetV2,5,5,0.04124535776985164,0.0,1.0,0.5
8,famous_le_10m,histogram_kl,3,EfficientNetV2B0|EfficientNetV2B1|MobileNetV2,5,5,0.04149523737575675,0.0,1.0,0.5
8,famous_le_10m,histogram_kl,4,EfficientNetV2B0|EfficientNetV2B1|MobileNetV2,5,5,0.041870772237049936,0.0,1.0,0.5
8,famous_le_10m,histogram_kl,5,EfficientNetV2B0|EfficientNetV2B1|MobileNetV2,5,5,0.04208766670481533,0.0,1.0,0.5
8,famous_le_10m,histogram_kl,6,EfficientNetV2B0|EfficientNetV2B1|MobileNetV2,5,5,0.04241465063812477,0.0,1.0,0.5
8,famous_le_10m,histogram_kl,7,EfficientNetV2B0|EfficientNetV2B1|MobileNetV2,5,5,0.04259073924329909,0.0,1.0,0.5
8,famous_le_10m,histogram_kl,8,EfficientNetV2B0|EfficientNetV2B1|MobileNetV2,5,5,0.0430407622799327,0.0,1.0,0.5
8,famous_le_10m,histogram_kl,9,EfficientNetV2B0|EfficientNetV2B1|MobileNetV2,5,5,0.042897277145579865,0.0,1.0,0.5
8,famous_le_10m,histogram_kl,10,EfficientNetV2B0|EfficientNetV2B1|MobileNetV2,5,5,0.043057861575912695,0.0,1.0,0.5
8,famous_le_10m,histogram_kl,11,EfficientNetV2B0|EfficientNetV2B1|MobileNetV2,5,5,0.04315867744091251,0.0,1.0,0.5
8,famous_le_10m,histogram_kl,12,EfficientNetV2B0|EfficientNetV2B1|MobileNetV2,5,5,0.04343162779347208,0.0,1.0,0.5
8,famous_le_10m,histogram_kl,13,EfficientNetV2B0|EfficientNetV2B1|MobileNetV2,5,5,0.043348356192902684,0.0,1.0,0.5
8,famous_le_10m,histogram_kl,14,EfficientNetV2B0|EfficientNetV2B1|MobileNetV2,5,5,0.043488768105481926,0.0,1.0,0.5
8,famous_le_10m,histogram_kl,15,EfficientNetV2B0|EfficientNetV2B1|MobileNetV2,5,5,0.042278381147869845,0.0,1.0,0.5
8,famous_le_10m,histogram_kl,16,EfficientNetV2B0|EfficientNetV2B1|MobileNetV2,5,5,0.04359750856728545,0.0,1.0,0.5
8,famous_le_10m,histogram_kl,17,EfficientNetV2B0|EfficientNetV2B1|MobileNetV2,5,5,0.04101899397799828,0.0,1.0,0.5
8,famous_le_10m,histogram_kl,18,EfficientNetV2B0|EfficientNetV2B1|MobileNetV2,5,5,0.043897973304006424,0.0,1.0,0.5
8,famous_le_10m,histogram_kl,19,EfficientNetV2B0|EfficientNetV2B1|MobileNetV2,5,5,0.04364889671308836,0.0,1.0,0.5
8,famous_le_10m,histogram_kl,20,EfficientNetV2B0|EfficientNetV2B1|MobileNetV2,5,5,0.043889995561343736,0.0,1.0,0.5
8,famous_le_10m,histogram_kl,21,EfficientNetV2B0|EfficientNetV2B1|MobileNetV2,5,5,0.043931651336713784,0.0,1.0,0.5
8,famous_le_10m,histogram_kl,22,EfficientNetV2B0|EfficientNetV2B1|MobileNetV2,5,5,0.04393716348993883,0.0,1.0,0.5
8,famous_le_10m,histogram_kl,23,EfficientNetV2B0|EfficientNetV2B1|MobileNetV2,5,5,0.04394298327146437,0.0,1.0,0.5
8,famous_le_10m,weight_value_dist,1,EfficientNetV2B0|EfficientNetV2B1|MobileNetV2,5,5,8.106522160395047,0.0,1.0,0.5
8,famous_le_10m,weight_value_dist,2,EfficientNetV2B0|EfficientNetV2B1|MobileNetV2,5,5,14.20565751037746,0.0,1.0,0.5
8,famous_le_10m,weight_value_dist,3,EfficientNetV2B0|EfficientNetV2B1|MobileNetV2,5,5,7.311176188048491,0.0,1.0,0.5
8,famous_le_10m,weight_value_dist,4,EfficientNetV2B0|EfficientNetV2B1|MobileNetV2,5,5,7.31122184630588,0.0,1.0,0.5
8,famous_le_10m,weight_value_dist,5,EfficientNetV2B0|EfficientNetV2B1|MobileNetV2,5,5,7.311178582690381,0.0,1.0,0.5
8,famous_le_10m,weight_value_dist,6,EfficientNetV2B0|EfficientNetV2B1|MobileNetV2,5,5,7.3114398609883064,0.0,1.0,0.5
8,famous_le_10m,weight_value_dist,7,EfficientNetV2B0|EfficientNetV2B1|MobileNetV2,5,5,7.311222914551316,0.0,1.0,0.5
8,famous_le_10m,weight_value_dist,8,EfficientNetV2B0|EfficientNetV2B1|MobileNetV2,5,5,8.106626726444018,0.0,1.0,0.5
8,famous_le_10m,weight_value_dist,9,EfficientNetV2B0|EfficientNetV2B1|MobileNetV2,5,5,14.206093584302499,0.0,1.0,0.5
8,famous_le_10m,weight_value_dist,10,EfficientNetV2B0|EfficientNetV2B1|MobileNetV2,5,5,14.211332506729399,0.0,1.0,0.5
8,famous_le_10m,weight_value_dist,11,EfficientNetV2B0|EfficientNetV2B1|MobileNetV2,5,5,7.31262195396681,0.0,1.0,0.5
8,famous_le_10m,weight_value_dist,12,EfficientNetV2B0|EfficientNetV2B1|MobileNetV2,5,5,8.114139785409641,0.0,1.0,0.5
8,famous_le_10m,weight_value_dist,13,EfficientNetV2B0|EfficientNetV2B1|MobileNetV2,5,5,14.211446439259667,0.0,1.0,0.5
8,famous_le_10m,weight_value_dist,14,EfficientNetV2B0|EfficientNetV2B1|MobileNetV2,5,5,8.138552372096978,0.0,1.0,0.5
8,famous_le_10m,weight_value_dist,15,EfficientNetV2B0|EfficientNetV2B1|MobileNetV2,5,5,7.346031217425168,0.0,1.0,0.5
8,famous_le_10m,weight_value_dist,16,EfficientNetV2B0|EfficientNetV2B1|MobileNetV2,5,5,7.339607342438784,0.0,1.0,0.5
8,famous_le_10m,weight_value_dist,17,EfficientNetV2B0|EfficientNetV2B1|MobileNetV2,5,5,7.376244808071859,0.0,1.0,0.5
8,famous_le_10m,weight_value_dist,18,EfficientNetV2B0|EfficientNetV2B1|MobileNetV2,5,5,7.370779553402947,0.0,1.0,0.5
8,famous_le_10m,weight_value_dist,19,EfficientNetV2B0|EfficientNetV2B1|MobileNetV2,5,5,7.5784773833556365,0.0,1.0,0.5
8,famous_le_10m,weight_value_dist,20,EfficientNetV2B0|EfficientNetV2B1|MobileNetV2,5,5,8.43212891437426,0.0,1.0,0.5
8,famous_le_10m,weight_value_dist,21,EfficientNetV2B0|EfficientNetV2B1|MobileNetV2,5,5,8.835874936513276,0.0,1.0,0.5
8,famous_le_10m,weight_value_dist,22,EfficientNetV2B0|EfficientNetV2B1|MobileNetV2,5,5,10.059420904990413,0.0,1.0,0.5
8,famous_le_10m,weight_value_dist,23,EfficientNetV2B0|EfficientNetV2B1|MobileNetV2,5,5,19.48623868030106,0.2,1.0,0.6
8,famous_le_10m,byte_autocorr,1,EfficientNetV2B0|EfficientNetV2B1|MobileNetV2,5,5,0.0009658046236296289,0.0,1.0,0.5
8,famous_le_10m,byte_autocorr,2,EfficientNetV2B0|EfficientNetV2B1|MobileNetV2,5,5,0.0010401718906211841,0.0,1.0,0.5
8,famous_le_10m,byte_autocorr,3,EfficientNetV2B0|EfficientNetV2B1|MobileNetV2,5,5,0.001152392952424147,0.0,1.0,0.5
8,famous_le_10m,byte_autocorr,4,EfficientNetV2B0|EfficientNetV2B1|MobileNetV2,5,5,0.0012916629585826953,0.0,1.0,0.5
8,famous_le_10m,byte_autocorr,5,EfficientNetV2B0|EfficientNetV2B1|MobileNetV2,5,5,0.001478401268228881,0.0,1.0,0.5
8,famous_le_10m,byte_autocorr,6,EfficientNetV2B0|EfficientNetV2B1|MobileNetV2,5,5,-0.9995102788173282,0.0,1.0,0.5
8,famous_le_10m,byte_autocorr,7,EfficientNetV2B0|EfficientNetV2B1|MobileNetV2,5,5,-0.9996824326194217,0.0,1.0,0.5
8,famous_le_10m,byte_autocorr,8,EfficientNetV2B0|EfficientNetV2B1|MobileNetV2,5,5,0.0014472111128307783,0.0,1.0,0.5
8,famous_le_10m,byte_autocorr,9,EfficientNetV2B0|EfficientNetV2B1|MobileNetV2,5,5,-0.999975454325729,0.0,1.0,0.5
8,famous_le_10m,byte_autocorr,10,EfficientNetV2B0|EfficientNetV2B1|MobileNetV2,5,5,-0.9996965944297189,0.0,1.0,0.5
8,famous_le_10m,byte_autocorr,11,EfficientNetV2B0|EfficientNetV2B1|MobileNetV2,5,5,-0.9991115819874506,0.0,1.0,0.5
8,famous_le_10m,byte_autocorr,12,EfficientNetV2B0|EfficientNetV2B1|MobileNetV2,5,5,-0.9994605190602157,0.0,1.0,0.5
8,famous_le_10m,byte_autocorr,13,EfficientNetV2B0|EfficientNetV2B1|MobileNetV2,5,5,-0.99920940058631,0.0,1.0,0.5
8,famous_le_10m,byte_autocorr,14,EfficientNetV2B0|EfficientNetV2B1|MobileNetV2,5,5,-0.9993980420928081,0.0,1.0,0.5
8,famous_le_10m,byte_autocorr,15,EfficientNetV2B0|EfficientNetV2B1|MobileNetV2,5,5,0.0372477347083308,1.0,0.0,0.5
8,famous_le_10m,byte_autocorr,16,EfficientNetV2B0|EfficientNetV2B1|MobileNetV2,5,5,0.004687850668101744,1.0,0.4,0.7
8,famous_le_10m,byte_autocorr,17,EfficientNetV2B0|EfficientNetV2B1|MobileNetV2,5,5,0.028637402017496833,1.0,0.2,0.6
8,famous_le_10m,byte_autocorr,18,EfficientNetV2B0|EfficientNetV2B1|MobileNetV2,5,5,0.09167948137203132,1.0,0.2,0.6
8,famous_le_10m,byte_autocorr,19,EfficientNetV2B0|EfficientNetV2B1|MobileNetV2,5,5,0.1349281517314029,1.0,0.2,0.6
8,famous_le_10m,byte_autocorr,20,EfficientNetV2B0|EfficientNetV2B1|MobileNetV2,5,5,0.16709184801145743,1.0,0.2,0.6
8,famous_le_10m,byte_autocorr,21,EfficientNetV2B0|EfficientNetV2B1|MobileNetV2,5,5,0.19096667518247906,1.0,0.2,0.6
8,famous_le_10m,byte_autocorr,22,EfficientNetV2B0|EfficientNetV2B1|MobileNetV2,5,5,0.2103189285636164,1.0,0.2,0.6
8,famous_le_10m,byte_autocorr,23,EfficientNetV2B0|EfficientNetV2B1|MobileNetV2,5,5,0.22596589976549247,1.0,0.2,0.6
9,famous_le_10m,byte_entropy,1,EfficientNetV2B1|MobileNetV3Small|NASNetMobile,5,5,-0.9871639818489062,0.0,1.0,0.5
9,famous_le_10m,byte_entropy,2,EfficientNetV2B1|MobileNetV3Small|NASNetMobile,5,5,-0.9398016562327935,0.0,1.0,0.5
9,famous_le_10m,byte_entropy,3,EfficientNetV2B1|MobileNetV3Small|NASNetMobile,5,5,-0.919465729415965,0.0,1.0,0.5
9,famous_le_10m,byte_entropy,4,EfficientNetV2B1|MobileNetV3Small|NASNetMobile,5,5,-0.9133537784701801,0.0,1.0,0.5
9,famous_le_10m,byte_entropy,5,EfficientNetV2B1|MobileNetV3Small|NASNetMobile,5,5,-0.9116478188632995,0.0,1.0,0.5
9,famous_le_10m,byte_entropy,6,EfficientNetV2B1|MobileNetV3Small|NASNetMobile,5,5,-0.9111994676266811,0.0,1.0,0.5
9,famous_le_10m,byte_entropy,7,EfficientNetV2B1|MobileNetV3Small|NASNetMobile,5,5,-0.9110873872643739,0.0,1.0,0.5
9,famous_le_10m,byte_entropy,8,EfficientNetV2B1|MobileNetV3Small|NASNetMobile,5,5,-0.9111625563125064,0.0,1.0,0.5
9,famous_le_10m,byte_entropy,9,EfficientNetV2B1|MobileNetV3Small|NASNetMobile,5,5,-0.9110679561869427,0.0,1.0,0.5
9,famous_le_10m,byte_entropy,10,EfficientNetV2B1|MobileNetV3Small|NASNetMobile,5,5,-0.9110455374596436,0.0,1.0,0.5
9,famous_le_10m,byte_entropy,11,EfficientNetV2B1|MobileNetV3Small|NASNetMobile,5,5,-0.911030166058481,0.0,1.0,0.5
9,famous_le_10m,byte_entropy,12,EfficientNetV2B1|MobileNetV3Small|NASNetMobile,5,5,-0.9110251284616289,0.0,1.0,0.5
9,famous_le_10m,byte_entropy,13,EfficientNetV2B1|MobileNetV3Small|NASNetMobile,5,5,-0.9110066603630214,0.0,1.0,0.5
9,famous_le_10m,byte_entropy,14,EfficientNetV2B1|MobileNetV3Small|NASNetMobile,5,5,-0.9109983576386393,0.0,1.0,0.5
9,famous_le_10m,byte_entropy,15,EfficientNetV2B1|MobileNetV3Small|NASNetMobile,5,5,-0.9478383357234074,0.0,1.0,0.5
9,famous_le_10m,byte_entropy,16,EfficientNetV2B1|MobileNetV3Small|NASNetMobile,5,5,0.2670018388804052,0.8,0.2,0.5
9,famous_le_10m,byte_entropy,17,EfficientNetV2B1|MobileNetV3Small|NASNetMobile,5,5,0.4565480676950796,0.8,0.2,0.5
9,famous_le_10m,byte_entropy,18,EfficientNetV2B1|MobileNetV3Small|NASNetMobile,5,5,0.6481479676158246,1.0,0.2,0.6
9,famous_le_10m,byte_entropy,19,EfficientNetV2B1|MobileNetV3Small|NASNetMobile,5,5,0.8370378212762949,1.0,0.2,0.6
9,famous_le_10m,byte_entropy,20,EfficientNetV2B1|MobileNetV3Small|NASNetMobile,5,5,1.0292548566207196,1.0,0.2,0.6
9,famous_le_10m,byte_entropy,21,EfficientNetV2B1|MobileNetV3Small|NASNetMobile,5,5,1.231574660021187,1.0,0.4,0.7
9,famous_le_10m,byte_entropy,22,EfficientNetV2B1|MobileNetV3Small|NASNetMobile,5,5,0.09677901660579252,0.0,1.0,0.5
9,famous_le_10m,byte_entropy,23,EfficientNetV2B1|MobileNetV3Small|NASNetMobile,5,5,0.10421921319592406,0.0,1.0,0.5
9,famous_le_10m,histogram_kl,1,EfficientNetV2B1|MobileNetV3Small|NASNetMobile,5,5,-0.9839985375598798,0.0,1.0,0.5
9,famous_le_10m,histogram_kl,2,EfficientNetV2B1|MobileNetV3Small|NASNetMobile,5,5,-0.9837417665591749,0.0,1.0,0.5
9,famous_le_10m,histogram_kl,3,EfficientNetV2B1|MobileNetV3Small|NASNetMobile,5,5,-0.9836281871586081,0.0,1.0,0.5
9,famous_le_10m,histogram_kl,4,EfficientNetV2B1|MobileNetV3Small|NASNetMobile,5,5,-0.98310604620881,0.0,1.0,0.5
9,famous_le_10m,histogram_kl,5,EfficientNetV2B1|MobileNetV3Small|NASNetMobile,5,5,-0.982973628842329,0.0,1.0,0.5
9,famous_le_10m,histogram_kl,6,EfficientNetV2B1|MobileNetV3Small|NASNetMobile,5,5,-0.9824515094974009,0.0,1.0,0.5
9,famous_le_10m,histogram_kl,7,EfficientNetV2B1|MobileNetV3Small|NASNetMobile,5,5,-0.9821969217182214,0.0,1.0,0.5
9,famous_le_10m,histogram_kl,8,EfficientNetV2B1|MobileNetV3Small|NASNetMobile,5,5,-0.9810334143538146,0.0,1.0,0.5
9,famous_le_10m,histogram_kl,9,EfficientNetV2B1|MobileNetV3Small|NASNetMobile,5,5,-0.9815279003979223,0.0,1.0,0.5
9,famous_le_10m,histogram_kl,10,EfficientNetV2B1|MobileNetV3Small|NASNetMobile,5,5,-0.981309231766635,0.0,1.0,0.5
9,famous_le_10m,histogram_kl,11,EfficientNetV2B1|MobileNetV3Small|NASNetMobile,5,5,-0.9811960711129735,0.0,1.0,0.5
9,famous_le_10m,histogram_kl,12,EfficientNetV2B1|MobileNetV3Small|NASNetMobile,5,5,-0.9808320767748021,0.0,1.0,0.5
9,famous_le_10m,histogram_kl,13,EfficientNetV2B1|MobileNetV3Small|NASNetMobile,5,5,-0.9809399167518262,0.0,1.0,0.5
9,famous_le_10m,histogram_kl,14,EfficientNetV2B1|MobileNetV3Small|NASNetMobile,5,5,-0.9807895867654837,0.0,1.0,0.5
9,famous_le_10m,histogram_kl,15,EfficientNetV2B1|MobileNetV3Small|NASNetMobile,5,5,-0.9806051496887969,0.0,1.0,0.5
9,famous_le_10m,histogram_kl,16,EfficientNetV2B1|MobileNetV3Small|NASNetMobile,5,5,0.10357478092803396,1.0,0.0,0.5
9,famous_le_10m,histogram_kl,17,EfficientNetV2B1|MobileNetV3Small|NASNetMobile,5,5,0.17052424277034894,1.0,0.2,0.6
9,famous_le_10m,histogram_kl,18,EfficientNetV2B1|MobileNetV3Small|NASNetMobile,5,5,0.24047032125491374,1.0,0.2,0.6
9,famous_le_10m,histogram_kl,19,EfficientNetV2B1|MobileNetV3Small|NASNetMobile,5,5,0.30904408374183256,1.0,0.2,0.6
9,famous_le_10m,histogram_kl,20,EfficientNetV2B1|MobileNetV3Small|NASNetMobile,5,5,0.3755162448798794,1.0,0.2,0.6
9,famous_le_10m,histogram_kl,21,EfficientNetV2B1|MobileNetV3Small|NASNetMobile,5,5,0.43840643442680804,1.0,0.4,0.7
9,famous_le_10m,histogram_kl,22,EfficientNetV2B1|MobileNetV3Small|NASNetMobile,5,5,0.49832801900539675,1.0,0.4,0.7
9,famous_le_10m,histogram_kl,23,EfficientNetV2B1|MobileNetV3Small|NASNetMobile,5,5,0.023185319475398754,0.8,0.6,0.7
9,famous_le_10m,weight_value_dist,1,EfficientNetV2B1|MobileNetV3Small|NASNetMobile,5,5,10.883773815898623,0.2,0.8,0.5
9,famous_le_10m,weight_value_dist,2,EfficientNetV2B1|MobileNetV3Small|NASNetMobile,5,5,7.614976345085764,0.2,0.8,0.5
9,famous_le_10m,weight_value_dist,3,EfficientNetV2B1|MobileNetV3Small|NASNetMobile,5,5,12.021839867631934,0.2,0.8,0.5
9,famous_le_10m,weight_value_dist,4,EfficientNetV2B1|MobileNetV3Small|NASNetMobile,5,5,7.6157036684255806,0.2,0.8,0.5
9,famous_le_10m,weight_value_dist,5,EfficientNetV2B1|MobileNetV3Small|NASNetMobile,5,5,6.614973593374333,0.2,0.8,0.5
9,famous_le_10m,weight_value_dist,6,EfficientNetV2B1|MobileNetV3Small|NASNetMobile,5,5,7.615918522912752,0.2,0.8,0.5
9,famous_le_10m,weight_value_dist,7,EfficientNetV2B1|MobileNetV3Small|NASNetMobile,5,5,10.885103667233517,0.2,0.8,0.5
9,famous_le_10m,weight_value_dist,8,EfficientNetV2B1|MobileNetV3Small|NASNetMobile,5,5,12.022265943549812,0.2,0.8,0.5
9,famous_le_10m,weight_value_dist,9,EfficientNetV2B1|MobileNetV3Small|NASNetMobile,5,5,7.615195788462734,0.2,0.8,0.5
9,famous_le_10m,weight_value_dist,10,EfficientNetV2B1|MobileNetV3Small|NASNetMobile,5,5,7.616097991927254,0.2,0.8,0.5
9,famous_le_10m,weight_value_dist,11,EfficientNetV2B1|MobileNetV3Small|NASNetMobile,5,5,10.88484303164374,0.2,0.8,0.5
9,famous_le_10m,weight_value_dist,12,EfficientNetV2B1|MobileNetV3Small|NASNetMobile,5,5,10.887335825114638,0.2,0.8,0.5
9,famous_le_10m,weight_value_dist,13,EfficientNetV2B1|MobileNetV3Small|NASNetMobile,5,5,7.6206001549801785,0.2,0.8,0.5
9,famous_le_10m,weight_value_dist,14,EfficientNetV2B1|MobileNetV3Small|NASNetMobile,5,5,10.89256312083727,0.2,0.8,0.5
9,famous_le_10m,weight_value_dist,15,EfficientNetV2B1|MobileNetV3Small|NASNetMobile,5,5,10.896049713047182,0.2,0.8,0.5
9,famous_le_10m,weight_value_dist,16,EfficientNetV2B1|MobileNetV3Small|NASNetMobile,5,5,7.641558878575732,0.2,0.8,0.5
9,famous_le_10m,weight_value_dist,17,EfficientNetV2B1|MobileNetV3Small|NASNetMobile,5,5,7.691461277433344,0.2,0.8,0.5
9,famous_le_10m,weight_value_dist,18,EfficientNetV2B1|MobileNetV3Small|NASNetMobile,5,5,7.681709623089118,0.2,0.8,0.5
9,famous_le_10m,weight_value_dist,19,EfficientNetV2B1|MobileNetV3Small|NASNetMobile,5,5,7.9591595506263015,0.2,0.8,0.5
9,famous_le_10m,weight_value_dist,20,EfficientNetV2B1|MobileNetV3Small|NASNetMobile,5,5,11.17697691655211,0.2,0.8,0.5
9,famous_le_10m,weight_value_dist,21,EfficientNetV2B1|MobileNetV3Small|NASNetMobile,5,5,11.348062798818788,0.2,0.8,0.5
9,famous_le_10m,weight_value_dist,22,EfficientNetV2B1|MobileNetV3Small|NASNetMobile,5,5,12.320418918077,0.2,0.8,0.5
9,famous_le_10m,weight_value_dist,23,EfficientNetV2B1|MobileNetV3Small|NASNetMobile,5,5,14.09470652762577,0.2,1.0,0.6
9,famous_le_10m,byte_autocorr,1,EfficientNetV2B1|MobileNetV3Small|NASNetMobile,5,5,0.0007204740322199297,0.6,0.4,0.5
9,famous_le_10m,byte_autocorr,2,EfficientNetV2B1|MobileNetV3Small|NASNetMobile,5,5,-0.9993328895534703,0.0,1.0,0.5
9,famous_le_10m,byte_autocorr,3,EfficientNetV2B1|MobileNetV3Small|NASNetMobile,5,5,0.0007154021308364323,0.6,0.4,0.5
9,famous_le_10m,byte_autocorr,4,EfficientNetV2B1|MobileNetV3Small|NASNetMobile,5,5,-0.9993887637220178,0.0,1.0,0.5
9,famous_le_10m,byte_autocorr,5,EfficientNetV2B1|MobileNetV3Small|NASNetMobile,5,5,-0.9994952161144144,0.0,1.0,0.5
9,famous_le_10m,byte_autocorr,6,EfficientNetV2B1|MobileNetV3Small|NASNetMobile,5,5,-0.9995210969079295,0.0,1.0,0.5
9,famous_le_10m,byte_autocorr,7,EfficientNetV2B1|MobileNetV3Small|NASNetMobile,5,5,0.0007418577495661424,0.6,1.0,0.8
9,famous_le_10m,byte_autocorr,8,EfficientNetV2B1|MobileNetV3Small|NASNetMobile,5,5,0.003318870052739994,0.8,1.0,0.9
9,famous_le_10m,byte_autocorr,9,EfficientNetV2B1|MobileNetV3Small|NASNetMobile,5,5,0.002326658432408206,0.8,1.0,0.9
9,famous_le_10m,byte_autocorr,10,EfficientNetV2B1|MobileNetV3Small|NASNetMobile,5,5,0.0020811870801444995,0.8,1.0,0.9
9,famous_le_10m,byte_autocorr,11,EfficientNetV2B1|MobileNetV3Small|NASNetMobile,5,5,0.0013820600016215176,0.8,1.0,0.9
9,famous_le_10m,byte_autocorr,12,EfficientNetV2B1|MobileNetV3Small|NASNetMobile,5,5,0.0019339868488020867,0.8,1.0,0.9
9,famous_le_10m,byte_autocorr,13,EfficientNetV2B1|MobileNetV3Small|NASNetMobile,5,5,0.001919389277510816,0.8,0.4,0.6000000000000001
9,famous_le_10m,byte_autocorr,14,EfficientNetV2B1|MobileNetV3Small|NASNetMobile,5,5,0.0011654546357742872,0.8,1.0,0.9
9,famous_le_10m,byte_autocorr,15,EfficientNetV2B1|MobileNetV3Small|NASNetMobile,5,5,0.0022822441015287625,0.8,0.8,0.8
9,famous_le_10m,byte_autocorr,16,EfficientNetV2B1|MobileNetV3Small|NASNetMobile,5,5,0.00370641969827607,0.8,1.0,0.9
9,famous_le_10m,byte_autocorr,17,EfficientNetV2B1|MobileNetV3Small|NASNetMobile,5,5,0.0012232416756151753,0.8,0.8,0.8
9,famous_le_10m,byte_autocorr,18,EfficientNetV2B1|MobileNetV3Small|NASNetMobile,5,5,0.0019087993562227736,0.8,0.8,0.8
9,famous_le_10m,byte_autocorr,19,EfficientNetV2B1|MobileNetV3Small|NASNetMobile,5,5,0.0012196984149367546,0.8,1.0,0.9
9,famous_le_10m,byte_autocorr,20,EfficientNetV2B1|MobileNetV3Small|NASNetMobile,5,5,0.0025330562629897126,0.8,0.4,0.6000000000000001
9,famous_le_10m,byte_autocorr,21,EfficientNetV2B1|MobileNetV3Small|NASNetMobile,5,5,0.0023081308755572966,0.8,0.4,0.6000000000000001
9,famous_le_10m,byte_autocorr,22,EfficientNetV2B1|MobileNetV3Small|NASNetMobile,5,5,0.001925963707328324,0.8,0.6,0.7
9,famous_le_10m,byte_autocorr,23,EfficientNetV2B1|MobileNetV3Small|NASNetMobile,5,5,0.0013443935212892845,0.8,0.8,0.8
10,famous_le_10m,byte_entropy,1,EfficientNetV2B1|MobileNetV2|MobileNetV3Small,5,5,-0.9527304343191237,0.0,1.0,0.5
10,famous_le_10m,byte_entropy,2,EfficientNetV2B1|MobileNetV2|MobileNetV3Small,5,5,-0.924540601293387,0.0,1.0,0.5
10,famous_le_10m,byte_entropy,3,EfficientNetV2B1|MobileNetV2|MobileNetV3Small,5,5,-0.9109274792160859,0.0,1.0,0.5
10,famous_le_10m,byte_entropy,4,EfficientNetV2B1|MobileNetV2|MobileNetV3Small,5,5,-0.9110855354053575,0.0,1.0,0.5
10,famous_le_10m,byte_entropy,5,EfficientNetV2B1|MobileNetV2|MobileNetV3Small,5,5,-0.9109924892212063,0.0,1.0,0.5
10,famous_le_10m,byte_entropy,6,EfficientNetV2B1|MobileNetV2|MobileNetV3Small,5,5,-0.9111505117290961,0.0,1.0,0.5
10,famous_le_10m,byte_entropy,7,EfficientNetV2B1|MobileNetV2|MobileNetV3Small,5,5,-0.9112175975569626,0.0,1.0,0.5
10,famous_le_10m,byte_entropy,8,EfficientNetV2B1|MobileNetV2|MobileNetV3Small,5,5,-0.9120956811145731,0.0,1.0,0.5
10,famous_le_10m,byte_entropy,9,EfficientNetV2B1|MobileNetV2|MobileNetV3Small,5,5,-0.9111840184777168,0.0,1.0,0.5
10,famous_le_10m,byte_entropy,10,EfficientNetV2B1|MobileNetV2|MobileNetV3Small,5,5,-0.9110181167195524,0.0,1.0,0.5
10,famous_le_10m,byte_entropy,11,EfficientNetV2B1|MobileNetV2|MobileNetV3Small,5,5,-0.9108957338806001,0.0,1.0,0.5
10,famous_le_10m,byte_entropy,12,EfficientNetV2B1|MobileNetV2|MobileNetV3Small,5,5,-0.9108879768315501,0.0,1.0,0.5
10,famous_le_10m,byte_entropy,13,EfficientNetV2B1|MobileNetV2|MobileNetV3Small,5,5,-0.9106942725385426,0.0,1.0,0.5
10,famous_le_10m,byte_entropy,14,EfficientNetV2B1|MobileNetV2|MobileNetV3Small,5,5,-0.9106446973139399,0.0,1.0,0.5
10,famous_le_10m,byte_entropy,15,EfficientNetV2B1|MobileNetV2|MobileNetV3Small,5,5,-0.9307867516197833,0.0,1.0,0.5
10,famous_le_10m,byte_entropy,16,EfficientNetV2B1|MobileNetV2|MobileNetV3Small,5,5,0.27131904832045767,0.8,0.2,0.5
10,famous_le_10m,byte_entropy,17,EfficientNetV2B1|MobileNetV2|MobileNetV3Small,5,5,0.46012025176360155,0.8,0.2,0.5
10,famous_le_10m,byte_entropy,18,EfficientNetV2B1|MobileNetV2|MobileNetV3Small,5,5,0.6514697885375345,1.0,0.2,0.6
10,famous_le_10m,byte_entropy,19,EfficientNetV2B1|MobileNetV2|MobileNetV3Small,5,5,0.8402259555124703,1.0,0.2,0.6
10,famous_le_10m,byte_entropy,20,EfficientNetV2B1|MobileNetV2|MobileNetV3Small,5,5,1.0323498083701568,1.0,0.2,0.6
10,famous_le_10m,byte_entropy,21,EfficientNetV2B1|MobileNetV2|MobileNetV3Small,5,5,1.2345964431404552,1.0,0.4,0.7
10,famous_le_10m,byte_entropy,22,EfficientNetV2B1|MobileNetV2|MobileNetV3Small,5,5,0.08990301518364036,0.0,1.0,0.5
10,famous_le_10m,byte_entropy,23,EfficientNetV2B1|MobileNetV2|MobileNetV3Small,5,5,0.09364277626078202,0.0,1.0,0.5
10,famous_le_10m,histogram_kl,1,EfficientNetV2B1|MobileNetV2|MobileNetV3Small,5,5,-0.9840145084992558,0.0,1.0,0.5
10,famous_le_10m,histogram_kl,2,EfficientNetV2B1|MobileNetV2|MobileNetV3Small,5,5,-0.9837497181282272,0.0,1.0,0.5
10,famous_le_10m,histogram_kl,3,EfficientNetV2B1|MobileNetV2|MobileNetV3Small,5,5,-0.9836397172575014,0.0,1.0,0.5
10,famous_le_10m,histogram_kl,4,EfficientNetV2B1|MobileNetV2|MobileNetV3Small,5,5,-0.983118675651366,0.0,1.0,0.5
10,famous_le_10m,histogram_kl,5,EfficientNetV2B1|MobileNetV2|MobileNetV3Small,5,5,-0.982994146103846,0.0,1.0,0.5
10,famous_le_10m,histogram_kl,6,EfficientNetV2B1|MobileNetV2|MobileNetV3Small,5,5,-0.982470558907343,0.0,1.0,0.5
10,famous_le_10m,histogram_kl,7,EfficientNetV2B1|MobileNetV2|MobileNetV3Small,5,5,-0.9822195012268419,0.0,1.0,0.5
10,famous_le_10m,histogram_kl,8,EfficientNetV2B1|MobileNetV2|MobileNetV3Small,5,5,-0.981051964103921,0.0,1.0,0.5
10,famous_le_10m,histogram_kl,9,EfficientNetV2B1|MobileNetV2|MobileNetV3Small,5,5,-0.9815471656310805,0.0,1.0,0.5
10,famous_le_10m,histogram_kl,10,EfficientNetV2B1|MobileNetV2|MobileNetV3Small,5,5,-0.9813297983282407,0.0,1.0,0.5
10,famous_le_10m,histogram_kl,11,EfficientNetV2B1|MobileNetV2|MobileNetV3Small,5,5,-0.9812135697306738,0.0,1.0,0.5
10,famous_le_10m,histogram_kl,12,EfficientNetV2B1|MobileNetV2|MobileNetV3Small,5,5,-0.9808509501781872,0.0,1.0,0.5
10,famous_le_10m,histogram_kl,13,EfficientNetV2B1|MobileNetV2|MobileNetV3Small,5,5,-0.9809596880013065,0.0,1.0,0.5
10,famous_le_10m,histogram_kl,14,EfficientNetV2B1|MobileNetV2|MobileNetV3Small,5,5,-0.9808061687863754,0.0,1.0,0.5
10,famous_le_10m,histogram_kl,15,EfficientNetV2B1|MobileNetV2|MobileNetV3Small,5,5,-0.9806231231480123,0.0,1.0,0.5
10,famous_le_10m,histogram_kl,16,EfficientNetV2B1|MobileNetV2|MobileNetV3Small,5,5,0.10358109488126038,1.0,0.0,0.5
10,famous_le_10m,histogram_kl,17,EfficientNetV2B1|MobileNetV2|MobileNetV3Small,5,5,0.17053342461693854,1.0,0.2,0.6
10,famous_le_10m,histogram_kl,18,EfficientNetV2B1|MobileNetV2|MobileNetV3Small,5,5,0.2404790845105666,1.0,0.2,0.6
10,famous_le_10m,histogram_kl,19,EfficientNetV2B1|MobileNetV2|MobileNetV3Small,5,5,0.3090533183720656,1.0,0.2,0.6
10,famous_le_10m,histogram_kl,20,EfficientNetV2B1|MobileNetV2|MobileNetV3Small,5,5,0.37552589544455056,1.0,0.2,0.6
10,famous_le_10m,histogram_kl,21,EfficientNetV2B1|MobileNetV2|MobileNetV3Small,5,5,0.43841627431803915,1.0,0.4,0.7
10,famous_le_10m,histogram_kl,22,EfficientNetV2B1|MobileNetV2|MobileNetV3Small,5,5,0.49833823527381077,1.0,0.4,0.7
10,famous_le_10m,histogram_kl,23,EfficientNetV2B1|MobileNetV2|MobileNetV3Small,5,5,0.5548672315919516,1.0,0.4,0.7
10,famous_le_10m,weight_value_dist,1,EfficientNetV2B1|MobileNetV2|MobileNetV3Small,5,5,8.389851556939082,0.0,1.0,0.5
10,famous_le_10m,weight_value_dist,2,EfficientNetV2B1|MobileNetV2|MobileNetV3Small,5,5,11.844638829769975,0.2,0.8,0.5
10,famous_le_10m,weight_value_dist,3,EfficientNetV2B1|MobileNetV2|MobileNetV3Small,5,5,8.389850636006855,0.0,1.0,0.5
10,famous_le_10m,weight_value_dist,4,EfficientNetV2B1|MobileNetV2|MobileNetV3Small,5,5,9.38985505319854,0.0,1.0,0.5
10,famous_le_10m,weight_value_dist,5,EfficientNetV2B1|MobileNetV2|MobileNetV3Small,5,5,8.389837579641673,0.0,1.0,0.5
10,famous_le_10m,weight_value_dist,6,EfficientNetV2B1|MobileNetV2|MobileNetV3Small,5,5,8.389457187734576,0.0,1.0,0.5
10,famous_le_10m,weight_value_dist,7,EfficientNetV2B1|MobileNetV2|MobileNetV3Small,5,5,9.618253514667334,0.0,1.0,0.5
10,famous_le_10m,weight_value_dist,8,EfficientNetV2B1|MobileNetV2|MobileNetV3Small,5,5,9.389954983922035,0.0,1.0,0.5
10,famous_le_10m,weight_value_dist,9,EfficientNetV2B1|MobileNetV2|MobileNetV3Small,5,5,9.620826223331688,0.0,1.0,0.5
10,famous_le_10m,weight_value_dist,10,EfficientNetV2B1|MobileNetV2|MobileNetV3Small,5,5,9.391734029471465,0.0,1.0,0.5
10,famous_le_10m,weight_value_dist,11,EfficientNetV2B1|MobileNetV2|MobileNetV3Small,5,5,9.390724945186955,0.0,1.0,0.5
10,famous_le_10m,weight_value_dist,12,EfficientNetV2B1|MobileNetV2|MobileNetV3Small,5,5,9.623358918601863,0.0,1.0,0.5
10,famous_le_10m,weight_value_dist,13,EfficientNetV2B1|MobileNetV2|MobileNetV3Small,5,5,9.398933250109025,0.0,1.0,0.5
10,famous_le_10m,weight_value_dist,14,EfficientNetV2B1|MobileNetV2|MobileNetV3Small,5,5,9.456508239515548,0.0,1.0,0.5
10,famous_le_10m,weight_value_dist,15,EfficientNetV2B1|MobileNetV2|MobileNetV3Small,5,5,9.491193982898473,0.0,1.0,0.5
10,famous_le_10m,weight_value_dist,16,EfficientNetV2B1|MobileNetV2|MobileNetV3Small,5,5,9.39414610792129,0.0,1.0,0.5
10,famous_le_10m,weight_value_dist,17,EfficientNetV2B1|MobileNetV2|MobileNetV3Small,5,5,9.661770666175297,0.0,1.0,0.5
10,famous_le_10m,weight_value_dist,18,EfficientNetV2B1|MobileNetV2|MobileNetV3Small,5,5,9.669261075265585,0.0,1.0,0.5
10,famous_le_10m,weight_value_dist,19,EfficientNetV2B1|MobileNetV2|MobileNetV3Small,5,5,9.995996295334105,0.0,1.0,0.5
10,famous_le_10m,weight_value_dist,20,EfficientNetV2B1|MobileNetV2|MobileNetV3Small,5,5,9.837066657917884,0.0,1.0,0.5
10,famous_le_10m,weight_value_dist,21,EfficientNetV2B1|MobileNetV2|MobileNetV3Small,5,5,12.426619964789847,0.2,0.8,0.5
10,famous_le_10m,weight_value_dist,22,EfficientNetV2B1|MobileNetV2|MobileNetV3Small,5,5,13.284775085431892,0.4,0.8,0.6000000000000001
10,famous_le_10m,weight_value_dist,23,EfficientNetV2B1|MobileNetV2|MobileNetV3Small,5,5,18.856099487523746,0.4,1.0,0.7
10,famous_le_10m,byte_autocorr,1,EfficientNetV2B1|MobileNetV2|MobileNetV3Small,5,5,0.0009757806511423565,0.6,0.4,0.5
10,famous_le_10m,byte_autocorr,2,EfficientNetV2B1|MobileNetV2|MobileNetV3Small,5,5,-0.9993683860329331,0.0,1.0,0.5
10,famous_le_10m,byte_autocorr,3,EfficientNetV2B1|MobileNetV2|MobileNetV3Small,5,5,0.0009707087497588591,0.6,0.4,0.5
10,famous_le_10m,byte_autocorr,4,EfficientNetV2B1|MobileNetV2|MobileNetV3Small,5,5,-0.9994115732107319,0.0,1.0,0.5
10,famous_le_10m,byte_autocorr,5,EfficientNetV2B1|MobileNetV2|MobileNetV3Small,5,5,-0.9996014765357157,0.0,1.0,0.5
10,famous_le_10m,byte_autocorr,6,EfficientNetV2B1|MobileNetV2|MobileNetV3Small,5,5,-0.9998870718654,0.0,1.0,0.5
10,famous_le_10m,byte_autocorr,7,EfficientNetV2B1|MobileNetV2|MobileNetV3Small,5,5,0.001744597381418141,0.8,0.2,0.5
10,famous_le_10m,byte_autocorr,8,EfficientNetV2B1|MobileNetV2|MobileNetV3Small,5,5,0.003063563433817567,0.8,1.0,0.9
10,famous_le_10m,byte_autocorr,9,EfficientNetV2B1|MobileNetV2|MobileNetV3Small,5,5,0.0020713518134857795,0.8,1.0,0.9
10,famous_le_10m,byte_autocorr,10,EfficientNetV2B1|MobileNetV2|MobileNetV3Small,5,5,0.001825880461222073,0.8,1.0,0.9
10,famous_le_10m,byte_autocorr,11,EfficientNetV2B1|MobileNetV2|MobileNetV3Small,5,5,0.0011607378377769782,0.6,1.0,0.8
10,famous_le_10m,byte_autocorr,12,EfficientNetV2B1|MobileNetV2|MobileNetV3Small,5,5,0.00167868022987966,0.8,1.0,0.9
10,famous_le_10m,byte_autocorr,13,EfficientNetV2B1|MobileNetV2|MobileNetV3Small,5,5,0.0024789243574662523,0.8,0.0,0.4
10,famous_le_10m,byte_autocorr,14,EfficientNetV2B1|MobileNetV2|MobileNetV3Small,5,5,0.0023846036042172213,0.8,0.2,0.5
10,famous_le_10m,byte_autocorr,15,EfficientNetV2B1|MobileNetV2|MobileNetV3Small,5,5,0.0025120479203978394,0.8,0.4,0.6000000000000001
10,famous_le_10m,byte_autocorr,16,EfficientNetV2B1|MobileNetV2|MobileNetV3Small,5,5,0.004705485300983517,0.8,0.8,0.8
10,famous_le_10m,byte_autocorr,17,EfficientNetV2B1|MobileNetV2|MobileNetV3Small,5,5,0.0017707341595251244,0.8,0.4,0.6000000000000001
10,famous_le_10m,byte_autocorr,18,EfficientNetV2B1|MobileNetV2|MobileNetV3Small,5,5,0.0023168530813690385,0.8,0.6,0.7
10,famous_le_10m,byte_autocorr,19,EfficientNetV2B1|MobileNetV2|MobileNetV3Small,5,5,0.001816432298741837,0.8,0.4,0.6000000000000001
10,famous_le_10m,byte_autocorr,20,EfficientNetV2B1|MobileNetV2|MobileNetV3Small,5,5,0.0016844707444868033,0.8,0.4,0.6000000000000001
10,famous_le_10m,byte_autocorr,21,EfficientNetV2B1|MobileNetV2|MobileNetV3Small,5,5,0.0010360582901236426,0.6,0.4,0.5
10,famous_le_10m,byte_autocorr,22,EfficientNetV2B1|MobileNetV2|MobileNetV3Small,5,5,0.001101140950263843,0.6,0.6,0.6
10,famous_le_10m,byte_autocorr,23,EfficientNetV2B1|MobileNetV2|MobileNetV3Small,5,5,0.0010640118800436477,0.6,0.8,0.7
11,famous_le_10m,byte_entropy,1,DenseNet121|MobileNetV3Small|NASNetMobile,5,5,0.16614180788341162,0.6,0.4,0.5
11,famous_le_10m,byte_entropy,2,DenseNet121|MobileNetV3Small|NASNetMobile,5,5,0.16614002501565633,0.6,0.4,0.5
11,famous_le_10m,byte_entropy,3,DenseNet121|MobileNetV3Small|NASNetMobile,5,5,0.16613976058192192,0.6,0.4,0.5
11,famous_le_10m,byte_entropy,4,DenseNet121|MobileNetV3Small|NASNetMobile,5,5,0.16614017668409992,0.6,0.4,0.5
11,famous_le_10m,byte_entropy,5,DenseNet121|MobileNetV3Small|NASNetMobile,5,5,0.16613992226251117,0.6,0.4,0.5
11,famous_le_10m,byte_entropy,6,DenseNet121|MobileNetV3Small|NASNetMobile,5,5,0.16614037042242405,0.6,0.4,0.5
11,famous_le_10m,byte_entropy,7,DenseNet121|MobileNetV3Small|NASNetMobile,5,5,0.16614058431771175,0.6,0.4,0.5
11,famous_le_10m,byte_entropy,8,DenseNet121|MobileNetV3Small|NASNetMobile,5,5,0.1661446835633248,0.6,0.4,0.5
11,famous_le_10m,byte_entropy,9,DenseNet121|MobileNetV3Small|NASNetMobile,5,5,0.166140478160346,0.6,0.4,0.5
11,famous_le_10m,byte_entropy,10,DenseNet121|MobileNetV3Small|NASNetMobile,5,5,0.16613999678055708,0.6,0.4,0.5
11,famous_le_10m,byte_entropy,11,DenseNet121|MobileNetV3Small|NASNetMobile,5,5,0.16613969201114315,0.6,0.4,0.5
11,famous_le_10m,byte_entropy,12,DenseNet121|MobileNetV3Small|NASNetMobile,5,5,0.16613969777306975,0.6,0.4,0.5
11,famous_le_10m,byte_entropy,13,DenseNet121|MobileNetV3Small|NASNetMobile,5,5,0.16613932862940378,0.6,0.4,0.5
11,famous_le_10m,byte_entropy,14,DenseNet121|MobileNetV3Small|NASNetMobile,5,5,0.16613927479791687,0.6,0.4,0.5
11,famous_le_10m,byte_entropy,15,DenseNet121|MobileNetV3Small|NASNetMobile,5,5,0.16613922848243554,0.6,0.4,0.5
11,famous_le_10m,byte_entropy,16,DenseNet121|MobileNetV3Small|NASNetMobile,5,5,0.1661399616935319,0.6,0.4,0.5
11,famous_le_10m,byte_entropy,17,DenseNet121|MobileNetV3Small|NASNetMobile,5,5,0.16613917796734132,0.6,0.4,0.5
11,famous_le_10m,byte_entropy,18,DenseNet121|MobileNetV3Small|NASNetMobile,5,5,0.1661390901184407,0.6,0.4,0.5
11,famous_le_10m,byte_entropy,19,DenseNet121|MobileNetV3Small|NASNetMobile,5,5,0.16613890044525892,0.6,0.4,0.5
11,famous_le_10m,byte_entropy,20,DenseNet121|MobileNetV3Small|NASNetMobile,5,5,0.25769999030176594,0.6,0.4,0.5
11,famous_le_10m,byte_entropy,21,DenseNet121|MobileNetV3Small|NASNetMobile,5,5,0.16614190900098086,0.6,0.4,0.5
11,famous_le_10m,byte_entropy,22,DenseNet121|MobileNetV3Small|NASNetMobile,5,5,0.16622561957732246,0.6,0.4,0.5
11,famous_le_10m,byte_entropy,23,DenseNet121|MobileNetV3Small|NASNetMobile,5,5,0.16734060138393123,0.6,0.6,0.6
11,famous_le_10m,histogram_kl,1,DenseNet121|MobileNetV3Small|NASNetMobile,5,5,6.683589179763019e-05,0.6,1.0,0.8
11,famous_le_10m,histogram_kl,2,DenseNet121|MobileNetV3Small|NASNetMobile,5,5,5.064493978267886e-05,0.6,1.0,0.8
11,famous_le_10m,histogram_kl,3,DenseNet121|MobileNetV3Small|NASNetMobile,5,5,5.446748093729022e-05,0.6,1.0,0.8
11,famous_le_10m,histogram_kl,4,DenseNet121|MobileNetV3Small|NASNetMobile,5,5,5.833737658525925e-05,0.6,1.0,0.8
11,famous_le_10m,histogram_kl,5,DenseNet121|MobileNetV3Small|NASNetMobile,5,5,5.9708237805731675e-05,0.6,1.0,0.8
11,famous_le_10m,histogram_kl,6,DenseNet121|MobileNetV3Small|NASNetMobile,5,5,6.91883520261443e-05,0.6,1.0,0.8
11,famous_le_10m,histogram_kl,7,DenseNet121|MobileNetV3Small|NASNetMobile,5,5,6.96160647692907e-05,0.6,1.0,0.8
11,famous_le_10m,histogram_kl,8,DenseNet121|MobileNetV3Small|NASNetMobile,5,5,0.00010573026323963054,0.6,1.0,0.8
11,famous_le_10m,histogram_kl,9,DenseNet121|MobileNetV3Small|NASNetMobile,5,5,7.098703428482756e-05,0.6,1.0,0.8
11,famous_le_10m,histogram_kl,10,DenseNet121|MobileNetV3Small|NASNetMobile,5,5,6.167088074962159e-05,0.6,1.0,0.8
11,famous_le_10m,histogram_kl,11,DenseNet121|MobileNetV3Small|NASNetMobile,5,5,5.6536743372310494e-05,0.6,1.0,0.8
11,famous_le_10m,histogram_kl,12,DenseNet121|MobileNetV3Small|NASNetMobile,5,5,5.481278151430582e-05,0.6,1.0,0.8
11,famous_le_10m,histogram_kl,13,DenseNet121|MobileNetV3Small|NASNetMobile,5,5,4.719049485270052e-05,0.4,1.0,0.7
11,famous_le_10m,histogram_kl,14,DenseNet121|MobileNetV3Small|NASNetMobile,5,5,4.472036389205062e-05,0.4,1.0,0.7
11,famous_le_10m,histogram_kl,15,DenseNet121|MobileNetV3Small|NASNetMobile,5,5,6.779423461214585e-05,0.6,1.0,0.8
11,famous_le_10m,histogram_kl,16,DenseNet121|MobileNetV3Small|NASNetMobile,5,5,9.592418914165115e-05,0.6,1.0,0.8
11,famous_le_10m,histogram_kl,17,DenseNet121|MobileNetV3Small|NASNetMobile,5,5,5.136459546856015e-05,0.6,1.0,0.8
11,famous_le_10m,histogram_kl,18,DenseNet121|MobileNetV3Small|NASNetMobile,5,5,5.9196201127266955e-05,0.6,1.0,0.8
11,famous_le_10m,histogram_kl,19,DenseNet121|MobileNetV3Small|NASNetMobile,5,5,5.1905307699269606e-05,0.6,1.0,0.8
11,famous_le_10m,histogram_kl,20,DenseNet121|MobileNetV3Small|NASNetMobile,5,5,5.5443341010611334e-05,0.6,1.0,0.8
11,famous_le_10m,histogram_kl,21,DenseNet121|MobileNetV3Small|NASNetMobile,5,5,4.7060142603863065e-05,0.4,1.0,0.7
11,famous_le_10m,histogram_kl,22,DenseNet121|MobileNetV3Small|NASNetMobile,5,5,4.772803707428247e-05,0.4,1.0,0.7
11,famous_le_10m,histogram_kl,23,DenseNet121|MobileNetV3Small|NASNetMobile,5,5,0.00010797656282704414,0.6,0.8,0.7
11,famous_le_10m,weight_value_dist,1,DenseNet121|MobileNetV3Small|NASNetMobile,5,5,5.601798126662499,0.0,1.0,0.5
11,famous_le_10m,weight_value_dist,2,DenseNet121|MobileNetV3Small|NASNetMobile,5,5,4.601797427842843,0.0,1.0,0.5
11,famous_le_10m,weight_value_dist,3,DenseNet121|MobileNetV3Small|NASNetMobile,5,5,5.60179833116202,0.0,1.0,0.5
11,famous_le_10m,weight_value_dist,4,DenseNet121|MobileNetV3Small|NASNetMobile,5,5,5.601798337774797,0.0,1.0,0.5
11,famous_le_10m,weight_value_dist,5,DenseNet121|MobileNetV3Small|NASNetMobile,5,5,5.601798393478701,0.0,1.0,0.5
11,famous_le_10m,weight_value_dist,6,DenseNet121|MobileNetV3Small|NASNetMobile,5,5,11.380989694687123,0.4,0.6,0.5
11,famous_le_10m,weight_value_dist,7,DenseNet121|MobileNetV3Small|NASNetMobile,5,5,4.601785470886002,0.0,1.0,0.5
11,famous_le_10m,weight_value_dist,8,DenseNet121|MobileNetV3Small|NASNetMobile,5,5,11.380987021791228,0.4,0.6,0.5
11,famous_le_10m,weight_value_dist,9,DenseNet121|MobileNetV3Small|NASNetMobile,5,5,5.60181233115048,0.0,1.0,0.5
11,famous_le_10m,weight_value_dist,10,DenseNet121|MobileNetV3Small|NASNetMobile,5,5,11.381726872471678,0.4,0.6,0.5
11,famous_le_10m,weight_value_dist,11,DenseNet121|MobileNetV3Small|NASNetMobile,5,5,5.602388753669471,0.0,1.0,0.5
11,famous_le_10m,weight_value_dist,12,DenseNet121|MobileNetV3Small|NASNetMobile,5,5,5.6019618313673085,0.0,1.0,0.5
11,famous_le_10m,weight_value_dist,13,DenseNet121|MobileNetV3Small|NASNetMobile,5,5,5.602860637818802,0.0,1.0,0.5
11,famous_le_10m,weight_value_dist,14,DenseNet121|MobileNetV3Small|NASNetMobile,5,5,5.601920950410216,0.0,1.0,0.5
11,famous_le_10m,weight_value_dist,15,DenseNet121|MobileNetV3Small|NASNetMobile,5,5,5.604740379651104,0.0,1.0,0.5
11,famous_le_10m,weight_value_dist,16,DenseNet121|MobileNetV3Small|NASNetMobile,5,5,12.653223596821274,0.6,0.4,0.5
11,famous_le_10m,weight_value_dist,17,DenseNet121|MobileNetV3Small|NASNetMobile,5,5,5.604842176956043,0.0,1.0,0.5
11,famous_le_10m,weight_value_dist,18,DenseNet121|MobileNetV3Small|NASNetMobile,5,5,5.608411510962998,0.0,1.0,0.5
11,famous_le_10m,weight_value_dist,19,DenseNet121|MobileNetV3Small|NASNetMobile,5,5,5.613476584069383,0.0,1.0,0.5
11,famous_le_10m,weight_value_dist,20,DenseNet121|MobileNetV3Small|NASNetMobile,5,5,5.6115294088339,0.0,1.0,0.5
11,famous_le_10m,weight_value_dist,21,DenseNet121|MobileNetV3Small|NASNetMobile,5,5,5.653926593788004,0.0,1.0,0.5
11,famous_le_10m,weight_value_dist,22,DenseNet121|MobileNetV3Small|NASNetMobile,5,5,12.754187251081342,0.6,0.4,0.5
11,famous_le_10m,weight_value_dist,23,DenseNet121|MobileNetV3Small|NASNetMobile,5,5,12.865664129739987,0.6,0.8,0.7
11,famous_le_10m,byte_autocorr,1,DenseNet121|MobileNetV3Small|NASNetMobile,5,5,6.327591132724883e-05,0.0,1.0,0.5
11,famous_le_10m,byte_autocorr,2,DenseNet121|MobileNetV3Small|NASNetMobile,5,5,0.0005609477561660718,0.2,0.8,0.5
11,famous_le_10m,byte_autocorr,3,DenseNet121|MobileNetV3Small|NASNetMobile,5,5,5.820400994375143e-05,0.0,1.0,0.5
11,famous_le_10m,byte_autocorr,4,DenseNet121|MobileNetV3Small|NASNetMobile,5,5,0.0006168988919998799,0.2,0.8,0.5
11,famous_le_10m,byte_autocorr,5,DenseNet121|MobileNetV3Small|NASNetMobile,5,5,0.000104861710262251,0.0,1.0,0.5
11,famous_le_10m,byte_autocorr,6,DenseNet121|MobileNetV3Small|NASNetMobile,5,5,0.0007113253017264169,0.2,1.0,0.6
11,famous_le_10m,byte_autocorr,7,DenseNet121|MobileNetV3Small|NASNetMobile,5,5,0.0011463625568659572,0.4,1.0,0.7
11,famous_le_10m,byte_autocorr,8,DenseNet121|MobileNetV3Small|NASNetMobile,5,5,0.0030603164482478477,0.8,1.0,0.9
11,famous_le_10m,byte_autocorr,9,DenseNet121|MobileNetV3Small|NASNetMobile,5,5,0.001998585790424919,0.6,1.0,0.8
11,famous_le_10m,byte_autocorr,10,DenseNet121|MobileNetV3Small|NASNetMobile,5,5,0.001770920802418178,0.6,1.0,0.8
11,famous_le_10m,byte_autocorr,11,DenseNet121|MobileNetV3Small|NASNetMobile,5,5,0.0014272217385459087,0.4,1.0,0.7
11,famous_le_10m,byte_autocorr,12,DenseNet121|MobileNetV3Small|NASNetMobile,5,5,0.0015905805325929882,0.4,1.0,0.7
11,famous_le_10m,byte_autocorr,13,DenseNet121|MobileNetV3Small|NASNetMobile,5,5,0.0011075932492240748,0.4,1.0,0.7
11,famous_le_10m,byte_autocorr,14,DenseNet121|MobileNetV3Small|NASNetMobile,5,5,0.001229903779901708,0.4,1.0,0.7
11,famous_le_10m,byte_autocorr,15,DenseNet121|MobileNetV3Small|NASNetMobile,5,5,0.001953645041082422,0.6,1.0,0.8
11,famous_le_10m,byte_autocorr,16,DenseNet121|MobileNetV3Small|NASNetMobile,5,5,0.0033778206378297297,0.8,1.0,0.9
11,famous_le_10m,byte_autocorr,17,DenseNet121|MobileNetV3Small|NASNetMobile,5,5,0.0012518962682238693,0.4,1.0,0.7
11,famous_le_10m,byte_autocorr,18,DenseNet121|MobileNetV3Small|NASNetMobile,5,5,0.0015802002957764332,0.4,1.0,0.7
11,famous_le_10m,byte_autocorr,19,DenseNet121|MobileNetV3Small|NASNetMobile,5,5,0.0012483530075454484,0.4,1.0,0.7
11,famous_le_10m,byte_autocorr,20,DenseNet121|MobileNetV3Small|NASNetMobile,5,5,0.0010154458832133076,0.4,1.0,0.7
11,famous_le_10m,byte_autocorr,21,DenseNet121|MobileNetV3Small|NASNetMobile,5,5,0.001058510000772624,0.4,1.0,0.7
11,famous_le_10m,byte_autocorr,22,DenseNet121|MobileNetV3Small|NASNetMobile,5,5,0.0009475026986548252,0.4,1.0,0.7
11,famous_le_10m,byte_autocorr,23,DenseNet121|MobileNetV3Small|NASNetMobile,5,5,0.0013730481138979783,0.4,1.0,0.7
12,famous_le_10m,byte_entropy,1,EfficientNetV2B0|MobileNet|NASNetMobile,5,5,-0.9814278262471318,0.0,1.0,0.5
12,famous_le_10m,byte_entropy,2,EfficientNetV2B0|MobileNet|NASNetMobile,5,5,-0.9422565515268508,0.0,1.0,0.5
12,famous_le_10m,byte_entropy,3,EfficientNetV2B0|MobileNet|NASNetMobile,5,5,-0.9242382617706313,0.0,1.0,0.5
12,famous_le_10m,byte_entropy,4,EfficientNetV2B0|MobileNet|NASNetMobile,5,5,-0.9185149766232505,0.0,1.0,0.5
12,famous_le_10m,byte_entropy,5,EfficientNetV2B0|MobileNet|NASNetMobile,5,5,-0.9167681364255051,0.0,1.0,0.5
12,famous_le_10m,byte_entropy,6,EfficientNetV2B0|MobileNet|NASNetMobile,5,5,-0.9162746557968798,0.0,1.0,0.5
12,famous_le_10m,byte_entropy,7,EfficientNetV2B0|MobileNet|NASNetMobile,5,5,-0.9161141421685208,0.0,1.0,0.5
12,famous_le_10m,byte_entropy,8,EfficientNetV2B0|MobileNet|NASNetMobile,5,5,-0.9161942151481093,0.0,1.0,0.5
12,famous_le_10m,byte_entropy,9,EfficientNetV2B0|MobileNet|NASNetMobile,5,5,-0.9160775068640169,0.0,1.0,0.5
12,famous_le_10m,byte_entropy,10,EfficientNetV2B0|MobileNet|NASNetMobile,5,5,-0.9160407659426357,0.0,1.0,0.5
12,famous_le_10m,byte_entropy,11,EfficientNetV2B0|MobileNet|NASNetMobile,5,5,-0.9160304198111104,0.0,1.0,0.5
12,famous_le_10m,byte_entropy,12,EfficientNetV2B0|MobileNet|NASNetMobile,5,5,-0.9160245529693908,0.0,1.0,0.5
12,famous_le_10m,byte_entropy,13,EfficientNetV2B0|MobileNet|NASNetMobile,5,5,-0.9160008885108402,0.0,1.0,0.5
12,famous_le_10m,byte_entropy,14,EfficientNetV2B0|MobileNet|NASNetMobile,5,5,-0.9159890174413383,0.0,1.0,0.5
12,famous_le_10m,byte_entropy,15,EfficientNetV2B0|MobileNet|NASNetMobile,5,5,-0.9159869069201114,0.0,1.0,0.5
12,famous_le_10m,byte_entropy,16,EfficientNetV2B0|MobileNet|NASNetMobile,5,5,-0.9160291838895998,0.0,1.0,0.5
12,famous_le_10m,byte_entropy,17,EfficientNetV2B0|MobileNet|NASNetMobile,5,5,-0.93821531478323,0.0,1.0,0.5
12,famous_le_10m,byte_entropy,18,EfficientNetV2B0|MobileNet|NASNetMobile,5,5,0.22277067364849923,0.8,0.4,0.6000000000000001
12,famous_le_10m,byte_entropy,19,EfficientNetV2B0|MobileNet|NASNetMobile,5,5,0.38869054491795996,0.8,0.4,0.6000000000000001
12,famous_le_10m,byte_entropy,20,EfficientNetV2B0|MobileNet|NASNetMobile,5,5,0.5653004856347347,0.8,0.4,0.6000000000000001
12,famous_le_10m,byte_entropy,21,EfficientNetV2B0|MobileNet|NASNetMobile,5,5,0.7522019228996237,1.0,0.4,0.7
12,famous_le_10m,byte_entropy,22,EfficientNetV2B0|MobileNet|NASNetMobile,5,5,0.1062235390863295,0.4,0.4,0.4
12,famous_le_10m,byte_entropy,23,EfficientNetV2B0|MobileNet|NASNetMobile,5,5,0.1204088168939788,0.6,0.6,0.6
12,famous_le_10m,histogram_kl,1,EfficientNetV2B0|MobileNet|NASNetMobile,5,5,-0.9835509465937957,0.0,1.0,0.5
12,famous_le_10m,histogram_kl,2,EfficientNetV2B0|MobileNet|NASNetMobile,5,5,-0.9832805673960018,0.0,1.0,0.5
12,famous_le_10m,histogram_kl,3,EfficientNetV2B0|MobileNet|NASNetMobile,5,5,-0.9831816070721745,0.0,1.0,0.5
12,famous_le_10m,histogram_kl,4,EfficientNetV2B0|MobileNet|NASNetMobile,5,5,-0.9828882807581975,0.0,1.0,0.5
12,famous_le_10m,histogram_kl,5,EfficientNetV2B0|MobileNet|NASNetMobile,5,5,-0.982865019398582,0.0,1.0,0.5
12,famous_le_10m,histogram_kl,6,EfficientNetV2B0|MobileNet|NASNetMobile,5,5,-0.9825685151485153,0.0,1.0,0.5
12,famous_le_10m,histogram_kl,7,EfficientNetV2B0|MobileNet|NASNetMobile,5,5,-0.9825198015220324,0.0,1.0,0.5
12,famous_le_10m,histogram_kl,8,EfficientNetV2B0|MobileNet|NASNetMobile,5,5,-0.98204844655169,0.0,1.0,0.5
12,famous_le_10m,histogram_kl,9,EfficientNetV2B0|MobileNet|NASNetMobile,5,5,-0.9822237230355625,0.0,1.0,0.5
12,famous_le_10m,histogram_kl,10,EfficientNetV2B0|MobileNet|NASNetMobile,5,5,-0.9820011442128382,0.0,1.0,0.5
12,famous_le_10m,histogram_kl,11,EfficientNetV2B0|MobileNet|NASNetMobile,5,5,-0.9818503441897259,0.0,1.0,0.5
12,famous_le_10m,histogram_kl,12,EfficientNetV2B0|MobileNet|NASNetMobile,5,5,-0.9816711567212129,0.0,1.0,0.5
12,famous_le_10m,histogram_kl,13,EfficientNetV2B0|MobileNet|NASNetMobile,5,5,-0.9816946162023773,0.0,1.0,0.5
12,famous_le_10m,histogram_kl,14,EfficientNetV2B0|MobileNet|NASNetMobile,5,5,-0.9815781221943761,0.0,1.0,0.5
12,famous_le_10m,histogram_kl,15,EfficientNetV2B0|MobileNet|NASNetMobile,5,5,-0.9814046078245724,0.0,1.0,0.5
12,famous_le_10m,histogram_kl,16,EfficientNetV2B0|MobileNet|NASNetMobile,5,5,-0.9814949859498502,0.0,1.0,0.5
12,famous_le_10m,histogram_kl,17,EfficientNetV2B0|MobileNet|NASNetMobile,5,5,-0.9812875574453747,0.0,1.0,0.5
12,famous_le_10m,histogram_kl,18,EfficientNetV2B0|MobileNet|NASNetMobile,5,5,0.08585495331704568,1.0,0.4,0.7
12,famous_le_10m,histogram_kl,19,EfficientNetV2B0|MobileNet|NASNetMobile,5,5,0.14238546022880644,1.0,0.4,0.7
12,famous_le_10m,histogram_kl,20,EfficientNetV2B0|MobileNet|NASNetMobile,5,5,0.20305197521611767,1.0,0.4,0.7
12,famous_le_10m,histogram_kl,21,EfficientNetV2B0|MobileNet|NASNetMobile,5,5,0.2634065830821639,1.0,0.4,0.7
12,famous_le_10m,histogram_kl,22,EfficientNetV2B0|MobileNet|NASNetMobile,5,5,0.32268318977564364,1.0,0.4,0.7
12,famous_le_10m,histogram_kl,23,EfficientNetV2B0|MobileNet|NASNetMobile,5,5,0.021448291709039825,0.8,0.6,0.7
12,famous_le_10m,weight_value_dist,1,EfficientNetV2B0|MobileNet|NASNetMobile,5,5,10.004041336923414,0.0,1.0,0.5
12,famous_le_10m,weight_value_dist,2,EfficientNetV2B0|MobileNet|NASNetMobile,5,5,8.402483787087748,0.0,1.0,0.5
12,famous_le_10m,weight_value_dist,3,EfficientNetV2B0|MobileNet|NASNetMobile,5,5,11.509483940073226,0.2,0.8,0.5
12,famous_le_10m,weight_value_dist,4,EfficientNetV2B0|MobileNet|NASNetMobile,5,5,8.402479646933138,0.0,1.0,0.5
12,famous_le_10m,weight_value_dist,5,EfficientNetV2B0|MobileNet|NASNetMobile,5,5,8.402476255880448,0.0,1.0,0.5
12,famous_le_10m,weight_value_dist,6,EfficientNetV2B0|MobileNet|NASNetMobile,5,5,10.004111365653912,0.0,1.0,0.5
12,famous_le_10m,weight_value_dist,7,EfficientNetV2B0|MobileNet|NASNetMobile,5,5,10.007091431049574,0.0,1.0,0.5
12,famous_le_10m,weight_value_dist,8,EfficientNetV2B0|MobileNet|NASNetMobile,5,5,10.005216953220621,0.0,1.0,0.5
12,famous_le_10m,weight_value_dist,9,EfficientNetV2B0|MobileNet|NASNetMobile,5,5,8.400921657858392,0.0,1.0,0.5
12,famous_le_10m,weight_value_dist,10,EfficientNetV2B0|MobileNet|NASNetMobile,5,5,10.008948222943197,0.0,1.0,0.5
12,famous_le_10m,weight_value_dist,11,EfficientNetV2B0|MobileNet|NASNetMobile,5,5,9.40516118154952,0.0,1.0,0.5
12,famous_le_10m,weight_value_dist,12,EfficientNetV2B0|MobileNet|NASNetMobile,5,5,10.006530144892256,0.0,1.0,0.5
12,famous_le_10m,weight_value_dist,13,EfficientNetV2B0|MobileNet|NASNetMobile,5,5,10.018325522152328,0.0,1.0,0.5
12,famous_le_10m,weight_value_dist,14,EfficientNetV2B0|MobileNet|NASNetMobile,5,5,9.443683967538671,0.0,1.0,0.5
12,famous_le_10m,weight_value_dist,15,EfficientNetV2B0|MobileNet|NASNetMobile,5,5,10.004166107696838,0.0,1.0,0.5
12,famous_le_10m,weight_value_dist,16,EfficientNetV2B0|MobileNet|NASNetMobile,5,5,9.40978085074362,0.0,1.0,0.5
12,famous_le_10m,weight_value_dist,17,EfficientNetV2B0|MobileNet|NASNetMobile,5,5,9.453858718023959,0.0,1.0,0.5
12,famous_le_10m,weight_value_dist,18,EfficientNetV2B0|MobileNet|NASNetMobile,5,5,10.181938244658461,0.0,1.0,0.5
12,famous_le_10m,weight_value_dist,19,EfficientNetV2B0|MobileNet|NASNetMobile,5,5,10.670177204922211,0.0,1.0,0.5
12,famous_le_10m,weight_value_dist,20,EfficientNetV2B0|MobileNet|NASNetMobile,5,5,10.384674869565709,0.0,1.0,0.5
12,famous_le_10m,weight_value_dist,21,EfficientNetV2B0|MobileNet|NASNetMobile,5,5,12.53822305037638,0.2,1.0,0.6
12,famous_le_10m,weight_value_dist,22,EfficientNetV2B0|MobileNet|NASNetMobile,5,5,14.24626265599823,0.2,1.0,0.6
12,famous_le_10m,weight_value_dist,23,EfficientNetV2B0|MobileNet|NASNetMobile,5,5,19.622998240500507,0.2,1.0,0.6
12,famous_le_10m,byte_autocorr,1,EfficientNetV2B0|MobileNet|NASNetMobile,5,5,0.0012003736810820345,0.2,0.8,0.5
12,famous_le_10m,byte_autocorr,2,EfficientNetV2B0|MobileNet|NASNetMobile,5,5,0.001195262086604287,0.2,0.8,0.5
12,famous_le_10m,byte_autocorr,3,EfficientNetV2B0|MobileNet|NASNetMobile,5,5,0.0011976214730794223,0.2,0.8,0.5
12,famous_le_10m,byte_autocorr,4,EfficientNetV2B0|MobileNet|NASNetMobile,5,5,-0.9988069528368422,0.0,1.0,0.5
12,famous_le_10m,byte_autocorr,5,EfficientNetV2B0|MobileNet|NASNetMobile,5,5,0.001221677630899793,0.2,1.0,0.6
12,famous_le_10m,byte_autocorr,6,EfficientNetV2B0|MobileNet|NASNetMobile,5,5,-0.9989971844029301,0.0,1.0,0.5
12,famous_le_10m,byte_autocorr,7,EfficientNetV2B0|MobileNet|NASNetMobile,5,5,-0.99980447296618,0.0,1.0,0.5
12,famous_le_10m,byte_autocorr,8,EfficientNetV2B0|MobileNet|NASNetMobile,5,5,0.004999901174935262,1.0,0.6,0.8
12,famous_le_10m,byte_autocorr,9,EfficientNetV2B0|MobileNet|NASNetMobile,5,5,-0.9991999539115615,0.0,1.0,0.5
12,famous_le_10m,byte_autocorr,10,EfficientNetV2B0|MobileNet|NASNetMobile,5,5,-0.9997903111558828,0.0,1.0,0.5
12,famous_le_10m,byte_autocorr,11,EfficientNetV2B0|MobileNet|NASNetMobile,5,5,-0.9998185488382574,0.0,1.0,0.5
12,famous_le_10m,byte_autocorr,12,EfficientNetV2B0|MobileNet|NASNetMobile,5,5,-0.999973613474614,0.0,1.0,0.5
12,famous_le_10m,byte_autocorr,13,EfficientNetV2B0|MobileNet|NASNetMobile,5,5,-0.9997040845306575,0.0,1.0,0.5
12,famous_le_10m,byte_autocorr,14,EfficientNetV2B0|MobileNet|NASNetMobile,5,5,-0.9997138846529116,0.0,1.0,0.5
12,famous_le_10m,byte_autocorr,15,EfficientNetV2B0|MobileNet|NASNetMobile,5,5,-0.9997423867897591,0.0,1.0,0.5
12,famous_le_10m,byte_autocorr,16,EfficientNetV2B0|MobileNet|NASNetMobile,5,5,0.0013934342618685774,0.2,1.0,0.6
12,famous_le_10m,byte_autocorr,17,EfficientNetV2B0|MobileNet|NASNetMobile,5,5,0.02915049643189508,1.0,0.4,0.7
12,famous_le_10m,byte_autocorr,18,EfficientNetV2B0|MobileNet|NASNetMobile,5,5,0.09219257578642956,1.0,0.4,0.7
12,famous_le_10m,byte_autocorr,19,EfficientNetV2B0|MobileNet|NASNetMobile,5,5,0.13544124614580114,1.0,0.4,0.7
12,famous_le_10m,byte_autocorr,20,EfficientNetV2B0|MobileNet|NASNetMobile,5,5,0.16760494242585566,1.0,0.4,0.7
12,famous_le_10m,byte_autocorr,21,EfficientNetV2B0|MobileNet|NASNetMobile,5,5,0.0012548847646054427,0.2,0.6,0.4
12,famous_le_10m,byte_autocorr,22,EfficientNetV2B0|MobileNet|NASNetMobile,5,5,0.0012635335365098629,0.2,0.6,0.4
12,famous_le_10m,byte_autocorr,23,EfficientNetV2B0|MobileNet|NASNetMobile,5,5,0.030375663867033317,1.0,0.6,0.8
13,famous_le_10m,byte_entropy,1,MobileNetV3Large|MobileNetV3Small|NASNetMobile,5,5,0.015859763319171077,0.0,1.0,0.5
13,famous_le_10m,byte_entropy,2,MobileNetV3Large|MobileNetV3Small|NASNetMobile,5,5,0.015841139122209868,0.0,1.0,0.5
13,famous_le_10m,byte_entropy,3,MobileNetV3Large|MobileNetV3Small|NASNetMobile,5,5,0.015838375238986672,0.0,1.0,0.5
13,famous_le_10m,byte_entropy,4,MobileNetV3Large|MobileNetV3Small|NASNetMobile,5,5,0.015842724339371943,0.0,1.0,0.5
13,famous_le_10m,byte_entropy,5,MobileNetV3Large|MobileNetV3Small|NASNetMobile,5,5,0.015840065134593868,0.0,1.0,0.5
13,famous_le_10m,byte_entropy,6,MobileNetV3Large|MobileNetV3Small|NASNetMobile,5,5,0.01584474913504927,0.0,1.0,0.5
13,famous_le_10m,byte_entropy,7,MobileNetV3Large|MobileNetV3Small|NASNetMobile,5,5,0.01584698435033233,0.0,1.0,0.5
13,famous_le_10m,byte_entropy,8,MobileNetV3Large|MobileNetV3Small|NASNetMobile,5,5,0.01588973223592091,0.0,1.0,0.5
13,famous_le_10m,byte_entropy,9,MobileNetV3Large|MobileNetV3Small|NASNetMobile,5,5,0.015845874368858672,0.0,1.0,0.5
13,famous_le_10m,byte_entropy,10,MobileNetV3Large|MobileNetV3Small|NASNetMobile,5,5,0.015840842706714008,0.0,1.0,0.5
13,famous_le_10m,byte_entropy,11,MobileNetV3Large|MobileNetV3Small|NASNetMobile,5,5,0.01583765747479231,0.0,1.0,0.5
13,famous_le_10m,byte_entropy,12,MobileNetV3Large|MobileNetV3Small|NASNetMobile,5,5,0.015837716066230623,0.0,1.0,0.5
13,famous_le_10m,byte_entropy,13,MobileNetV3Large|MobileNetV3Small|NASNetMobile,5,5,0.015833858786677882,0.0,1.0,0.5
13,famous_le_10m,byte_entropy,14,MobileNetV3Large|MobileNetV3Small|NASNetMobile,5,5,0.015833296433575145,0.0,1.0,0.5
13,famous_le_10m,byte_entropy,15,MobileNetV3Large|MobileNetV3Small|NASNetMobile,5,5,0.015832813695463348,0.0,1.0,0.5
13,famous_le_10m,byte_entropy,16,MobileNetV3Large|MobileNetV3Small|NASNetMobile,5,5,0.01584047240338818,0.0,1.0,0.5
13,famous_le_10m,byte_entropy,17,MobileNetV3Large|MobileNetV3Small|NASNetMobile,5,5,0.015832091529947648,0.0,1.0,0.5
13,famous_le_10m,byte_entropy,18,MobileNetV3Large|MobileNetV3Small|NASNetMobile,5,5,0.01583176992611348,0.0,1.0,0.5
13,famous_le_10m,byte_entropy,19,MobileNetV3Large|MobileNetV3Small|NASNetMobile,5,5,0.01583189691743566,0.0,1.0,0.5
13,famous_le_10m,byte_entropy,20,MobileNetV3Large|MobileNetV3Small|NASNetMobile,5,5,0.0158371872299748,0.0,1.0,0.5
13,famous_le_10m,byte_entropy,21,MobileNetV3Large|MobileNetV3Small|NASNetMobile,5,5,0.01590617349009553,0.0,1.0,0.5
13,famous_le_10m,byte_entropy,22,MobileNetV3Large|MobileNetV3Small|NASNetMobile,5,5,0.016852140647733008,0.0,1.0,0.5
13,famous_le_10m,byte_entropy,23,MobileNetV3Large|MobileNetV3Small|NASNetMobile,5,5,0.08359356931885045,0.4,0.6,0.5
13,famous_le_10m,histogram_kl,1,MobileNetV3Large|MobileNetV3Small|NASNetMobile,5,5,0.00011959570973368409,0.6,0.8,0.7
13,famous_le_10m,histogram_kl,2,MobileNetV3Large|MobileNetV3Small|NASNetMobile,5,5,8.411740475641959e-05,0.6,0.8,0.7
13,famous_le_10m,histogram_kl,3,MobileNetV3Large|MobileNetV3Small|NASNetMobile,5,5,8.455798209115721e-05,0.6,0.8,0.7
13,famous_le_10m,histogram_kl,4,MobileNetV3Large|MobileNetV3Small|NASNetMobile,5,5,9.984135557840664e-05,0.6,0.8,0.7
13,famous_le_10m,histogram_kl,5,MobileNetV3Large|MobileNetV3Small|NASNetMobile,5,5,9.781863250329056e-05,0.6,0.8,0.7
13,famous_le_10m,histogram_kl,6,MobileNetV3Large|MobileNetV3Small|NASNetMobile,5,5,0.00011179839212514151,0.6,0.8,0.7
13,famous_le_10m,histogram_kl,7,MobileNetV3Large|MobileNetV3Small|NASNetMobile,5,5,0.0001186418735990007,0.6,0.8,0.7
13,famous_le_10m,histogram_kl,8,MobileNetV3Large|MobileNetV3Small|NASNetMobile,5,5,0.00019206612838595108,0.6,0.6,0.6
13,famous_le_10m,histogram_kl,9,MobileNetV3Large|MobileNetV3Small|NASNetMobile,5,5,0.00011922740048995468,0.6,0.6,0.6
13,famous_le_10m,histogram_kl,10,MobileNetV3Large|MobileNetV3Small|NASNetMobile,5,5,9.613338902815992e-05,0.6,0.6,0.6
13,famous_le_10m,histogram_kl,11,MobileNetV3Large|MobileNetV3Small|NASNetMobile,5,5,9.341943814294392e-05,0.6,0.6,0.6
13,famous_le_10m,histogram_kl,12,MobileNetV3Large|MobileNetV3Small|NASNetMobile,5,5,8.856349777113636e-05,0.6,0.6,0.6
13,famous_le_10m,histogram_kl,13,MobileNetV3Large|MobileNetV3Small|NASNetMobile,5,5,7.386696958182363e-05,0.6,0.6,0.6
13,famous_le_10m,histogram_kl,14,MobileNetV3Large|MobileNetV3Small|NASNetMobile,5,5,6.401057221249035e-05,0.6,0.6,0.6
13,famous_le_10m,histogram_kl,15,MobileNetV3Large|MobileNetV3Small|NASNetMobile,5,5,6.451205159596563e-05,0.6,1.0,0.8
13,famous_le_10m,histogram_kl,16,MobileNetV3Large|MobileNetV3Small|NASNetMobile,5,5,9.002814374253856e-05,0.6,1.0,0.8
13,famous_le_10m,histogram_kl,17,MobileNetV3Large|MobileNetV3Small|NASNetMobile,5,5,4.9866552577846666e-05,0.6,1.0,0.8
13,famous_le_10m,histogram_kl,18,MobileNetV3Large|MobileNetV3Small|NASNetMobile,5,5,5.6817577636960516e-05,0.6,1.0,0.8
13,famous_le_10m,histogram_kl,19,MobileNetV3Large|MobileNetV3Small|NASNetMobile,5,5,4.9267640635953806e-05,0.4,1.0,0.7
13,famous_le_10m,histogram_kl,20,MobileNetV3Large|MobileNetV3Small|NASNetMobile,5,5,5.321181871352871e-05,0.6,1.0,0.8
13,famous_le_10m,histogram_kl,21,MobileNetV3Large|MobileNetV3Small|NASNetMobile,5,5,4.559367140301414e-05,0.4,1.0,0.7
13,famous_le_10m,histogram_kl,22,MobileNetV3Large|MobileNetV3Small|NASNetMobile,5,5,4.732062034504366e-05,0.4,1.0,0.7
13,famous_le_10m,histogram_kl,23,MobileNetV3Large|MobileNetV3Small|NASNetMobile,5,5,0.00010415494127752831,0.6,0.8,0.7
13,famous_le_10m,weight_value_dist,1,MobileNetV3Large|MobileNetV3Small|NASNetMobile,5,5,11.51868841388018,0.0,1.0,0.5
13,famous_le_10m,weight_value_dist,2,MobileNetV3Large|MobileNetV3Small|NASNetMobile,5,5,7.32860328865394,0.0,1.0,0.5
13,famous_le_10m,weight_value_dist,3,MobileNetV3Large|MobileNetV3Small|NASNetMobile,5,5,7.3286032419183,0.0,1.0,0.5
13,famous_le_10m,weight_value_dist,4,MobileNetV3Large|MobileNetV3Small|NASNetMobile,5,5,7.328606737386521,0.0,1.0,0.5
13,famous_le_10m,weight_value_dist,5,MobileNetV3Large|MobileNetV3Small|NASNetMobile,5,5,11.518688745904493,0.0,1.0,0.5
13,famous_le_10m,weight_value_dist,6,MobileNetV3Large|MobileNetV3Small|NASNetMobile,5,5,11.51870660647117,0.0,1.0,0.5
13,famous_le_10m,weight_value_dist,7,MobileNetV3Large|MobileNetV3Small|NASNetMobile,5,5,7.328167664433142,0.0,1.0,0.5
13,famous_le_10m,weight_value_dist,8,MobileNetV3Large|MobileNetV3Small|NASNetMobile,5,5,11.518948351624134,0.0,1.0,0.5
13,famous_le_10m,weight_value_dist,9,MobileNetV3Large|MobileNetV3Small|NASNetMobile,5,5,7.338676345225426,0.0,1.0,0.5
13,famous_le_10m,weight_value_dist,10,MobileNetV3Large|MobileNetV3Small|NASNetMobile,5,5,7.336721027650088,0.0,1.0,0.5
13,famous_le_10m,weight_value_dist,11,MobileNetV3Large|MobileNetV3Small|NASNetMobile,5,5,11.526676234793428,0.0,1.0,0.5
13,famous_le_10m,weight_value_dist,12,MobileNetV3Large|MobileNetV3Small|NASNetMobile,5,5,7.330320706301107,0.0,1.0,0.5
13,famous_le_10m,weight_value_dist,13,MobileNetV3Large|MobileNetV3Small|NASNetMobile,5,5,7.3361516815531935,0.0,1.0,0.5
13,famous_le_10m,weight_value_dist,14,MobileNetV3Large|MobileNetV3Small|NASNetMobile,5,5,7.361872991949994,0.0,1.0,0.5
13,famous_le_10m,weight_value_dist,15,MobileNetV3Large|MobileNetV3Small|NASNetMobile,5,5,7.373925124840548,0.0,1.0,0.5
13,famous_le_10m,weight_value_dist,16,MobileNetV3Large|MobileNetV3Small|NASNetMobile,5,5,11.646467273538185,0.0,1.0,0.5
13,famous_le_10m,weight_value_dist,17,MobileNetV3Large|MobileNetV3Small|NASNetMobile,5,5,11.733934007772689,0.0,1.0,0.5
13,famous_le_10m,weight_value_dist,18,MobileNetV3Large|MobileNetV3Small|NASNetMobile,5,5,11.934414913414155,0.0,1.0,0.5
13,famous_le_10m,weight_value_dist,19,MobileNetV3Large|MobileNetV3Small|NASNetMobile,5,5,11.899470233793563,0.0,1.0,0.5
13,famous_le_10m,weight_value_dist,20,MobileNetV3Large|MobileNetV3Small|NASNetMobile,5,5,11.995664474801654,0.0,1.0,0.5
13,famous_le_10m,weight_value_dist,21,MobileNetV3Large|MobileNetV3Small|NASNetMobile,5,5,12.09485478504227,0.0,1.0,0.5
13,famous_le_10m,weight_value_dist,22,MobileNetV3Large|MobileNetV3Small|NASNetMobile,5,5,12.284155816998366,0.0,1.0,0.5
13,famous_le_10m,weight_value_dist,23,MobileNetV3Large|MobileNetV3Small|NASNetMobile,5,5,14.74401453460996,0.2,1.0,0.6
13,famous_le_10m,byte_autocorr,1,MobileNetV3Large|MobileNetV3Small|NASNetMobile,5,5,0.00017621886634081393,0.2,0.8,0.5
13,famous_le_10m,byte_autocorr,2,MobileNetV3Large|MobileNetV3Small|NASNetMobile,5,5,0.0007924011096688557,0.4,0.6,0.5
13,famous_le_10m,byte_autocorr,3,MobileNetV3Large|MobileNetV3Small|NASNetMobile,5,5,0.00017114696495731653,0.2,0.8,0.5
13,famous_le_10m,byte_autocorr,4,MobileNetV3Large|MobileNetV3Small|NASNetMobile,5,5,0.0008323384667294543,0.4,0.6,0.5
13,famous_le_10m,byte_autocorr,5,MobileNetV3Large|MobileNetV3Small|NASNetMobile,5,5,0.0008332143528429474,0.4,0.6,0.5
13,famous_le_10m,byte_autocorr,6,MobileNetV3Large|MobileNetV3Small|NASNetMobile,5,5,0.0009796864363575712,0.4,0.6,0.5
13,famous_le_10m,byte_autocorr,7,MobileNetV3Large|MobileNetV3Small|NASNetMobile,5,5,0.0012028340343727397,0.4,1.0,0.7
13,famous_le_10m,byte_autocorr,8,MobileNetV3Large|MobileNetV3Small|NASNetMobile,5,5,0.004339584651520845,0.8,1.0,0.9
13,famous_le_10m,byte_autocorr,9,MobileNetV3Large|MobileNetV3Small|NASNetMobile,5,5,0.0027923322394277942,0.8,1.0,0.9
13,famous_le_10m,byte_autocorr,10,MobileNetV3Large|MobileNetV3Small|NASNetMobile,5,5,0.002532292166766129,0.8,1.0,0.9
13,famous_le_10m,byte_autocorr,11,MobileNetV3Large|MobileNetV3Small|NASNetMobile,5,5,0.0018127737666958923,0.6,1.0,0.8
13,famous_le_10m,byte_autocorr,12,MobileNetV3Large|MobileNetV3Small|NASNetMobile,5,5,0.002257170344891048,0.6,1.0,0.8
13,famous_le_10m,byte_autocorr,13,MobileNetV3Large|MobileNetV3Small|NASNetMobile,5,5,0.001556295908224286,0.4,0.6,0.5
13,famous_le_10m,byte_autocorr,14,MobileNetV3Large|MobileNetV3Small|NASNetMobile,5,5,0.0016671988058607858,0.6,1.0,0.8
13,famous_le_10m,byte_autocorr,15,MobileNetV3Large|MobileNetV3Small|NASNetMobile,5,5,0.0019494365636960088,0.6,1.0,0.8
13,famous_le_10m,byte_autocorr,16,MobileNetV3Large|MobileNetV3Small|NASNetMobile,5,5,0.0033477911105875063,0.8,1.0,0.9
13,famous_le_10m,byte_autocorr,17,MobileNetV3Large|MobileNetV3Small|NASNetMobile,5,5,0.0012744389384690296,0.4,1.0,0.7
13,famous_le_10m,byte_autocorr,18,MobileNetV3Large|MobileNetV3Small|NASNetMobile,5,5,0.0015998673548398954,0.4,1.0,0.7
13,famous_le_10m,byte_autocorr,19,MobileNetV3Large|MobileNetV3Small|NASNetMobile,5,5,0.001277971353142917,0.4,1.0,0.7
13,famous_le_10m,byte_autocorr,20,MobileNetV3Large|MobileNetV3Small|NASNetMobile,5,5,0.00107191736072009,0.4,1.0,0.7
13,famous_le_10m,byte_autocorr,21,MobileNetV3Large|MobileNetV3Small|NASNetMobile,5,5,0.0011149814782794067,0.4,1.0,0.7
13,famous_le_10m,byte_autocorr,22,MobileNetV3Large|MobileNetV3Small|NASNetMobile,5,5,0.0010039741761616078,0.4,1.0,0.7
13,famous_le_10m,byte_autocorr,23,MobileNetV3Large|MobileNetV3Small|NASNetMobile,5,5,0.001429519591404761,0.4,1.0,0.7
14,famous_le_10m,byte_entropy,1,DenseNet121|MobileNetV3Large|NASNetMobile,5,5,0.1367603480494976,0.2,0.8,0.5
14,famous_le_10m,byte_entropy,2,DenseNet121|MobileNetV3Large|NASNetMobile,5,5,0.136760256286809,0.2,0.8,0.5
14,famous_le_10m,byte_entropy,3,DenseNet121|MobileNetV3Large|NASNetMobile,5,5,0.1367602468728732,0.2,0.8,0.5
14,famous_le_10m,byte_entropy,4,DenseNet121|MobileNetV3Large|NASNetMobile,5,5,0.1367602739270406,0.2,0.8,0.5
14,famous_le_10m,byte_entropy,5,DenseNet121|MobileNetV3Large|NASNetMobile,5,5,0.1367602644806235,0.2,0.8,0.5
14,famous_le_10m,byte_entropy,6,DenseNet121|MobileNetV3Large|NASNetMobile,5,5,0.13676029175590593,0.2,0.8,0.5
14,famous_le_10m,byte_entropy,7,DenseNet121|MobileNetV3Large|NASNetMobile,5,5,0.13676030778671433,0.2,0.8,0.5
14,famous_le_10m,byte_entropy,8,DenseNet121|MobileNetV3Large|NASNetMobile,5,5,0.13676058387926393,0.2,0.8,0.5
14,famous_le_10m,byte_entropy,9,DenseNet121|MobileNetV3Large|NASNetMobile,5,5,0.13676030835309294,0.2,0.8,0.5
14,famous_le_10m,byte_entropy,10,DenseNet121|MobileNetV3Large|NASNetMobile,5,5,0.1367602634519843,0.2,0.8,0.5
14,famous_le_10m,byte_entropy,11,DenseNet121|MobileNetV3Large|NASNetMobile,5,5,0.1367602563433412,0.2,0.8,0.5
14,famous_le_10m,byte_entropy,12,DenseNet121|MobileNetV3Large|NASNetMobile,5,5,0.13676024763386496,0.2,0.8,0.5
14,famous_le_10m,byte_entropy,13,DenseNet121|MobileNetV3Large|NASNetMobile,5,5,0.13676022855019968,0.2,0.8,0.5
14,famous_le_10m,byte_entropy,14,DenseNet121|MobileNetV3Large|NASNetMobile,5,5,0.13676022051183073,0.2,0.8,0.5
14,famous_le_10m,byte_entropy,15,DenseNet121|MobileNetV3Large|NASNetMobile,5,5,0.13676022478099267,0.2,0.8,0.5
14,famous_le_10m,byte_entropy,16,DenseNet121|MobileNetV3Large|NASNetMobile,5,5,0.13676026108440986,0.2,0.8,0.5
14,famous_le_10m,byte_entropy,17,DenseNet121|MobileNetV3Large|NASNetMobile,5,5,0.2723919812687927,0.6,0.2,0.4
14,famous_le_10m,byte_entropy,18,DenseNet121|MobileNetV3Large|NASNetMobile,5,5,0.2723920112909867,0.6,0.4,0.5
14,famous_le_10m,byte_entropy,19,DenseNet121|MobileNetV3Large|NASNetMobile,5,5,0.27239213188619216,0.6,0.4,0.5
14,famous_le_10m,byte_entropy,20,DenseNet121|MobileNetV3Large|NASNetMobile,5,5,0.2723928440376903,0.6,0.4,0.5
14,famous_le_10m,byte_entropy,21,DenseNet121|MobileNetV3Large|NASNetMobile,5,5,0.27239871083400435,0.6,0.4,0.5
14,famous_le_10m,byte_entropy,22,DenseNet121|MobileNetV3Large|NASNetMobile,5,5,0.1372286112947722,0.2,0.8,0.5
14,famous_le_10m,byte_entropy,23,DenseNet121|MobileNetV3Large|NASNetMobile,5,5,0.1970707266464147,0.6,0.4,0.5
14,famous_le_10m,histogram_kl,1,DenseNet121|MobileNetV3Large|NASNetMobile,5,5,6.037557991539814e-05,0.6,1.0,0.8
14,famous_le_10m,histogram_kl,2,DenseNet121|MobileNetV3Large|NASNetMobile,5,5,4.5691016680118766e-05,0.4,1.0,0.7
14,famous_le_10m,histogram_kl,3,DenseNet121|MobileNetV3Large|NASNetMobile,5,5,4.7530685054832476e-05,0.4,1.0,0.7
14,famous_le_10m,histogram_kl,4,DenseNet121|MobileNetV3Large|NASNetMobile,5,5,5.1380020595876695e-05,0.4,1.0,0.7
14,famous_le_10m,histogram_kl,5,DenseNet121|MobileNetV3Large|NASNetMobile,5,5,5.3517686858084436e-05,0.4,1.0,0.7
14,famous_le_10m,histogram_kl,6,DenseNet121|MobileNetV3Large|NASNetMobile,5,5,6.055037108173304e-05,0.6,1.0,0.8
14,famous_le_10m,histogram_kl,7,DenseNet121|MobileNetV3Large|NASNetMobile,5,5,6.0801121231353606e-05,0.6,1.0,0.8
14,famous_le_10m,histogram_kl,8,DenseNet121|MobileNetV3Large|NASNetMobile,5,5,9.779394666084421e-05,0.6,1.0,0.8
14,famous_le_10m,histogram_kl,9,DenseNet121|MobileNetV3Large|NASNetMobile,5,5,6.339384057449469e-05,0.6,1.0,0.8
14,famous_le_10m,histogram_kl,10,DenseNet121|MobileNetV3Large|NASNetMobile,5,5,5.421030691795987e-05,0.4,1.0,0.7
14,famous_le_10m,histogram_kl,11,DenseNet121|MobileNetV3Large|NASNetMobile,5,5,4.8801924082675196e-05,0.4,1.0,0.7
14,famous_le_10m,histogram_kl,12,DenseNet121|MobileNetV3Large|NASNetMobile,5,5,4.8571767481986356e-05,0.4,1.0,0.7
14,famous_le_10m,histogram_kl,13,DenseNet121|MobileNetV3Large|NASNetMobile,5,5,4.0147362564254946e-05,0.0,1.0,0.5
14,famous_le_10m,histogram_kl,14,DenseNet121|MobileNetV3Large|NASNetMobile,5,5,3.7075764092146597e-05,0.0,1.0,0.5
14,famous_le_10m,histogram_kl,15,DenseNet121|MobileNetV3Large|NASNetMobile,5,5,5.8317370012800494e-05,0.6,1.0,0.8
14,famous_le_10m,histogram_kl,16,DenseNet121|MobileNetV3Large|NASNetMobile,5,5,8.309791188426625e-05,0.6,1.0,0.8
14,famous_le_10m,histogram_kl,17,DenseNet121|MobileNetV3Large|NASNetMobile,5,5,4.5080403296178654e-05,0.4,1.0,0.7
14,famous_le_10m,histogram_kl,18,DenseNet121|MobileNetV3Large|NASNetMobile,5,5,4.8555973905759795e-05,0.4,1.0,0.7
14,famous_le_10m,histogram_kl,19,DenseNet121|MobileNetV3Large|NASNetMobile,5,5,4.347546099096981e-05,0.2,1.0,0.6
14,famous_le_10m,histogram_kl,20,DenseNet121|MobileNetV3Large|NASNetMobile,5,5,4.696619163307721e-05,0.4,1.0,0.7
14,famous_le_10m,histogram_kl,21,DenseNet121|MobileNetV3Large|NASNetMobile,5,5,3.889911833457322e-05,0.0,1.0,0.5
14,famous_le_10m,histogram_kl,22,DenseNet121|MobileNetV3Large|NASNetMobile,5,5,4.074897116296625e-05,0.0,1.0,0.5
14,famous_le_10m,histogram_kl,23,DenseNet121|MobileNetV3Large|NASNetMobile,5,5,0.012543161502619977,0.6,0.4,0.5
14,famous_le_10m,weight_value_dist,1,DenseNet121|MobileNetV3Large|NASNetMobile,5,5,6.5798940312280125,0.0,1.0,0.5
14,famous_le_10m,weight_value_dist,2,DenseNet121|MobileNetV3Large|NASNetMobile,5,5,6.579894664637655,0.0,1.0,0.5
14,famous_le_10m,weight_value_dist,3,DenseNet121|MobileNetV3Large|NASNetMobile,5,5,9.810387585545326,0.0,1.0,0.5
14,famous_le_10m,weight_value_dist,4,DenseNet121|MobileNetV3Large|NASNetMobile,5,5,9.810387287145886,0.0,1.0,0.5
14,famous_le_10m,weight_value_dist,5,DenseNet121|MobileNetV3Large|NASNetMobile,5,5,13.470337344686985,0.2,0.8,0.5
14,famous_le_10m,weight_value_dist,6,DenseNet121|MobileNetV3Large|NASNetMobile,5,5,13.470345158086944,0.2,0.8,0.5
14,famous_le_10m,weight_value_dist,7,DenseNet121|MobileNetV3Large|NASNetMobile,5,5,9.810382977622261,0.0,1.0,0.5
14,famous_le_10m,weight_value_dist,8,DenseNet121|MobileNetV3Large|NASNetMobile,5,5,13.470341780745088,0.2,0.8,0.5
14,famous_le_10m,weight_value_dist,9,DenseNet121|MobileNetV3Large|NASNetMobile,5,5,13.470344974893239,0.2,0.8,0.5
14,famous_le_10m,weight_value_dist,10,DenseNet121|MobileNetV3Large|NASNetMobile,5,5,9.810451507801158,0.0,1.0,0.5
14,famous_le_10m,weight_value_dist,11,DenseNet121|MobileNetV3Large|NASNetMobile,5,5,6.58013372505366,0.0,1.0,0.5
14,famous_le_10m,weight_value_dist,12,DenseNet121|MobileNetV3Large|NASNetMobile,5,5,9.810782492698335,0.0,1.0,0.5
14,famous_le_10m,weight_value_dist,13,DenseNet121|MobileNetV3Large|NASNetMobile,5,5,13.470361902295016,0.2,0.6,0.4
14,famous_le_10m,weight_value_dist,14,DenseNet121|MobileNetV3Large|NASNetMobile,5,5,9.812256131454355,0.0,1.0,0.5
14,famous_le_10m,weight_value_dist,15,DenseNet121|MobileNetV3Large|NASNetMobile,5,5,6.579981937612612,0.0,1.0,0.5
14,famous_le_10m,weight_value_dist,16,DenseNet121|MobileNetV3Large|NASNetMobile,5,5,13.471903649470145,0.4,0.6,0.5
14,famous_le_10m,weight_value_dist,17,DenseNet121|MobileNetV3Large|NASNetMobile,5,5,6.58183478486459,0.0,1.0,0.5
14,famous_le_10m,weight_value_dist,18,DenseNet121|MobileNetV3Large|NASNetMobile,5,5,6.58985328890847,0.0,1.0,0.5
14,famous_le_10m,weight_value_dist,19,DenseNet121|MobileNetV3Large|NASNetMobile,5,5,6.596710156049037,0.0,1.0,0.5
14,famous_le_10m,weight_value_dist,20,DenseNet121|MobileNetV3Large|NASNetMobile,5,5,6.610885058141289,0.0,1.0,0.5
14,famous_le_10m,weight_value_dist,21,DenseNet121|MobileNetV3Large|NASNetMobile,5,5,6.725890867639408,0.0,1.0,0.5
14,famous_le_10m,weight_value_dist,22,DenseNet121|MobileNetV3Large|NASNetMobile,5,5,7.271521938567535,0.0,1.0,0.5
14,famous_le_10m,weight_value_dist,23,DenseNet121|MobileNetV3Large|NASNetMobile,5,5,11.46029455588003,0.0,1.0,0.5
14,famous_le_10m,byte_autocorr,1,DenseNet121|MobileNetV3Large|NASNetMobile,5,5,0.00024037730732549102,0.2,0.8,0.5
14,famous_le_10m,byte_autocorr,2,DenseNet121|MobileNetV3Large|NASNetMobile,5,5,0.00024314750670542603,0.2,0.8,0.5
14,famous_le_10m,byte_autocorr,3,DenseNet121|MobileNetV3Large|NASNetMobile,5,5,0.0002442395690486478,0.2,0.8,0.5
14,famous_le_10m,byte_autocorr,4,DenseNet121|MobileNetV3Large|NASNetMobile,5,5,0.00029909864253923414,0.2,0.6,0.4
14,famous_le_10m,byte_autocorr,5,DenseNet121|MobileNetV3Large|NASNetMobile,5,5,0.00035647160493189166,0.2,0.6,0.4
14,famous_le_10m,byte_autocorr,6,DenseNet121|MobileNetV3Large|NASNetMobile,5,5,0.00039352505226577123,0.4,1.0,0.7
14,famous_le_10m,byte_autocorr,7,DenseNet121|MobileNetV3Large|NASNetMobile,5,5,0.0011177079642572631,0.4,0.8,0.6000000000000001
14,famous_le_10m,byte_autocorr,8,DenseNet121|MobileNetV3Large|NASNetMobile,5,5,0.003031661855639154,0.8,1.0,0.9
14,famous_le_10m,byte_autocorr,9,DenseNet121|MobileNetV3Large|NASNetMobile,5,5,0.0019699311978162246,0.6,1.0,0.8
14,famous_le_10m,byte_autocorr,10,DenseNet121|MobileNetV3Large|NASNetMobile,5,5,0.001742266209809484,0.6,1.0,0.8
14,famous_le_10m,byte_autocorr,11,DenseNet121|MobileNetV3Large|NASNetMobile,5,5,0.0013985671459372149,0.4,1.0,0.7
14,famous_le_10m,byte_autocorr,12,DenseNet121|MobileNetV3Large|NASNetMobile,5,5,0.0015619259399842944,0.6,1.0,0.8
14,famous_le_10m,byte_autocorr,13,DenseNet121|MobileNetV3Large|NASNetMobile,5,5,0.001078938656615381,0.4,1.0,0.7
14,famous_le_10m,byte_autocorr,14,DenseNet121|MobileNetV3Large|NASNetMobile,5,5,0.001201249187293014,0.4,1.0,0.7
14,famous_le_10m,byte_autocorr,15,DenseNet121|MobileNetV3Large|NASNetMobile,5,5,0.0018643104935805322,0.6,1.0,0.8
14,famous_le_10m,byte_autocorr,16,DenseNet121|MobileNetV3Large|NASNetMobile,5,5,0.00326266504047203,0.8,1.0,0.9
14,famous_le_10m,byte_autocorr,17,DenseNet121|MobileNetV3Large|NASNetMobile,5,5,0.0011893128683535532,0.4,1.0,0.7
14,famous_le_10m,byte_autocorr,18,DenseNet121|MobileNetV3Large|NASNetMobile,5,5,0.0015147412847244187,0.6,1.0,0.8
14,famous_le_10m,byte_autocorr,19,DenseNet121|MobileNetV3Large|NASNetMobile,5,5,0.0011928452830274406,0.4,1.0,0.7
14,famous_le_10m,byte_autocorr,20,DenseNet121|MobileNetV3Large|NASNetMobile,5,5,0.0009867912906046136,0.4,1.0,0.7
14,famous_le_10m,byte_autocorr,21,DenseNet121|MobileNetV3Large|NASNetMobile,5,5,0.0010298554081639303,0.4,1.0,0.7
14,famous_le_10m,byte_autocorr,22,DenseNet121|MobileNetV3Large|NASNetMobile,5,5,0.0009188481060461314,0.4,1.0,0.7
14,famous_le_10m,byte_autocorr,23,DenseNet121|MobileNetV3Large|NASNetMobile,5,5,0.029778257051384236,1.0,0.4,0.7
15,famous_le_10m,byte_entropy,1,MobileNetV2|MobileNetV3Large|NASNetMobile,5,5,0.024122796680722328,0.2,0.8,0.5
15,famous_le_10m,byte_entropy,2,MobileNetV2|MobileNetV3Large|NASNetMobile,5,5,0.024119201283990133,0.2,0.8,0.5
15,famous_le_10m,byte_entropy,3,MobileNetV2|MobileNetV3Large|NASNetMobile,5,5,0.024118912657809348,0.2,0.8,0.5
15,famous_le_10m,byte_entropy,4,MobileNetV2|MobileNetV3Large|NASNetMobile,5,5,0.024119789440344756,0.2,0.8,0.5
15,famous_le_10m,byte_entropy,5,MobileNetV2|MobileNetV3Large|NASNetMobile,5,5,0.024119263441805965,0.2,0.8,0.5
15,famous_le_10m,byte_entropy,6,MobileNetV2|MobileNetV3Large|NASNetMobile,5,5,0.024120181558574372,0.2,0.8,0.5
15,famous_le_10m,byte_entropy,7,MobileNetV2|MobileNetV3Large|NASNetMobile,5,5,0.024120663009410598,0.2,0.8,0.5
15,famous_le_10m,byte_entropy,8,MobileNetV2|MobileNetV3Large|NASNetMobile,5,5,0.024129283255442495,0.2,0.8,0.5
15,famous_le_10m,byte_entropy,9,MobileNetV2|MobileNetV3Large|NASNetMobile,5,5,0.024120665698808396,0.2,0.8,0.5
15,famous_le_10m,byte_entropy,10,MobileNetV2|MobileNetV3Large|NASNetMobile,5,5,0.024119530203764544,0.2,0.8,0.5
15,famous_le_10m,byte_entropy,11,MobileNetV2|MobileNetV3Large|NASNetMobile,5,5,0.024118993206461853,0.2,0.8,0.5
15,famous_le_10m,byte_entropy,12,MobileNetV2|MobileNetV3Large|NASNetMobile,5,5,0.02411888150196533,0.2,0.8,0.5
15,famous_le_10m,byte_entropy,13,MobileNetV2|MobileNetV3Large|NASNetMobile,5,5,0.024118206343881995,0.2,0.8,0.5
15,famous_le_10m,byte_entropy,14,MobileNetV2|MobileNetV3Large|NASNetMobile,5,5,0.024117998404633925,0.2,0.8,0.5
15,famous_le_10m,byte_entropy,15,MobileNetV2|MobileNetV3Large|NASNetMobile,5,5,0.024118011129403552,0.2,0.8,0.5
15,famous_le_10m,byte_entropy,16,MobileNetV2|MobileNetV3Large|NASNetMobile,5,5,0.02411921936093521,0.2,0.8,0.5
15,famous_le_10m,byte_entropy,17,MobileNetV2|MobileNetV3Large|NASNetMobile,5,5,0.024117812374022204,0.2,0.8,0.5
15,famous_le_10m,byte_entropy,18,MobileNetV2|MobileNetV3Large|NASNetMobile,5,5,0.02411761299879719,0.2,0.8,0.5
15,famous_le_10m,byte_entropy,19,MobileNetV2|MobileNetV3Large|NASNetMobile,5,5,0.07988501292950392,0.4,0.6,0.5
15,famous_le_10m,byte_entropy,20,MobileNetV2|MobileNetV3Large|NASNetMobile,5,5,0.07988887225401431,0.4,0.6,0.5
15,famous_le_10m,byte_entropy,21,MobileNetV2|MobileNetV3Large|NASNetMobile,5,5,0.024146910429268763,0.2,0.8,0.5
15,famous_le_10m,byte_entropy,22,MobileNetV2|MobileNetV3Large|NASNetMobile,5,5,0.024741274700281698,0.2,0.8,0.5
15,famous_le_10m,byte_entropy,23,MobileNetV2|MobileNetV3Large|NASNetMobile,5,5,0.08740481333487521,0.4,0.6,0.5
15,famous_le_10m,histogram_kl,1,MobileNetV2|MobileNetV3Large|NASNetMobile,5,5,0.00011690201225590793,0.6,0.8,0.7
15,famous_le_10m,histogram_kl,2,MobileNetV2|MobileNetV3Large|NASNetMobile,5,5,8.025970524909134e-05,0.6,0.8,0.7
15,famous_le_10m,histogram_kl,3,MobileNetV2|MobileNetV3Large|NASNetMobile,5,5,7.881544851865455e-05,0.6,0.8,0.7
15,famous_le_10m,histogram_kl,4,MobileNetV2|MobileNetV3Large|NASNetMobile,5,5,9.178592495043221e-05,0.6,0.8,0.7
15,famous_le_10m,histogram_kl,5,MobileNetV2|MobileNetV3Large|NASNetMobile,5,5,9.016617517356893e-05,0.6,0.8,0.7
15,famous_le_10m,histogram_kl,6,MobileNetV2|MobileNetV3Large|NASNetMobile,5,5,0.0001030574833690608,0.6,0.8,0.7
15,famous_le_10m,histogram_kl,7,MobileNetV2|MobileNetV3Large|NASNetMobile,5,5,0.00010954076117279812,0.6,0.8,0.7
15,famous_le_10m,histogram_kl,8,MobileNetV2|MobileNetV3Large|NASNetMobile,5,5,0.00018663084344751243,0.6,0.6,0.6
15,famous_le_10m,histogram_kl,9,MobileNetV2|MobileNetV3Large|NASNetMobile,5,5,0.00011151929895502553,0.6,0.6,0.6
15,famous_le_10m,histogram_kl,10,MobileNetV2|MobileNetV3Large|NASNetMobile,5,5,9.059614728210998e-05,0.6,0.8,0.7
15,famous_le_10m,histogram_kl,11,MobileNetV2|MobileNetV3Large|NASNetMobile,5,5,8.715424149365714e-05,0.6,0.6,0.6
15,famous_le_10m,histogram_kl,12,MobileNetV2|MobileNetV3Large|NASNetMobile,5,5,8.34867963202996e-05,0.6,0.6,0.6
15,famous_le_10m,histogram_kl,13,MobileNetV2|MobileNetV3Large|NASNetMobile,5,5,6.799480669870386e-05,0.6,0.6,0.6
15,famous_le_10m,histogram_kl,14,MobileNetV2|MobileNetV3Large|NASNetMobile,5,5,5.926591478110175e-05,0.4,0.6,0.5
15,famous_le_10m,histogram_kl,15,MobileNetV2|MobileNetV3Large|NASNetMobile,5,5,5.9441137917657684e-05,0.4,1.0,0.7
15,famous_le_10m,histogram_kl,16,MobileNetV2|MobileNetV3Large|NASNetMobile,5,5,8.388287141031242e-05,0.6,1.0,0.8
15,famous_le_10m,histogram_kl,17,MobileNetV2|MobileNetV3Large|NASNetMobile,5,5,4.694743804408292e-05,0.4,1.0,0.7
15,famous_le_10m,histogram_kl,18,MobileNetV2|MobileNetV3Large|NASNetMobile,5,5,4.949334126213542e-05,0.4,1.0,0.7
15,famous_le_10m,histogram_kl,19,MobileNetV2|MobileNetV3Large|NASNetMobile,5,5,4.407753266047633e-05,0.4,1.0,0.7
15,famous_le_10m,histogram_kl,20,MobileNetV2|MobileNetV3Large|NASNetMobile,5,5,4.949720741430992e-05,0.4,1.0,0.7
15,famous_le_10m,histogram_kl,21,MobileNetV2|MobileNetV3Large|NASNetMobile,5,5,3.9537048523391384e-05,0.2,1.0,0.6
15,famous_le_10m,histogram_kl,22,MobileNetV2|MobileNetV3Large|NASNetMobile,5,5,4.270121656510143e-05,0.4,1.0,0.7
15,famous_le_10m,histogram_kl,23,MobileNetV2|MobileNetV3Large|NASNetMobile,5,5,6.623900090889292e-05,0.6,1.0,0.8
15,famous_le_10m,weight_value_dist,1,MobileNetV2|MobileNetV3Large|NASNetMobile,5,5,9.850094768807846,0.0,1.0,0.5
15,famous_le_10m,weight_value_dist,2,MobileNetV2|MobileNetV3Large|NASNetMobile,5,5,8.30211602988475,0.0,1.0,0.5
15,famous_le_10m,weight_value_dist,3,MobileNetV2|MobileNetV3Large|NASNetMobile,5,5,8.302115985992227,0.0,1.0,0.5
15,famous_le_10m,weight_value_dist,4,MobileNetV2|MobileNetV3Large|NASNetMobile,5,5,8.302115167671987,0.0,1.0,0.5
15,famous_le_10m,weight_value_dist,5,MobileNetV2|MobileNetV3Large|NASNetMobile,5,5,7.298914377839791,0.0,1.0,0.5
15,famous_le_10m,weight_value_dist,6,MobileNetV2|MobileNetV3Large|NASNetMobile,5,5,9.85012163958271,0.0,1.0,0.5
15,famous_le_10m,weight_value_dist,7,MobileNetV2|MobileNetV3Large|NASNetMobile,5,5,8.30207503706045,0.0,1.0,0.5
15,famous_le_10m,weight_value_dist,8,MobileNetV2|MobileNetV3Large|NASNetMobile,5,5,8.302199554422629,0.0,1.0,0.5
15,famous_le_10m,weight_value_dist,9,MobileNetV2|MobileNetV3Large|NASNetMobile,5,5,8.305918053239015,0.0,1.0,0.5
15,famous_le_10m,weight_value_dist,10,MobileNetV2|MobileNetV3Large|NASNetMobile,5,5,9.852131668621695,0.0,1.0,0.5
15,famous_le_10m,weight_value_dist,11,MobileNetV2|MobileNetV3Large|NASNetMobile,5,5,12.454158596258278,0.0,1.0,0.5
15,famous_le_10m,weight_value_dist,12,MobileNetV2|MobileNetV3Large|NASNetMobile,5,5,8.312022936259687,0.0,1.0,0.5
15,famous_le_10m,weight_value_dist,13,MobileNetV2|MobileNetV3Large|NASNetMobile,5,5,8.306253261277082,0.0,1.0,0.5
15,famous_le_10m,weight_value_dist,14,MobileNetV2|MobileNetV3Large|NASNetMobile,5,5,7.294979301226819,0.0,1.0,0.5
15,famous_le_10m,weight_value_dist,15,MobileNetV2|MobileNetV3Large|NASNetMobile,5,5,7.24431354808606,0.0,1.0,0.5
15,famous_le_10m,weight_value_dist,16,MobileNetV2|MobileNetV3Large|NASNetMobile,5,5,9.895845877226222,0.0,1.0,0.5
15,famous_le_10m,weight_value_dist,17,MobileNetV2|MobileNetV3Large|NASNetMobile,5,5,8.319838855320217,0.0,1.0,0.5
15,famous_le_10m,weight_value_dist,18,MobileNetV2|MobileNetV3Large|NASNetMobile,5,5,8.33706679806698,0.0,1.0,0.5
15,famous_le_10m,weight_value_dist,19,MobileNetV2|MobileNetV3Large|NASNetMobile,5,5,8.357458895044026,0.0,1.0,0.5
15,famous_le_10m,weight_value_dist,20,MobileNetV2|MobileNetV3Large|NASNetMobile,5,5,8.506359183505186,0.0,1.0,0.5
15,famous_le_10m,weight_value_dist,21,MobileNetV2|MobileNetV3Large|NASNetMobile,5,5,9.001600525844832,0.0,1.0,0.5
15,famous_le_10m,weight_value_dist,22,MobileNetV2|MobileNetV3Large|NASNetMobile,5,5,10.67626165295663,0.0,1.0,0.5
15,famous_le_10m,weight_value_dist,23,MobileNetV2|MobileNetV3Large|NASNetMobile,5,5,15.90864560759546,0.0,1.0,0.5
15,famous_le_10m,byte_autocorr,1,MobileNetV2|MobileNetV3Large|NASNetMobile,5,5,4.639642835202923e-05,0.0,1.0,0.5
15,famous_le_10m,byte_autocorr,2,MobileNetV2|MobileNetV3Large|NASNetMobile,5,5,5.272709359822809e-05,0.0,1.0,0.5
15,famous_le_10m,byte_autocorr,3,MobileNetV2|MobileNetV3Large|NASNetMobile,5,5,5.187862401853775e-05,0.0,1.0,0.5
15,famous_le_10m,byte_autocorr,4,MobileNetV2|MobileNetV3Large|NASNetMobile,5,5,7.432068249760962e-05,0.0,1.0,0.5
15,famous_le_10m,byte_autocorr,5,MobileNetV2|MobileNetV3Large|NASNetMobile,5,5,0.0007480882827274709,0.4,0.6,0.5
15,famous_le_10m,byte_autocorr,6,MobileNetV2|MobileNetV3Large|NASNetMobile,5,5,0.0007626931936607847,0.4,0.8,0.6000000000000001
15,famous_le_10m,byte_autocorr,7,MobileNetV2|MobileNetV3Large|NASNetMobile,5,5,0.0011177079642572631,0.4,1.0,0.7
15,famous_le_10m,byte_autocorr,8,MobileNetV2|MobileNetV3Large|NASNetMobile,5,5,0.004254458581405368,0.8,1.0,0.9
15,famous_le_10m,byte_autocorr,9,MobileNetV2|MobileNetV3Large|NASNetMobile,5,5,0.0027072061693123174,0.8,1.0,0.9
15,famous_le_10m,byte_autocorr,10,MobileNetV2|MobileNetV3Large|NASNetMobile,5,5,0.002447166096650652,0.8,1.0,0.9
15,famous_le_10m,byte_autocorr,11,MobileNetV2|MobileNetV3Large|NASNetMobile,5,5,0.0017276476965804159,0.6,1.0,0.8
15,famous_le_10m,byte_autocorr,12,MobileNetV2|MobileNetV3Large|NASNetMobile,5,5,0.002172044274775572,0.6,1.0,0.8
15,famous_le_10m,byte_autocorr,13,MobileNetV2|MobileNetV3Large|NASNetMobile,5,5,0.0014711698381088094,0.4,0.6,0.5
15,famous_le_10m,byte_autocorr,14,MobileNetV2|MobileNetV3Large|NASNetMobile,5,5,0.0015820727357453092,0.6,1.0,0.8
15,famous_le_10m,byte_autocorr,15,MobileNetV2|MobileNetV3Large|NASNetMobile,5,5,0.0018643104935805324,0.6,1.0,0.8
15,famous_le_10m,byte_autocorr,16,MobileNetV2|MobileNetV3Large|NASNetMobile,5,5,0.0032626650404720295,0.8,1.0,0.9
15,famous_le_10m,byte_autocorr,17,MobileNetV2|MobileNetV3Large|NASNetMobile,5,5,0.0011893128683535532,0.4,1.0,0.7
15,famous_le_10m,byte_autocorr,18,MobileNetV2|MobileNetV3Large|NASNetMobile,5,5,0.001514741284724419,0.4,1.0,0.7
15,famous_le_10m,byte_autocorr,19,MobileNetV2|MobileNetV3Large|NASNetMobile,5,5,0.0011928452830274406,0.4,1.0,0.7
15,famous_le_10m,byte_autocorr,20,MobileNetV2|MobileNetV3Large|NASNetMobile,5,5,0.0009867912906046136,0.4,1.0,0.7
15,famous_le_10m,byte_autocorr,21,MobileNetV2|MobileNetV3Large|NASNetMobile,5,5,0.0010298554081639303,0.4,1.0,0.7
15,famous_le_10m,byte_autocorr,22,MobileNetV2|MobileNetV3Large|NASNetMobile,5,5,0.0009188481060461313,0.4,1.0,0.7
15,famous_le_10m,byte_autocorr,23,MobileNetV2|MobileNetV3Large|NASNetMobile,5,5,0.0012853340438881869,0.4,1.0,0.7
16,famous_le_10m,byte_entropy,1,MobileNet|MobileNetV3Small|NASNetMobile,5,5,0.010070935175163956,0.0,1.0,0.5
16,famous_le_10m,byte_entropy,2,MobileNet|MobileNetV3Small|NASNetMobile,5,5,0.010041702403256386,0.0,1.0,0.5
16,famous_le_10m,byte_entropy,3,MobileNet|MobileNetV3Small|NASNetMobile,5,5,0.010037359119459098,0.0,1.0,0.5
16,famous_le_10m,byte_entropy,4,MobileNet|MobileNetV3Small|NASNetMobile,5,5,0.010044193133564583,0.0,1.0,0.5
16,famous_le_10m,byte_entropy,5,MobileNet|MobileNetV3Small|NASNetMobile,5,5,0.010040014764606947,0.0,1.0,0.5
16,famous_le_10m,byte_entropy,6,MobileNet|MobileNetV3Small|NASNetMobile,5,5,0.010047374015942391,0.0,1.0,0.5
16,famous_le_10m,byte_entropy,7,MobileNet|MobileNetV3Small|NASNetMobile,5,5,0.01005088465343075,0.0,1.0,0.5
16,famous_le_10m,byte_entropy,8,MobileNet|MobileNetV3Small|NASNetMobile,5,5,0.010117798407952142,0.0,1.0,0.5
16,famous_le_10m,byte_entropy,9,MobileNet|MobileNetV3Small|NASNetMobile,5,5,0.01004913680545863,0.0,1.0,0.5
16,famous_le_10m,byte_entropy,10,MobileNet|MobileNetV3Small|NASNetMobile,5,5,0.01004122726577053,0.0,1.0,0.5
16,famous_le_10m,byte_entropy,11,MobileNet|MobileNetV3Small|NASNetMobile,5,5,0.010036223254822872,0.0,1.0,0.5
16,famous_le_10m,byte_entropy,12,MobileNet|MobileNetV3Small|NASNetMobile,5,5,0.010036301095478185,0.0,1.0,0.5
16,famous_le_10m,byte_entropy,13,MobileNet|MobileNetV3Small|NASNetMobile,5,5,0.010030236546725352,0.0,1.0,0.5
16,famous_le_10m,byte_entropy,14,MobileNet|MobileNetV3Small|NASNetMobile,5,5,0.01002934627834088,0.0,1.0,0.5
16,famous_le_10m,byte_entropy,15,MobileNet|MobileNetV3Small|NASNetMobile,5,5,0.010028577776716266,0.0,1.0,0.5
16,famous_le_10m,byte_entropy,16,MobileNet|MobileNetV3Small|NASNetMobile,5,5,0.010040592976486155,0.0,1.0,0.5
16,famous_le_10m,byte_entropy,17,MobileNet|MobileNetV3Small|NASNetMobile,5,5,0.010027805743679933,0.0,1.0,0.5
16,famous_le_10m,byte_entropy,18,MobileNet|MobileNetV3Small|NASNetMobile,5,5,0.010026203353349243,0.0,1.0,0.5
16,famous_le_10m,byte_entropy,19,MobileNet|MobileNetV3Small|NASNetMobile,5,5,0.010022511264401507,0.0,1.0,0.5
16,famous_le_10m,byte_entropy,20,MobileNet|MobileNetV3Small|NASNetMobile,5,5,0.07157127949556452,0.4,0.6,0.5
16,famous_le_10m,byte_entropy,21,MobileNet|MobileNetV3Small|NASNetMobile,5,5,0.010060865543162763,0.0,1.0,0.5
16,famous_le_10m,byte_entropy,22,MobileNet|MobileNetV3Small|NASNetMobile,5,5,0.011261193641487203,0.0,1.0,0.5
16,famous_le_10m,byte_entropy,23,MobileNet|MobileNetV3Small|NASNetMobile,5,5,0.01999601967106587,0.0,1.0,0.5
16,famous_le_10m,histogram_kl,1,MobileNet|MobileNetV3Small|NASNetMobile,5,5,0.00012666409037850754,0.6,0.8,0.7
16,famous_le_10m,histogram_kl,2,MobileNet|MobileNetV3Small|NASNetMobile,5,5,8.803043781356044e-05,0.6,0.8,0.7
16,famous_le_10m,histogram_kl,3,MobileNet|MobileNetV3Small|NASNetMobile,5,5,8.726260016299983e-05,0.6,0.8,0.7
16,famous_le_10m,histogram_kl,4,MobileNet|MobileNetV3Small|NASNetMobile,5,5,0.00010460278823643916,0.6,0.8,0.7
16,famous_le_10m,histogram_kl,5,MobileNet|MobileNetV3Small|NASNetMobile,5,5,9.887860971356432e-05,0.6,0.8,0.7
16,famous_le_10m,histogram_kl,6,MobileNet|MobileNetV3Small|NASNetMobile,5,5,0.00011815866470050211,0.6,0.8,0.7
16,famous_le_10m,histogram_kl,7,MobileNet|MobileNetV3Small|NASNetMobile,5,5,0.0001270978009818399,0.6,0.6,0.6
16,famous_le_10m,histogram_kl,8,MobileNet|MobileNetV3Small|NASNetMobile,5,5,0.00020687901242364939,0.6,0.6,0.6
16,famous_le_10m,histogram_kl,9,MobileNet|MobileNetV3Small|NASNetMobile,5,5,0.00012752027410076243,0.6,0.6,0.6
16,famous_le_10m,histogram_kl,10,MobileNet|MobileNetV3Small|NASNetMobile,5,5,0.00010405746239069694,0.6,0.6,0.6
16,famous_le_10m,histogram_kl,11,MobileNet|MobileNetV3Small|NASNetMobile,5,5,0.0001001568179923831,0.6,0.6,0.6
16,famous_le_10m,histogram_kl,12,MobileNet|MobileNetV3Small|NASNetMobile,5,5,9.252717175707143e-05,0.6,0.6,0.6
16,famous_le_10m,histogram_kl,13,MobileNet|MobileNetV3Small|NASNetMobile,5,5,7.929738392233755e-05,0.6,0.6,0.6
16,famous_le_10m,histogram_kl,14,MobileNet|MobileNetV3Small|NASNetMobile,5,5,6.847761679751114e-05,0.6,0.6,0.6
16,famous_le_10m,histogram_kl,15,MobileNet|MobileNetV3Small|NASNetMobile,5,5,6.756341640405795e-05,0.6,1.0,0.8
16,famous_le_10m,histogram_kl,16,MobileNet|MobileNetV3Small|NASNetMobile,5,5,9.707702433147992e-05,0.6,1.0,0.8
16,famous_le_10m,histogram_kl,17,MobileNet|MobileNetV3Small|NASNetMobile,5,5,5.272187594430483e-05,0.6,1.0,0.8
16,famous_le_10m,histogram_kl,18,MobileNet|MobileNetV3Small|NASNetMobile,5,5,5.9399763781748004e-05,0.6,1.0,0.8
16,famous_le_10m,histogram_kl,19,MobileNet|MobileNetV3Small|NASNetMobile,5,5,5.153796908348463e-05,0.6,1.0,0.8
16,famous_le_10m,histogram_kl,20,MobileNet|MobileNetV3Small|NASNetMobile,5,5,5.643370144322144e-05,0.6,1.0,0.8
16,famous_le_10m,histogram_kl,21,MobileNet|MobileNetV3Small|NASNetMobile,5,5,4.716334867524003e-05,0.4,1.0,0.7
16,famous_le_10m,histogram_kl,22,MobileNet|MobileNetV3Small|NASNetMobile,5,5,4.895537447259514e-05,0.6,1.0,0.8
16,famous_le_10m,histogram_kl,23,MobileNet|MobileNetV3Small|NASNetMobile,5,5,6.0346834421134654e-05,0.6,1.0,0.8
16,famous_le_10m,weight_value_dist,1,MobileNet|MobileNetV3Small|NASNetMobile,5,5,10.339618959084977,0.0,1.0,0.5
16,famous_le_10m,weight_value_dist,2,MobileNet|MobileNetV3Small|NASNetMobile,5,5,7.771328977925609,0.0,1.0,0.5
16,famous_le_10m,weight_value_dist,3,MobileNet|MobileNetV3Small|NASNetMobile,5,5,8.771328997096981,0.0,1.0,0.5
16,famous_le_10m,weight_value_dist,4,MobileNet|MobileNetV3Small|NASNetMobile,5,5,11.710020196264392,0.2,0.8,0.5
16,famous_le_10m,weight_value_dist,5,MobileNet|MobileNetV3Small|NASNetMobile,5,5,8.771366477235095,0.0,1.0,0.5
16,famous_le_10m,weight_value_dist,6,MobileNet|MobileNetV3Small|NASNetMobile,5,5,10.33966298437923,0.0,1.0,0.5
16,famous_le_10m,weight_value_dist,7,MobileNet|MobileNetV3Small|NASNetMobile,5,5,8.771368937615353,0.0,1.0,0.5
16,famous_le_10m,weight_value_dist,8,MobileNet|MobileNetV3Small|NASNetMobile,5,5,11.710818400371561,0.2,0.8,0.5
16,famous_le_10m,weight_value_dist,9,MobileNet|MobileNetV3Small|NASNetMobile,5,5,11.710581702147174,0.2,0.8,0.5
16,famous_le_10m,weight_value_dist,10,MobileNet|MobileNetV3Small|NASNetMobile,5,5,11.713048426838387,0.2,0.8,0.5
16,famous_le_10m,weight_value_dist,11,MobileNet|MobileNetV3Small|NASNetMobile,5,5,8.772789990049358,0.0,1.0,0.5
16,famous_le_10m,weight_value_dist,12,MobileNet|MobileNetV3Small|NASNetMobile,5,5,11.71244038190687,0.2,0.8,0.5
16,famous_le_10m,weight_value_dist,13,MobileNet|MobileNetV3Small|NASNetMobile,5,5,10.341391331582095,0.0,1.0,0.5
16,famous_le_10m,weight_value_dist,14,MobileNet|MobileNetV3Small|NASNetMobile,5,5,11.749731582000393,0.2,0.8,0.5
16,famous_le_10m,weight_value_dist,15,MobileNet|MobileNetV3Small|NASNetMobile,5,5,8.77705209143284,0.0,1.0,0.5
16,famous_le_10m,weight_value_dist,16,MobileNet|MobileNetV3Small|NASNetMobile,5,5,8.902997698515437,0.0,1.0,0.5
16,famous_le_10m,weight_value_dist,17,MobileNet|MobileNetV3Small|NASNetMobile,5,5,8.853123044406633,0.0,1.0,0.5
16,famous_le_10m,weight_value_dist,18,MobileNet|MobileNetV3Small|NASNetMobile,5,5,8.820669572299007,0.0,1.0,0.5
16,famous_le_10m,weight_value_dist,19,MobileNet|MobileNetV3Small|NASNetMobile,5,5,9.050334106725131,0.0,1.0,0.5
16,famous_le_10m,weight_value_dist,20,MobileNet|MobileNetV3Small|NASNetMobile,5,5,9.25658741571412,0.0,1.0,0.5
16,famous_le_10m,weight_value_dist,21,MobileNet|MobileNetV3Small|NASNetMobile,5,5,10.995023964286004,0.0,1.0,0.5
16,famous_le_10m,weight_value_dist,22,MobileNet|MobileNetV3Small|NASNetMobile,5,5,12.139965444235747,0.2,1.0,0.6
16,famous_le_10m,weight_value_dist,23,MobileNet|MobileNetV3Small|NASNetMobile,5,5,14.007859636500532,0.4,1.0,0.7
16,famous_le_10m,byte_autocorr,1,MobileNet|MobileNetV3Small|NASNetMobile,5,5,0.00046268623674410774,0.4,0.6,0.5
16,famous_le_10m,byte_autocorr,2,MobileNet|MobileNetV3Small|NASNetMobile,5,5,-0.9995906773489461,0.0,1.0,0.5
16,famous_le_10m,byte_autocorr,3,MobileNet|MobileNetV3Small|NASNetMobile,5,5,0.00045761433536061033,0.4,0.6,0.5
16,famous_le_10m,byte_autocorr,4,MobileNet|MobileNetV3Small|NASNetMobile,5,5,0.001356966583027731,0.6,0.4,0.5
16,famous_le_10m,byte_autocorr,5,MobileNet|MobileNetV3Small|NASNetMobile,5,5,-0.9997530039098903,0.0,1.0,0.5
16,famous_le_10m,byte_autocorr,6,MobileNet|MobileNetV3Small|NASNetMobile,5,5,0.0005471431896824404,0.6,0.8,0.7
16,famous_le_10m,byte_autocorr,7,MobileNet|MobileNetV3Small|NASNetMobile,5,5,0.0011177079642572631,0.6,0.8,0.7
16,famous_le_10m,byte_autocorr,8,MobileNet|MobileNetV3Small|NASNetMobile,5,5,0.004630854114603302,0.8,1.0,0.9
16,famous_le_10m,byte_autocorr,9,MobileNet|MobileNetV3Small|NASNetMobile,5,5,0.003004884741884242,0.8,1.0,0.9
16,famous_le_10m,byte_autocorr,10,MobileNet|MobileNetV3Small|NASNetMobile,5,5,0.00271502366295482,0.8,0.6,0.7
16,famous_le_10m,byte_autocorr,11,MobileNet|MobileNetV3Small|NASNetMobile,5,5,0.002044215745477984,0.6,0.6,0.6
16,famous_le_10m,byte_autocorr,12,MobileNet|MobileNetV3Small|NASNetMobile,5,5,0.0024004040300926953,0.8,0.6,0.7
16,famous_le_10m,byte_autocorr,13,MobileNet|MobileNetV3Small|NASNetMobile,5,5,0.0017904953797729054,0.6,0.4,0.5
16,famous_le_10m,byte_autocorr,14,MobileNet|MobileNetV3Small|NASNetMobile,5,5,0.0018104324910624327,0.6,0.6,0.6
16,famous_le_10m,byte_autocorr,15,MobileNet|MobileNetV3Small|NASNetMobile,5,5,0.0021533502037908514,0.8,1.0,0.9
16,famous_le_10m,byte_autocorr,16,MobileNet|MobileNetV3Small|NASNetMobile,5,5,0.003577525800538159,0.8,1.0,0.9
16,famous_le_10m,byte_autocorr,17,MobileNet|MobileNetV3Small|NASNetMobile,5,5,0.0014516014309322988,0.6,1.0,0.8
16,famous_le_10m,byte_autocorr,18,MobileNet|MobileNetV3Small|NASNetMobile,5,5,0.0017799054584848625,0.6,1.0,0.8
16,famous_le_10m,byte_autocorr,19,MobileNet|MobileNetV3Small|NASNetMobile,5,5,0.0014480581702538777,0.6,1.0,0.8
16,famous_le_10m,byte_autocorr,20,MobileNet|MobileNetV3Small|NASNetMobile,5,5,0.0009867912906046136,0.6,1.0,0.8
16,famous_le_10m,byte_autocorr,21,MobileNet|MobileNetV3Small|NASNetMobile,5,5,0.0010298554081639303,0.6,1.0,0.8
16,famous_le_10m,byte_autocorr,22,MobileNet|MobileNetV3Small|NASNetMobile,5,5,0.0009188481060461314,0.6,1.0,0.8
16,famous_le_10m,byte_autocorr,23,MobileNet|MobileNetV3Small|NASNetMobile,5,5,0.0011162984133050997,0.6,1.0,0.8
17,famous_le_10m,byte_entropy,1,DenseNet121|MobileNetV2|MobileNetV3Large,5,5,0.17141964421198477,0.2,0.8,0.5
17,famous_le_10m,byte_entropy,2,DenseNet121|MobileNetV2|MobileNetV3Large,5,5,0.1714195726574015,0.2,0.8,0.5
17,famous_le_10m,byte_entropy,3,DenseNet121|MobileNetV2|MobileNetV3Large,5,5,0.17141956538245895,0.2,0.8,0.5
17,famous_le_10m,byte_entropy,4,DenseNet121|MobileNetV2|MobileNetV3Large,5,5,0.17141958633980336,0.2,0.8,0.5
17,famous_le_10m,byte_entropy,5,DenseNet121|MobileNetV2|MobileNetV3Large,5,5,0.17141957900587457,0.2,0.8,0.5
17,famous_le_10m,byte_entropy,6,DenseNet121|MobileNetV2|MobileNetV3Large,5,5,0.1714196002153796,0.2,0.8,0.5
17,famous_le_10m,byte_entropy,7,DenseNet121|MobileNetV2|MobileNetV3Large,5,5,0.17141961272044975,0.2,0.8,0.5
17,famous_le_10m,byte_entropy,8,DenseNet121|MobileNetV2|MobileNetV3Large,5,5,0.17141982975120584,0.2,0.8,0.5
17,famous_le_10m,byte_entropy,9,DenseNet121|MobileNetV2|MobileNetV3Large,5,5,0.17141961301137293,0.2,0.8,0.5
17,famous_le_10m,byte_entropy,10,DenseNet121|MobileNetV2|MobileNetV3Large,5,5,0.17141957796315588,0.2,0.8,0.5
17,famous_le_10m,byte_entropy,11,DenseNet121|MobileNetV2|MobileNetV3Large,5,5,0.1714195724532359,0.2,0.8,0.5
17,famous_le_10m,byte_entropy,12,DenseNet121|MobileNetV2|MobileNetV3Large,5,5,0.171419565479212,0.2,0.8,0.5
17,famous_le_10m,byte_entropy,13,DenseNet121|MobileNetV2|MobileNetV3Large,5,5,0.17141955080902788,0.2,0.8,0.5
17,famous_le_10m,byte_entropy,14,DenseNet121|MobileNetV2|MobileNetV3Large,5,5,0.17141954461501793,0.2,0.8,0.5
17,famous_le_10m,byte_entropy,15,DenseNet121|MobileNetV2|MobileNetV3Large,5,5,0.1714195475967248,0.2,0.8,0.5
17,famous_le_10m,byte_entropy,16,DenseNet121|MobileNetV2|MobileNetV3Large,5,5,0.1714195753121611,0.2,0.8,0.5
17,famous_le_10m,byte_entropy,17,DenseNet121|MobileNetV2|MobileNetV3Large,5,5,0.20306448758671206,0.2,0.8,0.5
17,famous_le_10m,byte_entropy,18,DenseNet121|MobileNetV2|MobileNetV3Large,5,5,0.20306446038770734,0.2,0.8,0.5
17,famous_le_10m,byte_entropy,19,DenseNet121|MobileNetV2|MobileNetV3Large,5,5,0.9267373748089207,1.0,0.2,0.6
17,famous_le_10m,byte_entropy,20,DenseNet121|MobileNetV2|MobileNetV3Large,5,5,1.1123847243279341,1.0,0.2,0.6
17,famous_le_10m,byte_entropy,21,DenseNet121|MobileNetV2|MobileNetV3Large,5,5,0.17142204788420748,0.2,0.8,0.5
17,famous_le_10m,byte_entropy,22,DenseNet121|MobileNetV2|MobileNetV3Large,5,5,0.17180009851801148,0.2,0.8,0.5
17,famous_le_10m,byte_entropy,23,DenseNet121|MobileNetV2|MobileNetV3Large,5,5,0.20414158465382648,0.2,0.8,0.5
17,famous_le_10m,histogram_kl,1,DenseNet121|MobileNetV2|MobileNetV3Large,5,5,6.220474439883958e-05,0.6,1.0,0.8
17,famous_le_10m,histogram_kl,2,DenseNet121|MobileNetV2|MobileNetV3Large,5,5,4.899613301681747e-05,0.4,1.0,0.7
17,famous_le_10m,histogram_kl,3,DenseNet121|MobileNetV2|MobileNetV3Large,5,5,4.916733936302119e-05,0.4,1.0,0.7
17,famous_le_10m,histogram_kl,4,DenseNet121|MobileNetV2|MobileNetV3Large,5,5,5.3458441476129324e-05,0.4,1.0,0.7
17,famous_le_10m,histogram_kl,5,DenseNet121|MobileNetV2|MobileNetV3Large,5,5,5.670321301896747e-05,0.4,1.0,0.7
17,famous_le_10m,histogram_kl,6,DenseNet121|MobileNetV2|MobileNetV3Large,5,5,6.28817194279541e-05,0.6,1.0,0.8
17,famous_le_10m,histogram_kl,7,DenseNet121|MobileNetV2|MobileNetV3Large,5,5,6.26478146515615e-05,0.6,1.0,0.8
17,famous_le_10m,histogram_kl,8,DenseNet121|MobileNetV2|MobileNetV3Large,5,5,0.00010033828552430838,0.6,1.0,0.8
17,famous_le_10m,histogram_kl,9,DenseNet121|MobileNetV2|MobileNetV3Large,5,5,6.684512853129116e-05,0.6,1.0,0.8
17,famous_le_10m,histogram_kl,10,DenseNet121|MobileNetV2|MobileNetV3Large,5,5,5.704834482600174e-05,0.4,1.0,0.7
17,famous_le_10m,histogram_kl,11,DenseNet121|MobileNetV2|MobileNetV3Large,5,5,5.270770258406971e-05,0.4,1.0,0.7
17,famous_le_10m,histogram_kl,12,DenseNet121|MobileNetV2|MobileNetV3Large,5,5,5.0630139450927634e-05,0.4,1.0,0.7
17,famous_le_10m,histogram_kl,13,DenseNet121|MobileNetV2|MobileNetV3Large,5,5,4.285785239819772e-05,0.4,1.0,0.7
17,famous_le_10m,histogram_kl,14,DenseNet121|MobileNetV2|MobileNetV3Large,5,5,3.9940979345099646e-05,0.2,1.0,0.6
17,famous_le_10m,histogram_kl,15,DenseNet121|MobileNetV2|MobileNetV3Large,5,5,6.142211510211281e-05,0.6,1.0,0.8
17,famous_le_10m,histogram_kl,16,DenseNet121|MobileNetV2|MobileNetV3Large,5,5,8.477898010565598e-05,0.6,1.0,0.8
17,famous_le_10m,histogram_kl,17,DenseNet121|MobileNetV2|MobileNetV3Large,5,5,4.7641995221532884e-05,0.4,1.0,0.7
17,famous_le_10m,histogram_kl,18,DenseNet121|MobileNetV2|MobileNetV3Large,5,5,5.1040707693265534e-05,0.4,1.0,0.7
17,famous_le_10m,histogram_kl,19,DenseNet121|MobileNetV2|MobileNetV3Large,5,5,4.4923566638611375e-05,0.4,1.0,0.7
17,famous_le_10m,histogram_kl,20,DenseNet121|MobileNetV2|MobileNetV3Large,5,5,4.97879241834218e-05,0.4,1.0,0.7
17,famous_le_10m,histogram_kl,21,DenseNet121|MobileNetV2|MobileNetV3Large,5,5,4.120873763467227e-05,0.2,1.0,0.6
17,famous_le_10m,histogram_kl,22,DenseNet121|MobileNetV2|MobileNetV3Large,5,5,7.263451377007748e-05,0.6,0.8,0.7
17,famous_le_10m,histogram_kl,23,DenseNet121|MobileNetV2|MobileNetV3Large,5,5,6.797259193995527e-05,0.6,1.0,0.8
17,famous_le_10m,weight_value_dist,1,DenseNet121|MobileNetV2|MobileNetV3Large,5,5,9.65179837276701,0.0,1.0,0.5
17,famous_le_10m,weight_value_dist,2,DenseNet121|MobileNetV2|MobileNetV3Large,5,5,7.442918996746366,0.0,1.0,0.5
17,famous_le_10m,weight_value_dist,3,DenseNet121|MobileNetV2|MobileNetV3Large,5,5,7.442918951147448,0.0,1.0,0.5
17,famous_le_10m,weight_value_dist,4,DenseNet121|MobileNetV2|MobileNetV3Large,5,5,7.442928549936296,0.0,1.0,0.5
17,famous_le_10m,weight_value_dist,5,DenseNet121|MobileNetV2|MobileNetV3Large,5,5,13.13150682553401,0.4,0.6,0.5
17,famous_le_10m,weight_value_dist,6,DenseNet121|MobileNetV2|MobileNetV3Large,5,5,13.131517596508761,0.4,0.6,0.5
17,famous_le_10m,weight_value_dist,7,DenseNet121|MobileNetV2|MobileNetV3Large,5,5,7.442953522062274,0.0,1.0,0.5
17,famous_le_10m,weight_value_dist,8,DenseNet121|MobileNetV2|MobileNetV3Large,5,5,7.442977950152617,0.0,1.0,0.5
17,famous_le_10m,weight_value_dist,9,DenseNet121|MobileNetV2|MobileNetV3Large,5,5,13.131524754355022,0.4,0.6,0.5
17,famous_le_10m,weight_value_dist,10,DenseNet121|MobileNetV2|MobileNetV3Large,5,5,9.65215967575283,0.0,1.0,0.5
17,famous_le_10m,weight_value_dist,11,DenseNet121|MobileNetV2|MobileNetV3Large,5,5,9.652470199084064,0.0,1.0,0.5
17,famous_le_10m,weight_value_dist,12,DenseNet121|MobileNetV2|MobileNetV3Large,5,5,7.44428032764478,0.0,1.0,0.5
17,famous_le_10m,weight_value_dist,13,DenseNet121|MobileNetV2|MobileNetV3Large,5,5,7.443400824866554,0.0,1.0,0.5
17,famous_le_10m,weight_value_dist,14,DenseNet121|MobileNetV2|MobileNetV3Large,5,5,7.446249257916675,0.0,1.0,0.5
17,famous_le_10m,weight_value_dist,15,DenseNet121|MobileNetV2|MobileNetV3Large,5,5,7.446790495920075,0.0,1.0,0.5
17,famous_le_10m,weight_value_dist,16,DenseNet121|MobileNetV2|MobileNetV3Large,5,5,7.44483822856656,0.0,1.0,0.5
17,famous_le_10m,weight_value_dist,17,DenseNet121|MobileNetV2|MobileNetV3Large,5,5,7.447513080888724,0.0,1.0,0.5
17,famous_le_10m,weight_value_dist,18,DenseNet121|MobileNetV2|MobileNetV3Large,5,5,9.66074773237822,0.0,1.0,0.5
17,famous_le_10m,weight_value_dist,19,DenseNet121|MobileNetV2|MobileNetV3Large,5,5,7.457993060439469,0.0,1.0,0.5
17,famous_le_10m,weight_value_dist,20,DenseNet121|MobileNetV2|MobileNetV3Large,5,5,9.703639996843517,0.0,1.0,0.5
17,famous_le_10m,weight_value_dist,21,DenseNet121|MobileNetV2|MobileNetV3Large,5,5,7.561073225415811,0.0,1.0,0.5
17,famous_le_10m,weight_value_dist,22,DenseNet121|MobileNetV2|MobileNetV3Large,5,5,8.336983446513061,0.0,1.0,0.5
17,famous_le_10m,weight_value_dist,23,DenseNet121|MobileNetV2|MobileNetV3Large,5,5,13.300412283000744,0.4,1.0,0.7
17,famous_le_10m,byte_autocorr,1,DenseNet121|MobileNetV2|MobileNetV3Large,5,5,-0.9999859855470653,0.0,1.0,0.5
17,famous_le_10m,byte_autocorr,2,DenseNet121|MobileNetV2|MobileNetV3Large,5,5,0.000332237196299348,0.0,1.0,0.5
17,famous_le_10m,byte_autocorr,3,DenseNet121|MobileNetV2|MobileNetV3Large,5,5,0.0003374850967718179,0.0,1.0,0.5
17,famous_le_10m,byte_autocorr,4,DenseNet121|MobileNetV2|MobileNetV3Large,5,5,5.963619387602576e-05,0.0,1.0,0.5
17,famous_le_10m,byte_autocorr,5,DenseNet121|MobileNetV2|MobileNetV3Large,5,5,0.0003231905343040152,0.0,1.0,0.5
17,famous_le_10m,byte_autocorr,6,DenseNet121|MobileNetV2|MobileNetV3Large,5,5,0.0003876553504067535,0.0,1.0,0.5
17,famous_le_10m,byte_autocorr,7,DenseNet121|MobileNetV2|MobileNetV3Large,5,5,0.0008638004969508321,0.2,0.8,0.5
17,famous_le_10m,byte_autocorr,8,DenseNet121|MobileNetV2|MobileNetV3Large,5,5,0.0026566240123851222,0.8,1.0,0.9
17,famous_le_10m,byte_autocorr,9,DenseNet121|MobileNetV2|MobileNetV3Large,5,5,0.0015948933545621938,0.6,1.0,0.8
17,famous_le_10m,byte_autocorr,10,DenseNet121|MobileNetV2|MobileNetV3Large,5,5,0.001367228366555453,0.6,1.0,0.8
17,famous_le_10m,byte_autocorr,11,DenseNet121|MobileNetV2|MobileNetV3Large,5,5,0.0010235293026831837,0.2,1.0,0.6
17,famous_le_10m,byte_autocorr,12,DenseNet121|MobileNetV2|MobileNetV3Large,5,5,0.0011868880967302634,0.6,1.0,0.8
17,famous_le_10m,byte_autocorr,13,DenseNet121|MobileNetV2|MobileNetV3Large,5,5,0.0007039008133613498,0.2,1.0,0.6
17,famous_le_10m,byte_autocorr,14,DenseNet121|MobileNetV2|MobileNetV3Large,5,5,0.0008262113440389828,0.2,1.0,0.6
17,famous_le_10m,byte_autocorr,15,DenseNet121|MobileNetV2|MobileNetV3Large,5,5,0.0014892726503265012,0.6,1.0,0.8
17,famous_le_10m,byte_autocorr,16,DenseNet121|MobileNetV2|MobileNetV3Large,5,5,0.0028876271972179983,0.8,1.0,0.9
17,famous_le_10m,byte_autocorr,17,DenseNet121|MobileNetV2|MobileNetV3Large,5,5,0.000814275025099522,0.2,1.0,0.6
17,famous_le_10m,byte_autocorr,18,DenseNet121|MobileNetV2|MobileNetV3Large,5,5,0.0011397034414703877,0.4,1.0,0.7
17,famous_le_10m,byte_autocorr,19,DenseNet121|MobileNetV2|MobileNetV3Large,5,5,0.0008178074397734095,0.2,1.0,0.6
17,famous_le_10m,byte_autocorr,20,DenseNet121|MobileNetV2|MobileNetV3Large,5,5,0.0006336885800436673,0.2,1.0,0.6
17,famous_le_10m,byte_autocorr,21,DenseNet121|MobileNetV2|MobileNetV3Large,5,5,0.0006989891259930767,0.2,1.0,0.6
17,famous_le_10m,byte_autocorr,22,DenseNet121|MobileNetV2|MobileNetV3Large,5,5,0.000947425270854351,0.2,0.8,0.5
17,famous_le_10m,byte_autocorr,23,DenseNet121|MobileNetV2|MobileNetV3Large,5,5,0.0009102962006341558,0.2,1.0,0.6
18,famous_le_10m,byte_entropy,1,EfficientNetV2B0|EfficientNetV2B1|MobileNetV3Large,5,5,0.0842240549798347,0.0,1.0,0.5
18,famous_le_10m,byte_entropy,2,EfficientNetV2B0|EfficientNetV2B1|MobileNetV3Large,5,5,0.12413894830398264,0.0,1.0,0.5
18,famous_le_10m,byte_entropy,3,EfficientNetV2B0|EfficientNetV2B1|MobileNetV3Large,5,5,0.13343039754037678,0.0,1.0,0.5
18,famous_le_10m,byte_entropy,4,EfficientNetV2B0|EfficientNetV2B1|MobileNetV3Large,5,5,0.13634985656650342,0.0,1.0,0.5
18,famous_le_10m,byte_entropy,5,EfficientNetV2B0|EfficientNetV2B1|MobileNetV3Large,5,5,0.13723891986329784,0.0,1.0,0.5
18,famous_le_10m,byte_entropy,6,EfficientNetV2B0|EfficientNetV2B1|MobileNetV3Large,5,5,0.1374899280354091,0.0,1.0,0.5
18,famous_le_10m,byte_entropy,7,EfficientNetV2B0|EfficientNetV2B1|MobileNetV3Large,5,5,0.1375715591498757,0.0,1.0,0.5
18,famous_le_10m,byte_entropy,8,EfficientNetV2B0|EfficientNetV2B1|MobileNetV3Large,5,5,0.13753083793003046,0.0,1.0,0.5
18,famous_le_10m,byte_entropy,9,EfficientNetV2B0|EfficientNetV2B1|MobileNetV3Large,5,5,0.13759019462368258,0.0,1.0,0.5
18,famous_le_10m,byte_entropy,10,EfficientNetV2B0|EfficientNetV2B1|MobileNetV3Large,5,5,0.13760887764995985,0.0,1.0,0.5
18,famous_le_10m,byte_entropy,11,EfficientNetV2B0|EfficientNetV2B1|MobileNetV3Large,5,5,0.1376141376230022,0.0,1.0,0.5
18,famous_le_10m,byte_entropy,12,EfficientNetV2B0|EfficientNetV2B1|MobileNetV3Large,5,5,0.13761712066177084,0.0,1.0,0.5
18,famous_le_10m,byte_entropy,13,EfficientNetV2B0|EfficientNetV2B1|MobileNetV3Large,5,5,0.13762915532115214,0.0,1.0,0.5
18,famous_le_10m,byte_entropy,14,EfficientNetV2B0|EfficientNetV2B1|MobileNetV3Large,5,5,0.13763519256181958,0.0,1.0,0.5
18,famous_le_10m,byte_entropy,15,EfficientNetV2B0|EfficientNetV2B1|MobileNetV3Large,5,5,0.11754908949715423,0.0,1.0,0.5
18,famous_le_10m,byte_entropy,16,EfficientNetV2B0|EfficientNetV2B1|MobileNetV3Large,5,5,0.1376147678395619,0.0,1.0,0.5
18,famous_le_10m,byte_entropy,17,EfficientNetV2B0|EfficientNetV2B1|MobileNetV3Large,5,5,0.12301741404006145,0.0,1.0,0.5
18,famous_le_10m,byte_entropy,18,EfficientNetV2B0|EfficientNetV2B1|MobileNetV3Large,5,5,0.1429681571578464,0.0,1.0,0.5
18,famous_le_10m,byte_entropy,19,EfficientNetV2B0|EfficientNetV2B1|MobileNetV3Large,5,5,0.1429751118033092,0.0,1.0,0.5
18,famous_le_10m,byte_entropy,20,EfficientNetV2B0|EfficientNetV2B1|MobileNetV3Large,5,5,0.1429674043720622,0.0,1.0,0.5
18,famous_le_10m,byte_entropy,21,EfficientNetV2B0|EfficientNetV2B1|MobileNetV3Large,5,5,0.1429825081912119,0.0,1.0,0.5
18,famous_le_10m,byte_entropy,22,EfficientNetV2B0|EfficientNetV2B1|MobileNetV3Large,5,5,0.13805250581603795,0.0,1.0,0.5
18,famous_le_10m,byte_entropy,23,EfficientNetV2B0|EfficientNetV2B1|MobileNetV3Large,5,5,0.14050772698268893,0.0,1.0,0.5
18,famous_le_10m,histogram_kl,1,EfficientNetV2B0|EfficientNetV2B1|MobileNetV3Large,5,5,0.04211436923608998,0.0,1.0,0.5
18,famous_le_10m,histogram_kl,2,EfficientNetV2B0|EfficientNetV2B1|MobileNetV3Large,5,5,0.042462629699181395,0.0,1.0,0.5
18,famous_le_10m,histogram_kl,3,EfficientNetV2B0|EfficientNetV2B1|MobileNetV3Large,5,5,0.04261372245821357,0.0,1.0,0.5
18,famous_le_10m,histogram_kl,4,EfficientNetV2B0|EfficientNetV2B1|MobileNetV3Large,5,5,0.042870036776387455,0.0,1.0,0.5
18,famous_le_10m,histogram_kl,5,EfficientNetV2B0|EfficientNetV2B1|MobileNetV3Large,5,5,0.04294511446544193,0.0,1.0,0.5
18,famous_le_10m,histogram_kl,6,EfficientNetV2B0|EfficientNetV2B1|MobileNetV3Large,5,5,0.04317207948240978,0.0,1.0,0.5
18,famous_le_10m,histogram_kl,7,EfficientNetV2B0|EfficientNetV2B1|MobileNetV3Large,5,5,0.04316306128609157,0.0,1.0,0.5
18,famous_le_10m,histogram_kl,8,EfficientNetV2B0|EfficientNetV2B1|MobileNetV3Large,5,5,0.043526389591846446,0.0,1.0,0.5
18,famous_le_10m,histogram_kl,9,EfficientNetV2B0|EfficientNetV2B1|MobileNetV3Large,5,5,0.04346987500804292,0.0,1.0,0.5
18,famous_le_10m,histogram_kl,10,EfficientNetV2B0|EfficientNetV2B1|MobileNetV3Large,5,5,0.04358502066651995,0.0,1.0,0.5
18,famous_le_10m,histogram_kl,11,EfficientNetV2B0|EfficientNetV2B1|MobileNetV3Large,5,5,0.04376619830469168,0.0,1.0,0.5
18,famous_le_10m,histogram_kl,12,EfficientNetV2B0|EfficientNetV2B1|MobileNetV3Large,5,5,0.043901772677433684,0.0,1.0,0.5
18,famous_le_10m,histogram_kl,13,EfficientNetV2B0|EfficientNetV2B1|MobileNetV3Large,5,5,0.04380981603298052,0.0,1.0,0.5
18,famous_le_10m,histogram_kl,14,EfficientNetV2B0|EfficientNetV2B1|MobileNetV3Large,5,5,0.04385340740961309,0.0,1.0,0.5
18,famous_le_10m,histogram_kl,15,EfficientNetV2B0|EfficientNetV2B1|MobileNetV3Large,5,5,0.042280760411258736,0.0,1.0,0.5
18,famous_le_10m,histogram_kl,16,EfficientNetV2B0|EfficientNetV2B1|MobileNetV3Large,5,5,0.04392396097979902,0.0,1.0,0.5
18,famous_le_10m,histogram_kl,17,EfficientNetV2B0|EfficientNetV2B1|MobileNetV3Large,5,5,0.04102046300138211,0.0,1.0,0.5
18,famous_le_10m,histogram_kl,18,EfficientNetV2B0|EfficientNetV2B1|MobileNetV3Large,5,5,0.04418852636069143,0.0,1.0,0.5
18,famous_le_10m,histogram_kl,19,EfficientNetV2B0|EfficientNetV2B1|MobileNetV3Large,5,5,0.0439731187227332,0.0,1.0,0.5
18,famous_le_10m,histogram_kl,20,EfficientNetV2B0|EfficientNetV2B1|MobileNetV3Large,5,5,0.04407723278478001,0.0,1.0,0.5
18,famous_le_10m,histogram_kl,21,EfficientNetV2B0|EfficientNetV2B1|MobileNetV3Large,5,5,0.044169959550995924,0.0,1.0,0.5
18,famous_le_10m,histogram_kl,22,EfficientNetV2B0|EfficientNetV2B1|MobileNetV3Large,5,5,0.04095634614210962,0.0,1.0,0.5
18,famous_le_10m,histogram_kl,23,EfficientNetV2B0|EfficientNetV2B1|MobileNetV3Large,5,5,0.08044249988384305,1.0,0.2,0.6
18,famous_le_10m,weight_value_dist,1,EfficientNetV2B0|EfficientNetV2B1|MobileNetV3Large,5,5,7.886852481358952,0.0,1.0,0.5
18,famous_le_10m,weight_value_dist,2,EfficientNetV2B0|EfficientNetV2B1|MobileNetV3Large,5,5,7.886852482175048,0.0,1.0,0.5
18,famous_le_10m,weight_value_dist,3,EfficientNetV2B0|EfficientNetV2B1|MobileNetV3Large,5,5,9.56789505805741,0.0,1.0,0.5
18,famous_le_10m,weight_value_dist,4,EfficientNetV2B0|EfficientNetV2B1|MobileNetV3Large,5,5,9.568499474564529,0.0,1.0,0.5
18,famous_le_10m,weight_value_dist,5,EfficientNetV2B0|EfficientNetV2B1|MobileNetV3Large,5,5,9.567897433289215,0.0,1.0,0.5
18,famous_le_10m,weight_value_dist,6,EfficientNetV2B0|EfficientNetV2B1|MobileNetV3Large,5,5,9.569600571140391,0.0,1.0,0.5
18,famous_le_10m,weight_value_dist,7,EfficientNetV2B0|EfficientNetV2B1|MobileNetV3Large,5,5,9.568988501559843,0.0,1.0,0.5
18,famous_le_10m,weight_value_dist,8,EfficientNetV2B0|EfficientNetV2B1|MobileNetV3Large,5,5,12.931102471006156,0.0,1.0,0.5
18,famous_le_10m,weight_value_dist,9,EfficientNetV2B0|EfficientNetV2B1|MobileNetV3Large,5,5,7.890012790487271,0.0,1.0,0.5
18,famous_le_10m,weight_value_dist,10,EfficientNetV2B0|EfficientNetV2B1|MobileNetV3Large,5,5,9.571709754199134,0.0,1.0,0.5
18,famous_le_10m,weight_value_dist,11,EfficientNetV2B0|EfficientNetV2B1|MobileNetV3Large,5,5,12.9344887285699,0.0,1.0,0.5
18,famous_le_10m,weight_value_dist,12,EfficientNetV2B0|EfficientNetV2B1|MobileNetV3Large,5,5,12.980524278876025,0.0,1.0,0.5
18,famous_le_10m,weight_value_dist,13,EfficientNetV2B0|EfficientNetV2B1|MobileNetV3Large,5,5,9.587760281606926,0.0,1.0,0.5
18,famous_le_10m,weight_value_dist,14,EfficientNetV2B0|EfficientNetV2B1|MobileNetV3Large,5,5,7.964227883813097,0.0,1.0,0.5
18,famous_le_10m,weight_value_dist,15,EfficientNetV2B0|EfficientNetV2B1|MobileNetV3Large,5,5,9.62621290259241,0.0,1.0,0.5
18,famous_le_10m,weight_value_dist,16,EfficientNetV2B0|EfficientNetV2B1|MobileNetV3Large,5,5,8.068462739568549,0.0,1.0,0.5
18,famous_le_10m,weight_value_dist,17,EfficientNetV2B0|EfficientNetV2B1|MobileNetV3Large,5,5,7.99516335494787,0.0,1.0,0.5
18,famous_le_10m,weight_value_dist,18,EfficientNetV2B0|EfficientNetV2B1|MobileNetV3Large,5,5,9.718442853245929,0.0,1.0,0.5
18,famous_le_10m,weight_value_dist,19,EfficientNetV2B0|EfficientNetV2B1|MobileNetV3Large,5,5,8.492243393924541,0.0,1.0,0.5
18,famous_le_10m,weight_value_dist,20,EfficientNetV2B0|EfficientNetV2B1|MobileNetV3Large,5,5,10.475514421483961,0.0,1.0,0.5
18,famous_le_10m,weight_value_dist,21,EfficientNetV2B0|EfficientNetV2B1|MobileNetV3Large,5,5,13.585231211023265,0.0,1.0,0.5
18,famous_le_10m,weight_value_dist,22,EfficientNetV2B0|EfficientNetV2B1|MobileNetV3Large,5,5,22.103568683172693,0.0,1.0,0.5
18,famous_le_10m,weight_value_dist,23,EfficientNetV2B0|EfficientNetV2B1|MobileNetV3Large,5,5,34.690215636052656,0.0,1.0,0.5
18,famous_le_10m,byte_autocorr,1,EfficientNetV2B0|EfficientNetV2B1|MobileNetV3Large,5,5,0.0011758463633975405,0.0,1.0,0.5
18,famous_le_10m,byte_autocorr,2,EfficientNetV2B0|EfficientNetV2B1|MobileNetV3Large,5,5,0.0012502136303890958,0.0,1.0,0.5
18,famous_le_10m,byte_autocorr,3,EfficientNetV2B0|EfficientNetV2B1|MobileNetV3Large,5,5,0.0013624346921920587,0.0,1.0,0.5
18,famous_le_10m,byte_autocorr,4,EfficientNetV2B0|EfficientNetV2B1|MobileNetV3Large,5,5,0.001501704698350607,0.0,1.0,0.5
18,famous_le_10m,byte_autocorr,5,EfficientNetV2B0|EfficientNetV2B1|MobileNetV3Large,5,5,0.001478401268228881,0.0,1.0,0.5
18,famous_le_10m,byte_autocorr,6,EfficientNetV2B0|EfficientNetV2B1|MobileNetV3Large,5,5,-0.9997203205570961,0.0,1.0,0.5
18,famous_le_10m,byte_autocorr,7,EfficientNetV2B0|EfficientNetV2B1|MobileNetV3Large,5,5,-0.9994723908796538,0.0,1.0,0.5
18,famous_le_10m,byte_autocorr,8,EfficientNetV2B0|EfficientNetV2B1|MobileNetV3Large,5,5,0.0014472111128307783,0.0,1.0,0.5
18,famous_le_10m,byte_autocorr,9,EfficientNetV2B0|EfficientNetV2B1|MobileNetV3Large,5,5,-0.9999230900657275,0.0,1.0,0.5
18,famous_le_10m,byte_autocorr,10,EfficientNetV2B0|EfficientNetV2B1|MobileNetV3Large,5,5,-0.999486552689951,0.0,1.0,0.5
18,famous_le_10m,byte_autocorr,11,EfficientNetV2B0|EfficientNetV2B1|MobileNetV3Large,5,5,-0.9992818984204156,0.0,1.0,0.5
18,famous_le_10m,byte_autocorr,12,EfficientNetV2B0|EfficientNetV2B1|MobileNetV3Large,5,5,-0.9998120982578781,0.0,1.0,0.5
18,famous_le_10m,byte_autocorr,13,EfficientNetV2B0|EfficientNetV2B1|MobileNetV3Large,5,5,0.0011878218477822345,0.0,0.4,0.2
18,famous_le_10m,byte_autocorr,14,EfficientNetV2B0|EfficientNetV2B1|MobileNetV3Large,5,5,-0.9989907745074527,0.0,1.0,0.5
18,famous_le_10m,byte_autocorr,15,EfficientNetV2B0|EfficientNetV2B1|MobileNetV3Large,5,5,0.03703769296856289,1.0,0.0,0.5
18,famous_le_10m,byte_autocorr,16,EfficientNetV2B0|EfficientNetV2B1|MobileNetV3Large,5,5,0.10219999647439147,1.0,0.2,0.6
18,famous_le_10m,byte_autocorr,17,EfficientNetV2B0|EfficientNetV2B1|MobileNetV3Large,5,5,0.028427360277728922,1.0,0.2,0.6
18,famous_le_10m,byte_autocorr,18,EfficientNetV2B0|EfficientNetV2B1|MobileNetV3Large,5,5,0.09146943963226341,1.0,0.2,0.6
18,famous_le_10m,byte_autocorr,19,EfficientNetV2B0|EfficientNetV2B1|MobileNetV3Large,5,5,0.134718109991635,1.0,0.2,0.6
18,famous_le_10m,byte_autocorr,20,EfficientNetV2B0|EfficientNetV2B1|MobileNetV3Large,5,5,0.16688180627168953,1.0,0.2,0.6
18,famous_le_10m,byte_autocorr,21,EfficientNetV2B0|EfficientNetV2B1|MobileNetV3Large,5,5,0.19075663344271115,1.0,0.2,0.6
18,famous_le_10m,byte_autocorr,22,EfficientNetV2B0|EfficientNetV2B1|MobileNetV3Large,5,5,0.014847983400409947,1.0,0.2,0.6
18,famous_le_10m,byte_autocorr,23,EfficientNetV2B0|EfficientNetV2B1|MobileNetV3Large,5,5,0.06854377456650917,1.0,0.2,0.6
19,famous_le_10m,byte_entropy,1,EfficientNetV2B1|MobileNet|NASNetMobile,5,5,-0.9668309547357271,0.0,1.0,0.5
19,famous_le_10m,byte_entropy,2,EfficientNetV2B1|MobileNet|NASNetMobile,5,5,-0.9324861999360963,0.0,1.0,0.5
19,famous_le_10m,byte_entropy,3,EfficientNetV2B1|MobileNet|NASNetMobile,5,5,-0.9138625736326911,0.0,1.0,0.5
19,famous_le_10m,byte_entropy,4,EfficientNetV2B1|MobileNet|NASNetMobile,5,5,-0.9081232345669095,0.0,1.0,0.5
19,famous_le_10m,byte_entropy,5,EfficientNetV2B1|MobileNet|NASNetMobile,5,5,-0.9065128451521306,0.0,1.0,0.5
19,famous_le_10m,byte_entropy,6,EfficientNetV2B1|MobileNet|NASNetMobile,5,5,-0.9060890511037778,0.0,1.0,0.5
19,famous_le_10m,byte_entropy,7,EfficientNetV2B1|MobileNet|NASNetMobile,5,5,-0.9059830740383849,0.0,1.0,0.5
19,famous_le_10m,byte_entropy,8,EfficientNetV2B1|MobileNet|NASNetMobile,5,5,-0.9060541513468037,0.0,1.0,0.5
19,famous_le_10m,byte_entropy,9,EfficientNetV2B1|MobileNet|NASNetMobile,5,5,-0.905964699942104,0.0,1.0,0.5
19,famous_le_10m,byte_entropy,10,EfficientNetV2B1|MobileNet|NASNetMobile,5,5,-0.9059435002562523,0.0,1.0,0.5
19,famous_le_10m,byte_entropy,11,EfficientNetV2B1|MobileNet|NASNetMobile,5,5,-0.9059289640406248,0.0,1.0,0.5
19,famous_le_10m,byte_entropy,12,EfficientNetV2B1|MobileNet|NASNetMobile,5,5,-0.905924199469072,0.0,1.0,0.5
19,famous_le_10m,byte_entropy,13,EfficientNetV2B1|MobileNet|NASNetMobile,5,5,-0.9059067342686291,0.0,1.0,0.5
19,famous_le_10m,byte_entropy,14,EfficientNetV2B1|MobileNet|NASNetMobile,5,5,-0.9058988813001526,0.0,1.0,0.5
19,famous_le_10m,byte_entropy,15,EfficientNetV2B1|MobileNet|NASNetMobile,5,5,-0.9395335503277695,0.0,1.0,0.5
19,famous_le_10m,byte_entropy,16,EfficientNetV2B1|MobileNet|NASNetMobile,5,5,0.2689799473289388,0.8,0.2,0.5
19,famous_le_10m,byte_entropy,17,EfficientNetV2B1|MobileNet|NASNetMobile,5,5,0.4581946139188977,0.8,0.2,0.5
19,famous_le_10m,byte_entropy,18,EfficientNetV2B1|MobileNet|NASNetMobile,5,5,0.6496952473054501,1.0,0.2,0.6
19,famous_le_10m,byte_entropy,19,EfficientNetV2B1|MobileNet|NASNetMobile,5,5,0.8385478830012512,1.0,0.2,0.6
19,famous_le_10m,byte_entropy,20,EfficientNetV2B1|MobileNet|NASNetMobile,5,5,1.030753325023335,1.0,0.2,0.6
19,famous_le_10m,byte_entropy,21,EfficientNetV2B1|MobileNet|NASNetMobile,5,5,1.2330731077900547,1.0,0.4,0.7
19,famous_le_10m,byte_entropy,22,EfficientNetV2B1|MobileNet|NASNetMobile,5,5,0.1067896559892665,0.4,0.6,0.5
19,famous_le_10m,byte_entropy,23,EfficientNetV2B1|MobileNet|NASNetMobile,5,5,0.12977584095367595,0.6,0.6,0.6
19,famous_le_10m,histogram_kl,1,EfficientNetV2B1|MobileNet|NASNetMobile,5,5,-0.9821807534954394,0.0,1.0,0.5
19,famous_le_10m,histogram_kl,2,EfficientNetV2B1|MobileNet|NASNetMobile,5,5,-0.9819409246300987,0.0,1.0,0.5
19,famous_le_10m,histogram_kl,3,EfficientNetV2B1|MobileNet|NASNetMobile,5,5,-0.9818484176590978,0.0,1.0,0.5
19,famous_le_10m,histogram_kl,4,EfficientNetV2B1|MobileNet|NASNetMobile,5,5,-0.9815455031674657,0.0,1.0,0.5
19,famous_le_10m,histogram_kl,5,EfficientNetV2B1|MobileNet|NASNetMobile,5,5,-0.9815002157945789,0.0,1.0,0.5
19,famous_le_10m,histogram_kl,6,EfficientNetV2B1|MobileNet|NASNetMobile,5,5,-0.9811764475351119,0.0,1.0,0.5
19,famous_le_10m,histogram_kl,7,EfficientNetV2B1|MobileNet|NASNetMobile,5,5,-0.9810961990558205,0.0,1.0,0.5
19,famous_le_10m,histogram_kl,8,EfficientNetV2B1|MobileNet|NASNetMobile,5,5,-0.9805250594384144,0.0,1.0,0.5
19,famous_le_10m,histogram_kl,9,EfficientNetV2B1|MobileNet|NASNetMobile,5,5,-0.9807491884972462,0.0,1.0,0.5
19,famous_le_10m,histogram_kl,10,EfficientNetV2B1|MobileNet|NASNetMobile,5,5,-0.9805217346693009,0.0,1.0,0.5
19,famous_le_10m,histogram_kl,11,EfficientNetV2B1|MobileNet|NASNetMobile,5,5,-0.9803695573510552,0.0,1.0,0.5
19,famous_le_10m,histogram_kl,12,EfficientNetV2B1|MobileNet|NASNetMobile,5,5,-0.9801841644922055,0.0,1.0,0.5
19,famous_le_10m,histogram_kl,13,EfficientNetV2B1|MobileNet|NASNetMobile,5,5,-0.9802200749796635,0.0,1.0,0.5
19,famous_le_10m,histogram_kl,14,EfficientNetV2B1|MobileNet|NASNetMobile,5,5,-0.9801030469343166,0.0,1.0,0.5
19,famous_le_10m,histogram_kl,15,EfficientNetV2B1|MobileNet|NASNetMobile,5,5,-0.9799226412063343,0.0,1.0,0.5
19,famous_le_10m,histogram_kl,16,EfficientNetV2B1|MobileNet|NASNetMobile,5,5,0.10359379642559914,1.0,0.0,0.5
19,famous_le_10m,histogram_kl,17,EfficientNetV2B1|MobileNet|NASNetMobile,5,5,0.17056444127204515,1.0,0.2,0.6
19,famous_le_10m,histogram_kl,18,EfficientNetV2B1|MobileNet|NASNetMobile,5,5,0.24052334754556912,1.0,0.2,0.6
19,famous_le_10m,histogram_kl,19,EfficientNetV2B1|MobileNet|NASNetMobile,5,5,0.309115089243546,1.0,0.2,0.6
19,famous_le_10m,histogram_kl,20,EfficientNetV2B1|MobileNet|NASNetMobile,5,5,0.3756008444003862,1.0,0.2,0.6
19,famous_le_10m,histogram_kl,21,EfficientNetV2B1|MobileNet|NASNetMobile,5,5,0.43850385947483117,1.0,0.4,0.7
19,famous_le_10m,histogram_kl,22,EfficientNetV2B1|MobileNet|NASNetMobile,5,5,0.49843687674165016,1.0,0.4,0.7
19,famous_le_10m,histogram_kl,23,EfficientNetV2B1|MobileNet|NASNetMobile,5,5,0.02315810293003816,0.8,0.6,0.7
19,famous_le_10m,weight_value_dist,1,EfficientNetV2B1|MobileNet|NASNetMobile,5,5,10.081280941302069,0.0,1.0,0.5
19,famous_le_10m,weight_value_dist,2,EfficientNetV2B1|MobileNet|NASNetMobile,5,5,8.242579762349163,0.0,1.0,0.5
19,famous_le_10m,weight_value_dist,3,EfficientNetV2B1|MobileNet|NASNetMobile,5,5,9.242604556496195,0.0,1.0,0.5
19,famous_le_10m,weight_value_dist,4,EfficientNetV2B1|MobileNet|NASNetMobile,5,5,8.23558945049317,0.0,1.0,0.5
19,famous_le_10m,weight_value_dist,5,EfficientNetV2B1|MobileNet|NASNetMobile,5,5,11.57133542847221,0.0,1.0,0.5
19,famous_le_10m,weight_value_dist,6,EfficientNetV2B1|MobileNet|NASNetMobile,5,5,9.247510671428117,0.0,1.0,0.5
19,famous_le_10m,weight_value_dist,7,EfficientNetV2B1|MobileNet|NASNetMobile,5,5,9.246939190734361,0.0,1.0,0.5
19,famous_le_10m,weight_value_dist,8,EfficientNetV2B1|MobileNet|NASNetMobile,5,5,10.084269950952285,0.0,1.0,0.5
19,famous_le_10m,weight_value_dist,9,EfficientNetV2B1|MobileNet|NASNetMobile,5,5,9.249146881240527,0.0,1.0,0.5
19,famous_le_10m,weight_value_dist,10,EfficientNetV2B1|MobileNet|NASNetMobile,5,5,10.08957672701739,0.0,1.0,0.5
19,famous_le_10m,weight_value_dist,11,EfficientNetV2B1|MobileNet|NASNetMobile,5,5,9.256129816688976,0.0,1.0,0.5
19,famous_le_10m,weight_value_dist,12,EfficientNetV2B1|MobileNet|NASNetMobile,5,5,9.256655065539146,0.0,1.0,0.5
19,famous_le_10m,weight_value_dist,13,EfficientNetV2B1|MobileNet|NASNetMobile,5,5,9.24969280976061,0.0,1.0,0.5
19,famous_le_10m,weight_value_dist,14,EfficientNetV2B1|MobileNet|NASNetMobile,5,5,9.404685024108806,0.0,1.0,0.5
19,famous_le_10m,weight_value_dist,15,EfficientNetV2B1|MobileNet|NASNetMobile,5,5,9.356591094080088,0.0,1.0,0.5
19,famous_le_10m,weight_value_dist,16,EfficientNetV2B1|MobileNet|NASNetMobile,5,5,9.633152086922703,0.0,1.0,0.5
19,famous_le_10m,weight_value_dist,17,EfficientNetV2B1|MobileNet|NASNetMobile,5,5,9.628808066166279,0.0,1.0,0.5
19,famous_le_10m,weight_value_dist,18,EfficientNetV2B1|MobileNet|NASNetMobile,5,5,9.335366486835698,0.0,1.0,0.5
19,famous_le_10m,weight_value_dist,19,EfficientNetV2B1|MobileNet|NASNetMobile,5,5,10.157997467796239,0.0,1.0,0.5
19,famous_le_10m,weight_value_dist,20,EfficientNetV2B1|MobileNet|NASNetMobile,5,5,11.794613382809098,0.0,1.0,0.5
19,famous_le_10m,weight_value_dist,21,EfficientNetV2B1|MobileNet|NASNetMobile,5,5,14.281345789070754,0.2,1.0,0.6
19,famous_le_10m,weight_value_dist,22,EfficientNetV2B1|MobileNet|NASNetMobile,5,5,16.159639215067152,0.2,1.0,0.6
19,famous_le_10m,weight_value_dist,23,EfficientNetV2B1|MobileNet|NASNetMobile,5,5,22.372004454132274,0.2,1.0,0.6
19,famous_le_10m,byte_autocorr,1,EfficientNetV2B1|MobileNet|NASNetMobile,5,5,-0.99951709216595,0.0,1.0,0.5
19,famous_le_10m,byte_autocorr,2,EfficientNetV2B1|MobileNet|NASNetMobile,5,5,-0.9995068689769945,0.0,1.0,0.5
19,famous_le_10m,byte_autocorr,3,EfficientNetV2B1|MobileNet|NASNetMobile,5,5,-0.9995115877499448,0.0,1.0,0.5
19,famous_le_10m,byte_autocorr,4,EfficientNetV2B1|MobileNet|NASNetMobile,5,5,0.0004949111676879694,0.2,0.8,0.5
19,famous_le_10m,byte_autocorr,5,EfficientNetV2B1|MobileNet|NASNetMobile,5,5,-0.9999504375366572,0.0,1.0,0.5
19,famous_le_10m,byte_autocorr,6,EfficientNetV2B1|MobileNet|NASNetMobile,5,5,-0.9998746354722067,0.0,1.0,0.5
19,famous_le_10m,byte_autocorr,7,EfficientNetV2B1|MobileNet|NASNetMobile,5,5,-0.9998350594268417,0.0,1.0,0.5
19,famous_le_10m,byte_autocorr,8,EfficientNetV2B1|MobileNet|NASNetMobile,5,5,0.00296161639968496,0.8,1.0,0.9
19,famous_le_10m,byte_autocorr,9,EfficientNetV2B1|MobileNet|NASNetMobile,5,5,0.001969404779353172,0.8,1.0,0.9
19,famous_le_10m,byte_autocorr,10,EfficientNetV2B1|MobileNet|NASNetMobile,5,5,0.00147691946028056,0.8,1.0,0.9
19,famous_le_10m,byte_autocorr,11,EfficientNetV2B1|MobileNet|NASNetMobile,5,5,0.0018158559901608605,0.8,0.4,0.6000000000000001
19,famous_le_10m,byte_autocorr,12,EfficientNetV2B1|MobileNet|NASNetMobile,5,5,0.001329719228938147,0.8,1.0,0.9
19,famous_le_10m,byte_autocorr,13,EfficientNetV2B1|MobileNet|NASNetMobile,5,5,0.0013151216576468765,0.6,0.4,0.5
19,famous_le_10m,byte_autocorr,14,EfficientNetV2B1|MobileNet|NASNetMobile,5,5,0.0005317589757516489,0.2,1.0,0.6
19,famous_le_10m,byte_autocorr,15,EfficientNetV2B1|MobileNet|NASNetMobile,5,5,0.0019249904484737281,0.8,0.8,0.8
19,famous_le_10m,byte_autocorr,16,EfficientNetV2B1|MobileNet|NASNetMobile,5,5,0.003349166045221036,0.8,0.8,0.8
19,famous_le_10m,byte_autocorr,17,EfficientNetV2B1|MobileNet|NASNetMobile,5,5,0.0005895460155925371,0.2,1.0,0.6
19,famous_le_10m,byte_autocorr,18,EfficientNetV2B1|MobileNet|NASNetMobile,5,5,0.0013045317363588338,0.6,0.8,0.7
19,famous_le_10m,byte_autocorr,19,EfficientNetV2B1|MobileNet|NASNetMobile,5,5,0.0005860027549141162,0.2,1.0,0.6
19,famous_le_10m,byte_autocorr,20,EfficientNetV2B1|MobileNet|NASNetMobile,5,5,0.22353110377059507,1.0,0.4,0.7
19,famous_le_10m,byte_autocorr,21,EfficientNetV2B1|MobileNet|NASNetMobile,5,5,0.23812302508202973,1.0,0.4,0.7
19,famous_le_10m,byte_autocorr,22,EfficientNetV2B1|MobileNet|NASNetMobile,5,5,0.2505231282495742,1.0,0.4,0.7
19,famous_le_10m,byte_autocorr,23,EfficientNetV2B1|MobileNet|NASNetMobile,5,5,0.029778257051384233,1.0,0.6,0.8
20,famous_le_10m,byte_entropy,1,EfficientNetV2B0|EfficientNetV2B1|MobileNetV3Large,5,5,0.0842240549798347,0.0,1.0,0.5
20,famous_le_10m,byte_entropy,2,EfficientNetV2B0|EfficientNetV2B1|MobileNetV3Large,5,5,0.12413894830398264,0.0,1.0,0.5
20,famous_le_10m,byte_entropy,3,EfficientNetV2B0|EfficientNetV2B1|MobileNetV3Large,5,5,0.13343039754037678,0.0,1.0,0.5
20,famous_le_10m,byte_entropy,4,EfficientNetV2B0|EfficientNetV2B1|MobileNetV3Large,5,5,0.13634985656650342,0.0,1.0,0.5
20,famous_le_10m,byte_entropy,5,EfficientNetV2B0|EfficientNetV2B1|MobileNetV3Large,5,5,0.13723891986329784,0.0,1.0,0.5
20,famous_le_10m,byte_entropy,6,EfficientNetV2B0|EfficientNetV2B1|MobileNetV3Large,5,5,0.1374899280354091,0.0,1.0,0.5
20,famous_le_10m,byte_entropy,7,EfficientNetV2B0|EfficientNetV2B1|MobileNetV3Large,5,5,0.1375715591498757,0.0,1.0,0.5
20,famous_le_10m,byte_entropy,8,EfficientNetV2B0|EfficientNetV2B1|MobileNetV3Large,5,5,0.13753083793003046,0.0,1.0,0.5
20,famous_le_10m,byte_entropy,9,EfficientNetV2B0|EfficientNetV2B1|MobileNetV3Large,5,5,0.13759019462368258,0.0,1.0,0.5
20,famous_le_10m,byte_entropy,10,EfficientNetV2B0|EfficientNetV2B1|MobileNetV3Large,5,5,0.13760887764995985,0.0,1.0,0.5
20,famous_le_10m,byte_entropy,11,EfficientNetV2B0|EfficientNetV2B1|MobileNetV3Large,5,5,0.1376141376230022,0.0,1.0,0.5
20,famous_le_10m,byte_entropy,12,EfficientNetV2B0|EfficientNetV2B1|MobileNetV3Large,5,5,0.13761712066177084,0.0,1.0,0.5
20,famous_le_10m,byte_entropy,13,EfficientNetV2B0|EfficientNetV2B1|MobileNetV3Large,5,5,0.13762915532115214,0.0,1.0,0.5
20,famous_le_10m,byte_entropy,14,EfficientNetV2B0|EfficientNetV2B1|MobileNetV3Large,5,5,0.13763519256181958,0.0,1.0,0.5
20,famous_le_10m,byte_entropy,15,EfficientNetV2B0|EfficientNetV2B1|MobileNetV3Large,5,5,0.11754908949715423,0.0,1.0,0.5
20,famous_le_10m,byte_entropy,16,EfficientNetV2B0|EfficientNetV2B1|MobileNetV3Large,5,5,0.1376147678395619,0.0,1.0,0.5
20,famous_le_10m,byte_entropy,17,EfficientNetV2B0|EfficientNetV2B1|MobileNetV3Large,5,5,0.12301741404006145,0.0,1.0,0.5
20,famous_le_10m,byte_entropy,18,EfficientNetV2B0|EfficientNetV2B1|MobileNetV3Large,5,5,0.1429681571578464,0.0,1.0,0.5
20,famous_le_10m,byte_entropy,19,EfficientNetV2B0|EfficientNetV2B1|MobileNetV3Large,5,5,0.1429751118033092,0.0,1.0,0.5
20,famous_le_10m,byte_entropy,20,EfficientNetV2B0|EfficientNetV2B1|MobileNetV3Large,5,5,0.1429674043720622,0.0,1.0,0.5
20,famous_le_10m,byte_entropy,21,EfficientNetV2B0|EfficientNetV2B1|MobileNetV3Large,5,5,0.1429825081912119,0.0,1.0,0.5
20,famous_le_10m,byte_entropy,22,EfficientNetV2B0|EfficientNetV2B1|MobileNetV3Large,5,5,0.13805250581603795,0.0,1.0,0.5
20,famous_le_10m,byte_entropy,23,EfficientNetV2B0|EfficientNetV2B1|MobileNetV3Large,5,5,0.14050772698268893,0.0,1.0,0.5
20,famous_le_10m,histogram_kl,1,EfficientNetV2B0|EfficientNetV2B1|MobileNetV3Large,5,5,0.04211436923608998,0.0,1.0,0.5
20,famous_le_10m,histogram_kl,2,EfficientNetV2B0|EfficientNetV2B1|MobileNetV3Large,5,5,0.042462629699181395,0.0,1.0,0.5
20,famous_le_10m,histogram_kl,3,EfficientNetV2B0|EfficientNetV2B1|MobileNetV3Large,5,5,0.04261372245821357,0.0,1.0,0.5
20,famous_le_10m,histogram_kl,4,EfficientNetV2B0|EfficientNetV2B1|MobileNetV3Large,5,5,0.042870036776387455,0.0,1.0,0.5
20,famous_le_10m,histogram_kl,5,EfficientNetV2B0|EfficientNetV2B1|MobileNetV3Large,5,5,0.04294511446544193,0.0,1.0,0.5
20,famous_le_10m,histogram_kl,6,EfficientNetV2B0|EfficientNetV2B1|MobileNetV3Large,5,5,0.04317207948240978,0.0,1.0,0.5
20,famous_le_10m,histogram_kl,7,EfficientNetV2B0|EfficientNetV2B1|MobileNetV3Large,5,5,0.04316306128609157,0.0,1.0,0.5
20,famous_le_10m,histogram_kl,8,EfficientNetV2B0|EfficientNetV2B1|MobileNetV3Large,5,5,0.043526389591846446,0.0,1.0,0.5
20,famous_le_10m,histogram_kl,9,EfficientNetV2B0|EfficientNetV2B1|MobileNetV3Large,5,5,0.04346987500804292,0.0,1.0,0.5
20,famous_le_10m,histogram_kl,10,EfficientNetV2B0|EfficientNetV2B1|MobileNetV3Large,5,5,0.04358502066651995,0.0,1.0,0.5
20,famous_le_10m,histogram_kl,11,EfficientNetV2B0|EfficientNetV2B1|MobileNetV3Large,5,5,0.04376619830469168,0.0,1.0,0.5
20,famous_le_10m,histogram_kl,12,EfficientNetV2B0|EfficientNetV2B1|MobileNetV3Large,5,5,0.043901772677433684,0.0,1.0,0.5
20,famous_le_10m,histogram_kl,13,EfficientNetV2B0|EfficientNetV2B1|MobileNetV3Large,5,5,0.04380981603298052,0.0,1.0,0.5
20,famous_le_10m,histogram_kl,14,EfficientNetV2B0|EfficientNetV2B1|MobileNetV3Large,5,5,0.04385340740961309,0.0,1.0,0.5
20,famous_le_10m,histogram_kl,15,EfficientNetV2B0|EfficientNetV2B1|MobileNetV3Large,5,5,0.042280760411258736,0.0,1.0,0.5
20,famous_le_10m,histogram_kl,16,EfficientNetV2B0|EfficientNetV2B1|MobileNetV3Large,5,5,0.04392396097979902,0.0,1.0,0.5
20,famous_le_10m,histogram_kl,17,EfficientNetV2B0|EfficientNetV2B1|MobileNetV3Large,5,5,0.04102046300138211,0.0,1.0,0.5
20,famous_le_10m,histogram_kl,18,EfficientNetV2B0|EfficientNetV2B1|MobileNetV3Large,5,5,0.04418852636069143,0.0,1.0,0.5
20,famous_le_10m,histogram_kl,19,EfficientNetV2B0|EfficientNetV2B1|MobileNetV3Large,5,5,0.0439731187227332,0.0,1.0,0.5
20,famous_le_10m,histogram_kl,20,EfficientNetV2B0|EfficientNetV2B1|MobileNetV3Large,5,5,0.04407723278478001,0.0,1.0,0.5
20,famous_le_10m,histogram_kl,21,EfficientNetV2B0|EfficientNetV2B1|MobileNetV3Large,5,5,0.044169959550995924,0.0,1.0,0.5
20,famous_le_10m,histogram_kl,22,EfficientNetV2B0|EfficientNetV2B1|MobileNetV3Large,5,5,0.04095634614210962,0.0,1.0,0.5
20,famous_le_10m,histogram_kl,23,EfficientNetV2B0|EfficientNetV2B1|MobileNetV3Large,5,5,0.08044249988384305,1.0,0.2,0.6
20,famous_le_10m,weight_value_dist,1,EfficientNetV2B0|EfficientNetV2B1|MobileNetV3Large,5,5,7.886852481358952,0.0,1.0,0.5
20,famous_le_10m,weight_value_dist,2,EfficientNetV2B0|EfficientNetV2B1|MobileNetV3Large,5,5,7.886852482175048,0.0,1.0,0.5
20,famous_le_10m,weight_value_dist,3,EfficientNetV2B0|EfficientNetV2B1|MobileNetV3Large,5,5,9.56789505805741,0.0,1.0,0.5
20,famous_le_10m,weight_value_dist,4,EfficientNetV2B0|EfficientNetV2B1|MobileNetV3Large,5,5,9.568499474564529,0.0,1.0,0.5
20,famous_le_10m,weight_value_dist,5,EfficientNetV2B0|EfficientNetV2B1|MobileNetV3Large,5,5,9.567897433289215,0.0,1.0,0.5
20,famous_le_10m,weight_value_dist,6,EfficientNetV2B0|EfficientNetV2B1|MobileNetV3Large,5,5,9.569600571140391,0.0,1.0,0.5
20,famous_le_10m,weight_value_dist,7,EfficientNetV2B0|EfficientNetV2B1|MobileNetV3Large,5,5,9.568988501559843,0.0,1.0,0.5
20,famous_le_10m,weight_value_dist,8,EfficientNetV2B0|EfficientNetV2B1|MobileNetV3Large,5,5,12.931102471006156,0.0,1.0,0.5
20,famous_le_10m,weight_value_dist,9,EfficientNetV2B0|EfficientNetV2B1|MobileNetV3Large,5,5,7.890012790487271,0.0,1.0,0.5
20,famous_le_10m,weight_value_dist,10,EfficientNetV2B0|EfficientNetV2B1|MobileNetV3Large,5,5,9.571709754199134,0.0,1.0,0.5
20,famous_le_10m,weight_value_dist,11,EfficientNetV2B0|EfficientNetV2B1|MobileNetV3Large,5,5,12.9344887285699,0.0,1.0,0.5
20,famous_le_10m,weight_value_dist,12,EfficientNetV2B0|EfficientNetV2B1|MobileNetV3Large,5,5,12.980524278876025,0.0,1.0,0.5
20,famous_le_10m,weight_value_dist,13,EfficientNetV2B0|EfficientNetV2B1|MobileNetV3Large,5,5,9.587760281606926,0.0,1.0,0.5
20,famous_le_10m,weight_value_dist,14,EfficientNetV2B0|EfficientNetV2B1|MobileNetV3Large,5,5,7.964227883813097,0.0,1.0,0.5
20,famous_le_10m,weight_value_dist,15,EfficientNetV2B0|EfficientNetV2B1|MobileNetV3Large,5,5,9.62621290259241,0.0,1.0,0.5
20,famous_le_10m,weight_value_dist,16,EfficientNetV2B0|EfficientNetV2B1|MobileNetV3Large,5,5,8.068462739568549,0.0,1.0,0.5
20,famous_le_10m,weight_value_dist,17,EfficientNetV2B0|EfficientNetV2B1|MobileNetV3Large,5,5,7.99516335494787,0.0,1.0,0.5
20,famous_le_10m,weight_value_dist,18,EfficientNetV2B0|EfficientNetV2B1|MobileNetV3Large,5,5,9.718442853245929,0.0,1.0,0.5
20,famous_le_10m,weight_value_dist,19,EfficientNetV2B0|EfficientNetV2B1|MobileNetV3Large,5,5,8.492243393924541,0.0,1.0,0.5
20,famous_le_10m,weight_value_dist,20,EfficientNetV2B0|EfficientNetV2B1|MobileNetV3Large,5,5,10.475514421483961,0.0,1.0,0.5
20,famous_le_10m,weight_value_dist,21,EfficientNetV2B0|EfficientNetV2B1|MobileNetV3Large,5,5,13.585231211023265,0.0,1.0,0.5
20,famous_le_10m,weight_value_dist,22,EfficientNetV2B0|EfficientNetV2B1|MobileNetV3Large,5,5,22.103568683172693,0.0,1.0,0.5
20,famous_le_10m,weight_value_dist,23,EfficientNetV2B0|EfficientNetV2B1|MobileNetV3Large,5,5,34.690215636052656,0.0,1.0,0.5
20,famous_le_10m,byte_autocorr,1,EfficientNetV2B0|EfficientNetV2B1|MobileNetV3Large,5,5,0.0011758463633975405,0.0,1.0,0.5
20,famous_le_10m,byte_autocorr,2,EfficientNetV2B0|EfficientNetV2B1|MobileNetV3Large,5,5,0.0012502136303890958,0.0,1.0,0.5
20,famous_le_10m,byte_autocorr,3,EfficientNetV2B0|EfficientNetV2B1|MobileNetV3Large,5,5,0.0013624346921920587,0.0,1.0,0.5
20,famous_le_10m,byte_autocorr,4,EfficientNetV2B0|EfficientNetV2B1|MobileNetV3Large,5,5,0.001501704698350607,0.0,1.0,0.5
20,famous_le_10m,byte_autocorr,5,EfficientNetV2B0|EfficientNetV2B1|MobileNetV3Large,5,5,0.001478401268228881,0.0,1.0,0.5
20,famous_le_10m,byte_autocorr,6,EfficientNetV2B0|EfficientNetV2B1|MobileNetV3Large,5,5,-0.9997203205570961,0.0,1.0,0.5
20,famous_le_10m,byte_autocorr,7,EfficientNetV2B0|EfficientNetV2B1|MobileNetV3Large,5,5,-0.9994723908796538,0.0,1.0,0.5
20,famous_le_10m,byte_autocorr,8,EfficientNetV2B0|EfficientNetV2B1|MobileNetV3Large,5,5,0.0014472111128307783,0.0,1.0,0.5
20,famous_le_10m,byte_autocorr,9,EfficientNetV2B0|EfficientNetV2B1|MobileNetV3Large,5,5,-0.9999230900657275,0.0,1.0,0.5
20,famous_le_10m,byte_autocorr,10,EfficientNetV2B0|EfficientNetV2B1|MobileNetV3Large,5,5,-0.999486552689951,0.0,1.0,0.5
20,famous_le_10m,byte_autocorr,11,EfficientNetV2B0|EfficientNetV2B1|MobileNetV3Large,5,5,-0.9992818984204156,0.0,1.0,0.5
20,famous_le_10m,byte_autocorr,12,EfficientNetV2B0|EfficientNetV2B1|MobileNetV3Large,5,5,-0.9998120982578781,0.0,1.0,0.5
20,famous_le_10m,byte_autocorr,13,EfficientNetV2B0|EfficientNetV2B1|MobileNetV3Large,5,5,0.0011878218477822345,0.0,0.4,0.2
20,famous_le_10m,byte_autocorr,14,EfficientNetV2B0|EfficientNetV2B1|MobileNetV3Large,5,5,-0.9989907745074527,0.0,1.0,0.5
20,famous_le_10m,byte_autocorr,15,EfficientNetV2B0|EfficientNetV2B1|MobileNetV3Large,5,5,0.03703769296856289,1.0,0.0,0.5
20,famous_le_10m,byte_autocorr,16,EfficientNetV2B0|EfficientNetV2B1|MobileNetV3Large,5,5,0.10219999647439147,1.0,0.2,0.6
20,famous_le_10m,byte_autocorr,17,EfficientNetV2B0|EfficientNetV2B1|MobileNetV3Large,5,5,0.028427360277728922,1.0,0.2,0.6
20,famous_le_10m,byte_autocorr,18,EfficientNetV2B0|EfficientNetV2B1|MobileNetV3Large,5,5,0.09146943963226341,1.0,0.2,0.6
20,famous_le_10m,byte_autocorr,19,EfficientNetV2B0|EfficientNetV2B1|MobileNetV3Large,5,5,0.134718109991635,1.0,0.2,0.6
20,famous_le_10m,byte_autocorr,20,EfficientNetV2B0|EfficientNetV2B1|MobileNetV3Large,5,5,0.16688180627168953,1.0,0.2,0.6
20,famous_le_10m,byte_autocorr,21,EfficientNetV2B0|EfficientNetV2B1|MobileNetV3Large,5,5,0.19075663344271115,1.0,0.2,0.6
20,famous_le_10m,byte_autocorr,22,EfficientNetV2B0|EfficientNetV2B1|MobileNetV3Large,5,5,0.014847983400409947,1.0,0.2,0.6
20,famous_le_10m,byte_autocorr,23,EfficientNetV2B0|EfficientNetV2B1|MobileNetV3Large,5,5,0.06854377456650917,1.0,0.2,0.6
21,famous_le_10m,byte_entropy,1,EfficientNetV2B0|MobileNet|MobileNetV3Large,5,5,-0.9362560102308093,0.0,1.0,0.5
21,famous_le_10m,byte_entropy,2,EfficientNetV2B0|MobileNet|MobileNetV3Large,5,5,-0.9160188063156801,0.0,1.0,0.5
21,famous_le_10m,byte_entropy,3,EfficientNetV2B0|MobileNet|MobileNetV3Large,5,5,-0.9149554298757685,0.0,1.0,0.5
21,famous_le_10m,byte_entropy,4,EfficientNetV2B0|MobileNet|MobileNetV3Large,5,5,-0.9149958193720842,0.0,1.0,0.5
21,famous_le_10m,byte_entropy,5,EfficientNetV2B0|MobileNet|MobileNetV3Large,5,5,-0.9149827685522227,0.0,1.0,0.5
21,famous_le_10m,byte_entropy,6,EfficientNetV2B0|MobileNet|MobileNetV3Large,5,5,-0.9150182756048235,0.0,1.0,0.5
21,famous_le_10m,byte_entropy,7,EfficientNetV2B0|MobileNet|MobileNetV3Large,5,5,-0.9150366071811585,0.0,1.0,0.5
21,famous_le_10m,byte_entropy,8,EfficientNetV2B0|MobileNet|MobileNetV3Large,5,5,-0.9152453009393592,0.0,1.0,0.5
21,famous_le_10m,byte_entropy,9,EfficientNetV2B0|MobileNet|MobileNetV3Large,5,5,-0.91503709903116,0.0,1.0,0.5
21,famous_le_10m,byte_entropy,10,EfficientNetV2B0|MobileNet|MobileNetV3Large,5,5,-0.9149807943381031,0.0,1.0,0.5
21,famous_le_10m,byte_entropy,11,EfficientNetV2B0|MobileNet|MobileNetV3Large,5,5,-0.9149701565977669,0.0,1.0,0.5
21,famous_le_10m,byte_entropy,12,EfficientNetV2B0|MobileNet|MobileNetV3Large,5,5,-0.9149540266876814,0.0,1.0,0.5
21,famous_le_10m,byte_entropy,13,EfficientNetV2B0|MobileNet|MobileNetV3Large,5,5,-0.9149162019301905,0.0,1.0,0.5
21,famous_le_10m,byte_entropy,14,EfficientNetV2B0|MobileNet|MobileNetV3Large,5,5,-0.914892868681921,0.0,1.0,0.5
21,famous_le_10m,byte_entropy,15,EfficientNetV2B0|MobileNet|MobileNetV3Large,5,5,-0.9148912999031841,0.0,1.0,0.5
21,famous_le_10m,byte_entropy,16,EfficientNetV2B0|MobileNet|MobileNetV3Large,5,5,-0.9149632485386412,0.0,1.0,0.5
21,famous_le_10m,byte_entropy,17,EfficientNetV2B0|MobileNet|MobileNetV3Large,5,5,-0.914856776938871,0.0,1.0,0.5
21,famous_le_10m,byte_entropy,18,EfficientNetV2B0|MobileNet|MobileNetV3Large,5,5,0.23148669660383894,0.8,0.4,0.6000000000000001
21,famous_le_10m,byte_entropy,19,EfficientNetV2B0|MobileNet|MobileNetV3Large,5,5,0.3956254645419841,0.8,0.4,0.6000000000000001
21,famous_le_10m,byte_entropy,20,EfficientNetV2B0|MobileNet|MobileNetV3Large,5,5,0.5716530439386429,0.8,0.4,0.6000000000000001
21,famous_le_10m,byte_entropy,21,EfficientNetV2B0|MobileNet|MobileNetV3Large,5,5,0.7582519627194215,1.0,0.4,0.7
21,famous_le_10m,byte_entropy,22,EfficientNetV2B0|MobileNet|MobileNetV3Large,5,5,0.09167094891533831,0.4,0.6,0.5
21,famous_le_10m,byte_entropy,23,EfficientNetV2B0|MobileNet|MobileNetV3Large,5,5,0.09380142530774407,0.4,0.6,0.5
21,famous_le_10m,histogram_kl,1,EfficientNetV2B0|MobileNet|MobileNetV3Large,5,5,-0.9835782123956565,0.0,1.0,0.5
21,famous_le_10m,histogram_kl,2,EfficientNetV2B0|MobileNet|MobileNetV3Large,5,5,-0.9832953706749124,0.0,1.0,0.5
21,famous_le_10m,histogram_kl,3,EfficientNetV2B0|MobileNet|MobileNetV3Large,5,5,-0.983200208470564,0.0,1.0,0.5
21,famous_le_10m,histogram_kl,4,EfficientNetV2B0|MobileNet|MobileNetV3Large,5,5,-0.9829106950168989,0.0,1.0,0.5
21,famous_le_10m,histogram_kl,5,EfficientNetV2B0|MobileNet|MobileNetV3Large,5,5,-0.9828845771300488,0.0,1.0,0.5
21,famous_le_10m,histogram_kl,6,EfficientNetV2B0|MobileNet|MobileNetV3Large,5,5,-0.9825903368263588,0.0,1.0,0.5
21,famous_le_10m,histogram_kl,7,EfficientNetV2B0|MobileNet|MobileNetV3Large,5,5,-0.9825431222806491,0.0,1.0,0.5
21,famous_le_10m,histogram_kl,8,EfficientNetV2B0|MobileNet|MobileNetV3Large,5,5,-0.9820724348327535,0.0,1.0,0.5
21,famous_le_10m,histogram_kl,9,EfficientNetV2B0|MobileNet|MobileNetV3Large,5,5,-0.9822439175096931,0.0,1.0,0.5
21,famous_le_10m,histogram_kl,10,EfficientNetV2B0|MobileNet|MobileNetV3Large,5,5,-0.982026084418389,0.0,1.0,0.5
21,famous_le_10m,histogram_kl,11,EfficientNetV2B0|MobileNet|MobileNetV3Large,5,5,-0.9818712755190147,0.0,1.0,0.5
21,famous_le_10m,histogram_kl,12,EfficientNetV2B0|MobileNet|MobileNetV3Large,5,5,-0.981692753885628,0.0,1.0,0.5
21,famous_le_10m,histogram_kl,13,EfficientNetV2B0|MobileNet|MobileNetV3Large,5,5,-0.9817155082161158,0.0,1.0,0.5
21,famous_le_10m,histogram_kl,14,EfficientNetV2B0|MobileNet|MobileNetV3Large,5,5,-0.981599523285218,0.0,1.0,0.5
21,famous_le_10m,histogram_kl,15,EfficientNetV2B0|MobileNet|MobileNetV3Large,5,5,-0.9814277106743325,0.0,1.0,0.5
21,famous_le_10m,histogram_kl,16,EfficientNetV2B0|MobileNet|MobileNetV3Large,5,5,-0.98151925113775,0.0,1.0,0.5
21,famous_le_10m,histogram_kl,17,EfficientNetV2B0|MobileNet|MobileNetV3Large,5,5,-0.9813105063708598,0.0,1.0,0.5
21,famous_le_10m,histogram_kl,18,EfficientNetV2B0|MobileNet|MobileNetV3Large,5,5,0.08586682685136203,1.0,0.4,0.7
21,famous_le_10m,histogram_kl,19,EfficientNetV2B0|MobileNet|MobileNetV3Large,5,5,0.14239707709397437,1.0,0.4,0.7
21,famous_le_10m,histogram_kl,20,EfficientNetV2B0|MobileNet|MobileNetV3Large,5,5,0.20306283608553452,1.0,0.4,0.7
21,famous_le_10m,histogram_kl,21,EfficientNetV2B0|MobileNet|MobileNetV3Large,5,5,0.2634186768614209,1.0,0.4,0.7
21,famous_le_10m,histogram_kl,22,EfficientNetV2B0|MobileNet|MobileNetV3Large,5,5,0.32269442075801547,1.0,0.4,0.7
21,famous_le_10m,histogram_kl,23,EfficientNetV2B0|MobileNet|MobileNetV3Large,5,5,0.06562217463376482,0.8,0.4,0.6000000000000001
21,famous_le_10m,weight_value_dist,1,EfficientNetV2B0|MobileNet|MobileNetV3Large,5,5,8.682796147340111,0.0,1.0,0.5
21,famous_le_10m,weight_value_dist,2,EfficientNetV2B0|MobileNet|MobileNetV3Large,5,5,8.683125605376294,0.0,1.0,0.5
21,famous_le_10m,weight_value_dist,3,EfficientNetV2B0|MobileNet|MobileNetV3Large,5,5,8.683125560959635,0.0,1.0,0.5
21,famous_le_10m,weight_value_dist,4,EfficientNetV2B0|MobileNet|MobileNetV3Large,5,5,8.683124082586328,0.0,1.0,0.5
21,famous_le_10m,weight_value_dist,5,EfficientNetV2B0|MobileNet|MobileNetV3Large,5,5,11.737860901652528,0.0,1.0,0.5
21,famous_le_10m,weight_value_dist,6,EfficientNetV2B0|MobileNet|MobileNetV3Large,5,5,7.671099640595562,0.0,1.0,0.5
21,famous_le_10m,weight_value_dist,7,EfficientNetV2B0|MobileNet|MobileNetV3Large,5,5,8.685508060709875,0.0,1.0,0.5
21,famous_le_10m,weight_value_dist,8,EfficientNetV2B0|MobileNet|MobileNetV3Large,5,5,8.692561856549743,0.0,1.0,0.5
21,famous_le_10m,weight_value_dist,9,EfficientNetV2B0|MobileNet|MobileNetV3Large,5,5,8.69902581102926,0.0,1.0,0.5
21,famous_le_10m,weight_value_dist,10,EfficientNetV2B0|MobileNet|MobileNetV3Large,5,5,8.696502955438945,0.0,1.0,0.5
21,famous_le_10m,weight_value_dist,11,EfficientNetV2B0|MobileNet|MobileNetV3Large,5,5,11.741822274387875,0.0,1.0,0.5
21,famous_le_10m,weight_value_dist,12,EfficientNetV2B0|MobileNet|MobileNetV3Large,5,5,8.747664929283054,0.0,1.0,0.5
21,famous_le_10m,weight_value_dist,13,EfficientNetV2B0|MobileNet|MobileNetV3Large,5,5,8.723937959992163,0.0,1.0,0.5
21,famous_le_10m,weight_value_dist,14,EfficientNetV2B0|MobileNet|MobileNetV3Large,5,5,8.762376545193309,0.0,1.0,0.5
21,famous_le_10m,weight_value_dist,15,EfficientNetV2B0|MobileNet|MobileNetV3Large,5,5,8.721501937238955,0.0,1.0,0.5
21,famous_le_10m,weight_value_dist,16,EfficientNetV2B0|MobileNet|MobileNetV3Large,5,5,8.852074663291992,0.0,1.0,0.5
21,famous_le_10m,weight_value_dist,17,EfficientNetV2B0|MobileNet|MobileNetV3Large,5,5,9.002148609003358,0.0,1.0,0.5
21,famous_le_10m,weight_value_dist,18,EfficientNetV2B0|MobileNet|MobileNetV3Large,5,5,12.238263417116656,0.0,1.0,0.5
21,famous_le_10m,weight_value_dist,19,EfficientNetV2B0|MobileNet|MobileNetV3Large,5,5,9.065881883218536,0.0,1.0,0.5
21,famous_le_10m,weight_value_dist,20,EfficientNetV2B0|MobileNet|MobileNetV3Large,5,5,12.497828947102363,0.0,1.0,0.5
21,famous_le_10m,weight_value_dist,21,EfficientNetV2B0|MobileNet|MobileNetV3Large,5,5,11.815775686526113,0.0,1.0,0.5
21,famous_le_10m,weight_value_dist,22,EfficientNetV2B0|MobileNet|MobileNetV3Large,5,5,14.094116342222332,0.0,1.0,0.5
21,famous_le_10m,weight_value_dist,23,EfficientNetV2B0|MobileNet|MobileNetV3Large,5,5,27.745989258368674,0.4,1.0,0.7
21,famous_le_10m,byte_autocorr,1,EfficientNetV2B0|MobileNet|MobileNetV3Large,5,5,0.0016657220397723732,0.2,0.8,0.5
21,famous_le_10m,byte_autocorr,2,EfficientNetV2B0|MobileNet|MobileNetV3Large,5,5,0.0016606104452946257,0.2,0.8,0.5
21,famous_le_10m,byte_autocorr,3,EfficientNetV2B0|MobileNet|MobileNetV3Large,5,5,0.001662969831769761,0.2,0.8,0.5
21,famous_le_10m,byte_autocorr,4,EfficientNetV2B0|MobileNet|MobileNetV3Large,5,5,-0.9983416044781518,0.0,1.0,0.5
21,famous_le_10m,byte_autocorr,5,EfficientNetV2B0|MobileNet|MobileNetV3Large,5,5,0.0016870259895901316,0.2,1.0,0.6
21,famous_le_10m,byte_autocorr,6,EfficientNetV2B0|MobileNet|MobileNetV3Large,5,5,-0.9994625327616203,0.0,1.0,0.5
21,famous_le_10m,byte_autocorr,7,EfficientNetV2B0|MobileNet|MobileNetV3Large,5,5,-0.9997301786751296,0.0,1.0,0.5
21,famous_le_10m,byte_autocorr,8,EfficientNetV2B0|MobileNet|MobileNetV3Large,5,5,0.002739878482808292,0.2,0.6,0.4
21,famous_le_10m,byte_autocorr,9,EfficientNetV2B0|MobileNet|MobileNetV3Large,5,5,-0.9996653022702517,0.0,1.0,0.5
21,famous_le_10m,byte_autocorr,10,EfficientNetV2B0|MobileNet|MobileNetV3Large,5,5,-0.9997443404854269,0.0,1.0,0.5
21,famous_le_10m,byte_autocorr,11,EfficientNetV2B0|MobileNet|MobileNetV3Large,5,5,-0.9995396862158914,0.0,1.0,0.5
21,famous_le_10m,byte_autocorr,12,EfficientNetV2B0|MobileNet|MobileNetV3Large,5,5,-0.9995543104624023,0.0,1.0,0.5
21,famous_le_10m,byte_autocorr,13,EfficientNetV2B0|MobileNet|MobileNetV3Large,5,5,-0.9998305671106522,0.0,1.0,0.5
21,famous_le_10m,byte_autocorr,14,EfficientNetV2B0|MobileNet|MobileNetV3Large,5,5,-0.9999793821347586,0.0,1.0,0.5
21,famous_le_10m,byte_autocorr,15,EfficientNetV2B0|MobileNet|MobileNetV3Large,5,5,-0.9998130118098917,0.0,1.0,0.5
21,famous_le_10m,byte_autocorr,16,EfficientNetV2B0|MobileNet|MobileNetV3Large,5,5,0.002564642502436522,0.2,1.0,0.6
21,famous_le_10m,byte_autocorr,17,EfficientNetV2B0|MobileNet|MobileNetV3Large,5,5,0.02868514807320474,1.0,0.4,0.7
21,famous_le_10m,byte_autocorr,18,EfficientNetV2B0|MobileNet|MobileNetV3Large,5,5,0.09172722742773923,1.0,0.4,0.7
21,famous_le_10m,byte_autocorr,19,EfficientNetV2B0|MobileNet|MobileNetV3Large,5,5,0.1349758977871108,1.0,0.4,0.7
21,famous_le_10m,byte_autocorr,20,EfficientNetV2B0|MobileNet|MobileNetV3Large,5,5,0.16713959406716533,1.0,0.4,0.7
21,famous_le_10m,byte_autocorr,21,EfficientNetV2B0|MobileNet|MobileNetV3Large,5,5,0.0017138586143818474,0.2,0.6,0.4
21,famous_le_10m,byte_autocorr,22,EfficientNetV2B0|MobileNet|MobileNetV3Large,5,5,0.015105771195885768,1.0,0.4,0.7
21,famous_le_10m,byte_autocorr,23,EfficientNetV2B0|MobileNet|MobileNetV3Large,5,5,0.068801562361985,1.0,0.4,0.7
22,famous_le_10m,byte_entropy,1,EfficientNetV2B1|MobileNetV2|MobileNetV3Large,5,5,-0.9380550054987578,0.0,1.0,0.5
22,famous_le_10m,byte_entropy,2,EfficientNetV2B1|MobileNetV2|MobileNetV3Large,5,5,-0.9145866710348463,0.0,1.0,0.5
22,famous_le_10m,byte_entropy,3,EfficientNetV2B1|MobileNetV2|MobileNetV3Large,5,5,-0.9109751379807751,0.0,1.0,0.5
22,famous_le_10m,byte_entropy,4,EfficientNetV2B1|MobileNetV2|MobileNetV3Large,5,5,-0.9110683349274713,0.0,1.0,0.5
22,famous_le_10m,byte_entropy,5,EfficientNetV2B1|MobileNetV2|MobileNetV3Large,5,5,-0.9110148330209688,0.0,1.0,0.5
22,famous_le_10m,byte_entropy,6,EfficientNetV2B1|MobileNetV2|MobileNetV3Large,5,5,-0.9111046759026048,0.0,1.0,0.5
22,famous_le_10m,byte_entropy,7,EfficientNetV2B1|MobileNetV2|MobileNetV3Large,5,5,-0.9111461098002002,0.0,1.0,0.5
22,famous_le_10m,byte_entropy,8,EfficientNetV2B1|MobileNetV2|MobileNetV3Large,5,5,-0.9116427403797537,0.0,1.0,0.5
22,famous_le_10m,byte_entropy,9,EfficientNetV2B1|MobileNetV2|MobileNetV3Large,5,5,-0.9111459462791877,0.0,1.0,0.5
22,famous_le_10m,byte_entropy,10,EfficientNetV2B1|MobileNetV2|MobileNetV3Large,5,5,-0.9110410619236701,0.0,1.0,0.5
22,famous_le_10m,byte_entropy,11,EfficientNetV2B1|MobileNetV2|MobileNetV3Large,5,5,-0.9109837923753009,0.0,1.0,0.5
22,famous_le_10m,byte_entropy,12,EfficientNetV2B1|MobileNetV2|MobileNetV3Large,5,5,-0.9109640947355119,0.0,1.0,0.5
22,famous_le_10m,byte_entropy,13,EfficientNetV2B1|MobileNetV2|MobileNetV3Large,5,5,-0.9108660427629987,0.0,1.0,0.5
22,famous_le_10m,byte_entropy,14,EfficientNetV2B1|MobileNetV2|MobileNetV3Large,5,5,-0.9108251071196232,0.0,1.0,0.5
22,famous_le_10m,byte_entropy,15,EfficientNetV2B1|MobileNetV2|MobileNetV3Large,5,5,-0.9200420879738572,0.0,1.0,0.5
22,famous_le_10m,byte_entropy,16,EfficientNetV2B1|MobileNetV2|MobileNetV3Large,5,5,0.27461278100354947,0.8,0.2,0.5
22,famous_le_10m,byte_entropy,17,EfficientNetV2B1|MobileNetV2|MobileNetV3Large,5,5,0.46284429018993967,0.8,0.2,0.5
22,famous_le_10m,byte_entropy,18,EfficientNetV2B1|MobileNetV2|MobileNetV3Large,5,5,0.6540008245804976,1.0,0.2,0.6
22,famous_le_10m,byte_entropy,19,EfficientNetV2B1|MobileNetV2|MobileNetV3Large,5,5,0.8426539050420677,1.0,0.2,0.6
22,famous_le_10m,byte_entropy,20,EfficientNetV2B1|MobileNetV2|MobileNetV3Large,5,5,1.0347059275668624,1.0,0.2,0.6
22,famous_le_10m,byte_entropy,21,EfficientNetV2B1|MobileNetV2|MobileNetV3Large,5,5,1.2368960909762745,1.0,0.4,0.7
22,famous_le_10m,byte_entropy,22,EfficientNetV2B1|MobileNetV2|MobileNetV3Large,5,5,0.08953855992434173,0.2,0.8,0.5
22,famous_le_10m,byte_entropy,23,EfficientNetV2B1|MobileNetV2|MobileNetV3Large,5,5,0.09179822258738607,0.2,1.0,0.6
22,famous_le_10m,histogram_kl,1,EfficientNetV2B1|MobileNetV2|MobileNetV3Large,5,5,-0.98291898890567,0.0,1.0,0.5
22,famous_le_10m,histogram_kl,2,EfficientNetV2B1|MobileNetV2|MobileNetV3Large,5,5,-0.9825639617649917,0.0,1.0,0.5
22,famous_le_10m,histogram_kl,3,EfficientNetV2B1|MobileNetV2|MobileNetV3Large,5,5,-0.9824417007466586,0.0,1.0,0.5
22,famous_le_10m,histogram_kl,4,EfficientNetV2B1|MobileNetV2|MobileNetV3Large,5,5,-0.982175877561317,0.0,1.0,0.5
22,famous_le_10m,histogram_kl,5,EfficientNetV2B1|MobileNetV2|MobileNetV3Large,5,5,-0.9819321172998612,0.0,1.0,0.5
22,famous_le_10m,histogram_kl,6,EfficientNetV2B1|MobileNetV2|MobileNetV3Large,5,5,-0.9816046363354591,0.0,1.0,0.5
22,famous_le_10m,histogram_kl,7,EfficientNetV2B1|MobileNetV2|MobileNetV3Large,5,5,-0.9814008929901583,0.0,1.0,0.5
22,famous_le_10m,histogram_kl,8,EfficientNetV2B1|MobileNetV2|MobileNetV3Large,5,5,-0.9807548650234735,0.0,1.0,0.5
22,famous_le_10m,histogram_kl,9,EfficientNetV2B1|MobileNetV2|MobileNetV3Large,5,5,-0.9810207951140486,0.0,1.0,0.5
22,famous_le_10m,histogram_kl,10,EfficientNetV2B1|MobileNetV2|MobileNetV3Large,5,5,-0.9808416733702485,0.0,1.0,0.5
22,famous_le_10m,histogram_kl,11,EfficientNetV2B1|MobileNetV2|MobileNetV3Large,5,5,-0.9807284958094784,0.0,1.0,0.5
22,famous_le_10m,histogram_kl,12,EfficientNetV2B1|MobileNetV2|MobileNetV3Large,5,5,-0.9804267478461419,0.0,1.0,0.5
22,famous_le_10m,histogram_kl,13,EfficientNetV2B1|MobileNetV2|MobileNetV3Large,5,5,-0.9805211951493049,0.0,1.0,0.5
22,famous_le_10m,histogram_kl,14,EfficientNetV2B1|MobileNetV2|MobileNetV3Large,5,5,-0.9803511984478153,0.0,1.0,0.5
22,famous_le_10m,histogram_kl,15,EfficientNetV2B1|MobileNetV2|MobileNetV3Large,5,5,-0.9802044171495241,0.0,1.0,0.5
22,famous_le_10m,histogram_kl,16,EfficientNetV2B1|MobileNetV2|MobileNetV3Large,5,5,0.10355461925514098,1.0,0.0,0.5
22,famous_le_10m,histogram_kl,17,EfficientNetV2B1|MobileNetV2|MobileNetV3Large,5,5,0.17049617207076512,1.0,0.2,0.6
22,famous_le_10m,histogram_kl,18,EfficientNetV2B1|MobileNetV2|MobileNetV3Large,5,5,0.24042731516468416,1.0,0.2,0.6
22,famous_le_10m,histogram_kl,19,EfficientNetV2B1|MobileNetV2|MobileNetV3Large,5,5,0.3089924738152621,1.0,0.2,0.6
22,famous_le_10m,histogram_kl,20,EfficientNetV2B1|MobileNetV2|MobileNetV3Large,5,5,0.3754550924352549,1.0,0.2,0.6
22,famous_le_10m,histogram_kl,21,EfficientNetV2B1|MobileNetV2|MobileNetV3Large,5,5,0.43833624454333764,1.0,0.4,0.7
22,famous_le_10m,histogram_kl,22,EfficientNetV2B1|MobileNetV2|MobileNetV3Large,5,5,0.49824974474324324,1.0,0.4,0.7
22,famous_le_10m,histogram_kl,23,EfficientNetV2B1|MobileNetV2|MobileNetV3Large,5,5,0.044793380953871455,0.8,0.4,0.6000000000000001
22,famous_le_10m,weight_value_dist,1,EfficientNetV2B1|MobileNetV2|MobileNetV3Large,5,5,12.89027730849908,0.2,0.8,0.5
22,famous_le_10m,weight_value_dist,2,EfficientNetV2B1|MobileNetV2|MobileNetV3Large,5,5,12.8902777005741,0.2,0.8,0.5
22,famous_le_10m,weight_value_dist,3,EfficientNetV2B1|MobileNetV2|MobileNetV3Large,5,5,9.785419213077006,0.0,1.0,0.5
22,famous_le_10m,weight_value_dist,4,EfficientNetV2B1|MobileNetV2|MobileNetV3Large,5,5,12.89027832182433,0.2,0.8,0.5
22,famous_le_10m,weight_value_dist,5,EfficientNetV2B1|MobileNetV2|MobileNetV3Large,5,5,9.78543641652646,0.0,1.0,0.5
22,famous_le_10m,weight_value_dist,6,EfficientNetV2B1|MobileNetV2|MobileNetV3Large,5,5,9.786892291429776,0.0,1.0,0.5
22,famous_le_10m,weight_value_dist,7,EfficientNetV2B1|MobileNetV2|MobileNetV3Large,5,5,6.684178747072164,0.0,1.0,0.5
22,famous_le_10m,weight_value_dist,8,EfficientNetV2B1|MobileNetV2|MobileNetV3Large,5,5,6.68351349805598,0.0,1.0,0.5
22,famous_le_10m,weight_value_dist,9,EfficientNetV2B1|MobileNetV2|MobileNetV3Large,5,5,7.686833731715547,0.0,1.0,0.5
22,famous_le_10m,weight_value_dist,10,EfficientNetV2B1|MobileNetV2|MobileNetV3Large,5,5,7.685953031842236,0.0,1.0,0.5
22,famous_le_10m,weight_value_dist,11,EfficientNetV2B1|MobileNetV2|MobileNetV3Large,5,5,7.685479213609579,0.0,1.0,0.5
22,famous_le_10m,weight_value_dist,12,EfficientNetV2B1|MobileNetV2|MobileNetV3Large,5,5,6.682387566385446,0.0,1.0,0.5
22,famous_le_10m,weight_value_dist,13,EfficientNetV2B1|MobileNetV2|MobileNetV3Large,5,5,7.686552935758309,0.0,1.0,0.5
22,famous_le_10m,weight_value_dist,14,EfficientNetV2B1|MobileNetV2|MobileNetV3Large,5,5,7.69075830314749,0.0,1.0,0.5
22,famous_le_10m,weight_value_dist,15,EfficientNetV2B1|MobileNetV2|MobileNetV3Large,5,5,7.708230485178051,0.0,1.0,0.5
22,famous_le_10m,weight_value_dist,16,EfficientNetV2B1|MobileNetV2|MobileNetV3Large,5,5,7.725149149963935,0.0,1.0,0.5
22,famous_le_10m,weight_value_dist,17,EfficientNetV2B1|MobileNetV2|MobileNetV3Large,5,5,7.765338251788172,0.0,1.0,0.5
22,famous_le_10m,weight_value_dist,18,EfficientNetV2B1|MobileNetV2|MobileNetV3Large,5,5,7.76766108489881,0.0,1.0,0.5
22,famous_le_10m,weight_value_dist,19,EfficientNetV2B1|MobileNetV2|MobileNetV3Large,5,5,7.762175858487261,0.0,1.0,0.5
22,famous_le_10m,weight_value_dist,20,EfficientNetV2B1|MobileNetV2|MobileNetV3Large,5,5,7.748453279284551,0.0,1.0,0.5
22,famous_le_10m,weight_value_dist,21,EfficientNetV2B1|MobileNetV2|MobileNetV3Large,5,5,14.826891276929238,0.4,0.8,0.6000000000000001
22,famous_le_10m,weight_value_dist,22,EfficientNetV2B1|MobileNetV2|MobileNetV3Large,5,5,15.662762908203094,0.4,0.6,0.5
22,famous_le_10m,weight_value_dist,23,EfficientNetV2B1|MobileNetV2|MobileNetV3Large,5,5,14.35653594390326,0.4,1.0,0.7
22,famous_le_10m,byte_autocorr,1,EfficientNetV2B1|MobileNetV2|MobileNetV3Large,5,5,0.0003353907632629518,0.0,1.0,0.5
22,famous_le_10m,byte_autocorr,2,EfficientNetV2B1|MobileNetV2|MobileNetV3Large,5,5,-0.9996842915769245,0.0,1.0,0.5
22,famous_le_10m,byte_autocorr,3,EfficientNetV2B1|MobileNetV2|MobileNetV3Large,5,5,-0.9996947873778694,0.0,1.0,0.5
22,famous_le_10m,byte_autocorr,4,EfficientNetV2B1|MobileNetV2|MobileNetV3Large,5,5,-0.9997641662910457,0.0,1.0,0.5
22,famous_le_10m,byte_autocorr,5,EfficientNetV2B1|MobileNetV2|MobileNetV3Large,5,5,-0.9999192767851763,0.0,1.0,0.5
22,famous_le_10m,byte_autocorr,6,EfficientNetV2B1|MobileNetV2|MobileNetV3Large,5,5,-0.9999411377696981,0.0,1.0,0.5
22,famous_le_10m,byte_autocorr,7,EfficientNetV2B1|MobileNetV2|MobileNetV3Large,5,5,0.0009742112533542202,0.4,0.6,0.5
22,famous_le_10m,byte_autocorr,8,EfficientNetV2B1|MobileNetV2|MobileNetV3Large,5,5,0.0027457631843569212,0.8,1.0,0.9
22,famous_le_10m,byte_autocorr,9,EfficientNetV2B1|MobileNetV2|MobileNetV3Large,5,5,0.0017535515640251338,0.8,1.0,0.9
22,famous_le_10m,byte_autocorr,10,EfficientNetV2B1|MobileNetV2|MobileNetV3Large,5,5,0.0015080802117614272,0.6,1.0,0.8
22,famous_le_10m,byte_autocorr,11,EfficientNetV2B1|MobileNetV2|MobileNetV3Large,5,5,0.000999100073237877,0.4,1.0,0.7
22,famous_le_10m,byte_autocorr,12,EfficientNetV2B1|MobileNetV2|MobileNetV3Large,5,5,0.0013608799804190142,0.6,1.0,0.8
22,famous_le_10m,byte_autocorr,13,EfficientNetV2B1|MobileNetV2|MobileNetV3Large,5,5,0.001088209909725169,0.4,0.6,0.5
22,famous_le_10m,byte_autocorr,14,EfficientNetV2B1|MobileNetV2|MobileNetV3Large,5,5,0.0013662325247709181,0.6,0.6,0.6
22,famous_le_10m,byte_autocorr,15,EfficientNetV2B1|MobileNetV2|MobileNetV3Large,5,5,0.001648457278252494,0.6,0.8,0.7
22,famous_le_10m,byte_autocorr,16,EfficientNetV2B1|MobileNetV2|MobileNetV3Large,5,5,0.0030468118251439913,0.8,1.0,0.9
22,famous_le_10m,byte_autocorr,17,EfficientNetV2B1|MobileNetV2|MobileNetV3Large,5,5,0.0014529339100644786,0.6,0.6,0.6
22,famous_le_10m,byte_autocorr,18,EfficientNetV2B1|MobileNetV2|MobileNetV3Large,5,5,0.0012988880693963806,0.6,1.0,0.8
22,famous_le_10m,byte_autocorr,19,EfficientNetV2B1|MobileNetV2|MobileNetV3Large,5,5,0.0014986320492811913,0.6,0.6,0.6
22,famous_le_10m,byte_autocorr,20,EfficientNetV2B1|MobileNetV2|MobileNetV3Large,5,5,0.0013666704950261576,0.6,0.6,0.6
22,famous_le_10m,byte_autocorr,21,EfficientNetV2B1|MobileNetV2|MobileNetV3Large,5,5,0.0003760044312115999,0.0,0.8,0.4
22,famous_le_10m,byte_autocorr,22,EfficientNetV2B1|MobileNetV2|MobileNetV3Large,5,5,0.014757859523598985,1.0,0.4,0.7
22,famous_le_10m,byte_autocorr,23,EfficientNetV2B1|MobileNetV2|MobileNetV3Large,5,5,0.06845365068969822,1.0,0.4,0.7
23,famous_le_10m,byte_entropy,1,DenseNet121|MobileNet|MobileNetV2,5,5,0.15975837418634564,0.0,1.0,0.5
23,famous_le_10m,byte_entropy,2,DenseNet121|MobileNet|MobileNetV2,5,5,0.15975814752226558,0.0,1.0,0.5
23,famous_le_10m,byte_entropy,3,DenseNet121|MobileNet|MobileNetV2,5,5,0.15975812260240202,0.0,1.0,0.5
23,famous_le_10m,byte_entropy,4,DenseNet121|MobileNet|MobileNetV2,5,5,0.1597581733428618,0.0,1.0,0.5
23,famous_le_10m,byte_entropy,5,DenseNet121|MobileNet|MobileNetV2,5,5,0.15975815811897912,0.0,1.0,0.5
23,famous_le_10m,byte_entropy,6,DenseNet121|MobileNet|MobileNetV2,5,5,0.1597582065758127,0.0,1.0,0.5
23,famous_le_10m,byte_entropy,7,DenseNet121|MobileNet|MobileNetV2,5,5,0.15975826443316782,0.0,1.0,0.5
23,famous_le_10m,byte_entropy,8,DenseNet121|MobileNet|MobileNetV2,5,5,0.15975888432016955,0.0,1.0,0.5
23,famous_le_10m,byte_entropy,9,DenseNet121|MobileNet|MobileNetV2,5,5,0.15975826189262415,0.0,1.0,0.5
23,famous_le_10m,byte_entropy,10,DenseNet121|MobileNet|MobileNetV2,5,5,0.1597581622290324,0.0,1.0,0.5
23,famous_le_10m,byte_entropy,11,DenseNet121|MobileNet|MobileNetV2,5,5,0.1597581395993543,0.0,1.0,0.5
23,famous_le_10m,byte_entropy,12,DenseNet121|MobileNet|MobileNetV2,5,5,0.15975811725808697,0.0,1.0,0.5
23,famous_le_10m,byte_entropy,13,DenseNet121|MobileNet|MobileNetV2,5,5,0.15975807580883356,0.0,1.0,0.5
23,famous_le_10m,byte_entropy,14,DenseNet121|MobileNet|MobileNetV2,5,5,0.15975805840383167,0.0,1.0,0.5
23,famous_le_10m,byte_entropy,15,DenseNet121|MobileNet|MobileNetV2,5,5,0.15975806435276724,0.0,1.0,0.5
23,famous_le_10m,byte_entropy,16,DenseNet121|MobileNet|MobileNetV2,5,5,0.15975815476897934,0.0,1.0,0.5
23,famous_le_10m,byte_entropy,17,DenseNet121|MobileNet|MobileNetV2,5,5,0.15975805851985236,0.0,1.0,0.5
23,famous_le_10m,byte_entropy,18,DenseNet121|MobileNet|MobileNetV2,5,5,0.1597581186571787,0.0,1.0,0.5
23,famous_le_10m,byte_entropy,19,DenseNet121|MobileNet|MobileNetV2,5,5,0.15975837058563475,0.0,1.0,0.5
23,famous_le_10m,byte_entropy,20,DenseNet121|MobileNet|MobileNetV2,5,5,0.15975951870087313,0.0,1.0,0.5
23,famous_le_10m,byte_entropy,21,DenseNet121|MobileNet|MobileNetV2,5,5,0.15976879597339128,0.0,1.0,0.5
23,famous_le_10m,byte_entropy,22,DenseNet121|MobileNet|MobileNetV2,5,5,0.15986778423927103,0.0,1.0,0.5
23,famous_le_10m,byte_entropy,23,DenseNet121|MobileNet|MobileNetV2,5,5,0.16107878577076729,0.0,1.0,0.5
23,famous_le_10m,histogram_kl,1,DenseNet121|MobileNet|MobileNetV2,5,5,6.260104888988341e-05,0.6,1.0,0.8
23,famous_le_10m,histogram_kl,2,DenseNet121|MobileNet|MobileNetV2,5,5,4.863462395968586e-05,0.4,1.0,0.7
23,famous_le_10m,histogram_kl,3,DenseNet121|MobileNet|MobileNetV2,5,5,4.692585249435197e-05,0.4,1.0,0.7
23,famous_le_10m,histogram_kl,4,DenseNet121|MobileNet|MobileNetV2,5,5,5.226995801829231e-05,0.4,1.0,0.7
23,famous_le_10m,histogram_kl,5,DenseNet121|MobileNet|MobileNetV2,5,5,5.410331730465192e-05,0.4,1.0,0.7
23,famous_le_10m,histogram_kl,6,DenseNet121|MobileNet|MobileNetV2,5,5,6.25369098862765e-05,0.6,1.0,0.8
23,famous_le_10m,histogram_kl,7,DenseNet121|MobileNet|MobileNetV2,5,5,6.151167708305488e-05,0.6,1.0,0.8
23,famous_le_10m,histogram_kl,8,DenseNet121|MobileNet|MobileNetV2,5,5,0.00010167789643819666,0.6,1.0,0.8
23,famous_le_10m,histogram_kl,9,DenseNet121|MobileNet|MobileNetV2,5,5,6.607831049625945e-05,0.6,1.0,0.8
23,famous_le_10m,histogram_kl,10,DenseNet121|MobileNet|MobileNetV2,5,5,5.8339695849110387e-05,0.4,1.0,0.7
23,famous_le_10m,histogram_kl,11,DenseNet121|MobileNet|MobileNetV2,5,5,5.359475979192881e-05,0.4,1.0,0.7
23,famous_le_10m,histogram_kl,12,DenseNet121|MobileNet|MobileNetV2,5,5,4.9237930992651274e-05,0.4,1.0,0.7
23,famous_le_10m,histogram_kl,13,DenseNet121|MobileNet|MobileNetV2,5,5,4.2918800417388576e-05,0.4,1.0,0.7
23,famous_le_10m,histogram_kl,14,DenseNet121|MobileNet|MobileNetV2,5,5,4.0375436896195415e-05,0.4,1.0,0.7
23,famous_le_10m,histogram_kl,15,DenseNet121|MobileNet|MobileNetV2,5,5,8.427542064872702e-05,0.6,0.8,0.7
23,famous_le_10m,histogram_kl,16,DenseNet121|MobileNet|MobileNetV2,5,5,0.00012845950184263866,0.6,0.8,0.7
23,famous_le_10m,histogram_kl,17,DenseNet121|MobileNet|MobileNetV2,5,5,6.64691960648385e-05,0.6,1.0,0.8
23,famous_le_10m,histogram_kl,18,DenseNet121|MobileNet|MobileNetV2,5,5,6.900212064248153e-05,0.6,1.0,0.8
23,famous_le_10m,histogram_kl,19,DenseNet121|MobileNet|MobileNetV2,5,5,6.088347159633572e-05,0.6,1.0,0.8
23,famous_le_10m,histogram_kl,20,DenseNet121|MobileNet|MobileNetV2,5,5,6.961365631039322e-05,0.6,1.0,0.8
23,famous_le_10m,histogram_kl,21,DenseNet121|MobileNet|MobileNetV2,5,5,5.3816139124036375e-05,0.4,1.0,0.7
23,famous_le_10m,histogram_kl,22,DenseNet121|MobileNet|MobileNetV2,5,5,6.0664016299456116e-05,0.6,1.0,0.8
23,famous_le_10m,histogram_kl,23,DenseNet121|MobileNet|MobileNetV2,5,5,5.5520545066307814e-05,0.4,1.0,0.7
23,famous_le_10m,weight_value_dist,1,DenseNet121|MobileNet|MobileNetV2,5,5,13.89195064586962,0.0,1.0,0.5
23,famous_le_10m,weight_value_dist,2,DenseNet121|MobileNet|MobileNetV2,5,5,13.891950633953991,0.0,1.0,0.5
23,famous_le_10m,weight_value_dist,3,DenseNet121|MobileNet|MobileNetV2,5,5,5.761873903429678,0.0,1.0,0.5
23,famous_le_10m,weight_value_dist,4,DenseNet121|MobileNet|MobileNetV2,5,5,5.761871069075178,0.0,1.0,0.5
23,famous_le_10m,weight_value_dist,5,DenseNet121|MobileNet|MobileNetV2,5,5,13.891951011127203,0.0,1.0,0.5
23,famous_le_10m,weight_value_dist,6,DenseNet121|MobileNet|MobileNetV2,5,5,6.761900098516719,0.0,1.0,0.5
23,famous_le_10m,weight_value_dist,7,DenseNet121|MobileNet|MobileNetV2,5,5,5.761775915023302,0.0,1.0,0.5
23,famous_le_10m,weight_value_dist,8,DenseNet121|MobileNet|MobileNetV2,5,5,6.761991163858555,0.0,1.0,0.5
23,famous_le_10m,weight_value_dist,9,DenseNet121|MobileNet|MobileNetV2,5,5,13.891960510988788,0.0,1.0,0.5
23,famous_le_10m,weight_value_dist,10,DenseNet121|MobileNet|MobileNetV2,5,5,9.071225945461482,0.0,1.0,0.5
23,famous_le_10m,weight_value_dist,11,DenseNet121|MobileNet|MobileNetV2,5,5,9.071396558262862,0.0,1.0,0.5
23,famous_le_10m,weight_value_dist,12,DenseNet121|MobileNet|MobileNetV2,5,5,6.76224555193631,0.0,1.0,0.5
23,famous_le_10m,weight_value_dist,13,DenseNet121|MobileNet|MobileNetV2,5,5,9.071795556203842,0.0,1.0,0.5
23,famous_le_10m,weight_value_dist,14,DenseNet121|MobileNet|MobileNetV2,5,5,6.7639960288277585,0.0,1.0,0.5
23,famous_le_10m,weight_value_dist,15,DenseNet121|MobileNet|MobileNetV2,5,5,6.7671443281179435,0.0,1.0,0.5
23,famous_le_10m,weight_value_dist,16,DenseNet121|MobileNet|MobileNetV2,5,5,6.762849872947433,0.0,1.0,0.5
23,famous_le_10m,weight_value_dist,17,DenseNet121|MobileNet|MobileNetV2,5,5,6.7733798136450485,0.0,1.0,0.5
23,famous_le_10m,weight_value_dist,18,DenseNet121|MobileNet|MobileNetV2,5,5,6.783809309141645,0.0,1.0,0.5
23,famous_le_10m,weight_value_dist,19,DenseNet121|MobileNet|MobileNetV2,5,5,6.797438384371408,0.0,1.0,0.5
23,famous_le_10m,weight_value_dist,20,DenseNet121|MobileNet|MobileNetV2,5,5,6.81200404029101,0.0,1.0,0.5
23,famous_le_10m,weight_value_dist,21,DenseNet121|MobileNet|MobileNetV2,5,5,6.99314421266223,0.0,1.0,0.5
23,famous_le_10m,weight_value_dist,22,DenseNet121|MobileNet|MobileNetV2,5,5,9.115471978513936,0.0,1.0,0.5
23,famous_le_10m,weight_value_dist,23,DenseNet121|MobileNet|MobileNetV2,5,5,14.814750582222919,0.0,1.0,0.5
23,famous_le_10m,byte_autocorr,1,DenseNet121|MobileNet|MobileNetV2,5,5,-0.999699518176662,0.0,1.0,0.5
23,famous_le_10m,byte_autocorr,2,DenseNet121|MobileNet|MobileNetV2,5,5,-0.9997050585754219,0.0,1.0,0.5
23,famous_le_10m,byte_autocorr,3,DenseNet121|MobileNet|MobileNetV2,5,5,-0.9997072427001084,0.0,1.0,0.5
23,famous_le_10m,byte_autocorr,4,DenseNet121|MobileNet|MobileNetV2,5,5,0.0008968026696582234,0.2,0.6,0.4
23,famous_le_10m,byte_autocorr,5,DenseNet121|MobileNet|MobileNetV2,5,5,0.0006017358195776997,0.2,0.6,0.4
23,famous_le_10m,byte_autocorr,6,DenseNet121|MobileNet|MobileNetV2,5,5,0.0009107329320351048,0.2,0.4,0.30000000000000004
23,famous_le_10m,byte_autocorr,7,DenseNet121|MobileNet|MobileNetV2,5,5,0.001007034182152479,0.4,0.6,0.5
23,famous_le_10m,byte_autocorr,8,DenseNet121|MobileNet|MobileNetV2,5,5,0.0027998576975867694,0.8,1.0,0.9
23,famous_le_10m,byte_autocorr,9,DenseNet121|MobileNet|MobileNetV2,5,5,0.0017381270397638406,0.8,1.0,0.9
23,famous_le_10m,byte_autocorr,10,DenseNet121|MobileNet|MobileNetV2,5,5,0.0015104620517570997,0.6,1.0,0.8
23,famous_le_10m,byte_autocorr,11,DenseNet121|MobileNet|MobileNetV2,5,5,0.0011667629878848308,0.4,1.0,0.7
23,famous_le_10m,byte_autocorr,12,DenseNet121|MobileNet|MobileNetV2,5,5,0.0013301217819319104,0.4,1.0,0.7
23,famous_le_10m,byte_autocorr,13,DenseNet121|MobileNet|MobileNetV2,5,5,0.0006959787282317405,0.2,0.8,0.5
23,famous_le_10m,byte_autocorr,14,DenseNet121|MobileNet|MobileNetV2,5,5,0.0009694450292406298,0.4,1.0,0.7
23,famous_le_10m,byte_autocorr,15,DenseNet121|MobileNet|MobileNetV2,5,5,0.002041695653054235,0.8,0.8,0.8
23,famous_le_10m,byte_autocorr,16,DenseNet121|MobileNet|MobileNetV2,5,5,0.0036608298131382794,0.8,1.0,0.9
23,famous_le_10m,byte_autocorr,17,DenseNet121|MobileNet|MobileNetV2,5,5,0.0013497677523963453,0.4,0.6,0.5
23,famous_le_10m,byte_autocorr,18,DenseNet121|MobileNet|MobileNetV2,5,5,0.0016538795312168453,0.6,1.0,0.8
23,famous_le_10m,byte_autocorr,19,DenseNet121|MobileNet|MobileNetV2,5,5,0.0012007140081204556,0.4,0.6,0.5
23,famous_le_10m,byte_autocorr,20,DenseNet121|MobileNet|MobileNetV2,5,5,0.0010912028058969324,0.4,0.6,0.5
23,famous_le_10m,byte_autocorr,21,DenseNet121|MobileNet|MobileNetV2,5,5,0.0006846925319495332,0.2,1.0,0.6
23,famous_le_10m,byte_autocorr,22,DenseNet121|MobileNet|MobileNetV2,5,5,0.0006760437600451131,0.2,0.8,0.5
23,famous_le_10m,byte_autocorr,23,DenseNet121|MobileNet|MobileNetV2,5,5,0.0007333384849214594,0.2,1.0,0.6
24,famous_le_10m,byte_entropy,1,EfficientNetV2B1|MobileNetV3Small|NASNetMobile,5,5,-0.9871639818489062,0.0,1.0,0.5
24,famous_le_10m,byte_entropy,2,EfficientNetV2B1|MobileNetV3Small|NASNetMobile,5,5,-0.9398016562327935,0.0,1.0,0.5
24,famous_le_10m,byte_entropy,3,EfficientNetV2B1|MobileNetV3Small|NASNetMobile,5,5,-0.919465729415965,0.0,1.0,0.5
24,famous_le_10m,byte_entropy,4,EfficientNetV2B1|MobileNetV3Small|NASNetMobile,5,5,-0.9133537784701801,0.0,1.0,0.5
24,famous_le_10m,byte_entropy,5,EfficientNetV2B1|MobileNetV3Small|NASNetMobile,5,5,-0.9116478188632995,0.0,1.0,0.5
24,famous_le_10m,byte_entropy,6,EfficientNetV2B1|MobileNetV3Small|NASNetMobile,5,5,-0.9111994676266811,0.0,1.0,0.5
24,famous_le_10m,byte_entropy,7,EfficientNetV2B1|MobileNetV3Small|NASNetMobile,5,5,-0.9110873872643739,0.0,1.0,0.5
24,famous_le_10m,byte_entropy,8,EfficientNetV2B1|MobileNetV3Small|NASNetMobile,5,5,-0.9111625563125064,0.0,1.0,0.5
24,famous_le_10m,byte_entropy,9,EfficientNetV2B1|MobileNetV3Small|NASNetMobile,5,5,-0.9110679561869427,0.0,1.0,0.5
24,famous_le_10m,byte_entropy,10,EfficientNetV2B1|MobileNetV3Small|NASNetMobile,5,5,-0.9110455374596436,0.0,1.0,0.5
24,famous_le_10m,byte_entropy,11,EfficientNetV2B1|MobileNetV3Small|NASNetMobile,5,5,-0.911030166058481,0.0,1.0,0.5
24,famous_le_10m,byte_entropy,12,EfficientNetV2B1|MobileNetV3Small|NASNetMobile,5,5,-0.9110251284616289,0.0,1.0,0.5
24,famous_le_10m,byte_entropy,13,EfficientNetV2B1|MobileNetV3Small|NASNetMobile,5,5,-0.9110066603630214,0.0,1.0,0.5
24,famous_le_10m,byte_entropy,14,EfficientNetV2B1|MobileNetV3Small|NASNetMobile,5,5,-0.9109983576386393,0.0,1.0,0.5
24,famous_le_10m,byte_entropy,15,EfficientNetV2B1|MobileNetV3Small|NASNetMobile,5,5,-0.9478383357234074,0.0,1.0,0.5
24,famous_le_10m,byte_entropy,16,EfficientNetV2B1|MobileNetV3Small|NASNetMobile,5,5,0.2670018388804052,0.8,0.2,0.5
24,famous_le_10m,byte_entropy,17,EfficientNetV2B1|MobileNetV3Small|NASNetMobile,5,5,0.4565480676950796,0.8,0.2,0.5
24,famous_le_10m,byte_entropy,18,EfficientNetV2B1|MobileNetV3Small|NASNetMobile,5,5,0.6481479676158246,1.0,0.2,0.6
24,famous_le_10m,byte_entropy,19,EfficientNetV2B1|MobileNetV3Small|NASNetMobile,5,5,0.8370378212762949,1.0,0.2,0.6
24,famous_le_10m,byte_entropy,20,EfficientNetV2B1|MobileNetV3Small|NASNetMobile,5,5,1.0292548566207196,1.0,0.2,0.6
24,famous_le_10m,byte_entropy,21,EfficientNetV2B1|MobileNetV3Small|NASNetMobile,5,5,1.231574660021187,1.0,0.4,0.7
24,famous_le_10m,byte_entropy,22,EfficientNetV2B1|MobileNetV3Small|NASNetMobile,5,5,0.09677901660579252,0.0,1.0,0.5
24,famous_le_10m,byte_entropy,23,EfficientNetV2B1|MobileNetV3Small|NASNetMobile,5,5,0.10421921319592406,0.0,1.0,0.5
24,famous_le_10m,histogram_kl,1,EfficientNetV2B1|MobileNetV3Small|NASNetMobile,5,5,-0.9839985375598798,0.0,1.0,0.5
24,famous_le_10m,histogram_kl,2,EfficientNetV2B1|MobileNetV3Small|NASNetMobile,5,5,-0.9837417665591749,0.0,1.0,0.5
24,famous_le_10m,histogram_kl,3,EfficientNetV2B1|MobileNetV3Small|NASNetMobile,5,5,-0.9836281871586081,0.0,1.0,0.5
24,famous_le_10m,histogram_kl,4,EfficientNetV2B1|MobileNetV3Small|NASNetMobile,5,5,-0.98310604620881,0.0,1.0,0.5
24,famous_le_10m,histogram_kl,5,EfficientNetV2B1|MobileNetV3Small|NASNetMobile,5,5,-0.982973628842329,0.0,1.0,0.5
24,famous_le_10m,histogram_kl,6,EfficientNetV2B1|MobileNetV3Small|NASNetMobile,5,5,-0.9824515094974009,0.0,1.0,0.5
24,famous_le_10m,histogram_kl,7,EfficientNetV2B1|MobileNetV3Small|NASNetMobile,5,5,-0.9821969217182214,0.0,1.0,0.5
24,famous_le_10m,histogram_kl,8,EfficientNetV2B1|MobileNetV3Small|NASNetMobile,5,5,-0.9810334143538146,0.0,1.0,0.5
24,famous_le_10m,histogram_kl,9,EfficientNetV2B1|MobileNetV3Small|NASNetMobile,5,5,-0.9815279003979223,0.0,1.0,0.5
24,famous_le_10m,histogram_kl,10,EfficientNetV2B1|MobileNetV3Small|NASNetMobile,5,5,-0.981309231766635,0.0,1.0,0.5
24,famous_le_10m,histogram_kl,11,EfficientNetV2B1|MobileNetV3Small|NASNetMobile,5,5,-0.9811960711129735,0.0,1.0,0.5
24,famous_le_10m,histogram_kl,12,EfficientNetV2B1|MobileNetV3Small|NASNetMobile,5,5,-0.9808320767748021,0.0,1.0,0.5
24,famous_le_10m,histogram_kl,13,EfficientNetV2B1|MobileNetV3Small|NASNetMobile,5,5,-0.9809399167518262,0.0,1.0,0.5
24,famous_le_10m,histogram_kl,14,EfficientNetV2B1|MobileNetV3Small|NASNetMobile,5,5,-0.9807895867654837,0.0,1.0,0.5
24,famous_le_10m,histogram_kl,15,EfficientNetV2B1|MobileNetV3Small|NASNetMobile,5,5,-0.9806051496887969,0.0,1.0,0.5
24,famous_le_10m,histogram_kl,16,EfficientNetV2B1|MobileNetV3Small|NASNetMobile,5,5,0.10357478092803396,1.0,0.0,0.5
24,famous_le_10m,histogram_kl,17,EfficientNetV2B1|MobileNetV3Small|NASNetMobile,5,5,0.17052424277034894,1.0,0.2,0.6
24,famous_le_10m,histogram_kl,18,EfficientNetV2B1|MobileNetV3Small|NASNetMobile,5,5,0.24047032125491374,1.0,0.2,0.6
24,famous_le_10m,histogram_kl,19,EfficientNetV2B1|MobileNetV3Small|NASNetMobile,5,5,0.30904408374183256,1.0,0.2,0.6
24,famous_le_10m,histogram_kl,20,EfficientNetV2B1|MobileNetV3Small|NASNetMobile,5,5,0.3755162448798794,1.0,0.2,0.6
24,famous_le_10m,histogram_kl,21,EfficientNetV2B1|MobileNetV3Small|NASNetMobile,5,5,0.43840643442680804,1.0,0.4,0.7
24,famous_le_10m,histogram_kl,22,EfficientNetV2B1|MobileNetV3Small|NASNetMobile,5,5,0.49832801900539675,1.0,0.4,0.7
24,famous_le_10m,histogram_kl,23,EfficientNetV2B1|MobileNetV3Small|NASNetMobile,5,5,0.023185319475398754,0.8,0.6,0.7
24,famous_le_10m,weight_value_dist,1,EfficientNetV2B1|MobileNetV3Small|NASNetMobile,5,5,10.883773815898623,0.2,0.8,0.5
24,famous_le_10m,weight_value_dist,2,EfficientNetV2B1|MobileNetV3Small|NASNetMobile,5,5,7.614976345085764,0.2,0.8,0.5
24,famous_le_10m,weight_value_dist,3,EfficientNetV2B1|MobileNetV3Small|NASNetMobile,5,5,12.021839867631934,0.2,0.8,0.5
24,famous_le_10m,weight_value_dist,4,EfficientNetV2B1|MobileNetV3Small|NASNetMobile,5,5,7.6157036684255806,0.2,0.8,0.5
24,famous_le_10m,weight_value_dist,5,EfficientNetV2B1|MobileNetV3Small|NASNetMobile,5,5,6.614973593374333,0.2,0.8,0.5
24,famous_le_10m,weight_value_dist,6,EfficientNetV2B1|MobileNetV3Small|NASNetMobile,5,5,7.615918522912752,0.2,0.8,0.5
24,famous_le_10m,weight_value_dist,7,EfficientNetV2B1|MobileNetV3Small|NASNetMobile,5,5,10.885103667233517,0.2,0.8,0.5
24,famous_le_10m,weight_value_dist,8,EfficientNetV2B1|MobileNetV3Small|NASNetMobile,5,5,12.022265943549812,0.2,0.8,0.5
24,famous_le_10m,weight_value_dist,9,EfficientNetV2B1|MobileNetV3Small|NASNetMobile,5,5,7.615195788462734,0.2,0.8,0.5
24,famous_le_10m,weight_value_dist,10,EfficientNetV2B1|MobileNetV3Small|NASNetMobile,5,5,7.616097991927254,0.2,0.8,0.5
24,famous_le_10m,weight_value_dist,11,EfficientNetV2B1|MobileNetV3Small|NASNetMobile,5,5,10.88484303164374,0.2,0.8,0.5
24,famous_le_10m,weight_value_dist,12,EfficientNetV2B1|MobileNetV3Small|NASNetMobile,5,5,10.887335825114638,0.2,0.8,0.5
24,famous_le_10m,weight_value_dist,13,EfficientNetV2B1|MobileNetV3Small|NASNetMobile,5,5,7.6206001549801785,0.2,0.8,0.5
24,famous_le_10m,weight_value_dist,14,EfficientNetV2B1|MobileNetV3Small|NASNetMobile,5,5,10.89256312083727,0.2,0.8,0.5
24,famous_le_10m,weight_value_dist,15,EfficientNetV2B1|MobileNetV3Small|NASNetMobile,5,5,10.896049713047182,0.2,0.8,0.5
24,famous_le_10m,weight_value_dist,16,EfficientNetV2B1|MobileNetV3Small|NASNetMobile,5,5,7.641558878575732,0.2,0.8,0.5
24,famous_le_10m,weight_value_dist,17,EfficientNetV2B1|MobileNetV3Small|NASNetMobile,5,5,7.691461277433344,0.2,0.8,0.5
24,famous_le_10m,weight_value_dist,18,EfficientNetV2B1|MobileNetV3Small|NASNetMobile,5,5,7.681709623089118,0.2,0.8,0.5
24,famous_le_10m,weight_value_dist,19,EfficientNetV2B1|MobileNetV3Small|NASNetMobile,5,5,7.9591595506263015,0.2,0.8,0.5
24,famous_le_10m,weight_value_dist,20,EfficientNetV2B1|MobileNetV3Small|NASNetMobile,5,5,11.17697691655211,0.2,0.8,0.5
24,famous_le_10m,weight_value_dist,21,EfficientNetV2B1|MobileNetV3Small|NASNetMobile,5,5,11.348062798818788,0.2,0.8,0.5
24,famous_le_10m,weight_value_dist,22,EfficientNetV2B1|MobileNetV3Small|NASNetMobile,5,5,12.320418918077,0.2,0.8,0.5
24,famous_le_10m,weight_value_dist,23,EfficientNetV2B1|MobileNetV3Small|NASNetMobile,5,5,14.09470652762577,0.2,1.0,0.6
24,famous_le_10m,byte_autocorr,1,EfficientNetV2B1|MobileNetV3Small|NASNetMobile,5,5,0.0007204740322199297,0.6,0.4,0.5
24,famous_le_10m,byte_autocorr,2,EfficientNetV2B1|MobileNetV3Small|NASNetMobile,5,5,-0.9993328895534703,0.0,1.0,0.5
24,famous_le_10m,byte_autocorr,3,EfficientNetV2B1|MobileNetV3Small|NASNetMobile,5,5,0.0007154021308364323,0.6,0.4,0.5
24,famous_le_10m,byte_autocorr,4,EfficientNetV2B1|MobileNetV3Small|NASNetMobile,5,5,-0.9993887637220178,0.0,1.0,0.5
24,famous_le_10m,byte_autocorr,5,EfficientNetV2B1|MobileNetV3Small|NASNetMobile,5,5,-0.9994952161144144,0.0,1.0,0.5
24,famous_le_10m,byte_autocorr,6,EfficientNetV2B1|MobileNetV3Small|NASNetMobile,5,5,-0.9995210969079295,0.0,1.0,0.5
24,famous_le_10m,byte_autocorr,7,EfficientNetV2B1|MobileNetV3Small|NASNetMobile,5,5,0.0007418577495661424,0.6,1.0,0.8
24,famous_le_10m,byte_autocorr,8,EfficientNetV2B1|MobileNetV3Small|NASNetMobile,5,5,0.003318870052739994,0.8,1.0,0.9
24,famous_le_10m,byte_autocorr,9,EfficientNetV2B1|MobileNetV3Small|NASNetMobile,5,5,0.002326658432408206,0.8,1.0,0.9
24,famous_le_10m,byte_autocorr,10,EfficientNetV2B1|MobileNetV3Small|NASNetMobile,5,5,0.0020811870801444995,0.8,1.0,0.9
24,famous_le_10m,byte_autocorr,11,EfficientNetV2B1|MobileNetV3Small|NASNetMobile,5,5,0.0013820600016215176,0.8,1.0,0.9
24,famous_le_10m,byte_autocorr,12,EfficientNetV2B1|MobileNetV3Small|NASNetMobile,5,5,0.0019339868488020867,0.8,1.0,0.9
24,famous_le_10m,byte_autocorr,13,EfficientNetV2B1|MobileNetV3Small|NASNetMobile,5,5,0.001919389277510816,0.8,0.4,0.6000000000000001
24,famous_le_10m,byte_autocorr,14,EfficientNetV2B1|MobileNetV3Small|NASNetMobile,5,5,0.0011654546357742872,0.8,1.0,0.9
24,famous_le_10m,byte_autocorr,15,EfficientNetV2B1|MobileNetV3Small|NASNetMobile,5,5,0.0022822441015287625,0.8,0.8,0.8
24,famous_le_10m,byte_autocorr,16,EfficientNetV2B1|MobileNetV3Small|NASNetMobile,5,5,0.00370641969827607,0.8,1.0,0.9
24,famous_le_10m,byte_autocorr,17,EfficientNetV2B1|MobileNetV3Small|NASNetMobile,5,5,0.0012232416756151753,0.8,0.8,0.8
24,famous_le_10m,byte_autocorr,18,EfficientNetV2B1|MobileNetV3Small|NASNetMobile,5,5,0.0019087993562227736,0.8,0.8,0.8
24,famous_le_10m,byte_autocorr,19,EfficientNetV2B1|MobileNetV3Small|NASNetMobile,5,5,0.0012196984149367546,0.8,1.0,0.9
24,famous_le_10m,byte_autocorr,20,EfficientNetV2B1|MobileNetV3Small|NASNetMobile,5,5,0.0025330562629897126,0.8,0.4,0.6000000000000001
24,famous_le_10m,byte_autocorr,21,EfficientNetV2B1|MobileNetV3Small|NASNetMobile,5,5,0.0023081308755572966,0.8,0.4,0.6000000000000001
24,famous_le_10m,byte_autocorr,22,EfficientNetV2B1|MobileNetV3Small|NASNetMobile,5,5,0.001925963707328324,0.8,0.6,0.7
24,famous_le_10m,byte_autocorr,23,EfficientNetV2B1|MobileNetV3Small|NASNetMobile,5,5,0.0013443935212892845,0.8,0.8,0.8
25,famous_le_10m,byte_entropy,1,EfficientNetV2B0|MobileNet|MobileNetV3Small,5,5,-0.9509431419775267,0.0,1.0,0.5
25,famous_le_10m,byte_entropy,2,EfficientNetV2B0|MobileNet|MobileNetV3Small,5,5,-0.926532742644077,0.0,1.0,0.5
25,famous_le_10m,byte_entropy,3,EfficientNetV2B0|MobileNet|MobileNetV3Small,5,5,-0.918546630479526,0.0,1.0,0.5
25,famous_le_10m,byte_entropy,4,EfficientNetV2B0|MobileNet|MobileNetV3Small,5,5,-0.9187073083767349,0.0,1.0,0.5
25,famous_le_10m,byte_entropy,5,EfficientNetV2B0|MobileNet|MobileNetV3Small,5,5,-0.9186127176786649,0.0,1.0,0.5
25,famous_le_10m,byte_entropy,6,EfficientNetV2B0|MobileNet|MobileNetV3Small,5,5,-0.9187733652093606,0.0,1.0,0.5
25,famous_le_10m,byte_entropy,7,EfficientNetV2B0|MobileNet|MobileNetV3Small,5,5,-0.9188415683027863,0.0,1.0,0.5
25,famous_le_10m,byte_entropy,8,EfficientNetV2B0|MobileNet|MobileNetV3Small,5,5,-0.9197344346509677,0.0,1.0,0.5
25,famous_le_10m,byte_entropy,9,EfficientNetV2B0|MobileNet|MobileNetV3Small,5,5,-0.9188074375942046,0.0,1.0,0.5
25,famous_le_10m,byte_entropy,10,EfficientNetV2B0|MobileNet|MobileNetV3Small,5,5,-0.9186387857736447,0.0,1.0,0.5
25,famous_le_10m,byte_entropy,11,EfficientNetV2B0|MobileNet|MobileNetV3Small,5,5,-0.9185143728879874,0.0,1.0,0.5
25,famous_le_10m,byte_entropy,12,EfficientNetV2B0|MobileNet|MobileNetV3Small,5,5,-0.9185065088547457,0.0,1.0,0.5
25,famous_le_10m,byte_entropy,13,EfficientNetV2B0|MobileNet|MobileNetV3Small,5,5,-0.9183096126247118,0.0,1.0,0.5
25,famous_le_10m,byte_entropy,14,EfficientNetV2B0|MobileNet|MobileNetV3Small,5,5,-0.9182592307668304,0.0,1.0,0.5
25,famous_le_10m,byte_entropy,15,EfficientNetV2B0|MobileNet|MobileNetV3Small,5,5,-0.9181835166310008,0.0,1.0,0.5
25,famous_le_10m,byte_entropy,16,EfficientNetV2B0|MobileNet|MobileNetV3Small,5,5,-0.9185423549551018,0.0,1.0,0.5
25,famous_le_10m,byte_entropy,17,EfficientNetV2B0|MobileNet|MobileNetV3Small,5,5,-0.9233231300531597,0.0,1.0,0.5
25,famous_le_10m,byte_entropy,18,EfficientNetV2B0|MobileNet|MobileNetV3Small,5,5,0.22764246371769237,0.8,0.4,0.6000000000000001
25,famous_le_10m,byte_entropy,19,EfficientNetV2B0|MobileNet|MobileNetV3Small,5,5,0.3925688987754263,0.8,0.4,0.6000000000000001
25,famous_le_10m,byte_entropy,20,EfficientNetV2B0|MobileNet|MobileNetV3Small,5,5,0.5688593895804437,0.8,0.4,0.6000000000000001
25,famous_le_10m,byte_entropy,21,EfficientNetV2B0|MobileNet|MobileNetV3Small,5,5,0.7555978481426887,1.0,0.4,0.7
25,famous_le_10m,byte_entropy,22,EfficientNetV2B0|MobileNet|MobileNetV3Small,5,5,0.08228217698979837,0.2,0.8,0.5
25,famous_le_10m,byte_entropy,23,EfficientNetV2B0|MobileNet|MobileNetV3Small,5,5,0.08451946449777534,0.2,1.0,0.6
25,famous_le_10m,histogram_kl,1,EfficientNetV2B0|MobileNet|MobileNetV3Small,5,5,-0.9853076840144843,0.0,1.0,0.5
25,famous_le_10m,histogram_kl,2,EfficientNetV2B0|MobileNet|MobileNetV3Small,5,5,-0.9849897217909858,0.0,1.0,0.5
25,famous_le_10m,histogram_kl,3,EfficientNetV2B0|MobileNet|MobileNetV3Small,5,5,-0.9848762708841955,0.0,1.0,0.5
25,famous_le_10m,histogram_kl,4,EfficientNetV2B0|MobileNet|MobileNetV3Small,5,5,-0.9843702610927821,0.0,1.0,0.5
25,famous_le_10m,histogram_kl,5,EfficientNetV2B0|MobileNet|MobileNetV3Small,5,5,-0.9842659028429446,0.0,1.0,0.5
25,famous_le_10m,histogram_kl,6,EfficientNetV2B0|MobileNet|MobileNetV3Small,5,5,-0.9837952925961974,0.0,1.0,0.5
25,famous_le_10m,histogram_kl,7,EfficientNetV2B0|MobileNet|MobileNetV3Small,5,5,-0.9836068697854913,0.0,1.0,0.5
25,famous_le_10m,histogram_kl,8,EfficientNetV2B0|MobileNet|MobileNetV3Small,5,5,-0.9826004704506408,0.0,1.0,0.5
25,famous_le_10m,histogram_kl,9,EfficientNetV2B0|MobileNet|MobileNetV3Small,5,5,-0.9830157730390654,0.0,1.0,0.5
25,famous_le_10m,histogram_kl,10,EfficientNetV2B0|MobileNet|MobileNetV3Small,5,5,-0.9828062766087812,0.0,1.0,0.5
25,famous_le_10m,histogram_kl,11,EfficientNetV2B0|MobileNet|MobileNetV3Small,5,5,-0.9826828393987812,0.0,1.0,0.5
25,famous_le_10m,histogram_kl,12,EfficientNetV2B0|MobileNet|MobileNetV3Small,5,5,-0.9823419436483352,0.0,1.0,0.5
25,famous_le_10m,histogram_kl,13,EfficientNetV2B0|MobileNet|MobileNetV3Small,5,5,-0.9824223787661289,0.0,1.0,0.5
25,famous_le_10m,histogram_kl,14,EfficientNetV2B0|MobileNet|MobileNetV3Small,5,5,-0.9822725707567422,0.0,1.0,0.5
25,famous_le_10m,histogram_kl,15,EfficientNetV2B0|MobileNet|MobileNetV3Small,5,5,-0.9820947935270787,0.0,1.0,0.5
25,famous_le_10m,histogram_kl,16,EfficientNetV2B0|MobileNet|MobileNetV3Small,5,5,-0.9820217020378539,0.0,1.0,0.5
25,famous_le_10m,histogram_kl,17,EfficientNetV2B0|MobileNet|MobileNetV3Small,5,5,-0.9819654979899143,0.0,1.0,0.5
25,famous_le_10m,histogram_kl,18,EfficientNetV2B0|MobileNet|MobileNetV3Small,5,5,0.08589215348765325,1.0,0.4,0.7
25,famous_le_10m,histogram_kl,19,EfficientNetV2B0|MobileNet|MobileNetV3Small,5,5,0.14243242984319754,1.0,0.4,0.7
25,famous_le_10m,histogram_kl,20,EfficientNetV2B0|MobileNet|MobileNetV3Small,5,5,0.20310928202232814,1.0,0.4,0.7
25,famous_le_10m,histogram_kl,21,EfficientNetV2B0|MobileNet|MobileNetV3Small,5,5,0.2634753734601477,1.0,0.4,0.7
25,famous_le_10m,histogram_kl,22,EfficientNetV2B0|MobileNet|MobileNetV3Small,5,5,0.3227605504087279,1.0,0.4,0.7
25,famous_le_10m,histogram_kl,23,EfficientNetV2B0|MobileNet|MobileNetV3Small,5,5,0.37982523368683946,1.0,0.4,0.7
25,famous_le_10m,weight_value_dist,1,EfficientNetV2B0|MobileNet|MobileNetV3Small,5,5,9.219486777808964,0.0,1.0,0.5
25,famous_le_10m,weight_value_dist,2,EfficientNetV2B0|MobileNet|MobileNetV3Small,5,5,8.21948676414946,0.0,1.0,0.5
25,famous_le_10m,weight_value_dist,3,EfficientNetV2B0|MobileNet|MobileNetV3Small,5,5,9.21948697796158,0.0,1.0,0.5
25,famous_le_10m,weight_value_dist,4,EfficientNetV2B0|MobileNet|MobileNetV3Small,5,5,9.219486898833184,0.0,1.0,0.5
25,famous_le_10m,weight_value_dist,5,EfficientNetV2B0|MobileNet|MobileNetV3Small,5,5,10.876218845549154,0.0,1.0,0.5
25,famous_le_10m,weight_value_dist,6,EfficientNetV2B0|MobileNet|MobileNetV3Small,5,5,10.847312676589782,0.0,1.0,0.5
25,famous_le_10m,weight_value_dist,7,EfficientNetV2B0|MobileNet|MobileNetV3Small,5,5,8.212818566989977,0.0,1.0,0.5
25,famous_le_10m,weight_value_dist,8,EfficientNetV2B0|MobileNet|MobileNetV3Small,5,5,10.848042610750689,0.0,1.0,0.5
25,famous_le_10m,weight_value_dist,9,EfficientNetV2B0|MobileNet|MobileNetV3Small,5,5,10.847807429239289,0.0,1.0,0.5
25,famous_le_10m,weight_value_dist,10,EfficientNetV2B0|MobileNet|MobileNetV3Small,5,5,10.84965549729625,0.0,1.0,0.5
25,famous_le_10m,weight_value_dist,11,EfficientNetV2B0|MobileNet|MobileNetV3Small,5,5,10.848067395101205,0.0,1.0,0.5
25,famous_le_10m,weight_value_dist,12,EfficientNetV2B0|MobileNet|MobileNetV3Small,5,5,10.915880242721673,0.0,1.0,0.5
25,famous_le_10m,weight_value_dist,13,EfficientNetV2B0|MobileNet|MobileNetV3Small,5,5,10.880238037798737,0.0,1.0,0.5
25,famous_le_10m,weight_value_dist,14,EfficientNetV2B0|MobileNet|MobileNetV3Small,5,5,10.891399611551204,0.0,1.0,0.5
25,famous_le_10m,weight_value_dist,15,EfficientNetV2B0|MobileNet|MobileNetV3Small,5,5,10.888436377153054,0.0,1.0,0.5
25,famous_le_10m,weight_value_dist,16,EfficientNetV2B0|MobileNet|MobileNetV3Small,5,5,11.056347054142394,0.0,1.0,0.5
25,famous_le_10m,weight_value_dist,17,EfficientNetV2B0|MobileNet|MobileNetV3Small,5,5,11.476104194929086,0.0,1.0,0.5
25,famous_le_10m,weight_value_dist,18,EfficientNetV2B0|MobileNet|MobileNetV3Small,5,5,10.977855560828484,0.0,1.0,0.5
25,famous_le_10m,weight_value_dist,19,EfficientNetV2B0|MobileNet|MobileNetV3Small,5,5,11.736529397219426,0.0,0.8,0.4
25,famous_le_10m,weight_value_dist,20,EfficientNetV2B0|MobileNet|MobileNetV3Small,5,5,11.834930395578581,0.0,1.0,0.5
25,famous_le_10m,weight_value_dist,21,EfficientNetV2B0|MobileNet|MobileNetV3Small,5,5,11.343184705567126,0.0,1.0,0.5
25,famous_le_10m,weight_value_dist,22,EfficientNetV2B0|MobileNet|MobileNetV3Small,5,5,13.156696407145139,0.0,1.0,0.5
25,famous_le_10m,weight_value_dist,23,EfficientNetV2B0|MobileNet|MobileNetV3Small,5,5,25.7214134121102,0.2,1.0,0.6
25,famous_le_10m,byte_autocorr,1,EfficientNetV2B0|MobileNet|MobileNetV3Small,5,5,0.0013479217903117275,0.2,0.8,0.5
25,famous_le_10m,byte_autocorr,2,EfficientNetV2B0|MobileNet|MobileNetV3Small,5,5,0.00134281019583398,0.2,0.8,0.5
25,famous_le_10m,byte_autocorr,3,EfficientNetV2B0|MobileNet|MobileNetV3Small,5,5,0.0013451695823091152,0.2,0.8,0.5
25,famous_le_10m,byte_autocorr,4,EfficientNetV2B0|MobileNet|MobileNetV3Small,5,5,-0.9986594047276125,0.0,1.0,0.5
25,famous_le_10m,byte_autocorr,5,EfficientNetV2B0|MobileNet|MobileNetV3Small,5,5,0.0013692257401294859,0.2,1.0,0.6
25,famous_le_10m,byte_autocorr,6,EfficientNetV2B0|MobileNet|MobileNetV3Small,5,5,-0.9991447325121597,0.0,1.0,0.5
25,famous_le_10m,byte_autocorr,7,EfficientNetV2B0|MobileNet|MobileNetV3Small,5,5,-0.9999520210754098,0.0,1.0,0.5
25,famous_le_10m,byte_autocorr,8,EfficientNetV2B0|MobileNet|MobileNetV3Small,5,5,0.0032165788569992605,0.8,0.6,0.7
25,famous_le_10m,byte_autocorr,9,EfficientNetV2B0|MobileNet|MobileNetV3Small,5,5,0.0032666263100461918,0.8,0.2,0.5
25,famous_le_10m,byte_autocorr,10,EfficientNetV2B0|MobileNet|MobileNetV3Small,5,5,0.005018901189084764,1.0,0.0,0.5
25,famous_le_10m,byte_autocorr,11,EfficientNetV2B0|MobileNet|MobileNetV3Small,5,5,-0.9994771282926191,0.0,1.0,0.5
25,famous_le_10m,byte_autocorr,12,EfficientNetV2B0|MobileNet|MobileNetV3Small,5,5,-0.9998260653653843,0.0,1.0,0.5
25,famous_le_10m,byte_autocorr,13,EfficientNetV2B0|MobileNet|MobileNetV3Small,5,5,-0.9998516326398872,0.0,1.0,0.5
25,famous_le_10m,byte_autocorr,14,EfficientNetV2B0|MobileNet|MobileNetV3Small,5,5,-0.999661581885298,0.0,1.0,0.5
25,famous_le_10m,byte_autocorr,15,EfficientNetV2B0|MobileNet|MobileNetV3Small,5,5,-0.9995948386805295,0.0,1.0,0.5
25,famous_le_10m,byte_autocorr,16,EfficientNetV2B0|MobileNet|MobileNetV3Small,5,5,0.0013934342618685774,0.2,1.0,0.6
25,famous_le_10m,byte_autocorr,17,EfficientNetV2B0|MobileNet|MobileNetV3Small,5,5,0.029002948322665388,1.0,0.4,0.7
25,famous_le_10m,byte_autocorr,18,EfficientNetV2B0|MobileNet|MobileNetV3Small,5,5,0.09204502767719987,1.0,0.4,0.7
25,famous_le_10m,byte_autocorr,19,EfficientNetV2B0|MobileNet|MobileNetV3Small,5,5,0.13529369803657146,1.0,0.4,0.7
25,famous_le_10m,byte_autocorr,20,EfficientNetV2B0|MobileNet|MobileNetV3Small,5,5,0.16745739431662598,1.0,0.4,0.7
25,famous_le_10m,byte_autocorr,21,EfficientNetV2B0|MobileNet|MobileNetV3Small,5,5,0.1913322214876476,1.0,0.4,0.7
25,famous_le_10m,byte_autocorr,22,EfficientNetV2B0|MobileNet|MobileNetV3Small,5,5,0.21068447486878494,1.0,0.4,0.7
25,famous_le_10m,byte_autocorr,23,EfficientNetV2B0|MobileNet|MobileNetV3Small,5,5,0.22633144607066102,1.0,0.4,0.7
26,famous_le_10m,byte_entropy,1,MobileNet|MobileNetV2|MobileNetV3Large,5,5,0.004816319267321677,0.0,1.0,0.5
26,famous_le_10m,byte_entropy,2,MobileNet|MobileNetV2|MobileNetV3Large,5,5,0.004813828630257042,0.0,1.0,0.5
26,famous_le_10m,byte_entropy,3,MobileNet|MobileNetV2|MobileNetV3Large,5,5,0.00481357751948093,0.0,1.0,0.5
26,famous_le_10m,byte_entropy,4,MobileNet|MobileNetV2|MobileNetV3Large,5,5,0.004814302576630477,0.0,1.0,0.5
26,famous_le_10m,byte_entropy,5,MobileNet|MobileNetV2|MobileNetV3Large,5,5,0.004814048308150335,0.0,1.0,0.5
26,famous_le_10m,byte_entropy,6,MobileNet|MobileNetV2|MobileNetV3Large,5,5,0.004814784732725964,0.0,1.0,0.5
26,famous_le_10m,byte_entropy,7,MobileNet|MobileNetV2|MobileNetV3Large,5,5,0.004815220173156936,0.0,1.0,0.5
26,famous_le_10m,byte_entropy,8,MobileNet|MobileNetV2|MobileNetV3Large,5,5,0.004822821596904073,0.0,1.0,0.5
26,famous_le_10m,byte_entropy,9,MobileNet|MobileNetV2|MobileNetV3Large,5,5,0.004815225599384821,0.0,1.0,0.5
26,famous_le_10m,byte_entropy,10,MobileNet|MobileNetV2|MobileNetV3Large,5,5,0.00481400451635906,0.0,1.0,0.5
26,famous_le_10m,byte_entropy,11,MobileNet|MobileNetV2|MobileNetV3Large,5,5,0.004813813787069635,0.0,1.0,0.5
26,famous_le_10m,byte_entropy,12,MobileNet|MobileNetV2|MobileNetV3Large,5,5,0.004813565474935883,0.0,1.0,0.5
26,famous_le_10m,byte_entropy,13,MobileNet|MobileNetV2|MobileNetV3Large,5,5,0.004813061790966584,0.0,1.0,0.5
26,famous_le_10m,byte_entropy,14,MobileNet|MobileNetV2|MobileNetV3Large,5,5,0.004812848975033205,0.0,1.0,0.5
26,famous_le_10m,byte_entropy,15,MobileNet|MobileNetV2|MobileNetV3Large,5,5,0.004812942302956697,0.0,1.0,0.5
26,famous_le_10m,byte_entropy,16,MobileNet|MobileNetV2|MobileNetV3Large,5,5,0.004813887741410472,0.0,1.0,0.5
26,famous_le_10m,byte_entropy,17,MobileNet|MobileNetV2|MobileNetV3Large,5,5,0.022258703287311672,0.0,1.0,0.5
26,famous_le_10m,byte_entropy,18,MobileNet|MobileNetV2|MobileNetV3Large,5,5,0.022259514393164752,0.0,1.0,0.5
26,famous_le_10m,byte_entropy,19,MobileNet|MobileNetV2|MobileNetV3Large,5,5,0.022262820806736444,0.0,1.0,0.5
26,famous_le_10m,byte_entropy,20,MobileNet|MobileNetV2|MobileNetV3Large,5,5,0.022276315603699165,0.0,1.0,0.5
26,famous_le_10m,byte_entropy,21,MobileNet|MobileNetV2|MobileNetV3Large,5,5,0.004872678219307397,0.0,1.0,0.5
26,famous_le_10m,byte_entropy,22,MobileNet|MobileNetV2|MobileNetV3Large,5,5,0.01082285090082967,0.0,1.0,0.5
26,famous_le_10m,byte_entropy,23,MobileNet|MobileNetV2|MobileNetV3Large,5,5,0.032077973706638015,0.0,1.0,0.5
26,famous_le_10m,histogram_kl,1,MobileNet|MobileNetV2|MobileNetV3Large,5,5,0.00011792841685556579,0.6,0.8,0.7
26,famous_le_10m,histogram_kl,2,MobileNet|MobileNetV2|MobileNetV3Large,5,5,8.457809813163619e-05,0.6,0.8,0.7
26,famous_le_10m,histogram_kl,3,MobileNet|MobileNetV2|MobileNetV3Large,5,5,7.997312330649776e-05,0.6,0.8,0.7
26,famous_le_10m,histogram_kl,4,MobileNet|MobileNetV2|MobileNetV3Large,5,5,9.306965871130981e-05,0.6,0.8,0.7
26,famous_le_10m,histogram_kl,5,MobileNet|MobileNetV2|MobileNetV3Large,5,5,8.946664038448145e-05,0.6,1.0,0.8
26,famous_le_10m,histogram_kl,6,MobileNet|MobileNetV2|MobileNetV3Large,5,5,0.00010391647294773539,0.6,0.8,0.7
26,famous_le_10m,histogram_kl,7,MobileNet|MobileNetV2|MobileNetV3Large,5,5,0.00010959619820246116,0.6,0.8,0.7
26,famous_le_10m,histogram_kl,8,MobileNet|MobileNetV2|MobileNetV3Large,5,5,0.00018932891796276594,0.6,0.6,0.6
26,famous_le_10m,histogram_kl,9,MobileNet|MobileNetV2|MobileNetV3Large,5,5,0.00011417578169114057,0.6,0.6,0.6
26,famous_le_10m,histogram_kl,10,MobileNet|MobileNetV2|MobileNetV3Large,5,5,9.273416737113221e-05,0.6,1.0,0.8
26,famous_le_10m,histogram_kl,11,MobileNet|MobileNetV2|MobileNetV3Large,5,5,9.027547443939744e-05,0.6,0.6,0.6
26,famous_le_10m,histogram_kl,12,MobileNet|MobileNetV2|MobileNetV3Large,5,5,8.466774969183813e-05,0.6,0.6,0.6
26,famous_le_10m,histogram_kl,13,MobileNet|MobileNetV2|MobileNetV3Large,5,5,7.044798646643306e-05,0.6,0.6,0.6
26,famous_le_10m,histogram_kl,14,MobileNet|MobileNetV2|MobileNetV3Large,5,5,6.102545893166011e-05,0.6,0.6,0.6
26,famous_le_10m,histogram_kl,15,MobileNet|MobileNetV2|MobileNetV3Large,5,5,6.11332365141311e-05,0.6,1.0,0.8
26,famous_le_10m,histogram_kl,16,MobileNet|MobileNetV2|MobileNetV3Large,5,5,8.558831284957148e-05,0.6,1.0,0.8
26,famous_le_10m,histogram_kl,17,MobileNet|MobileNetV2|MobileNetV3Large,5,5,4.854001014543371e-05,0.4,1.0,0.7
26,famous_le_10m,histogram_kl,18,MobileNet|MobileNetV2|MobileNetV3Large,5,5,5.0907299131266014e-05,0.4,1.0,0.7
26,famous_le_10m,histogram_kl,19,MobileNet|MobileNetV2|MobileNetV3Large,5,5,4.428096170423669e-05,0.4,1.0,0.7
26,famous_le_10m,histogram_kl,20,MobileNet|MobileNetV2|MobileNetV3Large,5,5,5.065551439557748e-05,0.4,1.0,0.7
26,famous_le_10m,histogram_kl,21,MobileNet|MobileNetV2|MobileNetV3Large,5,5,4.1257378196481444e-05,0.4,1.0,0.7
26,famous_le_10m,histogram_kl,22,MobileNet|MobileNetV2|MobileNetV3Large,5,5,6.136456810979e-05,0.6,1.0,0.8
26,famous_le_10m,histogram_kl,23,MobileNet|MobileNetV2|MobileNetV3Large,5,5,5.3711647820654326e-05,0.4,1.0,0.7
26,famous_le_10m,weight_value_dist,1,MobileNet|MobileNetV2|MobileNetV3Large,5,5,7.46413497349713,0.0,1.0,0.5
26,famous_le_10m,weight_value_dist,2,MobileNet|MobileNetV2|MobileNetV3Large,5,5,7.464134975191929,0.0,1.0,0.5
26,famous_le_10m,weight_value_dist,3,MobileNet|MobileNetV2|MobileNetV3Large,5,5,7.464134977486122,0.0,1.0,0.5
26,famous_le_10m,weight_value_dist,4,MobileNet|MobileNetV2|MobileNetV3Large,5,5,11.313883296508134,0.0,1.0,0.5
26,famous_le_10m,weight_value_dist,5,MobileNet|MobileNetV2|MobileNetV3Large,5,5,6.464032686116047,0.0,1.0,0.5
26,famous_le_10m,weight_value_dist,6,MobileNet|MobileNetV2|MobileNetV3Large,5,5,6.462014205740916,0.0,1.0,0.5
26,famous_le_10m,weight_value_dist,7,MobileNet|MobileNetV2|MobileNetV3Large,5,5,6.463719946826546,0.0,1.0,0.5
26,famous_le_10m,weight_value_dist,8,MobileNet|MobileNetV2|MobileNetV3Large,5,5,7.465037776953098,0.0,1.0,0.5
26,famous_le_10m,weight_value_dist,9,MobileNet|MobileNetV2|MobileNetV3Large,5,5,7.467274575634654,0.0,1.0,0.5
26,famous_le_10m,weight_value_dist,10,MobileNet|MobileNetV2|MobileNetV3Large,5,5,11.31638807199149,0.0,1.0,0.5
26,famous_le_10m,weight_value_dist,11,MobileNet|MobileNetV2|MobileNetV3Large,5,5,7.471903983003834,0.0,1.0,0.5
26,famous_le_10m,weight_value_dist,12,MobileNet|MobileNetV2|MobileNetV3Large,5,5,11.72418188748905,0.0,1.0,0.5
26,famous_le_10m,weight_value_dist,13,MobileNet|MobileNetV2|MobileNetV3Large,5,5,7.473844602274815,0.0,1.0,0.5
26,famous_le_10m,weight_value_dist,14,MobileNet|MobileNetV2|MobileNetV3Large,5,5,7.4863794285071155,0.0,1.0,0.5
26,famous_le_10m,weight_value_dist,15,MobileNet|MobileNetV2|MobileNetV3Large,5,5,11.31877525358184,0.0,1.0,0.5
26,famous_le_10m,weight_value_dist,16,MobileNet|MobileNetV2|MobileNetV3Large,5,5,11.317448799872295,0.0,1.0,0.5
26,famous_le_10m,weight_value_dist,17,MobileNet|MobileNetV2|MobileNetV3Large,5,5,11.723430338301617,0.0,1.0,0.5
26,famous_le_10m,weight_value_dist,18,MobileNet|MobileNetV2|MobileNetV3Large,5,5,11.718478997196705,0.0,1.0,0.5
26,famous_le_10m,weight_value_dist,19,MobileNet|MobileNetV2|MobileNetV3Large,5,5,11.92363722206068,0.0,1.0,0.5
26,famous_le_10m,weight_value_dist,20,MobileNet|MobileNetV2|MobileNetV3Large,5,5,11.793001716717807,0.0,1.0,0.5
26,famous_le_10m,weight_value_dist,21,MobileNet|MobileNetV2|MobileNetV3Large,5,5,11.5116725797319,0.0,1.0,0.5
26,famous_le_10m,weight_value_dist,22,MobileNet|MobileNetV2|MobileNetV3Large,5,5,11.813932331224436,0.0,1.0,0.5
26,famous_le_10m,weight_value_dist,23,MobileNet|MobileNetV2|MobileNetV3Large,5,5,17.22951743408932,0.0,1.0,0.5
26,famous_le_10m,byte_autocorr,1,MobileNet|MobileNetV2|MobileNetV3Large,5,5,7.760296778712997e-05,0.0,1.0,0.5
26,famous_le_10m,byte_autocorr,2,MobileNet|MobileNetV2|MobileNetV3Large,5,5,-0.9999420793724003,0.0,1.0,0.5
26,famous_le_10m,byte_autocorr,3,MobileNet|MobileNetV2|MobileNetV3Large,5,5,-0.9999525751733453,0.0,1.0,0.5
26,famous_le_10m,byte_autocorr,4,MobileNet|MobileNetV2|MobileNetV3Large,5,5,0.0007838597146446583,0.2,0.8,0.5
26,famous_le_10m,byte_autocorr,5,MobileNet|MobileNetV2|MobileNetV3Large,5,5,0.0007146787745912649,0.2,0.6,0.4
26,famous_le_10m,byte_autocorr,6,MobileNet|MobileNetV2|MobileNetV3Large,5,5,0.0007977899770215397,0.2,0.4,0.30000000000000004
26,famous_le_10m,byte_autocorr,7,MobileNet|MobileNetV2|MobileNetV3Large,5,5,0.001012424068671911,0.2,0.4,0.30000000000000004
26,famous_le_10m,byte_autocorr,8,MobileNet|MobileNetV2|MobileNetV3Large,5,5,0.003909711468339419,0.8,1.0,0.9
26,famous_le_10m,byte_autocorr,9,MobileNet|MobileNetV2|MobileNetV3Large,5,5,0.002362459056246368,0.8,1.0,0.9
26,famous_le_10m,byte_autocorr,10,MobileNet|MobileNetV2|MobileNetV3Large,5,5,0.002102418983584703,0.8,0.6,0.7
26,famous_le_10m,byte_autocorr,11,MobileNet|MobileNetV2|MobileNetV3Large,5,5,0.0013829005835144662,0.4,0.6,0.5
26,famous_le_10m,byte_autocorr,12,MobileNet|MobileNetV2|MobileNetV3Large,5,5,0.0018359022443676172,0.8,0.6,0.7
26,famous_le_10m,byte_autocorr,13,MobileNet|MobileNetV2|MobileNetV3Large,5,5,0.0011264227250428601,0.4,0.4,0.4
26,famous_le_10m,byte_autocorr,14,MobileNet|MobileNetV2|MobileNetV3Large,5,5,0.0012373386270330068,0.4,0.6,0.5
26,famous_le_10m,byte_autocorr,15,MobileNet|MobileNetV2|MobileNetV3Large,5,5,0.0015195633805145828,0.6,1.0,0.8
26,famous_le_10m,byte_autocorr,16,MobileNet|MobileNetV2|MobileNetV3Large,5,5,0.0029179179274060802,0.8,1.0,0.9
26,famous_le_10m,byte_autocorr,17,MobileNet|MobileNetV2|MobileNetV3Large,5,5,0.0008445657552876038,0.2,1.0,0.6
26,famous_le_10m,byte_autocorr,18,MobileNet|MobileNetV2|MobileNetV3Large,5,5,0.0011699941716584693,0.4,1.0,0.7
26,famous_le_10m,byte_autocorr,19,MobileNet|MobileNetV2|MobileNetV3Large,5,5,0.0008480981699614912,0.2,1.0,0.6
26,famous_le_10m,byte_autocorr,20,MobileNet|MobileNetV2|MobileNetV3Large,5,5,0.0009782598508833672,0.2,0.8,0.5
26,famous_le_10m,byte_autocorr,21,MobileNet|MobileNetV2|MobileNetV3Large,5,5,0.0003696299222976657,0.0,1.0,0.5
26,famous_le_10m,byte_autocorr,22,MobileNet|MobileNetV2|MobileNetV3Large,5,5,0.0009777160010424326,0.2,0.8,0.5
26,famous_le_10m,byte_autocorr,23,MobileNet|MobileNetV2|MobileNetV3Large,5,5,0.0007333384849214594,0.2,1.0,0.6
27,famous_le_10m,byte_entropy,1,DenseNet121|EfficientNetV2B0|MobileNetV2,5,5,-0.8078605619780608,0.0,1.0,0.5
27,famous_le_10m,byte_entropy,2,DenseNet121|EfficientNetV2B0|MobileNetV2,5,5,-0.8077344023910952,0.0,1.0,0.5
27,famous_le_10m,byte_entropy,3,DenseNet121|EfficientNetV2B0|MobileNetV2,5,5,-0.8077202271117968,0.0,1.0,0.5
27,famous_le_10m,byte_entropy,4,DenseNet121|EfficientNetV2B0|MobileNetV2,5,5,-0.8077603331598378,0.0,1.0,0.5
27,famous_le_10m,byte_entropy,5,DenseNet121|EfficientNetV2B0|MobileNetV2,5,5,-0.8077373138483088,0.0,1.0,0.5
27,famous_le_10m,byte_entropy,6,DenseNet121|EfficientNetV2B0|MobileNetV2,5,5,-0.8077759620051205,0.0,1.0,0.5
27,famous_le_10m,byte_entropy,7,DenseNet121|EfficientNetV2B0|MobileNetV2,5,5,-0.8077937742689764,0.0,1.0,0.5
27,famous_le_10m,byte_entropy,8,DenseNet121|EfficientNetV2B0|MobileNetV2,5,5,-0.8080067049705456,0.0,1.0,0.5
27,famous_le_10m,byte_entropy,9,DenseNet121|EfficientNetV2B0|MobileNetV2,5,5,-0.8077937058462032,0.0,1.0,0.5
27,famous_le_10m,byte_entropy,10,DenseNet121|EfficientNetV2B0|MobileNetV2,5,5,-0.8077486049209444,0.0,1.0,0.5
27,famous_le_10m,byte_entropy,11,DenseNet121|EfficientNetV2B0|MobileNetV2,5,5,-0.8077239554679723,0.0,1.0,0.5
27,famous_le_10m,byte_entropy,12,DenseNet121|EfficientNetV2B0|MobileNetV2,5,5,-0.8077154820561688,0.0,1.0,0.5
27,famous_le_10m,byte_entropy,13,DenseNet121|EfficientNetV2B0|MobileNetV2,5,5,-0.8076732441914662,0.0,1.0,0.5
27,famous_le_10m,byte_entropy,14,DenseNet121|EfficientNetV2B0|MobileNetV2,5,5,-0.8076555990107426,0.0,1.0,0.5
27,famous_le_10m,byte_entropy,15,DenseNet121|EfficientNetV2B0|MobileNetV2,5,5,-0.8076448593264925,0.0,1.0,0.5
27,famous_le_10m,byte_entropy,16,DenseNet121|EfficientNetV2B0|MobileNetV2,5,5,0.4444591059977942,1.0,0.0,0.5
27,famous_le_10m,byte_entropy,17,DenseNet121|EfficientNetV2B0|MobileNetV2,5,5,0.5760971314028417,1.0,0.2,0.6
27,famous_le_10m,byte_entropy,18,DenseNet121|EfficientNetV2B0|MobileNetV2,5,5,0.32187381035364215,1.0,0.2,0.6
27,famous_le_10m,byte_entropy,19,DenseNet121|EfficientNetV2B0|MobileNetV2,5,5,0.5326311657006073,1.0,0.2,0.6
27,famous_le_10m,byte_entropy,20,DenseNet121|EfficientNetV2B0|MobileNetV2,5,5,0.701921157492498,1.0,0.2,0.6
27,famous_le_10m,byte_entropy,21,DenseNet121|EfficientNetV2B0|MobileNetV2,5,5,0.8851289158172613,1.0,0.2,0.6
27,famous_le_10m,byte_entropy,22,DenseNet121|EfficientNetV2B0|MobileNetV2,5,5,1.0863230822961623,1.0,0.2,0.6
27,famous_le_10m,byte_entropy,23,DenseNet121|EfficientNetV2B0|MobileNetV2,5,5,1.3040967542460913,1.0,0.2,0.6
27,famous_le_10m,histogram_kl,1,DenseNet121|EfficientNetV2B0|MobileNetV2,5,5,-0.9842827134968275,0.0,1.0,0.5
27,famous_le_10m,histogram_kl,2,DenseNet121|EfficientNetV2B0|MobileNetV2,5,5,-0.9838975994925525,0.0,1.0,0.5
27,famous_le_10m,histogram_kl,3,DenseNet121|EfficientNetV2B0|MobileNetV2,5,5,-0.9837672544454072,0.0,1.0,0.5
27,famous_le_10m,histogram_kl,4,DenseNet121|EfficientNetV2B0|MobileNetV2,5,5,-0.9835130572599096,0.0,1.0,0.5
27,famous_le_10m,histogram_kl,5,DenseNet121|EfficientNetV2B0|MobileNetV2,5,5,-0.9832963380644619,0.0,1.0,0.5
27,famous_le_10m,histogram_kl,6,DenseNet121|EfficientNetV2B0|MobileNetV2,5,5,-0.9830044515007905,0.0,1.0,0.5
27,famous_le_10m,histogram_kl,7,DenseNet121|EfficientNetV2B0|MobileNetV2,5,5,-0.9828329463835122,0.0,1.0,0.5
27,famous_le_10m,histogram_kl,8,DenseNet121|EfficientNetV2B0|MobileNetV2,5,5,-0.9823089861518673,0.0,1.0,0.5
27,famous_le_10m,histogram_kl,9,DenseNet121|EfficientNetV2B0|MobileNetV2,5,5,-0.9825214678929373,0.0,1.0,0.5
27,famous_le_10m,histogram_kl,10,DenseNet121|EfficientNetV2B0|MobileNetV2,5,5,-0.9823440062219331,0.0,1.0,0.5
27,famous_le_10m,histogram_kl,11,DenseNet121|EfficientNetV2B0|MobileNetV2,5,5,-0.9822243713275202,0.0,1.0,0.5
27,famous_le_10m,histogram_kl,12,DenseNet121|EfficientNetV2B0|MobileNetV2,5,5,-0.981940837974305,0.0,1.0,0.5
27,famous_le_10m,histogram_kl,13,DenseNet121|EfficientNetV2B0|MobileNetV2,5,5,-0.9820161719937812,0.0,1.0,0.5
27,famous_le_10m,histogram_kl,14,DenseNet121|EfficientNetV2B0|MobileNetV2,5,5,-0.9818474390449655,0.0,1.0,0.5
27,famous_le_10m,histogram_kl,15,DenseNet121|EfficientNetV2B0|MobileNetV2,5,5,-0.9831310129017736,0.0,1.0,0.5
27,famous_le_10m,histogram_kl,16,DenseNet121|EfficientNetV2B0|MobileNetV2,5,5,0.08165082946465274,1.0,0.2,0.6
27,famous_le_10m,histogram_kl,17,DenseNet121|EfficientNetV2B0|MobileNetV2,5,5,0.02110974001099896,0.8,0.2,0.5
27,famous_le_10m,histogram_kl,18,DenseNet121|EfficientNetV2B0|MobileNetV2,5,5,0.08586609247996066,1.0,0.2,0.6
27,famous_le_10m,histogram_kl,19,DenseNet121|EfficientNetV2B0|MobileNetV2,5,5,0.1423835730890508,1.0,0.2,0.6
27,famous_le_10m,histogram_kl,20,DenseNet121|EfficientNetV2B0|MobileNetV2,5,5,0.2030407299099772,1.0,0.2,0.6
27,famous_le_10m,histogram_kl,21,DenseNet121|EfficientNetV2B0|MobileNetV2,5,5,0.26338459794841595,1.0,0.2,0.6
27,famous_le_10m,histogram_kl,22,DenseNet121|EfficientNetV2B0|MobileNetV2,5,5,0.3226524684066588,1.0,0.2,0.6
27,famous_le_10m,histogram_kl,23,DenseNet121|EfficientNetV2B0|MobileNetV2,5,5,0.3797012156551628,1.0,0.2,0.6
27,famous_le_10m,weight_value_dist,1,DenseNet121|EfficientNetV2B0|MobileNetV2,5,5,7.096070637688742,0.4,0.6,0.5
27,famous_le_10m,weight_value_dist,2,DenseNet121|EfficientNetV2B0|MobileNetV2,5,5,7.096070593608264,0.4,0.6,0.5
27,famous_le_10m,weight_value_dist,3,DenseNet121|EfficientNetV2B0|MobileNetV2,5,5,9.7351880397893,0.6,0.4,0.5
27,famous_le_10m,weight_value_dist,4,DenseNet121|EfficientNetV2B0|MobileNetV2,5,5,9.735188208769966,0.6,0.4,0.5
27,famous_le_10m,weight_value_dist,5,DenseNet121|EfficientNetV2B0|MobileNetV2,5,5,7.0960665396961,0.4,0.6,0.5
27,famous_le_10m,weight_value_dist,6,DenseNet121|EfficientNetV2B0|MobileNetV2,5,5,8.096106987133947,0.6,0.4,0.5
27,famous_le_10m,weight_value_dist,7,DenseNet121|EfficientNetV2B0|MobileNetV2,5,5,8.096153055691797,0.6,0.4,0.5
27,famous_le_10m,weight_value_dist,8,DenseNet121|EfficientNetV2B0|MobileNetV2,5,5,7.096006989542005,0.4,0.6,0.5
27,famous_le_10m,weight_value_dist,9,DenseNet121|EfficientNetV2B0|MobileNetV2,5,5,9.735229952809014,0.6,0.4,0.5
27,famous_le_10m,weight_value_dist,10,DenseNet121|EfficientNetV2B0|MobileNetV2,5,5,9.735721227302639,0.6,0.4,0.5
27,famous_le_10m,weight_value_dist,11,DenseNet121|EfficientNetV2B0|MobileNetV2,5,5,9.735971665234375,0.6,0.4,0.5
27,famous_le_10m,weight_value_dist,12,DenseNet121|EfficientNetV2B0|MobileNetV2,5,5,8.096084016459264,0.6,0.4,0.5
27,famous_le_10m,weight_value_dist,13,DenseNet121|EfficientNetV2B0|MobileNetV2,5,5,8.097020248847071,0.6,0.4,0.5
27,famous_le_10m,weight_value_dist,14,DenseNet121|EfficientNetV2B0|MobileNetV2,5,5,7.094683661294859,0.4,0.6,0.5
27,famous_le_10m,weight_value_dist,15,DenseNet121|EfficientNetV2B0|MobileNetV2,5,5,7.093976761547397,0.4,0.6,0.5
27,famous_le_10m,weight_value_dist,16,DenseNet121|EfficientNetV2B0|MobileNetV2,5,5,8.09890317700335,0.6,0.4,0.5
27,famous_le_10m,weight_value_dist,17,DenseNet121|EfficientNetV2B0|MobileNetV2,5,5,9.735613587810603,0.6,0.4,0.5
27,famous_le_10m,weight_value_dist,18,DenseNet121|EfficientNetV2B0|MobileNetV2,5,5,8.099848895986982,0.6,0.4,0.5
27,famous_le_10m,weight_value_dist,19,DenseNet121|EfficientNetV2B0|MobileNetV2,5,5,8.122273320791013,0.6,0.4,0.5
27,famous_le_10m,weight_value_dist,20,DenseNet121|EfficientNetV2B0|MobileNetV2,5,5,9.757836289784027,0.6,0.4,0.5
27,famous_le_10m,weight_value_dist,21,DenseNet121|EfficientNetV2B0|MobileNetV2,5,5,9.97402290775955,0.6,0.4,0.5
27,famous_le_10m,weight_value_dist,22,DenseNet121|EfficientNetV2B0|MobileNetV2,5,5,8.458934180288766,0.6,0.6,0.6
27,famous_le_10m,weight_value_dist,23,DenseNet121|EfficientNetV2B0|MobileNetV2,5,5,11.192680898773462,0.6,0.6,0.6
27,famous_le_10m,byte_autocorr,1,DenseNet121|EfficientNetV2B0|MobileNetV2,5,5,-0.9977528888162702,0.0,1.0,0.5
27,famous_le_10m,byte_autocorr,2,DenseNet121|EfficientNetV2B0|MobileNetV2,5,5,-0.9977584292150301,0.0,1.0,0.5
27,famous_le_10m,byte_autocorr,3,DenseNet121|EfficientNetV2B0|MobileNetV2,5,5,-0.9977606133397166,0.0,1.0,0.5
27,famous_le_10m,byte_autocorr,4,DenseNet121|EfficientNetV2B0|MobileNetV2,5,5,-0.9978703314866978,0.0,1.0,0.5
27,famous_le_10m,byte_autocorr,5,DenseNet121|EfficientNetV2B0|MobileNetV2,5,5,0.0025483651799694997,0.6,0.4,0.5
27,famous_le_10m,byte_autocorr,6,DenseNet121|EfficientNetV2B0|MobileNetV2,5,5,-0.9988530806964356,0.0,1.0,0.5
27,famous_le_10m,byte_autocorr,7,DenseNet121|EfficientNetV2B0|MobileNetV2,5,5,-0.9999791435824864,0.0,1.0,0.5
27,famous_le_10m,byte_autocorr,8,DenseNet121|EfficientNetV2B0|MobileNetV2,5,5,0.0026487019272555135,0.6,0.8,0.7
27,famous_le_10m,byte_autocorr,9,DenseNet121|EfficientNetV2B0|MobileNetV2,5,5,-0.9993662947164522,0.0,1.0,0.5
27,famous_le_10m,byte_autocorr,10,DenseNet121|EfficientNetV2B0|MobileNetV2,5,5,-0.9998216246924657,0.0,1.0,0.5
27,famous_le_10m,byte_autocorr,11,DenseNet121|EfficientNetV2B0|MobileNetV2,5,5,-0.9997687801083432,0.0,1.0,0.5
27,famous_le_10m,byte_autocorr,12,DenseNet121|EfficientNetV2B0|MobileNetV2,5,5,-0.9998822828188916,0.0,1.0,0.5
27,famous_le_10m,byte_autocorr,13,DenseNet121|EfficientNetV2B0|MobileNetV2,5,5,-0.9991281689101745,0.0,1.0,0.5
27,famous_le_10m,byte_autocorr,14,DenseNet121|EfficientNetV2B0|MobileNetV2,5,5,-0.9994098317080844,0.0,1.0,0.5
27,famous_le_10m,byte_autocorr,15,DenseNet121|EfficientNetV2B0|MobileNetV2,5,5,0.013546292334084322,1.0,0.2,0.6
27,famous_le_10m,byte_autocorr,16,DenseNet121|EfficientNetV2B0|MobileNetV2,5,5,0.005345048788994426,1.0,0.4,0.7
27,famous_le_10m,byte_autocorr,17,DenseNet121|EfficientNetV2B0|MobileNetV2,5,5,0.029294600138389512,1.0,0.2,0.6
27,famous_le_10m,byte_autocorr,18,DenseNet121|EfficientNetV2B0|MobileNetV2,5,5,0.092336679492924,1.0,0.2,0.6
27,famous_le_10m,byte_autocorr,19,DenseNet121|EfficientNetV2B0|MobileNetV2,5,5,0.1355853498522956,1.0,0.2,0.6
27,famous_le_10m,byte_autocorr,20,DenseNet121|EfficientNetV2B0|MobileNetV2,5,5,0.16774904613235012,1.0,0.2,0.6
27,famous_le_10m,byte_autocorr,21,DenseNet121|EfficientNetV2B0|MobileNetV2,5,5,0.19162387330337174,1.0,0.2,0.6
27,famous_le_10m,byte_autocorr,22,DenseNet121|EfficientNetV2B0|MobileNetV2,5,5,0.21097612668450907,1.0,0.2,0.6
27,famous_le_10m,byte_autocorr,23,DenseNet121|EfficientNetV2B0|MobileNetV2,5,5,0.22662309788638516,1.0,0.2,0.6
28,famous_le_10m,byte_entropy,1,EfficientNetV2B0|MobileNet|MobileNetV3Large,5,5,-0.9362560102308093,0.0,1.0,0.5
28,famous_le_10m,byte_entropy,2,EfficientNetV2B0|MobileNet|MobileNetV3Large,5,5,-0.9160188063156801,0.0,1.0,0.5
28,famous_le_10m,byte_entropy,3,EfficientNetV2B0|MobileNet|MobileNetV3Large,5,5,-0.9149554298757685,0.0,1.0,0.5
28,famous_le_10m,byte_entropy,4,EfficientNetV2B0|MobileNet|MobileNetV3Large,5,5,-0.9149958193720842,0.0,1.0,0.5
28,famous_le_10m,byte_entropy,5,EfficientNetV2B0|MobileNet|MobileNetV3Large,5,5,-0.9149827685522227,0.0,1.0,0.5
28,famous_le_10m,byte_entropy,6,EfficientNetV2B0|MobileNet|MobileNetV3Large,5,5,-0.9150182756048235,0.0,1.0,0.5
28,famous_le_10m,byte_entropy,7,EfficientNetV2B0|MobileNet|MobileNetV3Large,5,5,-0.9150366071811585,0.0,1.0,0.5
28,famous_le_10m,byte_entropy,8,EfficientNetV2B0|MobileNet|MobileNetV3Large,5,5,-0.9152453009393592,0.0,1.0,0.5
28,famous_le_10m,byte_entropy,9,EfficientNetV2B0|MobileNet|MobileNetV3Large,5,5,-0.91503709903116,0.0,1.0,0.5
28,famous_le_10m,byte_entropy,10,EfficientNetV2B0|MobileNet|MobileNetV3Large,5,5,-0.9149807943381031,0.0,1.0,0.5
28,famous_le_10m,byte_entropy,11,EfficientNetV2B0|MobileNet|MobileNetV3Large,5,5,-0.9149701565977669,0.0,1.0,0.5
28,famous_le_10m,byte_entropy,12,EfficientNetV2B0|MobileNet|MobileNetV3Large,5,5,-0.9149540266876814,0.0,1.0,0.5
28,famous_le_10m,byte_entropy,13,EfficientNetV2B0|MobileNet|MobileNetV3Large,5,5,-0.9149162019301905,0.0,1.0,0.5
28,famous_le_10m,byte_entropy,14,EfficientNetV2B0|MobileNet|MobileNetV3Large,5,5,-0.914892868681921,0.0,1.0,0.5
28,famous_le_10m,byte_entropy,15,EfficientNetV2B0|MobileNet|MobileNetV3Large,5,5,-0.9148912999031841,0.0,1.0,0.5
28,famous_le_10m,byte_entropy,16,EfficientNetV2B0|MobileNet|MobileNetV3Large,5,5,-0.9149632485386412,0.0,1.0,0.5
28,famous_le_10m,byte_entropy,17,EfficientNetV2B0|MobileNet|MobileNetV3Large,5,5,-0.914856776938871,0.0,1.0,0.5
28,famous_le_10m,byte_entropy,18,EfficientNetV2B0|MobileNet|MobileNetV3Large,5,5,0.23148669660383894,0.8,0.4,0.6000000000000001
28,famous_le_10m,byte_entropy,19,EfficientNetV2B0|MobileNet|MobileNetV3Large,5,5,0.3956254645419841,0.8,0.4,0.6000000000000001
28,famous_le_10m,byte_entropy,20,EfficientNetV2B0|MobileNet|MobileNetV3Large,5,5,0.5716530439386429,0.8,0.4,0.6000000000000001
28,famous_le_10m,byte_entropy,21,EfficientNetV2B0|MobileNet|MobileNetV3Large,5,5,0.7582519627194215,1.0,0.4,0.7
28,famous_le_10m,byte_entropy,22,EfficientNetV2B0|MobileNet|MobileNetV3Large,5,5,0.09167094891533831,0.4,0.6,0.5
28,famous_le_10m,byte_entropy,23,EfficientNetV2B0|MobileNet|MobileNetV3Large,5,5,0.09380142530774407,0.4,0.6,0.5
28,famous_le_10m,histogram_kl,1,EfficientNetV2B0|MobileNet|MobileNetV3Large,5,5,-0.9835782123956565,0.0,1.0,0.5
28,famous_le_10m,histogram_kl,2,EfficientNetV2B0|MobileNet|MobileNetV3Large,5,5,-0.9832953706749124,0.0,1.0,0.5
28,famous_le_10m,histogram_kl,3,EfficientNetV2B0|MobileNet|MobileNetV3Large,5,5,-0.983200208470564,0.0,1.0,0.5
28,famous_le_10m,histogram_kl,4,EfficientNetV2B0|MobileNet|MobileNetV3Large,5,5,-0.9829106950168989,0.0,1.0,0.5
28,famous_le_10m,histogram_kl,5,EfficientNetV2B0|MobileNet|MobileNetV3Large,5,5,-0.9828845771300488,0.0,1.0,0.5
28,famous_le_10m,histogram_kl,6,EfficientNetV2B0|MobileNet|MobileNetV3Large,5,5,-0.9825903368263588,0.0,1.0,0.5
28,famous_le_10m,histogram_kl,7,EfficientNetV2B0|MobileNet|MobileNetV3Large,5,5,-0.9825431222806491,0.0,1.0,0.5
28,famous_le_10m,histogram_kl,8,EfficientNetV2B0|MobileNet|MobileNetV3Large,5,5,-0.9820724348327535,0.0,1.0,0.5
28,famous_le_10m,histogram_kl,9,EfficientNetV2B0|MobileNet|MobileNetV3Large,5,5,-0.9822439175096931,0.0,1.0,0.5
28,famous_le_10m,histogram_kl,10,EfficientNetV2B0|MobileNet|MobileNetV3Large,5,5,-0.982026084418389,0.0,1.0,0.5
28,famous_le_10m,histogram_kl,11,EfficientNetV2B0|MobileNet|MobileNetV3Large,5,5,-0.9818712755190147,0.0,1.0,0.5
28,famous_le_10m,histogram_kl,12,EfficientNetV2B0|MobileNet|MobileNetV3Large,5,5,-0.981692753885628,0.0,1.0,0.5
28,famous_le_10m,histogram_kl,13,EfficientNetV2B0|MobileNet|MobileNetV3Large,5,5,-0.9817155082161158,0.0,1.0,0.5
28,famous_le_10m,histogram_kl,14,EfficientNetV2B0|MobileNet|MobileNetV3Large,5,5,-0.981599523285218,0.0,1.0,0.5
28,famous_le_10m,histogram_kl,15,EfficientNetV2B0|MobileNet|MobileNetV3Large,5,5,-0.9814277106743325,0.0,1.0,0.5
28,famous_le_10m,histogram_kl,16,EfficientNetV2B0|MobileNet|MobileNetV3Large,5,5,-0.98151925113775,0.0,1.0,0.5
28,famous_le_10m,histogram_kl,17,EfficientNetV2B0|MobileNet|MobileNetV3Large,5,5,-0.9813105063708598,0.0,1.0,0.5
28,famous_le_10m,histogram_kl,18,EfficientNetV2B0|MobileNet|MobileNetV3Large,5,5,0.08586682685136203,1.0,0.4,0.7
28,famous_le_10m,histogram_kl,19,EfficientNetV2B0|MobileNet|MobileNetV3Large,5,5,0.14239707709397437,1.0,0.4,0.7
28,famous_le_10m,histogram_kl,20,EfficientNetV2B0|MobileNet|MobileNetV3Large,5,5,0.20306283608553452,1.0,0.4,0.7
28,famous_le_10m,histogram_kl,21,EfficientNetV2B0|MobileNet|MobileNetV3Large,5,5,0.2634186768614209,1.0,0.4,0.7
28,famous_le_10m,histogram_kl,22,EfficientNetV2B0|MobileNet|MobileNetV3Large,5,5,0.32269442075801547,1.0,0.4,0.7
28,famous_le_10m,histogram_kl,23,EfficientNetV2B0|MobileNet|MobileNetV3Large,5,5,0.06562217463376482,0.8,0.4,0.6000000000000001
28,famous_le_10m,weight_value_dist,1,EfficientNetV2B0|MobileNet|MobileNetV3Large,5,5,8.682796147340111,0.0,1.0,0.5
28,famous_le_10m,weight_value_dist,2,EfficientNetV2B0|MobileNet|MobileNetV3Large,5,5,8.683125605376294,0.0,1.0,0.5
28,famous_le_10m,weight_value_dist,3,EfficientNetV2B0|MobileNet|MobileNetV3Large,5,5,8.683125560959635,0.0,1.0,0.5
28,famous_le_10m,weight_value_dist,4,EfficientNetV2B0|MobileNet|MobileNetV3Large,5,5,8.683124082586328,0.0,1.0,0.5
28,famous_le_10m,weight_value_dist,5,EfficientNetV2B0|MobileNet|MobileNetV3Large,5,5,11.737860901652528,0.0,1.0,0.5
28,famous_le_10m,weight_value_dist,6,EfficientNetV2B0|MobileNet|MobileNetV3Large,5,5,7.671099640595562,0.0,1.0,0.5
28,famous_le_10m,weight_value_dist,7,EfficientNetV2B0|MobileNet|MobileNetV3Large,5,5,8.685508060709875,0.0,1.0,0.5
28,famous_le_10m,weight_value_dist,8,EfficientNetV2B0|MobileNet|MobileNetV3Large,5,5,8.692561856549743,0.0,1.0,0.5
28,famous_le_10m,weight_value_dist,9,EfficientNetV2B0|MobileNet|MobileNetV3Large,5,5,8.69902581102926,0.0,1.0,0.5
28,famous_le_10m,weight_value_dist,10,EfficientNetV2B0|MobileNet|MobileNetV3Large,5,5,8.696502955438945,0.0,1.0,0.5
28,famous_le_10m,weight_value_dist,11,EfficientNetV2B0|MobileNet|MobileNetV3Large,5,5,11.741822274387875,0.0,1.0,0.5
28,famous_le_10m,weight_value_dist,12,EfficientNetV2B0|MobileNet|MobileNetV3Large,5,5,8.747664929283054,0.0,1.0,0.5
28,famous_le_10m,weight_value_dist,13,EfficientNetV2B0|MobileNet|MobileNetV3Large,5,5,8.723937959992163,0.0,1.0,0.5
28,famous_le_10m,weight_value_dist,14,EfficientNetV2B0|MobileNet|MobileNetV3Large,5,5,8.762376545193309,0.0,1.0,0.5
28,famous_le_10m,weight_value_dist,15,EfficientNetV2B0|MobileNet|MobileNetV3Large,5,5,8.721501937238955,0.0,1.0,0.5
28,famous_le_10m,weight_value_dist,16,EfficientNetV2B0|MobileNet|MobileNetV3Large,5,5,8.852074663291992,0.0,1.0,0.5
28,famous_le_10m,weight_value_dist,17,EfficientNetV2B0|MobileNet|MobileNetV3Large,5,5,9.002148609003358,0.0,1.0,0.5
28,famous_le_10m,weight_value_dist,18,EfficientNetV2B0|MobileNet|MobileNetV3Large,5,5,12.238263417116656,0.0,1.0,0.5
28,famous_le_10m,weight_value_dist,19,EfficientNetV2B0|MobileNet|MobileNetV3Large,5,5,9.065881883218536,0.0,1.0,0.5
28,famous_le_10m,weight_value_dist,20,EfficientNetV2B0|MobileNet|MobileNetV3Large,5,5,12.497828947102363,0.0,1.0,0.5
28,famous_le_10m,weight_value_dist,21,EfficientNetV2B0|MobileNet|MobileNetV3Large,5,5,11.815775686526113,0.0,1.0,0.5
28,famous_le_10m,weight_value_dist,22,EfficientNetV2B0|MobileNet|MobileNetV3Large,5,5,14.094116342222332,0.0,1.0,0.5
28,famous_le_10m,weight_value_dist,23,EfficientNetV2B0|MobileNet|MobileNetV3Large,5,5,27.745989258368674,0.4,1.0,0.7
28,famous_le_10m,byte_autocorr,1,EfficientNetV2B0|MobileNet|MobileNetV3Large,5,5,0.0016657220397723732,0.2,0.8,0.5
28,famous_le_10m,byte_autocorr,2,EfficientNetV2B0|MobileNet|MobileNetV3Large,5,5,0.0016606104452946257,0.2,0.8,0.5
28,famous_le_10m,byte_autocorr,3,EfficientNetV2B0|MobileNet|MobileNetV3Large,5,5,0.001662969831769761,0.2,0.8,0.5
28,famous_le_10m,byte_autocorr,4,EfficientNetV2B0|MobileNet|MobileNetV3Large,5,5,-0.9983416044781518,0.0,1.0,0.5
28,famous_le_10m,byte_autocorr,5,EfficientNetV2B0|MobileNet|MobileNetV3Large,5,5,0.0016870259895901316,0.2,1.0,0.6
28,famous_le_10m,byte_autocorr,6,EfficientNetV2B0|MobileNet|MobileNetV3Large,5,5,-0.9994625327616203,0.0,1.0,0.5
28,famous_le_10m,byte_autocorr,7,EfficientNetV2B0|MobileNet|MobileNetV3Large,5,5,-0.9997301786751296,0.0,1.0,0.5
28,famous_le_10m,byte_autocorr,8,EfficientNetV2B0|MobileNet|MobileNetV3Large,5,5,0.002739878482808292,0.2,0.6,0.4
28,famous_le_10m,byte_autocorr,9,EfficientNetV2B0|MobileNet|MobileNetV3Large,5,5,-0.9996653022702517,0.0,1.0,0.5
28,famous_le_10m,byte_autocorr,10,EfficientNetV2B0|MobileNet|MobileNetV3Large,5,5,-0.9997443404854269,0.0,1.0,0.5
28,famous_le_10m,byte_autocorr,11,EfficientNetV2B0|MobileNet|MobileNetV3Large,5,5,-0.9995396862158914,0.0,1.0,0.5
28,famous_le_10m,byte_autocorr,12,EfficientNetV2B0|MobileNet|MobileNetV3Large,5,5,-0.9995543104624023,0.0,1.0,0.5
28,famous_le_10m,byte_autocorr,13,EfficientNetV2B0|MobileNet|MobileNetV3Large,5,5,-0.9998305671106522,0.0,1.0,0.5
28,famous_le_10m,byte_autocorr,14,EfficientNetV2B0|MobileNet|MobileNetV3Large,5,5,-0.9999793821347586,0.0,1.0,0.5
28,famous_le_10m,byte_autocorr,15,EfficientNetV2B0|MobileNet|MobileNetV3Large,5,5,-0.9998130118098917,0.0,1.0,0.5
28,famous_le_10m,byte_autocorr,16,EfficientNetV2B0|MobileNet|MobileNetV3Large,5,5,0.002564642502436522,0.2,1.0,0.6
28,famous_le_10m,byte_autocorr,17,EfficientNetV2B0|MobileNet|MobileNetV3Large,5,5,0.02868514807320474,1.0,0.4,0.7
28,famous_le_10m,byte_autocorr,18,EfficientNetV2B0|MobileNet|MobileNetV3Large,5,5,0.09172722742773923,1.0,0.4,0.7
28,famous_le_10m,byte_autocorr,19,EfficientNetV2B0|MobileNet|MobileNetV3Large,5,5,0.1349758977871108,1.0,0.4,0.7
28,famous_le_10m,byte_autocorr,20,EfficientNetV2B0|MobileNet|MobileNetV3Large,5,5,0.16713959406716533,1.0,0.4,0.7
28,famous_le_10m,byte_autocorr,21,EfficientNetV2B0|MobileNet|MobileNetV3Large,5,5,0.0017138586143818474,0.2,0.6,0.4
28,famous_le_10m,byte_autocorr,22,EfficientNetV2B0|MobileNet|MobileNetV3Large,5,5,0.015105771195885768,1.0,0.4,0.7
28,famous_le_10m,byte_autocorr,23,EfficientNetV2B0|MobileNet|MobileNetV3Large,5,5,0.068801562361985,1.0,0.4,0.7
29,famous_le_10m,byte_entropy,1,DenseNet121|MobileNetV2|MobileNetV3Large,5,5,0.17141964421198477,0.2,0.8,0.5
29,famous_le_10m,byte_entropy,2,DenseNet121|MobileNetV2|MobileNetV3Large,5,5,0.1714195726574015,0.2,0.8,0.5
29,famous_le_10m,byte_entropy,3,DenseNet121|MobileNetV2|MobileNetV3Large,5,5,0.17141956538245895,0.2,0.8,0.5
29,famous_le_10m,byte_entropy,4,DenseNet121|MobileNetV2|MobileNetV3Large,5,5,0.17141958633980336,0.2,0.8,0.5
29,famous_le_10m,byte_entropy,5,DenseNet121|MobileNetV2|MobileNetV3Large,5,5,0.17141957900587457,0.2,0.8,0.5
29,famous_le_10m,byte_entropy,6,DenseNet121|MobileNetV2|MobileNetV3Large,5,5,0.1714196002153796,0.2,0.8,0.5
29,famous_le_10m,byte_entropy,7,DenseNet121|MobileNetV2|MobileNetV3Large,5,5,0.17141961272044975,0.2,0.8,0.5
29,famous_le_10m,byte_entropy,8,DenseNet121|MobileNetV2|MobileNetV3Large,5,5,0.17141982975120584,0.2,0.8,0.5
29,famous_le_10m,byte_entropy,9,DenseNet121|MobileNetV2|MobileNetV3Large,5,5,0.17141961301137293,0.2,0.8,0.5
29,famous_le_10m,byte_entropy,10,DenseNet121|MobileNetV2|MobileNetV3Large,5,5,0.17141957796315588,0.2,0.8,0.5
29,famous_le_10m,byte_entropy,11,DenseNet121|MobileNetV2|MobileNetV3Large,5,5,0.1714195724532359,0.2,0.8,0.5
29,famous_le_10m,byte_entropy,12,DenseNet121|MobileNetV2|MobileNetV3Large,5,5,0.171419565479212,0.2,0.8,0.5
29,famous_le_10m,byte_entropy,13,DenseNet121|MobileNetV2|MobileNetV3Large,5,5,0.17141955080902788,0.2,0.8,0.5
29,famous_le_10m,byte_entropy,14,DenseNet121|MobileNetV2|MobileNetV3Large,5,5,0.17141954461501793,0.2,0.8,0.5
29,famous_le_10m,byte_entropy,15,DenseNet121|MobileNetV2|MobileNetV3Large,5,5,0.1714195475967248,0.2,0.8,0.5
29,famous_le_10m,byte_entropy,16,DenseNet121|MobileNetV2|MobileNetV3Large,5,5,0.1714195753121611,0.2,0.8,0.5
29,famous_le_10m,byte_entropy,17,DenseNet121|MobileNetV2|MobileNetV3Large,5,5,0.20306448758671206,0.2,0.8,0.5
29,famous_le_10m,byte_entropy,18,DenseNet121|MobileNetV2|MobileNetV3Large,5,5,0.20306446038770734,0.2,0.8,0.5
29,famous_le_10m,byte_entropy,19,DenseNet121|MobileNetV2|MobileNetV3Large,5,5,0.9267373748089207,1.0,0.2,0.6
29,famous_le_10m,byte_entropy,20,DenseNet121|MobileNetV2|MobileNetV3Large,5,5,1.1123847243279341,1.0,0.2,0.6
29,famous_le_10m,byte_entropy,21,DenseNet121|MobileNetV2|MobileNetV3Large,5,5,0.17142204788420748,0.2,0.8,0.5
29,famous_le_10m,byte_entropy,22,DenseNet121|MobileNetV2|MobileNetV3Large,5,5,0.17180009851801148,0.2,0.8,0.5
29,famous_le_10m,byte_entropy,23,DenseNet121|MobileNetV2|MobileNetV3Large,5,5,0.20414158465382648,0.2,0.8,0.5
29,famous_le_10m,histogram_kl,1,DenseNet121|MobileNetV2|MobileNetV3Large,5,5,6.220474439883958e-05,0.6,1.0,0.8
29,famous_le_10m,histogram_kl,2,DenseNet121|MobileNetV2|MobileNetV3Large,5,5,4.899613301681747e-05,0.4,1.0,0.7
29,famous_le_10m,histogram_kl,3,DenseNet121|MobileNetV2|MobileNetV3Large,5,5,4.916733936302119e-05,0.4,1.0,0.7
29,famous_le_10m,histogram_kl,4,DenseNet121|MobileNetV2|MobileNetV3Large,5,5,5.3458441476129324e-05,0.4,1.0,0.7
29,famous_le_10m,histogram_kl,5,DenseNet121|MobileNetV2|MobileNetV3Large,5,5,5.670321301896747e-05,0.4,1.0,0.7
29,famous_le_10m,histogram_kl,6,DenseNet121|MobileNetV2|MobileNetV3Large,5,5,6.28817194279541e-05,0.6,1.0,0.8
29,famous_le_10m,histogram_kl,7,DenseNet121|MobileNetV2|MobileNetV3Large,5,5,6.26478146515615e-05,0.6,1.0,0.8
29,famous_le_10m,histogram_kl,8,DenseNet121|MobileNetV2|MobileNetV3Large,5,5,0.00010033828552430838,0.6,1.0,0.8
29,famous_le_10m,histogram_kl,9,DenseNet121|MobileNetV2|MobileNetV3Large,5,5,6.684512853129116e-05,0.6,1.0,0.8
29,famous_le_10m,histogram_kl,10,DenseNet121|MobileNetV2|MobileNetV3Large,5,5,5.704834482600174e-05,0.4,1.0,0.7
29,famous_le_10m,histogram_kl,11,DenseNet121|MobileNetV2|MobileNetV3Large,5,5,5.270770258406971e-05,0.4,1.0,0.7
29,famous_le_10m,histogram_kl,12,DenseNet121|MobileNetV2|MobileNetV3Large,5,5,5.0630139450927634e-05,0.4,1.0,0.7
29,famous_le_10m,histogram_kl,13,DenseNet121|MobileNetV2|MobileNetV3Large,5,5,4.285785239819772e-05,0.4,1.0,0.7
29,famous_le_10m,histogram_kl,14,DenseNet121|MobileNetV2|MobileNetV3Large,5,5,3.9940979345099646e-05,0.2,1.0,0.6
29,famous_le_10m,histogram_kl,15,DenseNet121|MobileNetV2|MobileNetV3Large,5,5,6.142211510211281e-05,0.6,1.0,0.8
29,famous_le_10m,histogram_kl,16,DenseNet121|MobileNetV2|MobileNetV3Large,5,5,8.477898010565598e-05,0.6,1.0,0.8
29,famous_le_10m,histogram_kl,17,DenseNet121|MobileNetV2|MobileNetV3Large,5,5,4.7641995221532884e-05,0.4,1.0,0.7
29,famous_le_10m,histogram_kl,18,DenseNet121|MobileNetV2|MobileNetV3Large,5,5,5.1040707693265534e-05,0.4,1.0,0.7
29,famous_le_10m,histogram_kl,19,DenseNet121|MobileNetV2|MobileNetV3Large,5,5,4.4923566638611375e-05,0.4,1.0,0.7
29,famous_le_10m,histogram_kl,20,DenseNet121|MobileNetV2|MobileNetV3Large,5,5,4.97879241834218e-05,0.4,1.0,0.7
29,famous_le_10m,histogram_kl,21,DenseNet121|MobileNetV2|MobileNetV3Large,5,5,4.120873763467227e-05,0.2,1.0,0.6
29,famous_le_10m,histogram_kl,22,DenseNet121|MobileNetV2|MobileNetV3Large,5,5,7.263451377007748e-05,0.6,0.8,0.7
29,famous_le_10m,histogram_kl,23,DenseNet121|MobileNetV2|MobileNetV3Large,5,5,6.797259193995527e-05,0.6,1.0,0.8
29,famous_le_10m,weight_value_dist,1,DenseNet121|MobileNetV2|MobileNetV3Large,5,5,9.65179837276701,0.0,1.0,0.5
29,famous_le_10m,weight_value_dist,2,DenseNet121|MobileNetV2|MobileNetV3Large,5,5,7.442918996746366,0.0,1.0,0.5
29,famous_le_10m,weight_value_dist,3,DenseNet121|MobileNetV2|MobileNetV3Large,5,5,7.442918951147448,0.0,1.0,0.5
29,famous_le_10m,weight_value_dist,4,DenseNet121|MobileNetV2|MobileNetV3Large,5,5,7.442928549936296,0.0,1.0,0.5
29,famous_le_10m,weight_value_dist,5,DenseNet121|MobileNetV2|MobileNetV3Large,5,5,13.13150682553401,0.4,0.6,0.5
29,famous_le_10m,weight_value_dist,6,DenseNet121|MobileNetV2|MobileNetV3Large,5,5,13.131517596508761,0.4,0.6,0.5
29,famous_le_10m,weight_value_dist,7,DenseNet121|MobileNetV2|MobileNetV3Large,5,5,7.442953522062274,0.0,1.0,0.5
29,famous_le_10m,weight_value_dist,8,DenseNet121|MobileNetV2|MobileNetV3Large,5,5,7.442977950152617,0.0,1.0,0.5
29,famous_le_10m,weight_value_dist,9,DenseNet121|MobileNetV2|MobileNetV3Large,5,5,13.131524754355022,0.4,0.6,0.5
29,famous_le_10m,weight_value_dist,10,DenseNet121|MobileNetV2|MobileNetV3Large,5,5,9.65215967575283,0.0,1.0,0.5
29,famous_le_10m,weight_value_dist,11,DenseNet121|MobileNetV2|MobileNetV3Large,5,5,9.652470199084064,0.0,1.0,0.5
29,famous_le_10m,weight_value_dist,12,DenseNet121|MobileNetV2|MobileNetV3Large,5,5,7.44428032764478,0.0,1.0,0.5
29,famous_le_10m,weight_value_dist,13,DenseNet121|MobileNetV2|MobileNetV3Large,5,5,7.443400824866554,0.0,1.0,0.5
29,famous_le_10m,weight_value_dist,14,DenseNet121|MobileNetV2|MobileNetV3Large,5,5,7.446249257916675,0.0,1.0,0.5
29,famous_le_10m,weight_value_dist,15,DenseNet121|MobileNetV2|MobileNetV3Large,5,5,7.446790495920075,0.0,1.0,0.5
29,famous_le_10m,weight_value_dist,16,DenseNet121|MobileNetV2|MobileNetV3Large,5,5,7.44483822856656,0.0,1.0,0.5
29,famous_le_10m,weight_value_dist,17,DenseNet121|MobileNetV2|MobileNetV3Large,5,5,7.447513080888724,0.0,1.0,0.5
29,famous_le_10m,weight_value_dist,18,DenseNet121|MobileNetV2|MobileNetV3Large,5,5,9.66074773237822,0.0,1.0,0.5
29,famous_le_10m,weight_value_dist,19,DenseNet121|MobileNetV2|MobileNetV3Large,5,5,7.457993060439469,0.0,1.0,0.5
29,famous_le_10m,weight_value_dist,20,DenseNet121|MobileNetV2|MobileNetV3Large,5,5,9.703639996843517,0.0,1.0,0.5
29,famous_le_10m,weight_value_dist,21,DenseNet121|MobileNetV2|MobileNetV3Large,5,5,7.561073225415811,0.0,1.0,0.5
29,famous_le_10m,weight_value_dist,22,DenseNet121|MobileNetV2|MobileNetV3Large,5,5,8.336983446513061,0.0,1.0,0.5
29,famous_le_10m,weight_value_dist,23,DenseNet121|MobileNetV2|MobileNetV3Large,5,5,13.300412283000744,0.4,1.0,0.7
29,famous_le_10m,byte_autocorr,1,DenseNet121|MobileNetV2|MobileNetV3Large,5,5,-0.9999859855470653,0.0,1.0,0.5
29,famous_le_10m,byte_autocorr,2,DenseNet121|MobileNetV2|MobileNetV3Large,5,5,0.000332237196299348,0.0,1.0,0.5
29,famous_le_10m,byte_autocorr,3,DenseNet121|MobileNetV2|MobileNetV3Large,5,5,0.0003374850967718179,0.0,1.0,0.5
29,famous_le_10m,byte_autocorr,4,DenseNet121|MobileNetV2|MobileNetV3Large,5,5,5.963619387602576e-05,0.0,1.0,0.5
29,famous_le_10m,byte_autocorr,5,DenseNet121|MobileNetV2|MobileNetV3Large,5,5,0.0003231905343040152,0.0,1.0,0.5
29,famous_le_10m,byte_autocorr,6,DenseNet121|MobileNetV2|MobileNetV3Large,5,5,0.0003876553504067535,0.0,1.0,0.5
29,famous_le_10m,byte_autocorr,7,DenseNet121|MobileNetV2|MobileNetV3Large,5,5,0.0008638004969508321,0.2,0.8,0.5
29,famous_le_10m,byte_autocorr,8,DenseNet121|MobileNetV2|MobileNetV3Large,5,5,0.0026566240123851222,0.8,1.0,0.9
29,famous_le_10m,byte_autocorr,9,DenseNet121|MobileNetV2|MobileNetV3Large,5,5,0.0015948933545621938,0.6,1.0,0.8
29,famous_le_10m,byte_autocorr,10,DenseNet121|MobileNetV2|MobileNetV3Large,5,5,0.001367228366555453,0.6,1.0,0.8
29,famous_le_10m,byte_autocorr,11,DenseNet121|MobileNetV2|MobileNetV3Large,5,5,0.0010235293026831837,0.2,1.0,0.6
29,famous_le_10m,byte_autocorr,12,DenseNet121|MobileNetV2|MobileNetV3Large,5,5,0.0011868880967302634,0.6,1.0,0.8
29,famous_le_10m,byte_autocorr,13,DenseNet121|MobileNetV2|MobileNetV3Large,5,5,0.0007039008133613498,0.2,1.0,0.6
29,famous_le_10m,byte_autocorr,14,DenseNet121|MobileNetV2|MobileNetV3Large,5,5,0.0008262113440389828,0.2,1.0,0.6
29,famous_le_10m,byte_autocorr,15,DenseNet121|MobileNetV2|MobileNetV3Large,5,5,0.0014892726503265012,0.6,1.0,0.8
29,famous_le_10m,byte_autocorr,16,DenseNet121|MobileNetV2|MobileNetV3Large,5,5,0.0028876271972179983,0.8,1.0,0.9
29,famous_le_10m,byte_autocorr,17,DenseNet121|MobileNetV2|MobileNetV3Large,5,5,0.000814275025099522,0.2,1.0,0.6
29,famous_le_10m,byte_autocorr,18,DenseNet121|MobileNetV2|MobileNetV3Large,5,5,0.0011397034414703877,0.4,1.0,0.7
29,famous_le_10m,byte_autocorr,19,DenseNet121|MobileNetV2|MobileNetV3Large,5,5,0.0008178074397734095,0.2,1.0,0.6
29,famous_le_10m,byte_autocorr,20,DenseNet121|MobileNetV2|MobileNetV3Large,5,5,0.0006336885800436673,0.2,1.0,0.6
29,famous_le_10m,byte_autocorr,21,DenseNet121|MobileNetV2|MobileNetV3Large,5,5,0.0006989891259930767,0.2,1.0,0.6
29,famous_le_10m,byte_autocorr,22,DenseNet121|MobileNetV2|MobileNetV3Large,5,5,0.000947425270854351,0.2,0.8,0.5
29,famous_le_10m,byte_autocorr,23,DenseNet121|MobileNetV2|MobileNetV3Large,5,5,0.0009102962006341558,0.2,1.0,0.6
